sample_id,source_sample_id,target_uid,target_class_id,target_class_name,target_instance_id,target_color,height,width,bbox,dice,iou,precision,recall,specificity,balanced_accuracy,hd95,assd,relative_area_error,infer_ms,concept,text_score
bus_0001-l,,,,,,,353,274,[],0.8973885094415428,0.8138755283486372,0.8234773632207639,0.9858757062146892,0.9868545322761317,0.9863651192454105,17.022039774444803,4.103420612818883,0.19721045197740114,725.3549320157617,breast lesion,0.8203125
bus_0001-r,,,,,,,353,275,[],0.8964701242358509,0.8123659756969264,0.8482925919014741,0.9504495086765629,0.99119100247042,0.9708202555734915,11.40175425099138,3.821925355198208,0.12042651055822705,97.91285591199994,breast lesion,0.83203125
bus_0002-l,,,,,,,371,274,[],0.674679802955665,0.5090692833779363,0.5099791480488531,0.9965075669383003,0.966503084974241,0.9815053259562707,41.75631349964435,13.289097701688034,0.9540162980209546,97.32667310163379,breast lesion,0.75390625
bus_0002-r,,,,,,,371,276,[],0.9083378354042859,0.8320686242164302,0.8434782608695652,0.9840031213421772,0.9953121713261146,0.9896576463341459,7.016638229960547,2.601225625834355,0.166601638704643,95.42060899548233,breast lesion,0.65234375
bus_0003-l,,,,,,,372,275,[],0.8061755952380952,0.6752882517918355,0.7058631921824104,0.9397224631396357,0.9502588961110499,0.9449906796253428,46.04345773288535,9.768497587171945,0.3313096270598439,94.74689397029579,breast lesion,0.796875
bus_0003-r,,,,,,,372,274,[],0.790643985419198,0.6537727318396463,0.9656451732581435,0.6693411510569357,0.9943868582166454,0.8318640046367906,52.39370183337661,16.241924280671952,-0.3068456513912462,95.63924395479262,breast lesion,0.75390625
bus_0004-l,,,,,,,383,274,[],0.8397871169021839,0.7238215754508067,0.7242798353909465,0.9991266375545852,0.9915150216264661,0.9953208295905256,12.36931687685298,3.6084024532989316,0.3794759825327511,95.19637515768409,breast lesion,0.703125
bus_0004-r,,,,,,,383,277,[],0.9411329137356534,0.8888111888111888,0.9017382050372472,0.9841269841269841,0.9973238783475673,0.9907254312372757,3.1622776601683795,1.3870291385782598,0.09136662795199381,95.22623615339398,breast lesion,0.79296875
bus_0005-l,,,,,,,371,275,[],0.6296296296296297,0.4594594594594595,0.4641269841269841,0.9785809906291834,0.920295481731758,0.9494382361804707,50.21055212265571,15.599523449839396,1.108433734939759,95.55659303441644,breast lesion,0.76171875
bus_0005-r,,,,,,,371,276,[],0.8554643789630735,0.7474335994785726,0.8892981775882125,0.8241106719367589,0.9874868513323983,0.9057987616345786,18.0,6.290632416656341,-0.07330219187926698,95.2253951691091,breast lesion,0.74609375
bus_0006-s,,,,,,,389,407,[],0.0,0.0,0.0,0.0,0.9021137127009816,0.4510568563504908,201.8854871813619,86.98577105513174,-0.6596538853070919,95.3748389147222,breast lesion,0.640625
bus_0007-l,,,,,,,351,274,[],0.4289058841891681,0.2729982118021061,0.2787018255578093,0.930264048747461,0.9624486520164314,0.9463563503819462,51.4402490904016,21.83722695803591,2.3378469871360865,96.00157313980162,breast lesion,0.58203125
bus_0007-r,,,,,,,351,276,[],0.10723258673223927,0.05665386353366471,0.05766687747944575,0.7633181126331812,0.8284883112534271,0.7959032119433042,127.3860162995545,54.70620242546759,12.236681887366819,94.96091888286173,breast lesion,0.625
bus_0008-l,,,,,,,297,275,[],0.9219449776071658,0.855192878338279,0.9003436426116839,0.9446083251392986,0.9959427146927147,0.9702755199160067,7.0710678118654755,1.9750439821709438,0.049164208456243856,95.03668104298413,breast lesion,0.8828125
bus_0008-r,,,,,,,297,276,[],0.8824333561175667,0.7896024464831805,0.9630734800447595,0.8142541784925891,0.9987436707655994,0.9064989246290942,10.246479237013768,2.7944822513380956,-0.1545253863134658,95.76571709476411,breast lesion,0.640625
bus_0009-l,,,,,,,352,276,[],0.9164762102638687,0.8458293384467881,0.9872426141450313,0.855176424970919,0.9986871804320788,0.9269318027014989,13.45362404707371,4.382039917630675,-0.13377278014734392,95.28306592255831,breast lesion,0.80859375
bus_0009-r,,,,,,,352,273,[],0.9252006810994892,0.8608124929274641,0.9870247826651096,0.8706649879821449,0.9988552982520404,0.9347601431170927,17.65976490886477,3.4574699315558077,-0.11788943573308916,95.10457189753652,breast lesion,0.890625
bus_0010-l,,,,,,,353,273,[],0.8966634556441019,0.8126835463131995,0.8312900868718032,0.9731964642144283,0.9757944273599851,0.9744954457872067,11.674742625999308,5.131318669412681,0.17070620663435035,95.18725401721895,breast lesion,0.85546875
bus_0010-r,,,,,,,353,275,[],0.7947237675378748,0.6593706456107756,0.6861406476558723,0.9441350070662565,0.9389154104837382,0.9415252087749973,54.42696429737016,16.665053236565086,0.37600798071327624,95.71698703803122,breast lesion,0.69140625
bus_0011-l,,,,,,,327,279,[],0.0,0.0,0.0,0.0,0.936742532821189,0.4683712664105945,85.93308747341612,47.740784333873144,0.37307117969138875,95.58372292667627,breast lesion,0.49609375
bus_0011-r,,,,,,,327,279,[],0.0,0.0,0.0,0.0,0.9461798635706232,0.4730899317853116,89.91318845739417,50.56680671716283,0.3810637054354179,95.76908801682293,breast lesion,0.59765625
bus_0012-l,,,,,,,351,275,[],0.8506455051521971,0.7401071723000825,0.9024880623272179,0.8044354838709677,0.9957854031566027,0.9001104435137852,13.0,4.070429268109651,-0.10864695340501793,95.55664286017418,breast lesion,0.546875
bus_0012-r,,,,,,,351,276,[],0.39493865030674846,0.2460582895365504,0.8220271348762969,0.25990411304567246,0.9975999052877423,0.6287520091667074,65.21496404484125,18.698739793758563,-0.6838253848094877,94.97172990813851,breast lesion,0.58203125
bus_0013-l,,,,,,,390,276,[],0.9065880039331367,0.829136690647482,0.9192422731804586,0.8942774005819593,0.999240214240824,0.9467588074113916,3.1622776601683795,1.450794071842715,-0.027158098933074686,94.9441590346396,breast lesion,0.77734375
bus_0013-r,,,,,,,390,275,[],0.6943138093202224,0.5317616240995415,0.5438713998660415,0.9598108747044918,0.9935998646667419,0.9767053696856168,17.6381968926518,4.66665611707808,0.764775413711584,95.60320409946144,breast lesion,0.7890625
bus_0014-s,,,,,,,385,360,[],0.8925619834710744,0.8059701492537313,0.9225512528473804,0.8644610458911419,0.9990053098898527,0.9317331778904974,5.039607805437112,2.3163898933845117,-0.06296691568836713,96.38082096353173,breast lesion,0.85546875
bus_0015-s,,,,,,,369,439,[],0.9343883214027185,0.8768563071987924,0.99038789428815,0.8843826126674786,0.9958792840370225,0.9401309483522506,21.213203435596427,7.467452209530786,-0.1070341047503045,95.42318107560277,breast lesion,0.93359375
bus_0016-l,,,,,,,384,273,[],0.5495807910100522,0.37891168815447007,0.4298269706124691,0.761835219666545,0.9140506132588108,0.8379429164626779,127.0,34.1483404114066,0.7724230254350736,96.06850403361022,breast lesion,0.76171875
bus_0016-r,,,,,,,384,276,[],0.6658999424956872,0.4991379310344828,0.5411937508345573,0.8652860802732707,0.966080947680158,0.9156835139767143,30.0,11.422932649218787,0.5988471391972673,95.20443505607545,breast lesion,0.64453125
bus_0017-s,,,,,,,385,360,[],0.9608540925266904,0.9246575342465754,0.9708039695095643,0.9511061011695082,0.9984563089815441,0.9747812050755262,5.70037866083061,1.865406870378222,-0.020290263491616174,96.49540390819311,breast lesion,0.9296875
bus_0018-s,,,,,,,385,361,[],0.8151839366847428,0.6880257298367145,0.6923076923076923,0.9910905203136137,0.9909237107042936,0.9910071155089537,12.43885432975536,5.013120051608109,0.4315751960085531,95.37048893980682,breast lesion,0.7734375
bus_0019-l,,,,,,,372,276,[],0.9660350846378466,0.9343016095468637,0.9917504395257629,0.9416195856873822,0.9976925404751097,0.969656063081246,7.0,2.453372968034409,-0.05054785139530902,93.51692697964609,breast lesion,0.91015625
bus_0019-r,,,,,,,372,276,[],0.9663055002456621,0.9348076249562215,0.9920883555461159,0.9418288133884464,0.9982012217205495,0.9700150175544979,8.0,2.7481848530672393,-0.05066034882548644,94.46574817411602,breast lesion,0.828125
bus_0020-l,,,,,,,373,275,[],0.8739172281039461,0.7760683760683761,0.7985558229957416,0.964984897639557,0.9767610748002905,0.9708729862199237,17.204650534085253,5.7734688334379305,0.2084125741134355,95.31926782801747,breast lesion,0.76953125
bus_0020-r,,,,,,,373,276,[],0.9135031234983181,0.8407784166298098,0.872418540614961,0.9586485123550177,0.9882967079228762,0.9734726101389469,8.0,3.6256959592808755,0.09884014120020171,95.98053293302655,breast lesion,0.65625
bus_0021-l,,,,,,,346,281,[],0.9098186955497999,0.8345572354211663,0.9286229271809661,0.8917609046849758,0.9968027730830095,0.9442818388839926,8.724124419424259,2.7935789355832727,-0.039695361181629356,94.19476194307208,breast lesion,0.6640625
bus_0021-r,,,,,,,346,278,[],0.34791132559191673,0.2105887722501141,0.27735032459725895,0.466626213592233,0.9341216956731402,0.7003739546326866,80.67579868692634,26.50201725390708,0.6824433656957929,96.74914903007448,breast lesion,0.7109375
bus_0022-l,,,,,,,370,275,[],0.9072583795609032,0.8302588302588303,0.9940078753638075,0.8344351825237137,0.9996307705291586,0.9170329765264362,8.06225774829855,2.943140479986322,-0.16053463638976717,95.58157296851277,breast lesion,0.59765625
bus_0022-r,,,,,,,370,276,[],0.9241660667146628,0.8590229756859246,0.895165039516504,0.955109126984127,0.9954020879210504,0.9752556074525887,5.0990195135927845,2.0869137148390973,0.06696428571428571,95.09771293960512,breast lesion,0.69140625
bus_0023-l,,,,,,,370,274,[],0.9062727556433996,0.8286094730835077,0.8922572716099959,0.9207355738744452,0.9945576260488986,0.9576465999616719,8.35379280658678,3.1152745630285037,0.03191714225322342,95.46927106566727,breast lesion,0.671875
bus_0023-r,,,,,,,370,277,[],0.8931983459289891,0.8070085029631539,0.9726708074534162,0.8257316108621144,0.9991083822203309,0.9124199965412227,10.0,3.0776944646136353,-0.15106775639335618,95.80911905504763,breast lesion,0.80078125
bus_0024-l,,,,,,,335,278,[],0.9203216374269005,0.8524035206499662,0.9586294416243655,0.8849578256794751,0.9939123073475586,0.9394350665135169,17.0,4.461922515229709,-0.07685098406747891,96.31425910629332,breast lesion,0.8359375
bus_0024-r,,,,,,,335,275,[],0.9313415116739217,0.8715052768005925,0.9393334663739773,0.9234844025897587,0.9925791214558592,0.9580317620228089,8.94427190999916,3.2203190061524722,-0.01687267019815578,96.16117714904249,breast lesion,0.85546875
bus_0025-l,,,,,,,370,275,[],0.7905741785595751,0.6536772777167947,0.8988679245283019,0.705568720379147,0.9986608302852231,0.852114775332185,16.923863375370594,4.195854799355063,-0.21504739336492892,96.05454397387803,breast lesion,0.80078125
bus_0025-r,,,,,,,370,275,[],0.8423339540657977,0.7276139410187668,0.8299694189602447,0.855072463768116,0.9972245240258378,0.9261484938969768,8.034241761564202,3.2064058272379445,0.030245746691871456,97.48568595387042,breast lesion,0.7578125
bus_0026-s,,,,,,,386,360,[],0.9605327269774241,0.9240625,0.9638200782268579,0.9572677241825833,0.9991830486270065,0.978225386404795,2.23606797749979,1.0115858226268446,-0.006798316607316284,95.56360193528235,breast lesion,0.89453125
bus_0027-l,,,,,,,353,275,[],0.9165822578010129,0.8460100126666265,0.9144011995566855,0.9187737455784095,0.9839504211028126,0.9513620833406111,14.142135623730951,4.843731241174049,0.004781868203851697,96.13007609732449,breast lesion,0.828125
bus_0027-r,,,,,,,353,276,[],0.8354907719641756,0.7174617013326691,0.9736330600861997,0.7316778864473517,0.9961803090032075,0.8639290977252796,23.140567782834346,8.890480514258662,-0.24850755747491426,94.95541988871992,breast lesion,0.80078125
bus_0028-l,,,,,,,386,275,[],0.0,0.0,0.0,0.0,0.9923543677500414,0.4961771838750207,105.9863191063085,73.33809962168058,-0.7742306586137475,94.75860511884093,breast lesion,0.58984375
bus_0028-r,,,,,,,386,275,[],0.8561567579603652,0.7484913373564337,0.8219324497648568,0.8933550185873605,0.9918209846238438,0.9425880016056022,12.778834230137951,4.957561897745101,0.08689591078066915,94.70715397037566,breast lesion,0.609375
bus_0029-s,,,,,,,384,404,[],0.9441380584215109,0.8941870345379117,0.9467612193056731,0.9415293931898321,0.9926102765637052,0.9670698348767686,7.0,2.757157795242347,-0.005526024946055471,95.87465017102659,breast lesion,0.87890625
bus_0030-s,,,,,,,386,404,[],0.9473591989987484,0.8999833543385728,0.9944558305743865,0.9045217723818173,0.9981507773746298,0.9513362748782235,15.620499351813308,5.109208620766999,-0.09043544763634626,95.19110387191176,breast lesion,0.9453125
bus_0031-s,,,,,,,385,403,[],0.9107286364854005,0.8360897632954196,0.9928451485726801,0.8411579142698089,0.9984041816953126,0.9197810479825608,26.034564329364756,6.893822828013381,-0.15278035504422588,95.61653388664126,breast lesion,0.77734375
bus_0032-l,,,,,,,350,275,[],0.7439087276008767,0.5922409811669318,0.9627930257779261,0.606113124310698,0.9942234713569662,0.800168297833832,56.036595121719664,16.85640847055429,-0.3704637361483115,96.99826501309872,breast lesion,0.73046875
bus_0032-r,,,,,,,350,275,[],0.7427863711823763,0.5908195346887445,0.9909998593728027,0.5940068276646858,0.9982350426761165,0.7961209351704012,57.594586615361855,18.349165325151645,-0.40059847431196527,96.74539999105036,breast lesion,0.7890625
bus_0033-l,,,,,,,297,277,[],0.905186653452263,0.8267954133977067,0.8535825545171339,0.9634317862165963,0.9970932749514515,0.9802625305840239,5.830951894845301,1.7281613916663472,0.12869198312236288,97.91773604229093,breast lesion,0.5546875
bus_0033-r,,,,,,,297,275,[],0.0,0.0,0.0,0.0,0.9415504921800829,0.47077524609004145,124.8935434905727,60.342666661584815,1.8829328404189771,96.3390099350363,breast lesion,0.62109375
bus_0034-l,,,,,,,351,273,[],0.8321197007481297,0.712504270584216,0.998563562365334,0.7132352941176471,0.9999333148096694,0.8565843044636583,15.575574517382936,4.8784959261625715,-0.2857387140902873,95.8947311155498,breast lesion,0.84375
bus_0034-r,,,,,,,351,276,[],0.8241026473932109,0.700828729281768,0.9914028917545916,0.7051139521956643,0.9995093666369314,0.8523116594162978,16.433140529321598,6.359476696177166,-0.28877153974430236,93.95408700220287,breast lesion,0.67578125
bus_0035-l,,,,,,,352,277,[],0.9029693710544774,0.8231031543052003,0.8499119718309859,0.9630922693266832,0.9964292819820103,0.9797607756543467,6.708203932499369,2.3109118103318314,0.13316708229426433,95.89706012047827,breast lesion,0.6171875
bus_0035-r,,,,,,,352,276,[],0.3651363532197693,0.2233436127464723,0.2263686304224285,0.9435452033162258,0.9136748433189952,0.9286100233176104,121.26239584761963,40.574322077098145,3.168180023687327,97.07688703201711,breast lesion,0.75390625
bus_0036-l,,,,,,,334,276,[],0.9596921207210857,0.9225077881619937,0.9604703020474357,0.9589151993523578,0.997764863656683,0.9783400315045204,3.664718584144382,1.4623994180059485,-0.0016191054442420564,96.18730703368783,breast lesion,0.8125
bus_0036-r,,,,,,,334,277,[],0.9612198343138432,0.925335182616736,0.9449952785646837,0.9780112387002199,0.9973649985863726,0.9876881186432962,3.605551275463989,1.3386729756408264,0.03493769850965062,95.52773204632103,breast lesion,0.87890625
bus_0037-s,,,,,,,386,360,[],0.9074654237029113,0.8306056791159603,0.8530383565579658,0.9693111328762651,0.9922986584759926,0.9808048956761288,8.0,3.4925207573493475,0.13630427685275873,95.98973183892667,breast lesion,0.7890625
bus_0038-s,,,,,,,370,277,[],0.0,0.0,0.0,0.0,0.8598352659579818,0.4299176329789909,140.03570973148243,69.12938822163976,3.559044815178279,95.975112169981,breast lesion,0.68359375
bus_0039-l,,,,,,,370,274,[],0.9407166123778502,0.8880688806888068,0.9423127120856173,0.9391259105098856,0.9977341699475065,0.968430040228696,4.055397531527939,1.4586143944907841,-0.0033818938605619147,95.88464093394578,breast lesion,0.87890625
bus_0039-r,,,,,,,370,275,[],0.9582460550202486,0.9198391420911528,0.9769362186788155,0.9402576048232393,0.9991743203433197,0.9697159625832794,3.605551275463989,1.0990202491358618,-0.037544532748698276,96.43359202891588,breast lesion,0.84765625
bus_0040-s,,,,,,,384,404,[],0.8540913352082496,0.7453398001519312,0.9673871824042473,0.764550740274531,0.9968942529233747,0.8807224965989529,59.94364413387846,10.744895056223264,-0.209674518971408,95.9877329878509,breast lesion,0.80859375
bus_0041-l,,,,,,,354,276,[],0.9409317803660566,0.8884524744697565,0.9453886876567289,0.9365166988683411,0.9979166888107057,0.9672166938395235,5.0,1.6731106395847326,-0.009384487993375655,96.82661201804876,breast lesion,0.8359375
bus_0041-r,,,,,,,354,277,[],0.9485238455715367,0.9020878329733621,0.9276900296150049,0.9703149199793495,0.9968890682069141,0.9836019940931318,4.123105625617661,1.605305673138215,0.04594734124935467,94.7682149708271,breast lesion,0.83984375
bus_0042-l,,,,,,,372,277,[],0.9726279346532511,0.9467144060657119,0.9716817985300475,0.973575915096383,0.9972071207760367,0.9853915179362098,3.1622776601683795,1.3711755255293199,0.001949317738791423,95.36127792671323,breast lesion,0.9296875
bus_0042-r,,,,,,,372,275,[],0.9006584043377227,0.8192707415888674,0.9971414278567855,0.8211994585368725,0.999531116294881,0.9103652874158767,20.03246107927488,5.573183016427263,-0.1764463539520923,96.42111207358539,breast lesion,0.8671875
bus_0043-s,,,,,,,385,405,[],0.7742929659173314,0.6317112853128235,0.6474154918902532,0.9630214205186021,0.9846458512113011,0.9738336358649515,28.055291822338614,8.03153529085881,0.4874859075535513,96.34174103848636,breast lesion,0.80078125
bus_0044-l,,,,,,,385,276,[],0.6127012522361359,0.44165054803352677,0.44203054420305443,0.9980573093734822,0.9751058051266303,0.9865815572500563,31.37787131787886,12.632685522830878,1.2578921806702283,96.9255839008838,breast lesion,0.62109375
bus_0044-r,,,,,,,385,276,[],0.8854368932038835,0.794425087108014,0.812965964343598,0.9720930232558139,0.9944347993827161,0.9832639113192649,6.057933771208752,2.9656035644691023,0.19573643410852712,96.43661300651729,breast lesion,0.8046875
bus_0045-l,,,,,,,318,277,[],0.0,0.0,0.0,0.0,0.9940692174870499,0.49703460874352495,164.92100394865253,107.99310199980329,-0.9419402253797158,95.78319801948965,breast lesion,0.52734375
bus_0045-r,,,,,,,318,278,[],0.0,0.0,0.0,0.0,0.9013069228581674,0.4506534614290837,137.25049965278484,86.7512715475406,0.06044905008635579,96.77293989807367,breast lesion,0.48828125
bus_0046-l,,,,,,,352,276,[],0.786190369205422,0.6477048371174728,0.799847619047619,0.7729916795523157,0.968565650764021,0.8707786651581684,32.39437242462834,12.777998954499466,-0.033576319858626025,94.94011802598834,breast lesion,0.703125
bus_0046-r,,,,,,,352,276,[],0.6396921156646557,0.4702553907325279,0.6088707016038545,0.6738003067708713,0.9289967769377314,0.8013985418543014,49.79145636942679,21.088739293197435,0.10663939814476664,93.67986093275249,breast lesion,0.5703125
bus_0047-l,,,,,,,354,277,[],0.9342743714159683,0.8766556291390728,0.9421708185053381,0.926509186351706,0.9986426095309694,0.9625758979413377,4.043086968966177,1.5835648740474808,-0.016622922134733157,93.69108104147017,breast lesion,0.64453125
bus_0047-r,,,,,,,354,276,[],0.9424538545059717,0.891170431211499,0.9249786871270247,0.9606020362992475,0.9981560060767981,0.9793790211880228,3.0,1.43430806561862,0.03851261620185923,96.17783594876528,breast lesion,0.7578125
bus_0048-l,,,,,,,352,276,[],0.6222326344148998,0.4516238734909029,0.5928571428571429,0.6546709391175746,0.9804071110156292,0.8175390250666019,29.0,11.489892320137875,0.10426423465614987,95.34812811762094,breast lesion,0.68359375
bus_0048-r,,,,,,,352,276,[],0.8001917775380558,0.666933066933067,0.8491477995421013,0.756572982774252,0.9936057795988786,0.8750893811865653,18.439088914585774,6.275054464449396,-0.10902085222121487,93.84812507778406,breast lesion,0.482421875
bus_0049-l,,,,,,,354,276,[],0.7656882591093117,0.6203362033620337,0.6666666666666666,0.89925705794948,0.9839620941498214,0.9416095760496507,28.651352020065193,7.501582425477773,0.3488855869242199,94.59386114031076,breast lesion,0.66015625
bus_0049-r,,,,,,,354,276,[],0.7945031712473573,0.6590669940371799,0.6845173041894353,0.9465994962216625,0.9815221797853501,0.9640608380035063,25.310075193945412,6.494844266729141,0.38287153652392947,96.69226803816855,breast lesion,0.7109375
bus_0050-l,,,,,,,369,274,[],0.967246408921384,0.9365703661327232,0.9814898081534772,0.9534104971973503,0.997172910299992,0.9752917037486711,4.242640687119285,1.9327961723710212,-0.02860886656475213,95.2852969057858,breast lesion,0.94140625
bus_0050-r,,,,,,,369,276,[],0.9446999353882407,0.8951955629186775,0.9298219362561724,0.9600617999227501,0.989448700210351,0.9747552500665506,12.16531535649835,3.1667250979810757,0.03252220934723832,93.80765282548964,breast lesion,0.90234375
bus_0051-l,,,,,,,373,275,[],0.9381660307854229,0.8835336389542807,0.9764480350540874,0.9027725028484618,0.998183277705015,0.9504778902767383,7.0,2.453489267293412,-0.07545258893530826,94.72502418793738,breast lesion,0.77734375
bus_0051-r,,,,,,,373,275,[],0.8033531707941384,0.671336898395722,0.6786679641042275,0.9841643148322358,0.9691050656465379,0.9766346902393868,24.036428994989116,8.045887659690903,0.4501411100658514,95.72703600861132,breast lesion,0.87890625
bus_0052-l,,,,,,,370,276,[],0.8717425357193715,0.7726450418612478,0.7952626336985233,0.9644976629378709,0.9430903116310981,0.9537939872844845,31.04109698364204,9.263974119106377,0.2128039493724069,96.21024783700705,breast lesion,0.87890625
bus_0052-r,,,,,,,370,275,[],0.9514769752926626,0.907444999177045,0.9866968919644455,0.9186847367251721,0.9973371862536718,0.958010961489422,10.772645824875154,3.3113785262640545,-0.06892912686069762,96.68488800525665,breast lesion,0.92578125
bus_0053-l,,,,,,,370,275,[],0.9832191598959164,0.9669922181020525,0.9840029761904762,0.9824365913191128,0.9963692946058091,0.9894029429624609,3.605551275463989,1.165386717815229,-0.001591849729385546,95.99162195809186,breast lesion,0.8984375
bus_0053-r,,,,,,,370,276,[],0.9292973326431082,0.8679322102906001,0.9544436982314752,0.9054419962835147,0.9902263312721379,0.9478341637778263,21.87610994347689,6.023439190720228,-0.05134058932837802,95.9708618465811,breast lesion,0.796875
bus_0054-s,,,,,,,385,405,[],0.9702533969886155,0.942225392296719,0.9924868519909842,0.9489942528735632,0.9996643506864028,0.974329301779983,3.1622776601683795,1.2569764615472843,-0.04382183908045977,96.56293597072363,breast lesion,0.9296875
bus_0055-l,,,,,,,385,275,[],0.9504393190554641,0.9055591890124264,0.9151354923992069,0.9885763244323861,0.9935067562100494,0.9910415403212177,5.0,1.8644764731933425,0.0802513208624875,96.59105585888028,breast lesion,0.8828125
bus_0055-r,,,,,,,385,276,[],0.9019271131463461,0.821372719374457,0.8336860670194004,0.9823358270989194,0.9907045974292248,0.9865202122640722,13.06704021729545,3.6460527850951223,0.17830423940149626,97.18587901443243,breast lesion,0.89453125
bus_0056-l,,,,,,,332,276,[],0.6466054728091445,0.4777656919828524,0.4848701298701299,0.9702442827442828,0.9054875142966069,0.9378658985204449,52.396551006495486,15.578821500225235,1.001039501039501,95.72581597603858,breast lesion,0.62890625
bus_0056-r,,,,,,,332,276,[],0.9531138517990011,0.9104274169993185,0.9847304128053918,0.923464349200079,0.9982209898657768,0.960842669532928,6.324555320336759,2.06670037125371,-0.062216077424451906,96.54453489929438,breast lesion,0.8046875
bus_0057-l,,,,,,,353,275,[],0.8867005215481746,0.7964618134746965,0.9972600625168834,0.7982084942084942,0.998902627511592,0.8985555608600431,38.311873251345475,9.719064594143173,-0.1995984555984556,95.653444994241,breast lesion,0.87109375
bus_0057-r,,,,,,,353,276,[],0.9550440418813362,0.9139562624254474,0.9927871118213623,0.920065644638354,0.9976948029539651,0.9588802237961596,12.0,3.4551745727923735,-0.07324980987071208,94.00742710568011,breast lesion,0.89453125
bus_0058-l,,,,,,,371,275,[],0.7439535549712322,0.5922978070720889,0.8481538644188531,0.6625550660792952,0.9682078051205568,0.815381435599926,42.291245677830446,15.084486959889247,-0.21882680268954324,96.65244701318443,breast lesion,0.75
bus_0058-r,,,,,,,371,277,[],0.9204645836741371,0.8526488059158686,0.9015573928090752,0.9401817938778239,0.9825066909629292,0.9613442424203765,18.110770276274835,5.277314856710322,0.04284186606068707,93.8854159321636,breast lesion,0.8203125
bus_0059-l,,,,,,,353,270,[],0.9088845164219767,0.8329865445970315,0.9307191568505889,0.8880508725229223,0.9821257197696737,0.935088296146298,17.69180601295413,6.366684903741442,-0.04584442472641231,95.85793898440897,breast lesion,0.7578125
bus_0059-r,,,,,,,353,269,[],0.7681979941766419,0.6236375574523966,0.6777185805346779,0.8865588052271313,0.914117661972188,0.9003382335996597,62.903818656213794,16.449328510846893,0.30815183571873056,96.05862409807742,breast lesion,0.57421875
bus_0060-l,,,,,,,371,276,[],0.9469713456655785,0.8992835491871038,0.975489463458377,0.9200733013814492,0.9982791546872049,0.959176228034327,7.0710678118654755,1.9133198855515998,-0.056808570623061744,96.7355789616704,breast lesion,0.79296875
bus_0060-r,,,,,,,371,276,[],0.6711219637578717,0.5050290135396518,0.5090164733404815,0.9847256270035829,0.9481219037417733,0.9664237653726782,37.08365341757698,14.608104172754912,0.9345653403733736,95.83049896173179,breast lesion,0.61328125
bus_0061-l,,,,,,,336,276,[],0.914897837730609,0.843144424131627,0.8506086315012911,0.9896995708154507,0.9955202088356967,0.9926098898255737,5.385164807134504,2.146391707163194,0.16351931330472103,96.64261713624,breast lesion,0.8515625
bus_0061-r,,,,,,,336,276,[],0.8269311945968764,0.7049298308744153,0.714963503649635,0.9804804804804805,0.9913928012519562,0.9859366408662184,12.595494691134187,4.358325110836406,0.3713713713713714,97.63191919773817,breast lesion,0.8046875
bus_0062-l,,,,,,,316,276,[],0.9557121726268163,0.9151808031994667,0.9689484827099506,0.942832618025751,0.9978375987517047,0.9703351083887279,6.647187993486051,1.6017618625574703,-0.026952789699570816,98.3870669733733,breast lesion,0.86328125
bus_0062-r,,,,,,,316,277,[],0.8598609586534943,0.7541720154043645,0.9660842754367934,0.774682709741223,0.9979745903148591,0.8863286500280411,15.297058540778355,4.696045031810341,-0.1981209823636064,97.76702197268605,breast lesion,0.65234375
bus_0063-s,,,,,,,388,406,[],0.0,0.0,0.0,0.0,0.9391234087722494,0.4695617043861247,289.4253206772858,137.16259936658992,-0.7543865256160311,97.65716013498604,breast lesion,0.380859375
bus_0064-s,,,,,,,386,406,[],0.7055550725897592,0.545063801208865,0.9567853413722254,0.5588212149826881,0.9878829662649692,0.7733520906238287,74.91924600026955,30.857017462420647,-0.41593877872206486,97.3594740498811,breast lesion,0.69140625
bus_0065-l,,,,,,,299,277,[],0.8494262200069549,0.7382631472899456,0.8144032007112691,0.8875968992248062,0.9893894148294047,0.9384931570271055,14.070529340368008,5.3481758412424485,0.08987403100775193,96.27772914245725,breast lesion,0.66796875
bus_0065-r,,,,,,,299,278,[],0.8831286948613006,0.7907166123778502,0.8505109489051095,0.9183480453972257,0.9935959974984365,0.9559720214478311,7.810249675906654,3.2636700798758618,0.07976040353089534,97.914356039837,breast lesion,0.80078125
bus_0066-l,,,,,,,354,275,[],0.7806171648987463,0.6401739818109925,0.6544058205335489,0.9671445639187575,0.9910635896149504,0.979104076766854,18.311529252427057,5.099516617333198,0.4778972520908005,96.97095490992069,breast lesion,0.73046875
bus_0066-r,,,,,,,354,275,[],0.8318668252080856,0.7121335504885994,0.7379746835443038,0.953133514986376,0.9934984033921374,0.9733159591892566,14.333478669063291,4.2294307050548134,0.29155313351498635,98.05999998934567,breast lesion,0.70703125
bus_0067-l,,,,,,,386,277,[],0.8862077123255264,0.7956669498725574,0.9541518084564442,0.8272968197879859,0.9982420844971385,0.9127694521425622,14.599177263228942,3.836236939946783,-0.1329505300353357,97.71460108458996,breast lesion,0.74609375
bus_0067-r,,,,,,,386,276,[],0.8893256102606537,0.8007077668094618,0.8579125922969467,0.9231264762722783,0.993011317347049,0.9580688968096636,12.891168824543133,3.627312621998687,0.076014601674898,97.88353508338332,breast lesion,0.765625
bus_0068-l,,,,,,,387,277,[],0.9600395647873393,0.9231500856001522,0.953625466692867,0.9665405297749452,0.9951418837551592,0.9808412067650523,5.923928352680377,1.9438769065523958,0.013543118900617407,95.17188416793942,breast lesion,0.890625
bus_0068-r,,,,,,,387,277,[],0.9282387806943269,0.8660873000197511,0.9317892052698683,0.9247153099957823,0.9934298725886507,0.9590725912922164,9.433981132056603,3.3170853812341834,-0.007591733445803458,94.68927304260433,breast lesion,0.7890625
bus_0069-l,,,,,,,353,276,[],0.5570008285004142,0.3860021817764253,0.3954240677567345,0.9418604651162791,0.8861557204563074,0.9140080927862932,103.00024271272724,26.55535089215338,1.3818996917904174,94.91700795479119,breast lesion,0.6953125
bus_0069-r,,,,,,,353,275,[],0.33281420855561816,0.19962634654370554,0.22747655931512434,0.6198469513700321,0.8083126341699167,0.7140797927699745,88.83017445404529,28.32486224516294,1.7248827450012343,96.67504811659455,breast lesion,0.5234375
bus_0070-l,,,,,,,373,275,[],0.9524396507447355,0.9091978819376348,0.9220365950676214,0.9849160824304227,0.9959946049781339,0.9904553437042782,4.242640687119285,1.6982561937148362,0.06819630337794774,95.41580989025533,breast lesion,0.8515625
bus_0070-r,,,,,,,373,277,[],0.9450912393691685,0.8958985597996243,0.930871828236825,0.9597518027838337,0.9956346679266214,0.9776932353552275,5.0,2.1507832025764566,0.0310246520207949,94.21390201896429,breast lesion,0.8203125
bus_0071-l,,,,,,,371,274,[],0.9136409662953855,0.841011984021305,0.8905809362662155,0.9379269379269379,0.9960523772218096,0.9669896575743737,10.0,2.3368503570956194,0.05316305316305316,95.30078712850809,breast lesion,0.84765625
bus_0071-r,,,,,,,371,277,[],0.9327456277548699,0.8739674926725286,0.9291784702549575,0.9363402797602055,0.997481463571889,0.9669108716660473,5.656854249492381,1.8671246536585802,0.0077076791321724234,96.0989750456065,breast lesion,0.83984375
bus_0072-l,,,,,,,384,276,[],0.3992303018027142,0.24939896241933443,0.2495884513106243,0.9969650986342944,0.8838380868372048,0.9404015927357496,88.29920666584091,34.417754329603014,2.994436014162873,96.13115596584976,breast lesion,0.77734375
bus_0072-r,,,,,,,384,277,[],0.3497354006127565,0.2119268635724332,0.21215363820680333,0.9949815108293714,0.8636310463824063,0.9293062786058888,73.48196028418931,25.0968173458083,3.6899101954569464,94.08665006048977,breast lesion,0.80078125
bus_0073-l,,,,,,,387,275,[],0.9489103970058554,0.9027873497204992,0.9322710738573462,0.9661544765416923,0.9791148500365764,0.9726346632891343,16.1245154965971,4.219761031632193,0.03634501126818275,96.38045099563897,breast lesion,0.92578125
bus_0073-r,,,,,,,387,276,[],0.8569489744543922,0.7497031674901375,0.9370482071903873,0.7894651931919012,0.9839669340876392,0.8867160636397702,45.26585962760841,11.306322595388917,-0.1574977817213842,96.30332910455763,breast lesion,0.80078125
bus_0074-s,,,,,,,386,406,[],0.9786768352114362,0.958244039646397,0.9781583264971287,0.9791958939264328,0.9949878814975175,0.9870918877119752,3.605551275463989,1.5932989088063532,0.0010607356715141146,96.42220311798155,breast lesion,0.94921875
bus_0075-l,,,,,,,352,276,[],0.9133858267716536,0.8405797101449275,0.9708369283865401,0.8623543838136113,0.9981352341439732,0.9302448089787922,9.0,3.192629518129617,-0.11174126302881668,96.94063500501215,breast lesion,0.76953125
bus_0075-r,,,,,,,352,276,[],0.8854580752519183,0.7944591904445919,0.9393879952922715,0.8373841580695925,0.9966204761956843,0.9170023171326385,12.204504087976837,3.97943513511192,-0.10858541703094947,95.66128603182733,breast lesion,0.8203125
bus_0076-l,,,,,,,385,276,[],0.9040330094502862,0.8248724799611368,0.9747416762342136,0.8428890543559195,0.9991392043509307,0.9210141293534251,8.218618225794799,2.7174594405212327,-0.1352692975924547,94.5677908603102,breast lesion,0.8671875
bus_0076-r,,,,,,,385,277,[],0.9203084832904884,0.8523809523809524,0.9433465085638999,0.8983688833124216,0.9983374735397315,0.9483531784260766,8.48528137423857,2.2783957559829355,-0.04767879548306148,96.35517094284296,breast lesion,0.85546875
bus_0077-s,,,,,,,408,416,[],0.9645190525788954,0.9314696276943174,0.9864150734582077,0.9435739995765403,0.9962787243072819,0.9699263619419112,8.0,3.332272987301873,-0.04343108193944527,95.67136596888304,breast lesion,0.8359375
bus_0078-s,,,,,,,408,417,[],0.8697705802968961,0.7695522388059701,0.9768111548954228,0.7838725370955972,0.9990550539175118,0.8914637955065545,19.298862399558573,6.414245202244657,-0.1975188518608611,94.7704950813204,breast lesion,0.69921875
bus_0079-l,,,,,,,346,280,[],0.936764506966049,0.8810508237389479,0.927170493339581,0.9465591471331921,0.9867715539776527,0.9666653505554224,10.592177951969822,3.733837664991996,0.020911638078316135,96.5711260214448,breast lesion,0.8359375
bus_0079-r,,,,,,,346,281,[],0.9281767955801105,0.865979381443299,0.8986568986568987,0.9597019559143123,0.9785135784815276,0.96910776719792,13.892443989449804,4.524065151339538,0.06792921452964917,96.50663495995104,breast lesion,0.89453125
bus_0080-l,,,,,,,316,277,[],0.9073010664479081,0.8303303303303303,0.8919354838709678,0.9232053422370617,0.999229291523357,0.9612173168802094,2.0,0.9855466925062518,0.035058430717863104,96.40514198690653,breast lesion,0.73828125
bus_0080-r,,,,,,,316,277,[],0.8786039453717754,0.7834912043301759,0.8948995363214838,0.8628912071535022,0.9992171400283211,0.9310541735909117,4.0,1.3627277033511846,-0.03576751117734724,96.55779483728111,breast lesion,0.765625
bus_0081-s,,,,,,,352,277,[],0.6318959193915763,0.46187708109938486,0.966690290574061,0.4693467913058439,0.9964779497171119,0.732912370511478,52.302829936838236,19.354085708067004,-0.5144807019556117,98.57546095736325,breast lesion,0.55859375
bus_0082-s,,,,,,,386,408,[],0.9578408347129712,0.9190926555342102,0.9218171038980287,0.9967946149531213,0.9927245895082374,0.9947596022306793,7.615773105863909,2.3009702804528662,0.08133664556454843,94.72324512898922,breast lesion,0.9296875
bus_0083-l,,,,,,,389,277,[],0.8717839977381963,0.7727101866933969,0.7760161067069334,0.9945170133849379,0.982472034031826,0.988494523708382,29.123264701911626,5.7944069341693325,0.28156748911465895,96.62920702248812,breast lesion,0.6953125
bus_0083-r,,,,,,,389,276,[],0.929934337582078,0.8690441813456541,0.8815172817809022,0.983979074709825,0.9920096397917963,0.9879943572508108,6.324555320336759,2.8030879849819397,0.11623344776851398,95.34225799143314,breast lesion,0.85546875
bus_0084-l,,,,,,,333,277,[],0.7690003153579312,0.6246957858332266,0.9763763763763764,0.6342827415788789,0.9986044091210143,0.8164435753499466,24.41707533196811,9.215692497171462,-0.3503706593835349,93.43350492417812,breast lesion,0.73046875
bus_0084-r,,,,,,,333,276,[],0.9242308493645393,0.8591349257585539,0.9375792588417641,0.9112571898110107,0.9947639647306338,0.9530105772708222,8.94427190999916,3.0346785684993582,-0.02807450013694878,94.09716003574431,breast lesion,0.68359375
bus_0085-l,,,,,,,409,282,[],0.9455107351984385,0.8966527842048434,0.9070057731315337,0.9874299303550196,0.9945546408895305,0.990992285622275,7.615773105863909,2.0618668775175077,0.08866995073891626,95.39271984249353,breast lesion,0.78515625
bus_0085-r,,,,,,,409,279,[],0.7643673865929302,0.6186040885448167,0.6204051922843625,0.9953289217594394,0.9712864654547456,0.9833076936070926,59.30759391341072,12.685904864494143,0.6043207473725185,95.34818888641894,breast lesion,0.8125
bus_0086-l,,,,,,,346,280,[],0.958716915995397,0.9207072800110513,0.9726140675162953,0.9452113075541269,0.9925653012175475,0.9688883043858372,6.0,2.4996614751999897,-0.028174340550250542,94.05818884260952,breast lesion,0.73828125
bus_0086-r,,,,,,,346,280,[],0.9518391521197007,0.9081040892193308,0.974547195404133,0.9301652577869165,0.996190999295514,0.9631781285412153,6.0496575181789245,2.6518901013505785,-0.045541085979742595,95.53352184593678,breast lesion,0.8125
bus_0087-l,,,,,,,346,281,[],0.8172259830044649,0.6909400876765709,0.7150298244140133,0.9535066099036522,0.9615855039637599,0.957546056933706,39.155434142690126,7.303000561858961,0.3335200537754873,95.59776401147246,breast lesion,0.734375
bus_0087-r,,,,,,,346,280,[],0.8110297961317303,0.6821279402066388,0.9560930519180404,0.7041869964824691,0.9967638275403954,0.8504754120114322,37.0,8.137003331924994,-0.2634744127992738,96.18544694967568,breast lesion,0.6875
bus_0088-s,,,,,,,386,403,[],0.9223045442789551,0.8558118523956069,0.868066095821759,0.9837725561469557,0.9630689561188335,0.9734207561328946,54.275129827023655,7.7797966074350935,0.13329222380890562,96.19392710737884,breast lesion,0.92578125
bus_0089-s,,,,,,,386,403,[],0.975275944510458,0.9517449495655089,0.9736590106764618,0.9768982576898257,0.9785255700686296,0.9777119138792276,8.06225774829855,3.253201605478784,0.0033268803326880333,97.13304811157286,breast lesion,0.9609375
bus_0090-l,,,,,,,298,277,[],0.902285338098373,0.8219671007539411,0.9846059113300493,0.8326679395938206,0.9990232467278766,0.9158455931608486,17.111395713025964,3.7173447660232792,-0.1543134872417983,95.05839110352099,breast lesion,0.7578125
bus_0090-r,,,,,,,298,277,[],0.7749009247027742,0.632521026525771,0.7120660354454965,0.8498985801217038,0.9850053732852898,0.9174519767034968,29.423330061073134,5.758915774161309,0.19356708200521588,96.05653397738934,breast lesion,0.8515625
bus_0091-l,,,,,,,385,275,[],0.7364232863325423,0.5828085294442603,0.6418446188477216,0.8636921817437577,0.9371449925261585,0.9004185871349581,37.61245801426076,14.319587982510871,0.3456406058125256,95.39470891468227,breast lesion,0.68359375
bus_0091-r,,,,,,,385,275,[],0.0,0.0,0.0,0.0,0.9828197086308218,0.4914098543154109,192.6473324986124,123.13274605922531,-0.8711257427332584,93.49450608715415,breast lesion,0.703125
bus_0092-l,,,,,,,352,275,[],0.8700524387615832,0.7699936427209154,0.8947990543735225,0.8466377743604082,0.9920577375706939,0.9193477559655511,15.53042012157147,4.4053982838747885,-0.05382357052984762,93.93548616208136,breast lesion,0.75
bus_0092-r,,,,,,,352,276,[],0.7592422853651085,0.6119182467372568,0.6956886898096305,0.8355749831876261,0.9761633261699049,0.9058691546787655,46.135653904462615,10.691616318863767,0.20107599193006054,94.87565793097019,breast lesion,0.67578125
bus_0093-s,,,,,,,384,405,[],0.1193868349864743,0.06348293057153817,0.9872177247550064,0.06353515410771086,0.9997480092732588,0.5316415816904848,210.05594315903775,81.63314002002843,-0.9356422068662937,95.62426386401057,breast lesion,0.6953125
bus_0094-l,,,,,,,371,275,[],0.8986202759448111,0.8159041394335512,0.838628411476557,0.9678565659828784,0.987968779347622,0.9779126726652502,19.74326051550155,4.379502328397481,0.15409465352931676,94.1413410473615,breast lesion,0.859375
bus_0094-r,,,,,,,371,276,[],0.7795488721804511,0.6387382947264663,0.9823143001515917,0.6461691873026425,0.9992737007024352,0.8227214440025388,34.44999999999999,8.321836296417048,-0.3421971081934519,94.66418204829097,breast lesion,0.765625
bus_0095-s,,,,,,,383,405,[],0.9598536436629739,0.9228063318350596,0.9860610806577917,0.935003217662492,0.9980209615014008,0.9665120895819463,5.0,2.3044143871477525,-0.051779614870550966,99.51179195195436,breast lesion,0.9609375
bus_0096-s,,,,,,,386,405,[],0.9802930363321799,0.9613477903555049,0.9952246343002992,0.9658028604149466,0.9985351439179007,0.9821690021664236,4.242640687119285,1.8302313909755796,-0.029562947772125602,97.17606985941529,breast lesion,0.92578125
bus_0097-l,,,,,,,372,276,[],0.25451753867957955,0.14581500778131132,0.1469886092353864,0.9480862296524417,0.8754370063446847,0.9117616179985633,118.29750625237654,41.64550840422127,5.45006599208095,96.10275505110621,breast lesion,0.671875
bus_0097-r,,,,,,,372,275,[],0.5763326821099637,0.4048225838070966,0.4311964919607434,0.8687421119057636,0.9727390090369584,0.920740560471361,59.80802621722272,21.55241049724582,1.014724442574674,94.18559283949435,breast lesion,0.65234375
bus_0098-l,,,,,,,386,273,[],0.9198742459002464,0.8516362492133417,0.8681635926222935,0.9781351644380195,0.9722222222222222,0.9751786933301209,19.0,6.155491102061978,0.12667148536320924,95.10583314113319,breast lesion,0.828125
bus_0098-r,,,,,,,386,277,[],0.8274083137669896,0.7056235546280106,0.7169054441260745,0.9781843771991555,0.9475210606269853,0.9628527189130704,25.861062760756127,11.27131906049372,0.3644538275080147,94.94931902736425,breast lesion,0.75
bus_0099-l,,,,,,,353,275,[],0.0,0.0,0.0,0.0,0.9735826973833495,0.48679134869167473,131.13656359509184,58.77616050931345,-0.8342077649527807,95.51818203181028,breast lesion,0.63671875
bus_0099-r,,,,,,,353,276,[],0.0,0.0,0.0,0.0,0.9358195278400733,0.46790976392003664,132.6595064550017,58.099725272489316,-0.6326432022084196,93.84409477934241,breast lesion,0.85546875
bus_0100-l,,,,,,,316,278,[],0.9311195871662553,0.8711167086481948,0.9660148975791434,0.8986574274577739,0.9982458248227802,0.9484516261402771,6.43363220693949,2.131843667227239,-0.06972715461238631,94.39588594250381,breast lesion,0.80078125
bus_0100-r,,,,,,,316,277,[],0.8284111358103101,0.7070834839176003,0.7677064940160879,0.8995402298850574,0.9857661513308168,0.9426531906079372,35.147027354082205,6.4679535844973985,0.17172413793103447,94.65872193686664,breast lesion,0.6484375
bus_0101-l,,,,,,,316,276,[],0.9396511807377682,0.8861717612809316,0.9737683941138836,0.9078437220399642,0.9990222148027139,0.9534329684213391,4.129082378692736,1.647627780005045,-0.06770056665672532,96.16898582316935,breast lesion,0.859375
bus_0101-r,,,,,,,316,276,[],0.742259750703659,0.590153452685422,0.6345096241979835,0.8940910558605102,0.9810387665093498,0.93756491118493,56.78197634833571,11.34904515652281,0.4091055860510171,94.28081405349076,breast lesion,0.77734375
bus_0102-l,,,,,,,371,275,[],0.8056623998991109,0.6745683965999684,0.972744575561477,0.6875639024915245,0.9957095946885262,0.8416367485900254,34.87534996010101,12.141197541206182,-0.293171177958349,94.78685492649674,breast lesion,0.69921875
bus_0102-r,,,,,,,371,276,[],0.22157320872274144,0.12458944602583753,0.9530988274706867,0.12535800837188807,0.9993999014123749,0.5623789548921315,95.88013350011565,39.54986250368585,-0.8684732319894249,94.60556111298501,breast lesion,0.7734375
bus_0103-s,,,,,,,387,402,[],0.8061397894550992,0.6752380072095387,0.9996168687228045,0.6754128067158521,0.999862059452376,0.8376374330841141,81.6284258327499,25.460832154659315,-0.32432832233131786,95.59107292443514,breast lesion,0.80859375
bus_0104-s,,,,,,,383,403,[],0.9525670094744514,0.9094300237731692,0.947483941120799,0.9577049113594268,0.9752133665342432,0.966459138946835,12.083045973594572,4.894004423926359,0.010787486515641856,96.34398994967341,breast lesion,0.8984375
bus_0105-l,,,,,,,352,275,[],0.8595594020456334,0.753708175232839,0.9842342342342343,0.7629189944134078,0.9996274058933742,0.881273200153391,13.294484657586228,3.1781429634822875,-0.22486033519553073,97.5484570953995,breast lesion,0.734375
bus_0105-r,,,,,,,352,275,[],0.9361334867663982,0.8799351000540833,0.96443390634262,0.9094466182224706,0.9993684941743588,0.9544075561984147,4.242640687119285,1.2721455576387748,-0.05701509223029626,97.07537712529302,breast lesion,0.84765625
bus_0106-l,,,,,,,372,274,[],0.9720830624498069,0.9456825030693106,0.9925807333359365,0.9524148525609801,0.9974747139116682,0.9749447832363242,5.0990195135927845,2.386517342341208,-0.04046610963318221,97.64673095196486,breast lesion,0.96875
bus_0106-r,,,,,,,372,277,[],0.9792755451432691,0.9593926553672316,0.9956691208315288,0.9634130616981497,0.9981949959734525,0.9808040288358011,5.0,1.9192843999719091,-0.032396363870801366,95.28853720985353,breast lesion,0.97265625
bus_0107-l,,,,,,,316,276,[],0.8888843128371978,0.7999925868267912,0.993600957554553,0.8041356184798808,0.9976977606996157,0.9009166895897482,39.17182953494706,10.67546587612883,-0.19068554396423248,93.75879284925759,breast lesion,0.75390625
bus_0107-r,,,,,,,316,277,[],0.7674223623314776,0.6226158408837373,0.9444077589764754,0.6463028865164097,0.9741587691363235,0.8102308278263666,50.86221330043194,20.24252569442797,-0.3156527142292267,93.80184393376112,breast lesion,0.703125
bus_0108-l,,,,,,,333,275,[],0.8758061160807156,0.7790525536639527,0.9854868913857678,0.7880943466866343,0.9996513092774229,0.8938728279820285,10.014962686336265,2.792825028712825,-0.2002995132909023,95.38075886666775,breast lesion,0.6875
bus_0108-r,,,,,,,333,276,[],0.8492912930286376,0.7380593262946205,0.9563517915309446,0.7637877211238293,0.9992554397350699,0.8815215804294496,7.162090392256099,2.981441703761025,-0.20135275754422477,95.16052389517426,breast lesion,0.7890625
bus_0109-s,,,,,,,384,405,[],0.9212625587512397,0.854019266898509,0.981441499379852,0.8680372161053101,0.9969138395960491,0.9324755278506796,17.26267650163207,4.55283030464938,-0.11554869377970992,94.64294207282364,breast lesion,0.8046875
bus_0110-l,,,,,,,384,275,[],0.8279457768508863,0.7064056939501779,0.7182270465852555,0.9772307692307692,0.9940081750420774,0.9856194721364233,15.874013739992932,3.885549184856602,0.3606153846153846,96.21484787203372,breast lesion,0.7578125
bus_0110-r,,,,,,,384,276,[],0.9538702111024238,0.9118086696562033,0.9494163424124513,0.9583660644147682,0.9993792438234761,0.9788726541191222,2.23606797749979,0.8722524650357488,0.009426551453260016,96.21935803443193,breast lesion,0.609375
bus_0111-l,,,,,,,316,278,[],0.9662828094200643,0.9347651545564031,0.9972162740899357,0.9372107063795533,0.9994653212870677,0.9683380138333104,5.0990195135927845,1.9746160516778781,-0.060173073052928155,96.97534493170679,breast lesion,0.90625
bus_0111-r,,,,,,,316,277,[],0.9653237746434973,0.9329718331073957,0.973032413468084,0.9577363158437274,0.9924409217672098,0.9750886188054686,8.54400374531753,2.625534617819604,-0.015720028863003815,95.88712989352643,breast lesion,0.828125
bus_0112-l,,,,,,,317,278,[],0.9061397318278053,0.8283870967741935,0.9706682794073178,0.8496559025939651,0.9988500023711291,0.9242529524825471,8.94427190999916,2.7767640787490855,-0.12466913710958179,96.3805210776627,breast lesion,0.8203125
bus_0112-r,,,,,,,317,277,[],0.8968304078797829,0.8129578754578755,0.8237067965669218,0.9842017738359202,0.9909739789313666,0.9875878763836434,9.641419466926354,3.1627923031603262,0.1948447893569845,98.23767305351794,breast lesion,0.828125
bus_0113-s,,,,,,,385,405,[],0.9753182983531048,0.9518256223230567,0.9932734433774395,0.958000768278629,0.9988527955560923,0.9784267819173607,4.47213595499958,1.8847102653224974,-0.035511545520508773,98.58996095135808,breast lesion,0.9609375
bus_0114-s,,,,,,,386,269,[],0.9078974358974359,0.8313298271975957,0.990461271643962,0.8380393363470687,0.9944627575792021,0.9162510469631354,32.0624390837628,10.061123560618581,-0.15388984876097608,95.77398817054927,breast lesion,0.796875
bus_0115-l,,,,,,,371,274,[],0.8927498927498928,0.8062766369624177,0.9862559241706161,0.8154388714733543,0.9993992749870534,0.9074190732302039,10.63014581273465,3.5105185099049594,-0.1731974921630094,94.40539707429707,breast lesion,0.87109375
bus_0115-r,,,,,,,371,277,[],0.764955389790844,0.6193747039317858,0.625298900047824,0.9849340866290018,0.9678422278543357,0.9763881572416688,31.0,9.699867582609144,0.5751412429378531,98.15297112800181,breast lesion,0.7890625
bus_0116-l,,,,,,,370,275,[],0.6913305103632716,0.5282697547683923,0.535012073128665,0.9767002518891688,0.9726499888408708,0.9746751203650198,44.6206061332973,10.982319526420396,0.825566750629723,95.87893006391823,breast lesion,0.7578125
bus_0116-r,,,,,,,370,276,[],0.9373219373219374,0.8820375335120644,0.9660971703150026,0.9102112676056338,0.9987059830453212,0.9544586253254774,6.8978713763747725,1.7939281955005697,-0.057847082494969816,97.22550003789365,breast lesion,0.875
bus_0117-l,,,,,,,352,276,[],0.947280143330919,0.8998406720741599,0.9092572264910355,0.9886218968809676,0.9853400170244964,0.9869809569527319,9.899494936611665,2.778236499626365,0.08728516868236792,96.5071339160204,breast lesion,0.90625
bus_0117-r,,,,,,,352,276,[],0.9534604773899484,0.9110601719197707,0.971760391198044,0.9358370614551448,0.9973944821674299,0.9666157718112873,5.0,2.096380540432366,-0.036967271014834,95.92847106978297,breast lesion,0.91796875
bus_0118-l,,,,,,,352,273,[],0.9682165501544464,0.938391239265737,0.9822695035460993,0.9545600256451354,0.9974287832763281,0.9759944044607318,3.605551275463989,1.591413775105867,-0.028209648982208686,94.19314214028418,breast lesion,0.91796875
bus_0118-r,,,,,,,352,278,[],0.9642942497968549,0.9310503968986524,0.9463364293085655,0.9829467939972715,0.9934698723656872,0.9882083331814793,5.0,1.693997826604936,0.03868641590333268,96.22458810918033,breast lesion,0.9296875
bus_0119-l,,,,,,,351,275,[],0.9479510377860564,0.9010522055847835,0.9091929967842377,0.9901606537328367,0.9773479678109402,0.9837543107718885,13.903227275770098,3.260545629826304,0.08905442214686753,96.09364508651197,breast lesion,0.8515625
bus_0119-r,,,,,,,351,276,[],0.9111427989407211,0.8367881463743172,0.8498897925058904,0.9819107832806463,0.9768973423170504,0.9794040627988483,23.051007619097142,5.147189109909981,0.15533895328415875,96.42433188855648,breast lesion,0.76171875
bus_0120-l,,,,,,,371,275,[],0.884373967624711,0.7927154278945809,0.9813049853372434,0.8048707155742634,0.9994832774394877,0.9021769965068756,8.06225774829855,3.183237687953068,-0.179795550210463,95.94437200576067,breast lesion,0.8828125
bus_0120-r,,,,,,,371,276,[],0.9099595736861448,0.8347943358057991,0.9385898407884761,0.8830242510699001,0.9983733633223552,0.9406988071961276,4.47213595499958,2.4133343139835426,-0.05920114122681883,97.08097716793418,breast lesion,0.87109375
bus_0121-s,,,,,,,383,293,[],0.9121574139142656,0.838501291989664,0.8435875216637782,0.9928607853136155,0.9933331486560107,0.9930969669848131,8.969349550499537,2.4959850156189036,0.17695053544110148,97.05363609828055,breast lesion,0.84765625
bus_0122-s,,,,,,,382,293,[],0.9510632846528312,0.9066927210552027,0.9511445165698668,0.9509820666097353,0.9973036928095332,0.9741428797096343,4.0,1.7131262443572497,-0.0001707941929974381,99.11243291571736,breast lesion,0.84765625
bus_0123-l,,,,,,,333,274,[],0.8109862092942404,0.6820662768031189,0.9937517750639023,0.6850039154267815,0.9997445840202476,0.8423742497235145,15.0,6.27886271546562,-0.31068911511354735,95.60159407556057,breast lesion,0.69140625
bus_0123-r,,,,,,,333,276,[],0.9202438075476592,0.8522699975978861,0.9280669631179702,0.9125514403292181,0.9968757100658941,0.9547135751975562,7.280109889280518,2.375022312333821,-0.016718106995884774,94.82793719507754,breast lesion,0.64453125
bus_0124-l,,,,,,,385,275,[],0.8702342673403767,0.770278511892661,0.9974552474552475,0.7717952199891364,0.9996818326439707,0.8857385263165536,18.005551275463986,6.828957937903107,-0.2262357414448669,95.10922199115157,breast lesion,0.78125
bus_0124-r,,,,,,,385,276,[],0.9274756338152587,0.864759499231276,0.911400462962963,0.9441280498771056,0.9829089407115507,0.9635184952943281,11.427769204861278,4.356466126209872,0.03590911815838379,96.93558397702873,breast lesion,0.87890625
bus_0125-l,,,,,,,370,275,[],0.930715935334873,0.8704103671706264,0.9403333333333334,0.9212932723709993,0.9981862029831388,0.9597397376770691,5.270706689717806,1.7537158974201974,-0.020248203788373612,95.23644507862628,breast lesion,0.90625
bus_0125-r,,,,,,,370,275,[],0.8871650211565585,0.7972116603295311,0.8356953055801595,0.9453907815631263,0.9962808508931973,0.9708358162281618,7.810249675906654,2.55813216731889,0.1312625250501002,94.26052402704954,breast lesion,0.70703125
bus_0126-s,,,,,,,383,402,[],0.9650172945879332,0.9323994396637982,0.9734247033260905,0.9567538707955152,0.9950932362267295,0.9759235535111224,5.0990195135927845,2.356156773614929,-0.017125959998357223,95.18646402284503,breast lesion,0.87890625
bus_0127-s,,,,,,,384,402,[],0.9282347672161915,0.8660803120149639,0.9256486601446193,0.9308353650712178,0.9866553680080007,0.9587453665396093,20.134525459363957,5.6944021009767605,0.005603319218101715,94.42353807389736,breast lesion,0.90625
bus_0128-s,,,,,,,384,404,[],0.9472158473245561,0.8997246443322625,0.9892355563030863,0.9086204232967712,0.9990997960475421,0.9538601096721566,6.324555320336759,2.58465384087846,-0.08149235285030125,96.88205295242369,breast lesion,0.9453125
bus_0129-l,,,,,,,353,274,[],0.8715155398910606,0.7722884724588303,0.8662420382165605,0.8768536428110896,0.9977934454823423,0.9373235441467159,5.0,2.2676658219735972,0.012250161186331399,96.59843589179218,breast lesion,0.75
bus_0129-r,,,,,,,353,277,[],0.9009183180280329,0.8197009674582234,0.8317715305667113,0.9826041117554033,0.996068165700221,0.9893361387278121,5.385164807134504,2.002236041454457,0.18133895624670532,97.76436304673553,breast lesion,0.71484375
bus_0130-l,,,,,,,383,277,[],0.8195011976891644,0.6941990928622583,0.9686875416389074,0.7101343101343102,0.9990783952311856,0.8546063526827479,12.0,4.703631481163609,-0.2669108669108669,95.79844796098769,breast lesion,0.58203125
bus_0130-r,,,,,,,383,276,[],0.9136470793678512,0.8410223436746503,0.9195079086115993,0.9078604893284747,0.9954174796137876,0.9516389844711312,8.0,3.064880531640328,-0.012667013708138122,96.28864889964461,breast lesion,0.6171875
bus_0131-l,,,,,,,368,274,[],0.9677753274224763,0.9375626771310225,0.9916071016831911,0.9450621896013712,0.9976690275234058,0.9713656085623885,7.0,2.3367135939559383,-0.046938865204588405,94.8171759955585,breast lesion,0.94921875
bus_0131-r,,,,,,,368,275,[],0.9753848780626618,0.9519524523690496,0.9865868401358586,0.9644344400675295,0.9972072396020616,0.9808208398347955,5.0,1.6500105859819183,-0.022453573438379292,94.60441092960536,breast lesion,0.9609375
bus_0132-l,,,,,,,350,275,[],0.9516864175022789,0.9078260869565218,0.9132970451010887,0.9934447028970184,0.9897225550742004,0.9915836289856094,11.180339887498949,2.593239742396586,0.08775639670120533,94.73479492589831,breast lesion,0.84765625
bus_0132-r,,,,,,,350,275,[],0.8943167152621767,0.8088362441639287,0.8717733668809989,0.9180569185475956,0.9840111550081339,0.9510340367778647,19.697715603592208,6.249063028263693,0.05309126594700687,96.66746808215976,breast lesion,0.78515625
bus_0133-l,,,,,,,384,278,[],0.9170184190330007,0.8467534768358579,0.9335872643812873,0.9010274295409558,0.9929272021884068,0.9469773158646813,12.041594578792296,4.362220052322612,-0.03487604863794891,95.82746913656592,breast lesion,0.80859375
bus_0133-r,,,,,,,384,275,[],0.8317714728882569,0.7119938039389245,0.9815436241610739,0.7216552652237299,0.9987484873245555,0.8602018762741427,45.98642981613064,8.616227826197946,-0.264775148592576,94.12576002068818,breast lesion,0.77734375
bus_0134-l,,,,,,,296,278,[],0.9118599243080571,0.8379986590680523,0.9733281417307506,0.8576942871847658,0.9961206286280617,0.9269074579064138,20.100686787270494,4.602515272013611,-0.11880253902899296,94.84588704071939,breast lesion,0.78515625
bus_0134-r,,,,,,,296,277,[],0.8812983167936839,0.7877867084885316,0.9136069114470843,0.8511967803431476,0.9895244658855962,0.920360623114372,20.1096676870485,5.34132308732044,-0.06831179834780766,94.84523581340909,breast lesion,0.6875
bus_0135-l,,,,,,,352,273,[],0.9038727021724915,0.8246055945910116,0.8514715947980835,0.9631464849798699,0.987895758495281,0.9755211217375754,10.871657678474369,3.8672484714060964,0.13115515639516878,95.40066006593406,breast lesion,0.7734375
bus_0135-r,,,,,,,352,277,[],0.8814776214463551,0.7880732995134072,0.8010945064197011,0.9797914789548204,0.978937984064189,0.9793647315095046,22.40528988669643,5.653473801496251,0.22306603166430686,94.21010315418243,breast lesion,0.6953125
bus_0136-l,,,,,,,350,273,[],0.9433821214982688,0.8928318748836344,0.9768588307190874,0.9121238635066763,0.9917993734028269,0.9519616184547516,10.44030650891055,4.370288380302796,-0.06626849773652375,94.8572768829763,breast lesion,0.84765625
bus_0136-r,,,,,,,350,278,[],0.9666892998362424,0.9355262649298443,0.9570942739639354,0.976478657306544,0.9850373720936647,0.9807580147001044,9.055385138137417,2.50014505806165,0.02025336883724683,94.41501717083156,breast lesion,0.90625
bus_0137-l,,,,,,,316,277,[],0.9066501445683601,0.8292406497922176,0.9699513919575784,0.8511050794881737,0.9991995574023284,0.925152318445251,4.3114892674833625,2.051641969199162,-0.12252811167119039,94.87842814996839,breast lesion,0.796875
bus_0137-r,,,,,,,316,276,[],0.688955996548749,0.5255018098058571,0.5255018098058571,1.0,0.9831579439143181,0.991578971957159,24.698178070456937,7.190685824391794,0.9029430181590482,94.2669939249754,breast lesion,0.73828125
bus_0138-s,,,,,,,383,293,[],0.7598933664621994,0.6127645364611596,0.6156426923883414,0.9924283396430503,0.9059295677789524,0.9491789537110014,61.62628905345981,17.658792360014242,0.6120200108166577,96.59676603041589,breast lesion,0.83203125
bus_0139-l,,,,,,,314,278,[],0.9385536619069553,0.88422148932477,0.889937106918239,0.992788930033132,0.9923321283820791,0.9925605292076055,5.656854249492381,2.1990887453468426,0.11557201325277723,96.08106501400471,breast lesion,0.82421875
bus_0139-r,,,,,,,314,276,[],0.9120095124851367,0.8382513661202186,0.8382513661202186,1.0,0.9891789135044234,0.9945894567522118,9.219544457292887,3.05887141553033,0.19295958279009126,96.91573400050402,breast lesion,0.78515625
bus_0140-l,,,,,,,384,273,[],0.46622925511385566,0.30397584297936586,0.30397584297936586,1.0,0.9597262667443215,0.9798631333721608,33.067351540362175,19.212357766010246,2.2897350993377485,95.804737880826,breast lesion,0.6484375
bus_0140-r,,,,,,,384,277,[],0.9024482109227872,0.8222374742621825,0.8273480662983426,0.9925434962717481,0.9951901802720434,0.9938668382718958,6.60142603922608,2.2262141968232356,0.1996685998342999,95.98475298844278,breast lesion,0.80078125
bus_0141-l,,,,,,,346,280,[],0.5442025316455696,0.3738174735670562,0.6915454896409728,0.4486184155605643,0.9717671169950884,0.7101927662778263,85.03620247020226,23.584616388188486,-0.3512814091326488,96.60984599031508,breast lesion,0.6171875
bus_0141-r,,,,,,,346,280,[],0.7863973292593222,0.6479858261842596,0.7838691483361534,0.7889418710263397,0.9782450722136434,0.8835934716199916,25.0,9.49058684434435,0.006471389645776567,96.13214596174657,breast lesion,0.7109375
bus_0142-l,,,,,,,350,274,[],0.9284124830393488,0.8663897893030794,0.9298760600130463,0.9269535060149561,0.9925582361288983,0.9597558710719272,11.38445954206407,3.798662989649777,-0.0031429500379321555,96.87340189702809,breast lesion,0.890625
bus_0142-r,,,,,,,350,276,[],0.9547046328721511,0.9133347978910369,0.9388054646042678,0.9711516000934362,0.993843567550376,0.9824975838219061,5.0,2.1256775723604093,0.034454566690025695,96.25132894143462,breast lesion,0.890625
bus_0143-l,,,,,,,369,274,[],0.9596923304489313,0.9225081757429262,0.9651889318655162,0.9542579791145757,0.997518741980977,0.9758883605477764,5.0990195135927845,1.3900093058419083,-0.011325194881600236,94.88107799552381,breast lesion,0.92578125
bus_0143-r,,,,,,,369,277,[],0.9007695423248279,0.819454679439941,0.8424242424242424,0.9677980852915579,0.9936820363282911,0.9807400608099245,7.2041008139748515,3.04824435897799,0.14882506527415143,96.74848010763526,breast lesion,0.84765625
bus_0144-l,,,,,,,382,273,[],0.9374927920655057,0.882340171496798,0.9260651629072681,0.9492059785147128,0.993219949436911,0.9712129639758119,10.131365494456457,2.8619965134198604,0.02498832321345166,95.23943602107465,breast lesion,0.7109375
bus_0144-r,,,,,,,382,276,[],0.8846565885013689,0.7931696905016008,0.7981956825260444,0.9921238819917234,0.9808149804474122,0.9864694312195679,17.00146931829632,5.140277174873533,0.24295821652649846,94.60351103916764,breast lesion,0.86328125
bus_0145-l,,,,,,,350,274,[],0.9604505311660054,0.9239103669047033,0.9827778141575535,0.9391151992991678,0.996709168032633,0.9679121836659004,6.082762530298219,2.507873353141106,-0.04442775796258056,95.15137388370931,breast lesion,0.921875
bus_0145-r,,,,,,,350,275,[],0.9655257936507936,0.9333493167106209,0.9706414012341832,0.9604638253253562,0.9941152217099591,0.9772895235176577,6.0,2.2216369088957584,-0.010485412940233146,96.51017491705716,breast lesion,0.90234375
bus_0146-l,,,,,,,370,275,[],0.957161903657759,0.9178432462479155,0.9568291128237817,0.9574949260655262,0.9911839536122123,0.9743394398388693,9.01107702762748,2.6522640298807465,0.0006958538706871557,95.49874207004905,breast lesion,0.875
bus_0146-r,,,,,,,370,276,[],0.9560792563322625,0.9158542563041229,0.9763121226196005,0.9366679663565978,0.9951524944455665,0.9659102304010821,9.899494936611665,2.977762638226503,-0.040606026847880575,94.00771814398468,breast lesion,0.87890625
bus_0147-l,,,,,,,371,275,[],0.9702319297455528,0.9421849033499519,0.9510859968214728,0.9901645371817263,0.9939218396857789,0.9920431884337526,4.0,1.4281525479917285,0.041088335324937955,95.41051019914448,breast lesion,0.890625
bus_0147-r,,,,,,,371,276,[],0.9539861958587577,0.912020656019891,0.9926103247293921,0.9182553437319468,0.9992283447451364,0.9587418442385416,5.385164807134504,2.048034781454892,-0.07490853071442326,95.74652719311416,breast lesion,0.95703125
bus_0148-l,,,,,,,371,275,[],0.8439140811455847,0.7299752270850537,0.7309812568908489,0.998118178396688,0.9901779244827309,0.9941480514397094,8.596493114870116,3.9438148890141935,0.3654497553631916,96.2635490577668,breast lesion,0.7890625
bus_0148-r,,,,,,,371,275,[],0.5947576843296247,0.4232420826623725,0.5221854304635761,0.6907577748576434,0.9855326742996932,0.8381452245786682,35.005392980827146,10.42985041998939,0.3228208497590889,95.86683008819818,breast lesion,0.68359375
bus_0149-l,,,,,,,352,274,[],0.9327329635934325,0.8739452562255609,0.9540552684789935,0.9123428939735739,0.9953063496253113,0.9538246217994426,9.848857801796104,2.9279083462517583,-0.04372113008916103,95.70061601698399,breast lesion,0.80078125
bus_0149-r,,,,,,,352,276,[],0.6970319208512227,0.5349570200573066,0.5362245996984275,0.9956005865884549,0.9279539547802033,0.961777270684329,56.17995703308386,14.73925443137456,0.8566857752299694,96.89684305340052,breast lesion,0.74609375
bus_0150-l,,,,,,,369,275,[],0.9577881442712481,0.9189956331877729,0.950703032356429,0.9649796526623489,0.98961060598848,0.9772951293254144,10.04987562112089,2.6541637420631714,0.015016908351005904,96.96406382136047,breast lesion,0.82421875
bus_0150-r,,,,,,,369,275,[],0.9672060338239692,0.936494659631965,0.9554913674259831,0.9792115177610333,0.9921718950248813,0.9856917063929573,5.830951894845301,2.070997316215564,0.02482508073196986,96.11289598979056,breast lesion,0.90625
bus_0151-l,,,,,,,344,278,[],0.8875530410183875,0.7978385251112524,0.8414912163068258,0.9389495735448152,0.9867114863573508,0.9628305299510831,13.448041619762465,4.2123212508469114,0.11581625018704175,97.0754970330745,breast lesion,0.734375
bus_0151-r,,,,,,,344,282,[],0.8869437022021561,0.7968543046357616,0.8127321850726106,0.9760697627256135,0.9879557327019777,0.9820127477137957,14.035668847618199,4.053849932918314,0.20097343338065302,95.81165784038603,breast lesion,0.6328125
bus_0152-l,,,,,,,385,277,[],0.9574683544303797,0.9184069936862554,0.9707392197125256,0.9445554445554446,0.9983008575204444,0.9714281510379446,3.0,1.6393671940042547,-0.026973026973026972,96.6625870205462,breast lesion,0.7578125
bus_0152-r,,,,,,,385,276,[],0.9708236247593962,0.9433015060537454,0.9498463673307562,0.9927483683828862,0.9947622843065203,0.9937553263447032,3.1622776601683795,1.3179742169830007,0.04516730550088056,95.56599310599267,breast lesion,0.91015625
bus_0153-l,,,,,,,332,274,[],0.771510267741097,0.6280152348709268,0.6355460385438972,0.9814814814814815,0.9904869433017349,0.9859842123916083,9.486832980505138,4.392476401188572,0.5443121693121693,94.16635218076408,breast lesion,0.5625
bus_0153-r,,,,,,,332,277,[],0.8875530410183875,0.7978385251112524,0.8197256694970607,0.9676175790285274,0.996955893544509,0.9822867362865182,4.47213595499958,2.015666746829832,0.18041634541249035,94.29813409224153,breast lesion,0.7265625
bus_0154-l,,,,,,,352,275,[],0.7240042298202326,0.567403314917127,0.8512931034482759,0.6298295106095916,0.9898812142542894,0.8098553624319405,38.61406966531622,11.990217347256152,-0.26014963816999875,97.07480692304671,breast lesion,0.71875
bus_0154-r,,,,,,,352,275,[],0.826743254074272,0.7046567232153023,0.7802571860816944,0.8791193181818182,0.980581550802139,0.9298504344919787,23.51579823506593,7.1705643861994615,0.12670454545454546,95.97118198871613,breast lesion,0.7265625
bus_0155-l,,,,,,,383,277,[],0.8627741553052757,0.7586656241855616,0.7595316525879782,0.9984993354199717,0.910919679103035,0.9547095072615033,37.48994475454292,13.474943839198684,0.31462504823564724,93.986377120018,breast lesion,0.84375
bus_0155-r,,,,,,,383,275,[],0.8037294506176218,0.6718626075285218,0.6719855992189407,0.9997276564840452,0.870927077580618,0.9353273670323317,49.242257478560006,17.41485453559766,0.48772184648903816,95.03311081789434,breast lesion,0.9296875
bus_0156-l,,,,,,,383,275,[],0.9677264162290021,0.9374708715240019,0.9691640568537702,0.966293034427542,0.9958636290192276,0.9810783317233849,4.0,1.6529071156020356,-0.0029623698959167334,94.48249894194305,breast lesion,0.90234375
bus_0156-r,,,,,,,383,276,[],0.9419025796437283,0.8901851205029689,0.907233376050121,0.9793267752843529,0.9859432985242081,0.9826350369042804,8.06225774829855,3.078246328906301,0.07946510913003381,95.29301011934876,breast lesion,0.83203125
bus_0157-l,,,,,,,370,275,[],0.6523925385239254,0.4841116995666827,0.4970955382523792,0.9488086812927577,0.9582713745115936,0.9535400279021757,83.3512749341801,18.11428117643923,0.9087048832271762,94.15924898348749,breast lesion,0.6796875
bus_0157-r,,,,,,,370,276,[],0.895332099527041,0.8104988830975428,0.8632038065027756,0.9299444681759932,0.9965423586125337,0.9632434133942634,7.0710678118654755,2.408893547512228,0.0773173857325929,96.43911197781563,breast lesion,0.76953125
bus_0158-l,,,,,,,370,275,[],0.9124087591240876,0.8389261744966443,0.855188141391106,0.9778357235984355,0.9935147832303528,0.9856752534143942,8.94427190999916,2.725391514067949,0.14341590612777053,96.32785897701979,breast lesion,0.78515625
bus_0158-r,,,,,,,370,275,[],0.8419471684777807,0.7270369240158682,0.7325134511913912,0.9898213543830494,0.9820500123793018,0.9859356833811757,31.197699808063522,6.198396628892559,0.3512671375155796,98.2884441036731,breast lesion,0.6875
bus_0159-l,,,,,,,370,275,[],0.9236994593894662,0.8582170356111646,0.8808965176586812,0.9708744470908472,0.9778415943943484,0.9743580207425978,15.264337522473747,4.546901822423376,0.10214358625382783,96.71375784091651,breast lesion,0.67578125
bus_0159-r,,,,,,,370,275,[],0.8626854779858915,0.7585284996257085,0.759340541697891,0.9985921441644375,0.9762485868543113,0.9874203655093744,17.84897500645207,6.52052015263248,0.31507813599887374,97.74132212623954,breast lesion,0.80859375
bus_0160-l,,,,,,,383,278,[],0.9636307118433323,0.9298140371925615,0.9474327628361858,0.9803921568627451,0.9916093013171445,0.9860007290899448,5.0,2.0210122097771688,0.03478810879190386,95.91602883301675,breast lesion,0.87109375
bus_0160-r,,,,,,,383,275,[],0.8675927724888285,0.7661490949643991,0.9350853313789133,0.8091872791519434,0.9934244018326829,0.9013058404923131,30.207940978544862,7.1846474798401,-0.13463803569810637,96.33562015369534,breast lesion,0.8046875
bus_0161-l,,,,,,,371,275,[],0.8791593695271454,0.784375,0.8076510547014658,0.9645602049530316,0.994602891164993,0.9795815480590123,8.365328248868199,3.141273746532106,0.1942783945345858,95.50966997630894,breast lesion,0.83203125
bus_0161-r,,,,,,,371,276,[],0.821505376344086,0.6970802919708029,0.7080125463358996,0.9783293932230103,0.9897454385227022,0.9840374158728562,13.0,5.019251334587922,0.3817966903073286,94.20910105109215,breast lesion,0.77734375
bus_0162-l,,,,,,,364,280,[],0.958546410307688,0.9203928238327755,0.9637502154305739,0.9533984996590135,0.9925169583985579,0.9729577290287856,9.348206462151097,2.6405936884281833,-0.01074107751761764,94.97172897681594,breast lesion,0.8984375
bus_0162-r,,,,,,,364,279,[],0.9654764390617387,0.9332570813429321,0.947925920863801,0.9836891000638253,0.9912869475730376,0.9874880238184314,6.324555320336759,2.1029197831598823,0.03772782072193461,95.28248501010239,breast lesion,0.9296875
bus_0163-l,,,,,,,364,279,[],0.9562790697674418,0.9162210338680927,0.9929169349645847,0.9222488038277512,0.9991430352134621,0.9606959195206066,5.0,1.9886106413414861,-0.07117224880382775,95.52339999936521,breast lesion,0.921875
bus_0163-r,,,,,,,364,281,[],0.9653886319558407,0.9330930064888248,0.94563787812363,0.985982020417492,0.9961137054564829,0.9910478629369874,3.0,1.3545614362451845,0.04266341612067652,94.1481189802289,breast lesion,0.91796875
bus_0164-l,,,,,,,351,275,[],0.9416628942206127,0.8897570434584237,0.9564124570868072,0.9273613505320097,0.9773851365320695,0.9523732435320396,19.93988707613701,6.154641289356339,-0.030375081733341257,95.59949184767902,breast lesion,0.8671875
bus_0164-r,,,,,,,351,276,[],0.9707894600789287,0.9432369980911557,0.9922846573894663,0.9502057890830579,0.9967427194574173,0.9734742542702376,7.0,2.5550998976983332,-0.042406045476013766,96.7154880054295,breast lesion,0.94140625
bus_0165-l,,,,,,,389,249,[],0.44636570257141583,0.2873042280993632,0.9020172910662824,0.29655948362645823,0.9931977892815165,0.6448786364539874,105.78253233062932,30.916873131388762,-0.671226387161722,97.3501920234412,breast lesion,0.609375
bus_0165-r,,,,,,,389,248,[],0.8758559517473834,0.7791314228001515,0.9831926079337263,0.7896487748704497,0.9973899382738957,0.8935193565721726,23.637591643624535,7.320252962139582,-0.19685240867506879,95.64198297448456,breast lesion,0.65625
bus_0166-l,,,,,,,352,273,[],0.950401167031364,0.9054899235580264,0.933476614471395,0.9679507587817043,0.9925005480368743,0.9802256534092892,6.708203932499369,2.095023572350072,0.03693091372174467,97.09748695604503,breast lesion,0.8203125
bus_0166-r,,,,,,,352,276,[],0.9261159569009748,0.8623984710941233,0.9747974797479748,0.8820654829776836,0.9984617582103655,0.9402636205940246,11.25369262381614,2.7079992448198005,-0.09512949991855352,95.29033582657576,breast lesion,0.859375
bus_0167-l,,,,,,,385,274,[],0.9751715287032924,0.9515460938252577,0.9690013733568766,0.9814207650273225,0.9966884988210637,0.9890546319241931,2.23606797749979,1.0962698578143595,0.012816691505216096,94.10290792584419,breast lesion,0.87890625
bus_0167-r,,,,,,,385,275,[],0.9192030031764367,0.8504862669659079,0.859673760397537,0.9875899726979399,0.9867200997781572,0.9871550362380486,9.433981132056603,3.4787340881259983,0.14879622735170017,94.9361571110785,breast lesion,0.80859375
bus_0168-l,,,,,,,370,276,[],0.7582631237848347,0.6106471816283925,0.6199660873251378,0.975975975975976,0.9819113626504444,0.9789436693132102,44.64750630829035,9.679581335705224,0.574240907574241,97.41851384751499,breast lesion,0.73046875
bus_0168-r,,,,,,,370,276,[],0.0,0.0,0.0,0.0,0.9735105343234556,0.4867552671617278,126.0009920478705,77.37749258218065,-0.08492864601461887,95.53326107561588,breast lesion,0.6953125
bus_0169-l,,,,,,,315,277,[],0.934005161607472,0.8761816924141111,0.9039010466222646,0.966183574879227,0.9951513405823192,0.9806674577307731,4.123105625617661,1.5048958020247432,0.06890414441901856,96.71197785064578,breast lesion,0.671875
bus_0169-r,,,,,,,315,275,[],0.9380151665018134,0.8832660664389941,0.9572678331090175,0.9195216548157724,0.9984796063736816,0.959000630594727,3.0,1.2998732905942783,-0.0394311570782159,95.3620970249176,breast lesion,0.8046875
bus_0170-l,,,,,,,352,274,[],0.0,0.0,0.0,0.0,0.949386915407184,0.474693457703592,150.07890799922896,76.83944900553689,-0.6026429292465816,94.3715451285243,breast lesion,0.7890625
bus_0170-r,,,,,,,352,277,[],0.8512545846189672,0.7410297993107643,0.9748,0.7555027384519996,0.997848042173819,0.8766753903129092,25.971132478620756,7.193899789300202,-0.22496641521132582,95.0015289708972,breast lesion,0.859375
bus_0171-l,,,,,,,308,281,[],0.8215864154454524,0.6971969996052112,0.9687328579264948,0.7132471728594507,0.9993220097059663,0.8562845912827085,12.041594578792296,4.037467640641924,-0.2637318255250404,95.74618609622121,breast lesion,0.65234375
bus_0171-r,,,,,,,308,279,[],0.8968411751711951,0.8129755706848217,0.9955860716037274,0.8159163987138264,0.9998921432337855,0.9079042709738059,6.082762530298219,2.356659334455984,-0.1804662379421222,95.91033915057778,breast lesion,0.67578125
bus_0172-l,,,,,,,351,275,[],0.9431206764027671,0.8923636363636364,0.9080241040279099,0.9810394060536836,0.9900877292924689,0.9855635676730763,8.246211251235321,2.6099517433960537,0.08041119360365505,94.62722088210285,breast lesion,0.8828125
bus_0172-r,,,,,,,351,276,[],0.9173087862646739,0.8472487581199847,0.8714748943696571,0.9682314410480349,0.9850882393177983,0.9766598401829166,16.278820596099706,4.023479589872096,0.11102620087336244,95.93509999103844,breast lesion,0.8828125
bus_0173-l,,,,,,,384,278,[],0.85125145895474,0.7410250620907655,0.9839112621165185,0.7501142770074661,0.9982803921987482,0.8741973346031071,32.28002478313795,7.312376677500451,-0.2376199908578394,94.71419197507203,breast lesion,0.82421875
bus_0173-r,,,,,,,384,277,[],0.5257443233228489,0.3566167874678513,0.8735681557846506,0.3760246533127889,0.9902044529247973,0.6831145531187931,108.82618021868097,30.8814751371676,-0.5695531587057011,95.253333915025,breast lesion,0.6796875
bus_0174-l,,,,,,,370,274,[],0.708995725469478,0.5491815476190476,0.5501229783110979,0.9968935710426796,0.9357708351068358,0.9663322030747576,50.54156594073947,15.667090067078577,0.8121285791464073,96.04104282334447,breast lesion,0.76171875
bus_0174-r,,,,,,,370,277,[],0.7762507859516752,0.6343217850851439,0.6821913482791285,0.9003959158157949,0.9566593463376825,0.9285276310767387,61.39991854106742,13.098161349019424,0.31985830381329444,95.86499817669392,breast lesion,0.828125
bus_0175-l,,,,,,,350,275,[],0.9146144529672992,0.842663195090199,0.9921173636960806,0.8483430069275416,0.9996039996039996,0.9239735032657705,8.0,2.7508066958598896,-0.14491668226923798,96.46303206682205,breast lesion,0.62109375
bus_0175-r,,,,,,,350,276,[],0.9162248144220573,0.8454011741682974,0.9618703033676593,0.8747152619589977,0.9985213008235383,0.936618281391268,6.324555320336759,2.3626288902288186,-0.0906099721589471,97.34462201595306,breast lesion,0.7109375
bus_0176-l,,,,,,,354,277,[],0.9384885764499121,0.8841059602649006,0.9196326061997704,0.9581339712918661,0.9992799983542819,0.978706984823074,2.0,0.916673848455539,0.041866028708133975,96.59620490856469,breast lesion,0.765625
bus_0176-r,,,,,,,354,276,[],0.9193976970770593,0.8508196721311475,0.9326145552560647,0.9065502183406113,0.9992232728176556,0.9528867455791334,3.0,1.1984082129489846,-0.02794759825327511,98.06724917143583,breast lesion,0.65234375
bus_0177-l,,,,,,,351,275,[],0.5364979294146733,0.3665850156263198,0.9629465276236965,0.3718300205620288,0.9980318904458299,0.6849309555039294,105.76554150222613,27.308122980708742,-0.6138622344071282,95.95200000330806,breast lesion,0.8046875
bus_0177-r,,,,,,,351,275,[],0.9133981596293154,0.8406006006006006,0.9806614349775785,0.854769756931721,0.9984378183794064,0.9266037876555637,13.005760721560794,3.256030500599432,-0.12837425186270918,96.42764111049473,breast lesion,0.66796875
bus_0178-l,,,,,,,384,274,[],0.8586656864546959,0.7523349436392914,0.7755644090305445,0.9617126389460683,0.9934232928288597,0.977567965887464,9.0,3.6639306903425926,0.24001646768217375,95.12776113115251,breast lesion,0.71484375
bus_0178-r,,,,,,,384,275,[],0.8674463937621832,0.76592082616179,0.7939339875111507,0.9559613319011815,0.9955464728450519,0.9757539023731168,6.324555320336759,3.0940033118372012,0.20408163265306123,95.1247219927609,breast lesion,0.7421875
bus_0179-l,,,,,,,384,274,[],0.9143561306223044,0.8422247446083996,0.9512820512820512,0.8801897983392646,0.9996359211673517,0.9399128597533082,3.6252737116907827,1.2112113088918597,-0.07473309608540925,95.19283287227154,breast lesion,0.68359375
bus_0179-r,,,,,,,384,275,[],0.9249049429657795,0.8603006189213086,0.9000925069380203,0.9511241446725318,0.9989672681373534,0.9750457064049426,2.8284271247461903,1.1906530121569403,0.056695992179863146,96.81268013082445,breast lesion,0.81640625
bus_0180-l,,,,,,,371,274,[],0.9597579602866878,0.9226294685717513,0.9812012012012012,0.9392319190525469,0.9962853073819131,0.96775861321723,6.4031242374328485,2.6111618810750263,-0.04277337012763022,95.73449613526464,breast lesion,0.94921875
bus_0180-r,,,,,,,371,275,[],0.9663729545045855,0.9349338900487126,0.9548685145700071,0.9781579905351292,0.9910921992448243,0.9846250948899767,5.0,2.158751937643783,0.024390243902439025,94.45913694798946,breast lesion,0.93359375
bus_0181-s,,,,,,,383,404,[],0.974247558301774,0.9497881932299561,0.9946480535601636,0.9546670833414715,0.9974597471337641,0.9760634152376177,7.330459371767981,2.6212061591056846,-0.04019609758003086,95.04306991584599,breast lesion,0.9375
bus_0182-l,,,,,,,352,275,[],0.9432415387849485,0.8925800676347723,0.9129196337741607,0.9756468797564688,0.9902285335951234,0.982937706675796,7.810249675906654,2.513715819438145,0.06871058925853446,94.16192909702659,breast lesion,0.84375
bus_0182-r,,,,,,,352,276,[],0.9696484770896677,0.9410851107889833,0.9685635123614663,0.970735875253658,0.9966396701181242,0.983687772685891,4.0,1.4039317440846688,0.002242870874719641,96.16397507488728,breast lesion,0.88671875
bus_0183-l,,,,,,,351,275,[],0.9365560862269265,0.8806821630151119,0.943559399180701,0.929655967710936,0.9892728261406891,0.9594643969258125,13.11285686831969,3.8632997196182717,-0.0147350887308604,95.73318506591022,breast lesion,0.84765625
bus_0183-r,,,,,,,351,275,[],0.9420675300647549,0.8904798338616242,0.918800045111086,0.9665440740301341,0.9918270977115874,0.9791855858708607,10.295630140987,2.665193330125252,0.05196345948511093,96.85445111244917,breast lesion,0.88671875
bus_0184-l,,,,,,,350,276,[],0.8789727126805779,0.784077892325315,0.8015222482435597,0.9729921819474058,0.996438813778324,0.9847154978628649,5.0990195135927845,2.044535745728152,0.21393034825870647,96.88574215397239,breast lesion,0.5234375
bus_0184-r,,,,,,,350,275,[],0.07576017866345988,0.039371484688867066,0.04452296819787986,0.2538860103626943,0.8998656269507899,0.5768758186567421,98.90496246362525,33.06194589174691,4.702360391479562,96.84000094421208,breast lesion,0.59765625
bus_0185-l,,,,,,,369,275,[],0.7379360303131617,0.5847057265221423,0.9479599141016464,0.6040963415746738,0.9908614382864254,0.7974788899305496,63.32081586272758,18.867883611514607,-0.3627406258553052,96.66683711111546,breast lesion,0.73046875
bus_0185-r,,,,,,,369,276,[],0.9201690321987965,0.8521417329533371,0.8977771802455857,0.9437064254757866,0.971705368661308,0.9577058970685473,21.93171219946131,6.665275193092731,0.05115884680610514,97.20548009499907,breast lesion,0.81640625
bus_0186-l,,,,,,,332,273,[],0.9510604547323894,0.9066875770135544,0.936047183994449,0.9665631717219967,0.9932775765237899,0.9799203741228932,5.385164807134504,2.0103229510787055,0.03260090757105326,96.92148282192647,breast lesion,0.84375
bus_0186-r,,,,,,,332,277,[],0.9312207418077062,0.8712938005390836,0.8945001729505362,0.971085242208036,0.9929592095847087,0.9820222258963724,5.385164807134504,2.3557420136999605,0.08561772437101015,96.91812307573855,breast lesion,0.859375
bus_0187-l,,,,,,,382,278,[],0.8906385900663768,0.8028389865478254,0.89198606271777,0.8892951823749886,0.9876334547592303,0.9384643185671094,21.452116181391116,5.881058532237378,-0.0030167291342901546,95.53911094553769,breast lesion,0.76171875
bus_0187-r,,,,,,,382,276,[],0.9588144581938541,0.9208872191315657,0.9378955114054451,0.9806878510425483,0.9908692594796343,0.9857785552610914,10.138773664759684,2.412614835640315,0.045625913672385936,94.2988630849868,breast lesion,0.83203125
bus_0188-l,,,,,,,351,274,[],0.9079946210905305,0.831492810042107,0.9686256362795003,0.8545068582625734,0.9959607273073898,0.9252337927849816,19.1049731745428,4.724480704221157,-0.11781515349444807,95.12374200858176,breast lesion,0.85546875
bus_0188-r,,,,,,,351,276,[],0.945054945054945,0.8958333333333334,0.941733135054752,0.9484002722940776,0.9951860249522512,0.9717931486231643,5.830951894845301,2.2852284221218393,0.007079646017699115,94.78387306444347,breast lesion,0.87109375
bus_0189-l,,,,,,,332,275,[],0.8621724890829694,0.7577356680259055,0.9183139534883721,0.8125,0.9967853383974741,0.904642669198737,14.484311706373234,4.432904318789296,-0.11522633744855967,95.55074200034142,breast lesion,0.734375
bus_0189-r,,,,,,,332,275,[],0.9350134503751947,0.8779579898963041,0.9483055715106261,0.9220888020106116,0.9979479930231763,0.9600183975168939,4.158966144068143,1.7249398886761753,-0.02764590896397654,94.3234630394727,breast lesion,0.83203125
bus_0190-l,,,,,,,369,274,[],0.9236111111111112,0.8580645161290322,0.9021317829457365,0.9461382113821138,0.9989912306985478,0.9725647210403308,2.8284271247461903,1.1649720027955075,0.04878048780487805,95.23677383549511,breast lesion,0.73046875
bus_0190-r,,,,,,,369,276,[],0.530279259491685,0.36080273270708796,0.37290379523389233,0.9174809989142236,0.9859199587804564,0.95170047884734,33.51107172396608,10.19881120531606,1.4603691639522258,95.82642698660493,breast lesion,0.54296875
bus_0191-l,,,,,,,296,277,[],0.9255429162357808,0.861405197305101,0.9284232365145229,0.9226804123711341,0.9955277280858676,0.9591040702285009,6.324555320336759,2.128726197552276,-0.006185567010309278,95.66840389743447,breast lesion,0.8203125
bus_0191-r,,,,,,,296,276,[],0.9127123608670181,0.8394396551724138,0.8515987974856518,0.983275481224361,0.993085180893196,0.9881803310587784,11.045361017187261,2.603925482766466,0.15462290943515306,94.05916696414351,breast lesion,0.890625
bus_0192-l,,,,,,,384,273,[],0.8555133079847909,0.7475083056478405,0.7632868450810403,0.9730898606439212,0.993888137341729,0.983488998992825,18.245392862520298,3.7925336229290143,0.2748678519942335,95.09205096401274,breast lesion,0.7578125
bus_0192-r,,,,,,,384,277,[],0.0,0.0,0.0,0.0,0.9868825598766324,0.4934412799383162,100.88102479404733,65.53408168569278,-0.4791427477994642,94.89551698789,breast lesion,0.84375
bus_0193-l,,,,,,,369,274,[],0.8648592500259686,0.761896046852123,0.9613208636416118,0.785990748607571,0.9962988741948671,0.891144811401219,30.567071417046872,7.861700784335356,-0.18238459359954687,95.64461302943528,breast lesion,0.85546875
bus_0193-r,,,,,,,369,274,[],0.8963220182836086,0.8121227687170925,0.8920863309352518,0.900598120193677,0.9824263168776275,0.9415122185356523,18.365724718735144,5.890236026567701,0.009541441184847621,94.27950205281377,breast lesion,0.61328125
bus_0194-l,,,,,,,314,276,[],0.9158129807521889,0.8447001896292421,0.8775815217391304,0.9575272403824772,0.9753734300903338,0.9664503352364056,18.994733192202055,4.8451445964781135,0.09109776888295901,95.9477808792144,breast lesion,0.8125
bus_0194-r,,,,,,,314,278,[],0.947317388493859,0.8999078906969604,0.9345704993303998,0.9604168031981126,0.9857565282578818,0.9730866657279973,9.219544457292887,3.1238071515299355,0.0276558096860869,94.23286188393831,breast lesion,0.8046875
bus_0195-l,,,,,,,383,274,[],0.7506650544135429,0.6008517228029423,0.8914417001723147,0.6482873851294904,0.9920726464358367,0.8201800157826635,27.65863337187866,11.351715490804681,-0.272765246449457,95.4722089227289,breast lesion,0.72265625
bus_0195-r,,,,,,,383,276,[],0.9592654097880239,0.9217195419560729,0.9409735530854734,0.9782825263996812,0.9935611999581896,0.9859218631789354,5.0,2.057220538500089,0.039649332536361825,96.2430180516094,breast lesion,0.85546875
bus_0196-l,,,,,,,351,275,[],0.913866716168554,0.8413946333960007,0.9447322970639033,0.8849541614236922,0.9968338427035466,0.9408940020636194,10.22998911940792,3.087808555437267,-0.06327521121696926,95.728465821594,breast lesion,0.7421875
bus_0196-r,,,,,,,351,276,[],0.88447331550121,0.79287508563599,0.894154004635591,0.875,0.9955762689972877,0.9352881344986439,10.770329614269007,3.5138396206262783,-0.021421370967741934,96.51672397740185,breast lesion,0.7890625
bus_0197-l,,,,,,,344,281,[],0.9259154929577464,0.8620508785733019,0.9060088202866593,0.9467165898617511,0.9963408876298395,0.9715287387457954,6.464140176446149,2.0190118979502696,0.044930875576036866,97.12235699407756,breast lesion,0.80859375
bus_0197-r,,,,,,,344,279,[],0.916375777811504,0.8456582633053221,0.9704275152684024,0.8680276020701553,0.9990053839001924,0.9335164929851738,7.042640687119283,2.1437894107411593,-0.10552041403105233,97.30251203291118,breast lesion,0.671875
bus_0198-l,,,,,,,351,274,[],0.8062577704102777,0.6754035757680958,0.6798881705399266,0.9903283278187834,0.9801398449780476,0.9852340863984155,20.12461179749811,5.807307499112653,0.456604734029015,97.93861606158316,breast lesion,0.703125
bus_0198-r,,,,,,,351,276,[],0.9190233620235376,0.8501787455313617,0.8861788617886179,0.9543962057643196,0.9964306580974133,0.9754134319308665,4.188849909443548,2.119093428504385,0.07697920466982854,96.1127639748156,breast lesion,0.7109375
bus_0199-l,,,,,,,333,275,[],0.6093150178067619,0.4381402155115072,0.45153550863723607,0.9365846722593488,0.9053606491448037,0.9209726607020763,69.76509480470155,19.922020222964637,1.0742215270865918,96.09694289974868,breast lesion,0.76953125
bus_0199-r,,,,,,,333,276,[],0.4518037709188855,0.2918259083908505,0.29563709910430513,0.9576937476600524,0.8591941408867223,0.9084439442733874,94.57971535165348,30.728763388628305,2.239423436915013,95.21322301588953,breast lesion,0.80078125
bus_0200-s,,,,,,,382,402,[],0.9007633587786259,0.8194444444444444,0.9804800844104458,0.8330345136709996,0.9971810382921663,0.9151077759815829,31.59582584333862,7.152651734540023,-0.15038099506947558,95.84130789153278,breast lesion,0.8671875
bus_0201-s,,,,,,,365,439,[],0.9578813917453163,0.9191673425250068,0.9797212116846162,0.9369940404423163,0.9889799074155632,0.9629869739289397,34.53580042021784,7.893282123618464,-0.043611560852940164,96.7947500757873,breast lesion,0.875
bus_0202-l,,,,,,,332,275,[],0.7722043258168431,0.6289355322338831,0.7209968490403895,0.8312417437252312,0.9889659235091536,0.9101038336171924,16.263390086149442,5.826641275529222,0.15290620871862615,96.41909110359848,breast lesion,0.625
bus_0202-r,,,,,,,332,275,[],0.9299379865417601,0.8690505548705302,0.9868384206104732,0.8792415169660679,0.9994615772350273,0.9393515471005476,6.082762530298219,1.8116133340444676,-0.1090319361277445,98.59921992756426,breast lesion,0.640625
bus_0203-l,,,,,,,345,282,[],0.0,0.0,0.0,0.0,0.9893870800156914,0.4946935400078457,141.18381638992815,81.22337108832198,-0.6630764052507573,97.11339697241783,breast lesion,0.7734375
bus_0203-r,,,,,,,345,278,[],0.6632456703014753,0.4961612284069098,0.5129695251594614,0.9380508035251426,0.9626732716290792,0.9503620375771109,33.29939896221738,12.092384345887409,0.8286677034733022,99.04734091833234,breast lesion,0.62890625
bus_0204-l,,,,,,,346,281,[],0.8938388625592417,0.8080548414738646,0.960285132382892,0.8359929078014184,0.9978708536239164,0.9169318807126674,12.007376761019566,2.8332563436187073,-0.12943262411347517,95.14953219331801,breast lesion,0.74609375
bus_0204-r,,,,,,,346,280,[],0.0,0.0,0.0,0.0,0.9761747259063256,0.4880873629531628,142.80189320662075,65.73987342257968,-0.5292479108635098,96.51277284137905,breast lesion,0.484375
bus_0205-l,,,,,,,344,282,[],0.8937510939961492,0.8079113924050633,0.8446650124069479,0.9488942575729419,0.9897519290165563,0.9693230932947491,11.180339887498949,3.722936502570642,0.12339713807842409,95.7466249819845,breast lesion,0.7109375
bus_0205-r,,,,,,,344,279,[],0.9181147345870031,0.8486248624862486,0.8622848200312989,0.9816747263934843,0.9933077666844112,0.9874912465389478,5.0,2.6215402651939637,0.13845762280478494,96.15416615270078,breast lesion,0.76171875
bus_0206-l,,,,,,,351,274,[],0.0,0.0,0.0,0.0,0.9350542378087088,0.4675271189043544,165.20735075195591,75.06147199536377,-0.8104705642697086,97.84345305524766,breast lesion,0.5234375
bus_0206-r,,,,,,,351,276,[],0.0,0.0,0.0,0.0,0.9534096001265255,0.47670480006326277,154.85832115188714,79.77346977706277,-0.8316826968860108,96.75393905490637,breast lesion,0.640625
bus_0207-l,,,,,,,370,277,[],0.9541504345220257,0.9123209169054441,0.9765672923567661,0.9327396297164284,0.9955280841001147,0.9641338569082716,13.0,2.5649415786034844,-0.04487930630419498,96.0268029011786,breast lesion,0.82421875
bus_0207-r,,,,,,,370,276,[],0.9319282450037515,0.8725333673925538,0.9137296863505651,0.950866448604635,0.9852993128283438,0.9680828807164894,13.601470508735444,3.8416790231605966,0.04064305101259656,97.1757979132235,breast lesion,0.84375
bus_0208-l,,,,,,,333,277,[],0.5113963266209338,0.34354095436301474,0.3494103416994255,0.9533828382838284,0.9520914748878275,0.952737156585828,38.897300677553446,18.83508256954162,1.7285478547854785,96.06243297457695,breast lesion,0.73046875
bus_0208-r,,,,,,,333,275,[],0.7547391049443033,0.6060891399874451,0.6104963642111919,0.9882292732855681,0.986253221901117,0.9872412475933425,13.92838827718412,6.2078478286700935,0.6187308085977482,96.77236014977098,breast lesion,0.71875
bus_0209-l,,,,,,,349,274,[],0.9317970637427987,0.872303409881698,0.9005028735632183,0.9653446284174046,0.9970224338647089,0.9811835311410568,5.3221534079526105,1.6301811922223255,0.07200616095494802,96.38439095579088,breast lesion,0.80859375
bus_0209-r,,,,,,,349,274,[],0.6753522999202339,0.5098354074668807,0.5237113402061856,0.9505988023952096,0.9751489984293307,0.9628739004122702,28.1664681549511,11.213822014143803,0.8151197604790419,95.82519810646772,breast lesion,0.68359375
bus_0210-l,,,,,,,313,277,[],0.8931005110732538,0.8068487879953828,0.9872881355932204,0.8153188180404355,0.9996790642941198,0.9074989411672776,5.0,2.1798692584254273,-0.17418351477449456,96.4108610060066,breast lesion,0.73828125
bus_0210-r,,,,,,,313,274,[],0.869969887763482,0.7698643410852714,0.9778461538461538,0.7835305719921104,0.9995700671173,0.8915503195547052,6.708203932499369,2.572457894669259,-0.1987179487179487,96.74762887880206,breast lesion,0.72265625
bus_0211-l,,,,,,,385,273,[],0.6337842088707141,0.4638975870326027,0.5451888732546812,0.7567608173076923,0.9573180022143445,0.8570394097610183,74.77264412407577,20.0333217423036,0.38807091346153844,96.7979789711535,breast lesion,0.6015625
bus_0211-r,,,,,,,385,275,[],0.9283957011524019,0.8663605606573224,0.8713087860007291,0.9934875987252321,0.989265949036064,0.991376773880648,16.290537878752883,3.07981964571532,0.1402244700013856,96.6052149888128,breast lesion,0.875
bus_0212-l,,,,,,,367,277,[],0.9073631737459757,0.830434369356525,0.9571647677475899,0.8624876604146101,0.9957281298823324,0.9291078951484713,16.263390086149442,3.984552179280031,-0.09891411648568608,96.00429190322757,breast lesion,0.85546875
bus_0212-r,,,,,,,367,276,[],0.8559567738534528,0.7481856928925239,0.7691852202747513,0.964795008912656,0.9793887478849408,0.9720918783987984,34.86541454942702,6.529926890644341,0.25430778371954843,96.2700080126524,breast lesion,0.83984375
bus_0213-l,,,,,,,368,273,[],0.8208840289542584,0.6961859979101358,0.7188132164531356,0.9567402620714414,0.978027884037811,0.9673840730546261,22.135943621178654,6.914934961859573,0.3309998204990127,97.22529910504818,breast lesion,0.74609375
bus_0213-r,,,,,,,368,275,[],0.4815091373550796,0.31709715823800405,0.31737643767485235,0.9972326224971513,0.8613884300998348,0.9293105262984931,103.76391231972468,40.84164384681318,2.142112974116881,96.02637309581041,breast lesion,0.8046875
bus_0214-l,,,,,,,381,273,[],0.8757677828412919,0.7789918928445541,0.7827164866300691,0.9939284911176074,0.9876765160797862,0.9908025035986968,12.990312423743271,4.068458066373621,0.26984483921744995,96.66774701327085,breast lesion,0.859375
bus_0214-r,,,,,,,381,275,[],0.9087116564417178,0.832696199685181,0.8536191793453204,0.9714060860440713,0.9937105672375028,0.9825583266407871,8.95820393249937,2.9559976755083834,0.1379853095487933,96.45414189435542,breast lesion,0.6875
bus_0215-l,,,,,,,371,273,[],0.9130336977549827,0.8399834437086092,0.9967583497053045,0.8422843861542293,0.9996301940920704,0.9209572901231499,12.0,4.535848226518386,-0.15497634265792312,95.83051688969135,breast lesion,0.8828125
bus_0215-r,,,,,,,371,275,[],0.9342760878849713,0.8766586517054057,0.9427312775330396,0.9259712162543505,0.9934569008906493,0.9597140585724999,8.517578678331995,2.975423766001946,-0.01777819584234785,96.95077314972878,breast lesion,0.74609375
bus_0216-l,,,,,,,367,273,[],0.8978219558544073,0.8145888594164457,0.848342541436464,0.9534306116113008,0.9943384551923276,0.9738845334018142,11.313708498984761,2.978255804529893,0.12387457311393978,96.63955611176789,breast lesion,0.63671875
bus_0216-r,,,,,,,367,276,[],0.9448689314682026,0.8954991087344029,0.9098935929363822,0.982640586797066,0.995905434044567,0.9892730104208165,5.898571136907177,1.6633325416610505,0.07995110024449878,95.80123703926802,breast lesion,0.7578125
bus_0217-l,,,,,,,382,278,[],0.9133609808871258,0.8405376254874305,1.0,0.8405376254874305,1.0,0.9202688127437153,15.658677141619012,6.516769417161949,-0.15946237451256948,96.6312859673053,breast lesion,0.8984375
bus_0217-r,,,,,,,382,274,[],0.9475171868637268,0.9002685602439802,0.9311676082862523,0.9644511630175062,0.9826285334062095,0.9735398482118578,21.29538088101419,4.1141020361994425,0.03574389232944848,97.05745591782033,breast lesion,0.78515625
bus_0218-l,,,,,,,344,281,[],0.6874633000587199,0.5237669164522984,0.5739673979654369,0.856907593778591,0.9189119835771106,0.8879097886778509,55.546375969831836,15.851105859168575,0.4929551692589204,98.95835909992456,breast lesion,0.6796875
bus_0218-r,,,,,,,344,278,[],0.858574356638579,0.75219473264166,0.9425,0.7883730656629026,0.9946553887623739,0.8915142272126382,21.88036890364976,6.613518307324009,-0.16352990380593893,96.65218601003289,breast lesion,0.490234375
bus_0219-l,,,,,,,344,280,[],0.3498095326581808,0.2119813073588199,0.3772167117523294,0.32611520138588135,0.92667649660867,0.6263958489972756,78.84795495128583,26.94322785607277,-0.13546990038977913,101.21223982423544,breast lesion,0.51171875
bus_0219-r,,,,,,,344,278,[],0.8745551045894474,0.777075011096316,0.9612243497357765,0.8022223495045535,0.9927724406124877,0.8974973950585206,33.832668979151705,10.931547968144756,-0.1654161177616129,99.2026450112462,breast lesion,0.80859375
bus_0220-l,,,,,,,349,274,[],0.9706860493022937,0.9430417693691293,0.9522400107628145,0.9898608488916859,0.9912695972948048,0.9905652230932454,5.385164807134504,1.7017263106593616,0.03950772673239634,96.14606504328549,breast lesion,0.91796875
bus_0220-r,,,,,,,349,276,[],0.9596293394201615,0.9223917741829851,0.9442209707696433,0.9755489367597147,0.9898396570884267,0.9826942969240706,6.0,2.1531489832955804,0.0331786382212371,96.73285903409123,breast lesion,0.90234375
bus_0221-l,,,,,,,350,275,[],0.9007451564828614,0.81941431670282,0.9917952084017067,0.825006825006825,0.999729983691015,0.91236840434892,5.830951894845301,2.594691667516263,-0.16816816816816818,95.56399192661047,breast lesion,0.9140625
bus_0221-r,,,,,,,350,275,[],0.9241436693939814,0.8589842742974994,0.9002972169683869,0.9492877492877493,0.9960211343541082,0.9726544418209288,7.0710678118654755,2.024409883360916,0.05441595441595442,96.33460897020996,breast lesion,0.8359375
bus_0222-l,,,,,,,350,273,[],0.9249586776859504,0.8603936039360394,0.9019987105093488,0.9491180461329715,0.998384285046133,0.9737511655895522,3.605551275463989,1.489610765358554,0.05223880597014925,97.10283693857491,breast lesion,0.82421875
bus_0222-r,,,,,,,350,276,[],0.9177018633540373,0.8479196556671449,0.8691176470588236,0.9720394736842105,0.9981338589281221,0.9850866663061664,3.2287687024627107,1.466183939761802,0.11842105263157894,96.65501699782908,breast lesion,0.82421875
bus_0223-l,,,,,,,350,274,[],0.9313254576139166,0.8714771622934888,0.9929411764705882,0.8769099132135436,0.9994185980232333,0.9381642556183885,7.280109889280518,2.519201049489793,-0.11685613005745019,99.24815595149994,breast lesion,0.82421875
bus_0223-r,,,,,,,350,277,[],0.935615225730304,0.8790197383011754,0.8987528344671202,0.9756307692307692,0.9899465240641712,0.9827886466474702,9.055385138137417,2.469352964693914,0.08553846153846154,97.16462809592485,breast lesion,0.8828125
bus_0224-l,,,,,,,314,275,[],0.909809390980939,0.8345415778251599,0.8486556808326106,0.9804609218436874,0.9958626739692249,0.9881617979064561,5.0990195135927845,2.128561408335895,0.15531062124248496,97.60544798336923,breast lesion,0.78125
bus_0224-r,,,,,,,314,277,[],0.9316851008458035,0.8721071863580999,0.8935108153078203,0.9732668781150884,0.9969800993264206,0.9851234887207545,3.9013878188659974,1.54071344088403,0.08926144086995923,95.20679293200374,breast lesion,0.78515625
bus_0225-l,,,,,,,315,277,[],0.9122983870967742,0.8387395736793327,0.9914790018259282,0.8448293745462089,0.9990981008580926,0.9219637377021508,12.27166012018141,3.7653249053865623,-0.14790996784565916,97.73558098822832,breast lesion,0.87109375
bus_0225-r,,,,,,,315,276,[],0.9206246981162454,0.8529236276849642,0.9072350327903533,0.9344155136725133,0.9887218528568306,0.9615686832646719,9.219544457292887,3.4072388889209724,0.02995969059810437,98.42497715726495,breast lesion,0.8671875
bus_0226-l,,,,,,,369,274,[],0.9160178896803048,0.8450488997555012,0.9938892882818117,0.8494623655913979,0.9998262664663621,0.92464431602888,5.796132365774708,2.2431768511078527,-0.14531490015360984,95.49549012444913,breast lesion,0.90625
bus_0226-r,,,,,,,369,276,[],0.9264793783622236,0.8630289532293987,0.9918941979522184,0.8691588785046729,0.9998084078693946,0.9344836431870338,4.0,2.023651572772489,-0.12373831775700934,98.03427802398801,breast lesion,0.765625
bus_0227-l,,,,,,,370,275,[],0.7428908049054785,0.5909516912328534,0.9918489918489919,0.5938356164383561,0.9993671588764295,0.7966013876573927,57.25498632057762,12.713993165744021,-0.40128424657534245,99.44125101901591,breast lesion,0.9296875
bus_0227-r,,,,,,,370,275,[],0.8608978145304194,0.7557687321752657,0.9880239520958084,0.7627562145660707,0.9988259400786399,0.8807910773223553,26.849574609788572,7.228423411402218,-0.2279982555604012,100.15793587081134,breast lesion,0.9140625
bus_0228-l,,,,,,,349,274,[],0.5989791035252832,0.42753045656381644,0.4370344506517691,0.9515965534718702,0.9472404013961606,0.9494184774340154,59.75522798949743,13.500246146178243,1.1773948302078054,97.65508002601564,breast lesion,0.74609375
bus_0228-r,,,,,,,349,276,[],0.7056416252557731,0.54516711833785,0.554178145087236,0.9710378117457763,0.9574831421315352,0.9642604769386558,50.80354318352215,12.430538460810924,0.7522123893805309,98.28117303550243,breast lesion,0.8125
bus_0229-l,,,,,,,382,276,[],0.9640043763676149,0.9305100855422959,0.9450820551324681,0.9836998995199285,0.9882995498068968,0.9859997246634127,5.0,2.5247185099047638,0.04086189572401474,96.4590220246464,breast lesion,0.93359375
bus_0229-r,,,,,,,382,277,[],0.8964039189490092,0.8122572509457755,0.815589546191248,0.9949950568462679,0.9593774405890885,0.9771862487176781,35.791016714140554,7.198097327246477,0.21997034107760752,94.32599297724664,breast lesion,0.87109375
bus_0230-l,,,,,,,383,276,[],0.6221062927942614,0.4514907714150497,0.9492537313432836,0.4626576139670223,0.9989959048669081,0.7308267594169653,28.31037731108643,11.032341316127608,-0.5126091173617847,94.83993612229824,breast lesion,0.7890625
bus_0230-r,,,,,,,383,276,[],0.7687888942077549,0.6244167962674961,0.9668874172185431,0.6380611839491458,0.9989073643641854,0.8184842741566656,24.351591323771842,8.212195235021692,-0.34008740564163686,95.39848798885942,breast lesion,0.67578125
bus_0231-l,,,,,,,351,275,[],0.9596464960011686,0.9224234765515305,0.9628462553129122,0.9564679333187741,0.9938759240469633,0.9751719286828687,7.049747468305828,2.2930558708341944,-0.006624444929751765,95.50618007779121,breast lesion,0.87890625
bus_0231-r,,,,,,,351,275,[],0.95554382688482,0.9148721138148177,0.9847698744769875,0.9280025234602949,0.9978293020371165,0.9629159127487057,6.4031242374328485,2.464194424261459,-0.057645296112293985,94.38127395696938,breast lesion,0.921875
bus_0232-l,,,,,,,369,274,[],0.8748217850014257,0.7774961986822099,0.982703395259449,0.7882836587872559,0.9997277127874142,0.8940056857873351,6.143210727807855,2.271170383406867,-0.19784172661870503,95.2142528258264,breast lesion,0.6796875
bus_0232-r,,,,,,,369,276,[],0.6530219118709367,0.48480514837325706,0.4921960072595281,0.9699570815450643,0.9860721183521494,0.9780145999486068,42.615103264931726,10.548826642651347,0.9706723891273248,96.02004196494818,breast lesion,0.6953125
bus_0233-s,,,,,,,383,406,[],0.9219692307692308,0.8552346158237242,0.9209491025325793,0.922991621488418,0.9907658725029799,0.956878746995699,11.260361054390424,3.9719971044948346,0.0022178413011335633,95.5501408316195,breast lesion,0.7109375
bus_0234-l,,,,,,,383,278,[],0.9043824701195219,0.8254545454545454,0.9438669438669439,0.8680688336520076,0.9992278728373291,0.9336483532446683,6.082762530298219,1.939237111081183,-0.08030592734225621,94.28344201296568,breast lesion,0.8359375
bus_0234-r,,,,,,,383,277,[],0.7725975261655567,0.6294573643410852,0.8942731277533039,0.6800670016750419,0.9986193672099712,0.8393431844425066,22.071261158911074,4.802359525446452,-0.23953098827470687,96.2120471522212,breast lesion,0.66015625
bus_0235-l,,,,,,,351,274,[],0.9328440366972477,0.8741403026134801,0.9907756268676108,0.8813128394776378,0.9991887661247015,0.9402508028011697,7.0,2.7844441313498027,-0.11048191378712585,94.56897899508476,breast lesion,0.83984375
bus_0235-r,,,,,,,351,276,[],0.9522058823529411,0.9087719298245615,0.9862424763542562,0.9204402155221827,0.9987294816965957,0.9595848486093892,5.0,2.030662212343546,-0.06672016508082082,98.45254686661065,breast lesion,0.87109375
bus_0236-l,,,,,,,382,277,[],0.0,0.0,0.0,0.0,0.9837616423660214,0.4918808211830107,139.83418602961856,119.33489285053966,-0.4922232387923147,96.69323707930744,breast lesion,0.57421875
bus_0236-r,,,,,,,382,276,[],0.0,0.0,0.0,0.0,0.9907585225334126,0.4953792612667063,164.0295703799404,113.11130801594543,-0.6674850929498422,96.32951905950904,breast lesion,0.88671875
bus_0237-l,,,,,,,351,275,[],0.9499474973748687,0.9046666666666666,0.9221882432891607,0.9794298087333093,0.9975574375493312,0.9884936231413203,3.0,1.3205069436535704,0.06207145434861061,97.15170902200043,breast lesion,0.84375
bus_0237-r,,,,,,,351,276,[],0.8851890391952827,0.7940261356565028,0.8192616372391653,0.9626556016597511,0.9940249403024675,0.9783402709811093,9.486832980505138,3.0670621087639387,0.17502829121086383,96.65483608841896,breast lesion,0.7421875
bus_0238-l,,,,,,,383,273,[],0.9632110269850515,0.9290328620915644,0.9492968525782072,0.977539158703576,0.9874194428949523,0.9824793007992642,8.48528137423857,2.5142535952652185,0.029750763471579154,95.99427203647792,breast lesion,0.8984375
bus_0238-r,,,,,,,383,277,[],0.9423530618524977,0.8909902046358258,0.9761980660928701,0.9107762466541093,0.9947856652350524,0.9527809559445808,13.0,4.579029869229187,-0.06701695251313572,94.24207103438675,breast lesion,0.828125
bus_0239-l,,,,,,,383,278,[],0.8575989782886334,0.7506987143655673,0.9867744305657604,0.7583286278938453,0.9998280851551532,0.8790783565244993,6.191569285815559,2.6346129614753773,-0.23150762281197063,94.76175298914313,breast lesion,0.83203125
bus_0239-r,,,,,,,383,275,[],0.9041459369817578,0.8250605326876513,0.9876811594202899,0.8336391437308869,0.9998360497637188,0.9167375967473028,4.0,1.8088269174827107,-0.1559633027522936,95.98697116598487,breast lesion,0.890625
bus_0240-l,,,,,,,349,274,[],0.946980292434838,0.8992996860661676,0.9664359861591696,0.9282924802658912,0.9953583519756911,0.9618254161207911,7.211102550927978,2.592141891485836,-0.03946821769837973,96.21799690648913,breast lesion,0.87109375
bus_0240-r,,,,,,,349,275,[],0.9668029535607494,0.9357391766582009,0.9845264727815063,0.9497062702313871,0.9968597480231546,0.9732830091272708,6.0,2.019140609916932,-0.03536746193501978,94.33797397650778,breast lesion,0.91796875
bus_0241-l,,,,,,,350,274,[],0.9306345235387764,0.8702679710761378,0.9752144899904671,0.8899521531100478,0.9988609230904033,0.9444065381002256,4.47213595499958,2.1349662066940214,-0.08742931709438886,95.27590614743531,breast lesion,0.87109375
bus_0241-r,,,,,,,350,276,[],0.9082414949688549,0.8319069563309195,0.9742996658956566,0.8505721337222347,0.9989147303647591,0.9247434320434968,11.0,2.870632229138712,-0.1269912497195423,95.66609398461878,breast lesion,0.84765625
bus_0242-l,,,,,,,370,273,[],0.925595117811098,0.8614956364730665,0.968317501479832,0.8864832782824112,0.9819460952809278,0.9342146867816695,30.083217912982647,8.858667226528516,-0.0845117671345995,96.63477609865367,breast lesion,0.82421875
bus_0242-r,,,,,,,370,277,[],0.9523779986663978,0.9090855265105539,0.9855574812247256,0.9213597767709802,0.9934934428362806,0.9574266098036304,10.042394277952752,3.9741941096160547,-0.06513846800084011,96.26494790427387,breast lesion,0.90234375
bus_0243-l,,,,,,,296,276,[],0.865500273373428,0.7628915662650603,0.7798029556650247,0.9723587223587223,0.9944172453414598,0.9833879838500911,6.97082039324993,2.5088571402037068,0.24692874692874692,96.22850688174367,breast lesion,0.69921875
bus_0243-r,,,,,,,296,277,[],0.0,0.0,0.0,0.0,0.8720418951632825,0.4360209475816412,169.29559823354572,134.3073242481202,9.077821011673151,96.4367410633713,breast lesion,0.6796875
bus_0244-l,,,,,,,333,274,[],0.8209920920201293,0.6963414634146341,0.7870434183321847,0.8580015026296018,0.9965632681206972,0.9272823853751495,12.626982889426522,3.2360560293158422,0.09015777610818933,96.88641200773418,breast lesion,0.64453125
bus_0244-r,,,,,,,333,276,[],0.8989792326645547,0.8164961636828645,0.9480326651818857,0.8547523427041499,0.9992257836175813,0.9269890631608656,4.129082378692743,1.781232728352476,-0.09839357429718876,96.04993206448853,breast lesion,0.72265625
bus_0245-l,,,,,,,351,274,[],0.8838037121789982,0.7917995444191344,0.8150058616647128,0.9652874201610664,0.9914769965324662,0.9783822083467664,12.0,3.681214568645026,0.18439322410441544,96.50743403472006,breast lesion,0.69921875
bus_0245-r,,,,,,,351,276,[],0.6258381761287438,0.4554326610279766,0.46967257112184646,0.9375837128315028,0.9575706172229798,0.9475771650272413,55.0,17.70778716418614,0.996249665148674,98.5408490523696,breast lesion,0.6328125
bus_0246-l,,,,,,,384,275,[],0.9426883488641208,0.8915898617511521,0.962083540527101,0.9240597014925374,0.9968629467729494,0.9604613241327433,6.0,2.348394640616878,-0.03952238805970149,98.387295845896,breast lesion,0.88671875
bus_0246-r,,,,,,,384,275,[],0.8546599790038493,0.7462063346572971,0.7839717526214424,0.9393589743589743,0.9793558282208589,0.9593574012899166,25.984603988597733,5.599683927367565,0.1982051282051282,99.48899084702134,breast lesion,0.80078125
bus_0247-l,,,,,,,369,273,[],0.8929103683202044,0.8065384615384615,0.8969204448246364,0.8889359898261976,0.9764490319428327,0.9326925108845152,29.068883707497267,7.022246799142679,-0.008902077151335312,96.57260496169329,breast lesion,0.75
bus_0247-r,,,,,,,369,277,[],0.9207235967012504,0.8530934187823515,0.9163963725425299,0.9250918810557969,0.9855240234733175,0.9553079522645571,11.0,3.889744240609608,0.009488807216839291,95.24528495967388,breast lesion,0.82421875
bus_0248-l,,,,,,,344,280,[],0.6303000491883916,0.46017381311498956,0.9511579572446556,0.47131087244372516,0.9960230157387037,0.7336669440912145,36.01804886512838,16.386435973114963,-0.5044872737972635,95.70286516100168,breast lesion,0.515625
bus_0248-r,,,,,,,344,281,[],0.7698960426312571,0.6258788438321142,0.995594215996385,0.627617148554337,0.9995279707583936,0.8135725596563653,24.698178070456937,10.494529220128824,-0.3696054693063666,95.2413349878043,breast lesion,0.5390625
bus_0249-l,,,,,,,382,274,[],0.9398247035427562,0.8864804779769349,0.9740458015267176,0.9079265689483421,0.9982589281142144,0.9530927485312782,7.38080885425552,2.514558338887916,-0.06788103031165504,95.99145199172199,breast lesion,0.87890625
bus_0249-r,,,,,,,382,275,[],0.9610019499025049,0.9249314277464992,0.9689957652752571,0.953138946742041,0.9979151411601985,0.9755270439511198,4.47213595499958,1.6881157175021195,-0.01636417732817614,99.47275114245713,breast lesion,0.9140625
bus_0250-l,,,,,,,383,276,[],0.8977720729806546,0.814506737647646,0.9682267633487146,0.8368753917155718,0.9945324818222036,0.9157039367688877,20.012492197250396,7.766057358368402,-0.13566178565323914,99.72477681003511,breast lesion,0.59765625
bus_0250-r,,,,,,,383,277,[],0.7712465519506108,0.6276658292800257,0.6298203271654599,0.9945794867451512,0.9267956387085826,0.960687562726867,49.09175083453431,14.389802668428974,0.5791479630727534,99.42844999022782,breast lesion,0.89453125
bus_0251-l,,,,,,,383,273,[],0.5752616343798709,0.40376650777525985,0.4077493686868687,0.9763794406651549,0.8402766693269487,0.9083280549960517,116.15591110643277,46.063139553377226,1.3945578231292517,95.63495288603008,breast lesion,0.7890625
bus_0251-r,,,,,,,383,276,[],0.48797490414778666,0.3227293683725219,0.9706045479755963,0.3259148896545302,0.9988838463077425,0.6623993679811364,80.60979553657799,25.206042987173845,-0.6642145451159326,94.18320003896952,breast lesion,0.66015625
bus_0252-l,,,,,,,369,274,[],0.9646533973919011,0.9317202519058667,0.964984552008239,0.9643224699828473,0.9978588521768336,0.9810906610798404,3.0,1.3615738096093366,-0.0006861063464837049,95.01059888862073,breast lesion,0.890625
bus_0252-r,,,,,,,369,276,[],0.9417910447761194,0.8899858956276445,0.9056797211400451,0.9809016211414613,0.9952743448290032,0.9880879829852323,6.0,2.0333977685209317,0.0830557406173662,94.85849621705711,breast lesion,0.92578125
bus_0253-l,,,,,,,344,281,[],0.46047817578490596,0.2991046755830662,0.9609375,0.30278616985565626,0.9987461100915339,0.6507661399735951,80.48454262641894,24.34483751988663,-0.6849054492559025,95.69403389468789,breast lesion,0.734375
bus_0253-r,,,,,,,344,280,[],0.8831950844854071,0.7908230633802817,0.8873935053710335,0.8790362035225049,0.9896532946088219,0.9343447490656633,13.98925824157762,4.9418786053698405,-0.009417808219178082,93.88411394320428,breast lesion,0.7578125
bus_0254-l,,,,,,,368,275,[],0.8835370237239396,0.7913715389568577,0.9687335785601682,0.8121145374449339,0.9987688806124561,0.905441709028695,19.411256844206108,3.427857394562472,-0.1616740088105727,93.94804411567748,breast lesion,0.859375
bus_0254-r,,,,,,,368,276,[],0.9086931491076569,0.8326651192234649,0.9719211822660099,0.8531891891891892,0.9988240512466088,0.9260066202178989,6.4031242374328485,2.5795782069912017,-0.12216216216216216,95.30168492347002,breast lesion,0.765625
bus_0255-l,,,,,,,384,275,[],0.9067070095814422,0.8293357933579336,0.9085396664982315,0.9048817312531454,0.9982531149566174,0.9515674231048814,5.0,2.0543631687148185,-0.004026170105686965,95.16992210410535,breast lesion,0.765625
bus_0255-r,,,,,,,384,276,[],0.9350341145060813,0.8779944289693593,0.908881199538639,0.9627367135003054,0.9984858213460857,0.9806112674231955,3.605551275463989,1.3448243742807764,0.05925473427000611,94.02046585455537,breast lesion,0.8203125
bus_0256-l,,,,,,,349,275,[],0.8835276463119012,0.7913564929693961,0.8609673790776153,0.9073020388809863,0.9858805789419574,0.9465913089114718,14.0,4.917477129791232,0.053816974869606446,96.77125909365714,breast lesion,0.7890625
bus_0256-r,,,,,,,349,275,[],0.9174311926605505,0.847457627118644,0.935810342437266,0.8997600639829378,0.994766765001752,0.9472634144923449,11.180339887498949,3.224467955879638,-0.038523060517195416,96.14260517992079,breast lesion,0.78515625
bus_0257-l,,,,,,,295,276,[],0.2676188686337155,0.15448036450423086,0.15689731159100925,0.909323116219668,0.9525527983431923,0.9309379572814301,71.16319073419352,22.576126469469536,4.79565772669221,95.41345899924636,breast lesion,0.5625
bus_0257-r,,,,,,,295,277,[],0.31667792032410536,0.18812675491375852,0.19045685279187818,0.938938938938939,0.9506045889290847,0.9447717639340119,60.414402205391156,21.002657996345558,3.92992992992993,96.76756896078587,breast lesion,0.74609375
bus_0258-l,,,,,,,334,274,[],0.7565375471961964,0.6084120557804769,0.9454736106256554,0.6305361305361306,0.9982115424300094,0.8143738364830699,27.784038949073356,7.856835273881359,-0.3331002331002331,95.55837092921138,breast lesion,0.62109375
bus_0258-r,,,,,,,334,276,[],0.8766114180478821,0.780327868852459,0.9827942188575362,0.7911357340720222,0.9988230309307471,0.8949793825013846,13.0,4.888347788893745,-0.19501385041551247,96.023143036291,breast lesion,0.66796875
bus_0259-l,,,,,,,349,274,[],0.2649551136840339,0.15270793036750482,0.9474947494749475,0.154011216776396,0.9976704250475898,0.575840820911993,166.66624237597276,60.540288719282685,-0.837454279444038,97.98495704308152,breast lesion,0.78125
bus_0259-r,,,,,,,349,275,[],0.8245913418358182,0.7015358752960954,0.8845746218325465,0.7722264277903945,0.9857526817781794,0.878989554784287,25.709920264364882,7.876127515922679,-0.1270081588022542,96.73779900185764,breast lesion,0.80078125
bus_0260-l,,,,,,,383,276,[],0.7233436020046898,0.5665922351076856,0.5774906394537846,0.9677657480314961,0.94102275056364,0.9543942492975681,53.69542257674009,14.519447058504028,0.6758120078740157,97.81860304065049,breast lesion,0.85546875
bus_0260-r,,,,,,,383,277,[],0.7870810751023117,0.6489148276490972,0.6523652365236524,0.9919152495121272,0.9616648301100923,0.9767900398111098,26.40075756488817,10.191995866003598,0.520490660719264,98.14148000441492,breast lesion,0.69921875
bus_0261-l,,,,,,,331,274,[],0.0,0.0,0.0,0.0,0.8830534069556998,0.4415267034778499,95.76037773621422,54.624586083880885,1.5716096324461344,100.09477497078478,breast lesion,0.55078125
bus_0261-r,,,,,,,331,275,[],0.8118451999144751,0.6832823465898866,0.9867463617463618,0.6896113330911733,0.9994036412960863,0.8445074871936298,31.358617253596154,7.289967395624185,-0.3011260443152924,98.3715660404414,breast lesion,0.6640625
bus_0262-l,,,,,,,334,276,[],0.7037363930567814,0.542896050839764,0.9889405684754522,0.546212250956214,0.9985669706831666,0.7723896108196903,34.49274772516603,14.82703543057625,-0.44767939715704747,97.18054812401533,breast lesion,0.458984375
bus_0262-r,,,,,,,334,277,[],0.837650170836548,0.7206523800493078,0.8693662777396477,0.8081667375584858,0.9934977680604901,0.9008322528094879,11.26036105439044,4.967483656462994,-0.07039557635048915,99.79119803756475,breast lesion,0.578125
bus_0263-l,,,,,,,383,273,[],0.7174672150228912,0.5594143272023233,0.9025771183131589,0.5953638119768191,0.9948447217802756,0.7951042668785473,41.0,11.854652392965953,-0.34037347070186735,99.96576188132167,breast lesion,0.65625
bus_0263-r,,,,,,,383,277,[],0.6252169229848603,0.45477496300165404,0.5059809191728413,0.817975416895013,0.8906856126363617,0.8543305147656873,71.84705978674423,25.076081422260415,0.6166131684020981,98.88665797188878,breast lesion,0.56640625
bus_0264-l,,,,,,,332,275,[],0.949266992447801,0.9034331134787755,0.9952491849091756,0.9073460721868365,0.9993586922351462,0.9533523822109913,8.602325267042627,2.839019069753791,-0.08832271762208067,98.45543699339032,breast lesion,0.93359375
bus_0264-r,,,,,,,332,276,[],0.9482825329951421,0.901651406147809,0.9936931255068024,0.9068409801019569,0.9991191644645778,0.9529800722832673,8.06225774829855,2.9154622381376716,-0.08740338760072357,97.72982099093497,breast lesion,0.9375
bus_0265-s,,,,,,,368,274,[],0.715166506682419,0.55662193615126,0.9793225480283114,0.5632414515003489,0.9938440698374473,0.7785427606688982,63.953107821277925,21.55076968847472,-0.42486624796464295,99.1178231779486,breast lesion,0.7578125
bus_0266-l,,,,,,,368,274,[],0.937692489931296,0.8826940231935771,0.9026911965941918,0.9755175813342096,0.9767481289510015,0.9761328551426056,15.646080544361483,4.1276219267351015,0.0806769635228393,99.59465311840177,breast lesion,0.87890625
bus_0266-r,,,,,,,368,275,[],0.9498434832100171,0.9044780163945532,0.9245204625718441,0.9765927876526955,0.9875469844280181,0.9820698860403568,8.54400374531753,2.8098321582815573,0.05632360471070148,99.13800284266472,breast lesion,0.87890625
bus_0267-l,,,,,,,382,274,[],0.9046841946207314,0.8259573998454917,0.9937591289337405,0.8302640337253162,0.9989150507848569,0.9145895422550865,25.814702509646196,5.72466607136563,-0.16452185489238963,98.18068193271756,breast lesion,0.76953125
bus_0267-r,,,,,,,382,275,[],0.9451632111730633,0.8960279174792158,0.9341394253918999,0.9564502875924404,0.9858171553660925,0.9711337214792665,8.517578678331995,3.402687602366356,0.023883867433579842,97.0791969448328,breast lesion,0.859375
bus_0268-l,,,,,,,343,279,[],0.8700899947061937,0.7700524737631185,0.9963627546071775,0.7722232663033265,0.9998340267327609,0.8860286465180437,12.789466384404102,4.358371047531583,-0.2249577147152791,98.66236196830869,breast lesion,0.765625
bus_0268-r,,,,,,,343,280,[],0.9152353334820432,0.8437178696278018,0.9222297145425938,0.908346247509409,0.9962195295171705,0.9522828885132897,7.0,2.7432344765681584,-0.01505423953951738,98.82142720744014,breast lesion,0.74609375
bus_0269-l,,,,,,,350,274,[],0.9238825509631569,0.8585331942996176,0.9943639291465378,0.8627314006287111,0.9993368700265252,0.9310341353276181,12.385381597781853,3.869446214556017,-0.1323786238211666,98.01787696778774,breast lesion,0.8828125
bus_0269-r,,,,,,,350,276,[],0.8464984158199498,0.7338511081644251,0.9610518481766311,0.7563451776649747,0.9963638890175552,0.876354533341265,30.04990324554612,7.500947605678786,-0.21300273330730182,95.05350003018975,breast lesion,0.72265625
bus_0270-l,,,,,,,367,273,[],0.7266514806378133,0.5706618962432916,0.9501116902457185,0.5882895343476257,0.9962505316410359,0.7922700329943309,42.44997055358225,13.306569194750963,-0.3808206546795758,96.78719006478786,breast lesion,0.71875
bus_0270-r,,,,,,,367,276,[],0.7687011288729951,0.624301010013438,0.9958511962384179,0.6259289843104872,0.9992335500683418,0.8125812671894145,38.47141785766494,13.392211175173644,-0.37146334043200485,96.61682578735054,breast lesion,0.58984375
bus_0271-l,,,,,,,381,277,[],0.8344993781094527,0.7160008003735077,0.9704393418911589,0.7319650893222419,0.9964014922252423,0.8641832907737421,24.10479476691847,8.968621837727305,-0.2457384426564844,95.47228994779289,breast lesion,0.78125
bus_0271-r,,,,,,,381,276,[],0.9419158641662443,0.8902088522705499,0.9540694092682593,0.9300680635259576,0.992558500609959,0.9613132820679583,10.0,3.050081752535736,-0.025156813025490457,94.0235669258982,breast lesion,0.86328125
bus_0272-l,,,,,,,349,273,[],0.5677858357955055,0.39643919881973444,0.9966054815187327,0.3969752359966948,0.9990242139501265,0.6979997249734107,76.97953768633988,35.509250177744015,-0.6016726343991787,94.89115606993437,breast lesion,0.6328125
bus_0272-r,,,,,,,349,276,[],0.47545415224913495,0.31186608979360236,0.9735055350553505,0.314535743240021,0.9933990365167507,0.6539673898783858,136.70833993981657,38.7001947233606,-0.6769040011445467,94.66304117813706,breast lesion,0.71875
bus_0273-l,,,,,,,350,274,[],0.9015962820771873,0.8208241353936718,0.9858594785682722,0.8306031273268801,0.9996567039285944,0.9151299156277373,5.0990195135927845,2.036687653531374,-0.1574832464631422,95.455058850348,breast lesion,0.70703125
bus_0273-r,,,,,,,350,275,[],0.6071977177967961,0.4359539940129195,0.4650420168067227,0.8745259165613148,0.9658058139784715,0.9201658652698932,82.4101468320276,19.745813332065826,0.8805309734513275,94.33790319599211,breast lesion,0.69921875
bus_0274-l,,,,,,,382,275,[],0.33645135155041617,0.2022491809085274,0.4340554922082858,0.2746843054720385,0.9692148653538016,0.62194958541292,68.34507184594845,27.18110818447839,-0.3671677690920024,95.5085908062756,breast lesion,0.65234375
bus_0274-r,,,,,,,382,275,[],0.6447995514437903,0.4757964418700869,0.4757964418700869,1.0,0.9362034239677745,0.9681017119838873,48.63036534457054,18.279034806066743,1.1017391304347826,95.66526394337416,breast lesion,0.75390625
bus_0275-l,,,,,,,369,274,[],0.9056122448979592,0.8275058275058275,0.8572290974947178,0.9597837107130788,0.9951806983402447,0.9774822045266618,5.89011873164944,2.5021253543140336,0.11963501182832038,96.68879793025553,breast lesion,0.80078125
bus_0275-r,,,,,,,369,276,[],0.4074821199339813,0.25587286964532474,0.2624616111504843,0.910655737704918,0.9371856263329443,0.9239206820189312,91.23184229530116,32.142280217847606,2.469672131147541,96.41883103176951,breast lesion,0.61328125
bus_0276-l,,,,,,,352,272,[],0.9466608212772176,0.8987236403995561,0.9327842414468379,0.960956506260013,0.9852074381108111,0.973081972185412,12.767085268111776,3.659825208418959,0.030202337862695067,98.96622900851071,breast lesion,0.89453125
bus_0276-r,,,,,,,352,277,[],0.9668526893101126,0.9358323632130384,0.9567721970959295,0.9771478582194778,0.9881981361373592,0.9826729971784185,6.0,2.235919107741567,0.02129625127631643,97.64738893136382,breast lesion,0.91015625
bus_0277-l,,,,,,,368,275,[],0.5794906066681518,0.4079456351280711,0.40963728938113486,0.9899784346061145,0.8794753367553607,0.9347268856807376,67.34388604007157,25.52537990645577,1.4167195230242293,99.29902595467865,breast lesion,0.8046875
bus_0277-r,,,,,,,368,275,[],0.6252932633225338,0.45485574969524584,0.4613038819747795,0.97018547408563,0.9315107250264589,0.9508480995560444,64.2386113288134,18.389191588442465,1.1031374588316867,95.2000729739666,breast lesion,0.78125
bus_0278-s,,,,,,,382,358,[],0.9081563869228176,0.8317641611359777,0.8537705956907478,0.9699424046076314,0.9929649390243902,0.9814536718160107,14.291468247344547,3.1573617554021127,0.13606911447084233,94.48105585761368,breast lesion,0.7890625
bus_0279-l,,,,,,,369,274,[],0.8419047619047619,0.7269736842105263,0.7455721113297723,0.966824644549763,0.9810709056682703,0.9739477751090166,36.70080160324606,6.681133786876978,0.2967553773240977,94.87270610406995,breast lesion,0.83984375
bus_0279-r,,,,,,,369,276,[],0.8957856909506697,0.8112426035502959,0.8931596091205212,0.898427260812582,0.9949417062488434,0.9466844835307127,12.041594578792296,3.37517986797415,0.005897771952817824,95.27641511522233,breast lesion,0.67578125
bus_0280-l,,,,,,,385,274,[],0.06734486266531027,0.03484577323928835,0.08564036222509702,0.05549036043587594,0.9644913338357197,0.5099908471357978,99.22064622406063,41.51084596755588,-0.3520536462699078,95.49502981826663,breast lesion,0.458984375
bus_0280-r,,,,,,,385,276,[],0.684240501179725,0.5200346277516695,0.5582846521508231,0.883588989283463,0.9672219978128295,0.9254054935481462,52.03386201537283,12.422035877017782,0.5826854381172515,93.99478579871356,breast lesion,0.65234375
bus_0281-l,,,,,,,381,277,[],0.9054199745172988,0.8271848137535817,0.8567983676497867,0.9598919368246052,0.983902077924786,0.9718970073746955,14.672751583480828,4.501866679549747,0.12032418952618454,94.99295917339623,breast lesion,0.71484375
bus_0281-r,,,,,,,381,275,[],0.7025709423722577,0.5415101028004253,0.6958819241982507,0.7093898021733074,0.9644923836269254,0.8369410929001164,31.17920635426364,14.362115369549734,0.01941116374106065,94.63340090587735,breast lesion,0.62109375
bus_0282-l,,,,,,,370,274,[],0.956162883732682,0.9160077456833952,0.98073600552868,0.9327910607181004,0.9975002522167046,0.9651456564674025,7.148086918349845,2.441192261845398,-0.0488866978884233,95.36929707974195,breast lesion,0.8984375
bus_0282-r,,,,,,,370,277,[],0.9516129032258065,0.9076923076923077,0.9881054334380055,0.917719840919134,0.9986290101453249,0.9581744255322294,6.4031242374328485,2.623614963550632,-0.07123287671232877,93.92320387996733,breast lesion,0.89453125
bus_0283-l,,,,,,,368,274,[],0.9485109935986641,0.9020645844362096,0.9787478460654796,0.9200863930885529,0.9992381187711061,0.9596622559298296,4.0,1.3226522316178984,-0.05993520518358531,95.77706689015031,breast lesion,0.84375
bus_0283-r,,,,,,,368,275,[],0.927593383722204,0.8649642492339121,0.9945971341320179,0.8690476190476191,0.9997612324557761,0.9344044257516976,4.123105625617661,1.8997137464015248,-0.12623152709359606,95.61970317736268,breast lesion,0.7421875
bus_0284-l,,,,,,,370,274,[],0.9542822200640265,0.9125619152449091,0.995422482365301,0.9164075993091537,0.999298084114838,0.9578528417119958,5.830951894845301,2.139482109064533,-0.07937823834196892,95.91843001544476,breast lesion,0.88671875
bus_0284-r,,,,,,,370,275,[],0.829814420444174,0.709130615640599,0.939773980154355,0.7428913825035407,0.9952792991325577,0.8690853408180492,41.348403677460446,7.760367752346948,-0.20949994552783527,95.68035416305065,breast lesion,0.81640625
bus_0285-l,,,,,,,297,277,[],0.9756219683930527,0.952404228019796,0.9850236966824645,0.9663980161190329,0.9964166376872949,0.9814073269031639,4.123105625617661,1.3641513475712654,-0.018908865468071915,96.90927295014262,breast lesion,0.91796875
bus_0285-r,,,,,,,297,276,[],0.972074971601666,0.945667188507229,0.9819277108433735,0.9624179943767572,0.9973493029648537,0.9798836486708055,3.1622776601683795,1.3284080460551682,-0.019868791002811623,98.21019181981683,breast lesion,0.87890625
bus_0286-l,,,,,,,350,273,[],0.8715895488504561,0.7724047113907382,0.9924797894341042,0.7769519464272573,0.9990239260135918,0.8879879362204246,28.137967068469006,7.320493828962103,-0.21716093899477518,99.36448791995645,breast lesion,0.81640625
bus_0286-r,,,,,,,350,276,[],0.9513301810192483,0.9071779923483331,0.967456770934525,0.9357324062764258,0.9961027025140478,0.9659175543952367,9.559237944763307,2.7909777126242545,-0.03279150615427981,97.68035006709397,breast lesion,0.84375
bus_0287-l,,,,,,,385,277,[],0.2145560722396453,0.12016959418534222,0.9855936413313463,0.12038104483951216,0.9996783638702809,0.5600297043548965,135.18690525911416,51.60783819031948,-0.8778593531945877,95.75002593919635,breast lesion,0.66015625
bus_0287-r,,,,,,,385,276,[],0.8708229861020346,0.7712014815958022,0.9773127322511246,0.7852596841360886,0.9975195920156522,0.8913896380758703,24.240291697822197,5.858609326747008,-0.1965113538147246,94.32746306993067,breast lesion,0.66796875
bus_0288-l,,,,,,,389,275,[],0.8943180904926464,0.8088384939671464,0.9451333446577204,0.8486882245271506,0.993117628884651,0.9209029267059008,22.561028345356956,4.325042620324268,-0.10204392922513728,95.95472016371787,breast lesion,0.87890625
bus_0288-r,,,,,,,389,276,[],0.9713307022116315,0.9442594469378891,0.9756170531039641,0.9670818505338078,0.9983800437288809,0.9827309471313443,2.8284271247461903,1.2002196272309638,-0.008748517200474495,95.44396912679076,breast lesion,0.9296875
bus_0289-l,,,,,,,350,273,[],0.0,0.0,0.0,0.0,0.9793926128590972,0.4896963064295486,119.3015642884978,72.26300273728334,-0.5489820359281438,94.1003980115056,breast lesion,0.73828125
bus_0289-r,,,,,,,350,278,[],0.759737678855326,0.6125620894087486,0.6148279189449984,0.9940197607904316,0.9743724185160614,0.9841960896532465,21.64365875353681,8.501968764569288,0.6167446697867914,95.45329888351262,breast lesion,0.5390625
bus_0290-l,,,,,,,331,276,[],0.9423645135953922,0.8910106796803169,0.9978613861386139,0.8927154195011338,0.9996504582880223,0.946182938894578,9.455121871436017,3.104093086321898,-0.10537131519274376,94.50698806904256,breast lesion,0.921875
bus_0290-r,,,,,,,331,276,[],0.948578296961274,0.9021863389539868,0.9950354609929078,0.9062657001363669,0.9991862883122586,0.9527259942243127,6.324555320336759,2.7964888769122265,-0.08921266058996627,95.39229702204466,breast lesion,0.93359375
bus_0291-l,,,,,,,370,277,[],0.7579285223017551,0.6102132895816242,0.6239043824701195,0.9652867895146638,0.8970118744114473,0.9311493319630555,41.773197148410844,14.758658667614533,0.5471710355567091,94.15994910523295,breast lesion,0.859375
bus_0291-r,,,,,,,370,276,[],0.0,0.0,0.0,0.0,0.9562431246061668,0.4781215623030834,158.51985958227658,109.15535676130389,-0.5173754270232065,95.94628005288541,breast lesion,0.62109375
bus_0292-l,,,,,,,369,274,[],0.9184337484573095,0.8491701244813278,0.9990236758603857,0.8498754152823921,0.9999584588223076,0.9249169370523498,4.815247584249841,2.3548736592436006,-0.14929401993355482,95.77644616365433,breast lesion,0.921875
bus_0292-r,,,,,,,369,276,[],0.8859473603201478,0.7952473058856038,0.9825879139638102,0.8066143497757847,0.9994810533599251,0.9030477015678549,11.016335778206958,3.010680201615959,-0.17909192825112108,95.90358007699251,breast lesion,0.87109375
bus_0293-s,,,,,,,369,274,[],0.5147343931756495,0.346560501240047,0.9108061749571184,0.35873530603972437,0.9939747868001483,0.6763550464199364,53.44200698757718,17.467938143532624,-0.6061343061748412,96.01651201955974,breast lesion,0.52734375
bus_0294-l,,,,,,,351,274,[],0.893767926988266,0.8079389025080144,0.8165618448637316,0.9870982605690589,0.9779982398591888,0.9825482502141238,18.87456415090754,4.938945713878093,0.20884690703835965,97.08823612891138,breast lesion,0.71484375
bus_0294-r,,,,,,,351,276,[],0.9404540379605508,0.8876009834913945,0.9925373134328358,0.8935643564356436,0.9993551452620146,0.946459750848829,6.070348150753488,2.651604437129966,-0.09971711456859972,96.62645612843335,breast lesion,0.81640625
bus_0295-l,,,,,,,351,275,[],0.9264012284742789,0.8628933387821822,0.997284213012162,0.8649257552483359,0.9997349008759797,0.9323303280621578,9.0,3.5627765078366047,-0.1327188940092166,98.71668391861022,breast lesion,0.87890625
bus_0295-r,,,,,,,351,275,[],0.9381628324359602,0.8835279655808236,0.8920260626745269,0.9893324156916724,0.9881102873347227,0.9887213515131976,7.971537451386002,3.0118433403694462,0.10908465244322092,95.0856099370867,breast lesion,0.86328125
bus_0296-l,,,,,,,381,273,[],0.873040482342808,0.7746866401712015,0.7746866401712015,1.0,0.9927374136520857,0.9963687068260428,8.0,3.28457051462697,0.2908445146014207,94.85362493433058,breast lesion,0.82421875
bus_0296-r,,,,,,,381,277,[],0.9096688741721854,0.8343051506316812,0.9557472863902031,0.8678291635077079,0.9984347312463083,0.9331319473770081,5.0,2.3510893480847557,-0.09198888046499874,94.76955304853618,breast lesion,0.859375
bus_0297-l,,,,,,,295,276,[],0.8646431501230517,0.7615606936416185,0.786064351161304,0.9606770833333333,0.9870585202371746,0.973867801785254,8.994427190999915,4.153482567412046,0.22213541666666667,96.57052508555353,breast lesion,0.765625
bus_0297-r,,,,,,,295,276,[],0.8766458766458767,0.7803824799506478,0.7811856731165089,0.9986842105263158,0.9863050760113373,0.9924946432688266,7.810249675906654,3.727505678915917,0.27842105263157896,95.31495603732765,breast lesion,0.8046875
bus_0298-l,,,,,,,369,276,[],0.8780487804878049,0.782608695652174,0.9821615949632738,0.7938931297709924,0.9998311230318383,0.8968621264014154,4.123105625617661,1.8949304416859936,-0.19168787107718405,94.24634091556072,breast lesion,0.8046875
bus_0298-r,,,,,,,369,277,[],0.897095027080256,0.8133928571428571,0.8984220907297831,0.895771878072763,0.9989821732084272,0.9473770256405951,3.605551275463989,1.587703468180998,-0.0029498525073746312,95.30579601414502,breast lesion,0.77734375
bus_0299-l,,,,,,,369,275,[],0.8192893401015229,0.6938950988822012,0.6971922246220302,0.9932307692307693,0.9929794692038058,0.9931051192172875,21.154113272662705,4.349128203932959,0.4246153846153846,96.56687499955297,breast lesion,0.6640625
bus_0299-r,,,,,,,369,276,[],0.9207294380349833,0.853103448275862,0.9848726114649682,0.8644304682040531,0.9998107814725185,0.9321206248382858,5.0,1.4913194053674272,-0.1222921034241789,95.8162578754127,breast lesion,0.859375
bus_0300-l,,,,,,,369,275,[],0.9607603274677707,0.9244838826512133,0.9306635877491493,0.9928687196110211,0.9867402672864614,0.9898044934487412,8.0,2.562456473122426,0.06683954619124798,93.85021310299635,breast lesion,0.91796875
bus_0300-r,,,,,,,369,276,[],0.9677996422182469,0.9376083188908145,0.9986969269193181,0.9387567622741656,0.9997082066869301,0.9692324844805478,5.0,2.1456430518603553,-0.06001837297131775,93.79306109622121,breast lesion,0.92578125
bus_0301-l,,,,,,,369,275,[],0.8913752913752914,0.8040370058873002,0.9879435067171891,0.812004530011325,0.9996426492960191,0.905823589653672,6.708203932499369,2.9387091314363563,-0.17808607021517553,95.10377096012235,breast lesion,0.80859375
bus_0301-r,,,,,,,369,276,[],0.86810551558753,0.7669491525423728,0.7961043041156142,0.9544256120527307,0.9934569357489238,0.9739412739008273,15.653420818321864,3.687392989541097,0.19887005649717515,95.18599300645292,breast lesion,0.8828125
bus_0302-s,,,,,,,383,359,[],0.69451950391464,0.5320029720836429,0.9437017510826586,0.549440912080684,0.9881594709382332,0.7688001915094587,56.9561153501995,13.058068966458054,-0.41778118833589123,94.32642394676805,breast lesion,0.75
bus_0303-l,,,,,,,353,276,[],0.5211040163557978,0.35236015387081265,0.8939663498195496,0.36772885041609166,0.9579452441433813,0.6628370472797365,123.96773773849388,35.72102459376856,-0.5886547066449211,96.87939193099737,breast lesion,0.7421875
bus_0303-r,,,,,,,353,277,[],0.21554238225034786,0.12078873720865646,0.8185898363978572,0.12411098428308016,0.9760076591670656,0.5500593217250729,192.85068994988842,78.83279986680557,-0.848384406005795,96.30291885696352,breast lesion,0.75
bus_0304-l,,,,,,,369,275,[],0.9653063130369817,0.9329392120583059,0.9990334895858503,0.9337820136410858,0.9997479076333569,0.9667649606372213,5.0,2.294899958516278,-0.0653146031889426,97.36240189522505,breast lesion,0.95703125
bus_0304-r,,,,,,,369,276,[],0.9525803279728486,0.9094543031918115,0.9124939231891104,0.996350607126269,0.9834049762022748,0.9898777916642719,10.0,2.9371802268713636,0.09189834782031717,96.77859884686768,breast lesion,0.90625
bus_0305-l,,,,,,,369,276,[],0.8706140350877193,0.7708737864077669,0.78665785997358,0.9746317512274959,0.9967899664089365,0.9857108588182162,6.83951216287465,2.4642318576797604,0.23895253682487724,99.6666660066694,breast lesion,0.7734375
bus_0305-r,,,,,,,369,276,[],0.8351158645276292,0.7169089517980107,0.7180076628352491,0.9978700745473909,0.9963530053020168,0.9971115399247038,5.991547594742263,2.843463597149795,0.38977635782747605,98.50875893607736,breast lesion,0.77734375
bus_0306-l,,,,,,,368,275,[],0.0,0.0,0.0,0.0,0.9829924062408364,0.4914962031204182,62.41310827807829,38.01837303569372,-0.26964828484585324,98.55355997569859,breast lesion,0.8046875
bus_0306-r,,,,,,,368,276,[],0.9019108280254777,0.8213457076566125,0.9844271412680756,0.8321579689703809,0.9997184260013475,0.9159381974858642,4.123105625617661,1.8836163591240846,-0.15467795016455102,95.79637693241239,breast lesion,0.84765625
bus_0307-l,,,,,,,297,277,[],0.9280537758638798,0.8657652361356065,0.9239778312245112,0.9321658402785103,0.9900123643357605,0.9610891023071354,8.602325267042627,2.9624457057025926,0.008861694271547631,94.55575793981552,breast lesion,0.78515625
bus_0307-r,,,,,,,297,277,[],0.7779751332149201,0.6366279069767442,0.7071719918422842,0.8645335549553294,0.9777551125800454,0.9211443337676875,44.95329243759973,8.668220907407111,0.22252233534178267,94.28638289682567,breast lesion,0.74609375
bus_0308-l,,,,,,,296,278,[],0.7958625609321127,0.6609399684044234,0.6660696517412935,0.9884819846426461,0.978733111961674,0.98360754830216,18.204181348179706,6.223242799355892,0.48405197873597167,94.73521285690367,breast lesion,0.71875
bus_0308-r,,,,,,,296,277,[],0.681592039800995,0.5169811320754717,0.5189393939393939,0.9927536231884058,0.9728925495316777,0.9828230863600418,31.341157602743507,9.743440361064437,0.9130434782608695,95.74485500343144,breast lesion,0.7734375
bus_0309-l,,,,,,,296,276,[],0.7019180922757906,0.5407348242811502,0.541889007470651,0.996076508092202,0.95575768507305,0.975917096582626,65.0755247841249,14.842737761538908,0.8381559588033349,96.51445294730365,breast lesion,0.68359375
bus_0309-r,,,,,,,296,276,[],0.8530061892130858,0.7436885719791867,0.7480131808490017,0.9922859346875803,0.9832919917231098,0.987788963205345,14.0,4.896010393403496,0.326562098225765,97.2005589865148,breast lesion,0.78125
bus_0310-l,,,,,,,351,276,[],0.886726893676164,0.7965043695380774,0.9832402234636871,0.8074671729156779,0.9990392579095577,0.9032532154126178,10.44030650891055,4.102674197571859,-0.17876918209144121,97.16344811022282,breast lesion,0.75390625
bus_0310-r,,,,,,,351,276,[],0.8867924528301887,0.7966101694915254,0.9303246239113222,0.8471521268925739,0.99614576033637,0.9216489436144719,13.453420393746066,3.953307201308947,-0.08940158615717375,100.5074039567262,breast lesion,0.76171875
bus_0311-l,,,,,,,296,277,[],0.9088158437628937,0.8328711872951853,0.8495757264078169,0.976936723832052,0.9925581987024552,0.9847474612672535,8.664084194722001,2.4710571828295738,0.14991129509166173,100.45729414559901,breast lesion,0.5390625
bus_0311-r,,,,,,,296,276,[],0.9177114201048553,0.8479359730412805,0.9581151832460733,0.8805774278215223,0.9977179606866864,0.9391476942541044,6.0,2.3538228929489335,-0.08092738407699038,98.01500802859664,breast lesion,0.66015625
bus_0312-s,,,,,,,384,360,[],0.9100899100899101,0.8350137488542622,0.9536770478932217,0.8703128731788871,0.9986796267148068,0.934496249946847,8.06225774829855,2.719568216740643,-0.08741342249820874,94.27606198005378,breast lesion,0.7265625
bus_0313-l,,,,,,,350,274,[],0.9081580297588507,0.831766917293233,0.9822419533851277,0.8444656488549618,0.9998313161556952,0.9221484825053285,3.605551275463989,1.3359001758451592,-0.14026717557251908,96.70375799760222,breast lesion,0.796875
bus_0313-r,,,,,,,350,276,[],0.9059125964010283,0.8280075187969925,0.9932356257046223,0.832703213610586,0.9999372003935442,0.9163202070020651,3.0,1.345315794082046,-0.16162570888468808,96.58854501321912,breast lesion,0.62890625
bus_0314-l,,,,,,,296,276,[],0.9457903725725852,0.8971558862354494,0.9533282325937261,0.9383707794652943,0.9950358746219262,0.9667033270436103,6.4031242374328485,2.3969235890399614,-0.0156897200953935,96.65751713328063,breast lesion,0.859375
bus_0314-r,,,,,,,296,277,[],0.9487380818844644,0.902475458813487,0.9913267698077824,0.9096579909657991,0.9989820342806834,0.9543200126232413,9.024923312161834,2.3084690508754946,-0.08238330823833083,96.27307811751962,breast lesion,0.87109375
bus_0315-l,,,,,,,369,274,[],0.885577734045544,0.7946518668012109,0.800711743772242,0.9905660377358491,0.9960609349250372,0.9933134863304431,7.615773105863909,2.4556567331143526,0.2371069182389937,96.1449749302119,breast lesion,0.66015625
bus_0315-r,,,,,,,369,275,[],0.6197139303482587,0.4489749943681009,0.45826626810761095,0.9567930868939031,0.9762958789439794,0.9665444829189412,46.33661754587012,11.858478849540976,1.0878540566490638,96.50030313059688,breast lesion,0.62890625
bus_0316-l,,,,,,,314,277,[],0.9169590643274854,0.8466522678185745,0.8934472934472935,0.9417417417417417,0.9978080714545263,0.969774906598134,5.830951894845301,1.5650181445153895,0.05405405405405406,97.85102377645671,breast lesion,0.828125
bus_0316-r,,,,,,,314,275,[],0.8891509433962265,0.8004246284501062,0.9957739038563127,0.8031529612270984,0.999904765306001,0.9015288632665497,6.007219339662341,2.2799150299407334,-0.19343843204090327,96.88004106283188,breast lesion,0.90234375
bus_0317-l,,,,,,,313,276,[],0.6694197811274004,0.5031036623215395,0.5362814292015881,0.8904962461087713,0.9480395912365465,0.9192679186726589,49.008162415497104,16.652465752302685,0.6605017396081304,98.41889701783657,breast lesion,0.6953125
bus_0317-r,,,,,,,313,275,[],0.6231758512694076,0.45261833317200656,0.45446593449314804,0.9910979228486647,0.9310077805228807,0.9610528516857727,33.54101966249684,14.94232573077769,1.1807969478592624,97.70219004712999,breast lesion,0.78515625
bus_0318-l,,,,,,,368,274,[],0.7385749385749386,0.5855083755356447,0.6196234712106637,0.9140482465031421,0.9711362996485886,0.9425922730758654,26.14379614586653,8.797955465967178,0.4751672410297993,99.23386597074568,breast lesion,0.65625
bus_0318-r,,,,,,,368,276,[],0.6290909090909091,0.4588859416445623,0.4707482993197279,0.947945205479452,0.9724985607950472,0.9602218831372495,30.25969864896909,10.30288239142947,1.0136986301369864,97.44197502732277,breast lesion,0.828125
bus_0319-l,,,,,,,369,275,[],0.7459506211668502,0.5948335318828767,0.9222319432293186,0.6262459568288335,0.9907328035586034,0.8084893801937185,78.00480749476918,17.858797094885762,-0.320945276915968,96.1870348546654,breast lesion,0.79296875
bus_0319-r,,,,,,,369,275,[],0.7437287938984427,0.5920129270544783,1.0,0.5920129270544783,1.0,0.7960064635272391,54.02452969893725,18.50722097265404,-0.4079870729455217,94.6765118278563,breast lesion,0.73046875
bus_0320-l,,,,,,,407,280,[],0.4688000949949534,0.30616518030244283,0.9801390268123138,0.30807647288333984,0.9992090563053042,0.653642764594322,64.13267497929586,22.63488972283273,-0.6856808427623878,96.03676199913025,breast lesion,0.546875
bus_0320-r,,,,,,,407,280,[],0.0,0.0,0.0,0.0,0.9080235217890696,0.4540117608945348,145.0,93.0190350769193,-0.22551045713813342,97.63763914816082,breast lesion,0.70703125
bus_0321-s,,,,,,,385,360,[],0.4531682876510463,0.2929654751924396,0.9879208429709586,0.29401866299525775,0.9991640877885676,0.6465913753919127,87.09793220380539,29.568591500005617,-0.7023864157870583,97.1377280075103,breast lesion,0.73046875
bus_0322-s,,,,,,,383,405,[],0.9451960559504701,0.8960869565217391,0.9027595269382391,0.9918190567853705,0.9985493704136909,0.9951842135995307,3.0,1.3141178004689766,0.09865255052935515,96.91387298516929,breast lesion,0.90234375
bus_0323-s,,,,,,,382,403,[],0.9228112939264675,0.8566848953422591,0.8587901701323252,0.9971466198419666,0.9896847425328307,0.9934156811873986,10.04987562112089,3.7432228665185425,0.1611062335381914,95.9459999576211,breast lesion,0.890625
bus_0324-s,,,,,,,382,361,[],0.7849423888928648,0.6460124867475556,0.7165817326538613,0.8677215189873417,0.9835159824292077,0.9256187507082747,29.053389472376228,7.678897209530275,0.21091772151898736,95.00566893257201,breast lesion,0.765625
bus_0325-l,,,,,,,314,276,[],0.9446204536814092,0.8950528338136408,0.9040630685263796,0.9889876608730264,0.9900034122360256,0.9894955365545259,5.0,2.5833801221646526,0.0939365795409314,95.20167298614979,breast lesion,0.92578125
bus_0325-r,,,,,,,314,277,[],0.9524790883743484,0.909269760444393,0.9131799163179917,0.9953128958702813,0.9905543472763138,0.9929336215732976,7.0710678118654755,2.285816362392036,0.0899417278946035,95.5581609159708,breast lesion,0.94140625
bus_0326-l,,,,,,,351,274,[],0.4308756883192827,0.2745962732919255,0.9000407166123778,0.283234031648408,0.9939055421088562,0.6385697868786321,79.05694150420949,25.328406622154645,-0.685309757191364,95.53211112506688,breast lesion,0.5078125
bus_0326-r,,,,,,,351,276,[],0.005391077766296779,0.002702824451551872,0.006715165081141578,0.004503152206544582,0.8937787246265798,0.4491409384165622,129.90420060173423,54.02466823349948,-0.3294055839087361,94.4420660380274,breast lesion,0.70703125
bus_0327-l,,,,,,,369,275,[],0.5687665136976776,0.3973960357559269,0.39848012470771627,0.9932005828071879,0.9365839128157195,0.9648922478114537,54.057827386053695,18.69065507761316,1.492472073822244,95.21221392787993,breast lesion,0.7265625
bus_0327-r,,,,,,,369,276,[],0.4359208523592085,0.2787076683534449,0.2802896848698375,0.9801505817932923,0.9256585997048179,0.9529045907490551,61.15714294622443,23.10911363005611,2.4969199178644765,94.95557704940438,breast lesion,0.765625
bus_0328-l,,,,,,,369,274,[],0.9629889903958773,0.9286198328439124,0.9832575938770629,0.9435391324305715,0.9984847172915404,0.971011924861056,4.403287374635475,1.6811998142281817,-0.040394767041542344,95.722746104002,breast lesion,0.8515625
bus_0328-r,,,,,,,369,276,[],0.9214672728405057,0.8543711745005197,0.9745751547885654,0.8738483345145287,0.9979331320011138,0.9358907332578212,10.63014581273465,3.470041513546956,-0.10335459484998819,94.27066217176616,breast lesion,0.85546875
bus_0329-l,,,,,,,295,277,[],0.8888656122342097,0.7999622926093515,0.9783260318192298,0.8143953934740883,0.9973630689389158,0.905879231206502,24.691943076008414,5.6327938488731615,-0.16756238003838772,96.14318492822349,breast lesion,0.90625
bus_0329-r,,,,,,,295,275,[],0.9568190854870775,0.9172129897850282,0.990125082290981,0.9256808739806124,0.9982385838213924,0.9619597289010025,5.656854249492381,2.202079274108111,-0.0650869364517618,96.12692496739328,breast lesion,0.90234375
bus_0330-l,,,,,,,369,274,[],0.6373351143763567,0.4677122901605195,0.9359980382540461,0.4831645569620253,0.9971997510889857,0.7401821540255056,34.79918501993269,13.28472282795024,-0.4837974683544304,96.92711313255131,breast lesion,0.66796875
bus_0330-r,,,,,,,369,276,[],0.7312814773363179,0.576393789696542,0.6931890515595163,0.7738038844149692,0.9513557155352217,0.8625797999750955,38.614112145757574,15.44145745220466,0.11629559450497394,96.0108321160078,breast lesion,0.76171875
bus_0331-s,,,,,,,383,404,[],0.8076160087327995,0.6773120191545924,0.9987538940809969,0.677884869522316,0.999510099102869,0.8386974843125925,77.04381700945174,21.309624345388965,-0.32126936021003294,96.42498195171356,breast lesion,0.91796875
bus_0332-l,,,,,,,349,275,[],0.9313063063063063,0.8714436248682824,0.9355203619909502,0.9271300448430493,0.9987896932827978,0.9629598690629235,3.0,1.2923294989916851,-0.008968609865470852,96.06539295054972,breast lesion,0.82421875
bus_0332-r,,,,,,,349,276,[],0.9305555555555556,0.8701298701298701,0.8959302325581395,0.967964824120603,0.9981104589790145,0.9830376415498088,3.605551275463989,1.3048630687513691,0.08040201005025126,96.42550116404891,breast lesion,0.77734375
bus_0333-s,,,,,,,384,404,[],0.9306757548960186,0.8703400854859692,0.8774332552693208,0.9907971566387408,0.9393518003485741,0.9650744784936575,29.068883707497267,7.400110966724725,0.1291994584073792,95.42921790853143,breast lesion,0.83203125
bus_0334-l,,,,,,,295,276,[],0.9222820919175911,0.8557731898123639,0.859869976359338,0.9944634313055366,0.964500673753556,0.9794820525295462,13.038404810405298,4.866249508073998,0.15652768284347232,94.53105786815286,breast lesion,0.890625
bus_0334-r,,,,,,,295,275,[],0.9753934191702432,0.951968723820162,0.9641518772537652,0.9869001954114497,0.9924674630058834,0.9896838292086665,5.0,1.4465424562228877,0.0235941231815879,95.05021898075938,breast lesion,0.85546875
bus_0335-l,,,,,,,350,274,[],0.9451371571072319,0.8959810874704491,0.9940983606557378,0.9007724301841948,0.9997028100956511,0.950237620139923,5.0,1.908702302957129,-0.09387997623291741,93.7046289909631,breast lesion,0.87890625
bus_0335-r,,,,,,,350,276,[],0.9389101464573163,0.8848545138025367,0.9869625520110957,0.895319577252139,0.9994925830760262,0.9474060801640826,5.830951894845301,1.8441952979697924,-0.09285354806240563,95.09075107052922,breast lesion,0.859375
bus_0336-s,,,,,,,383,403,[],0.8816348324151154,0.7883246527777777,0.9931649168853893,0.7926249181758673,0.9990489523258822,0.8958369352508748,34.556766703176365,8.323120792183662,-0.20192013964651975,96.36441990733147,breast lesion,0.8984375
bus_0337-l,,,,,,,369,274,[],0.0,0.0,0.0,0.0,0.9732454635367257,0.48662273176836285,128.3234176094343,96.44903099515935,0.3123762376237624,94.4511559791863,breast lesion,0.6953125
bus_0337-r,,,,,,,369,276,[],0.9144836544706646,0.8424411647387315,0.8630976706170821,0.9723756906077348,0.9966389758407577,0.9845073332242462,4.242640687119285,1.8925100690157326,0.12661141804788215,96.48766205646098,breast lesion,0.640625
bus_0338-l,,,,,,,349,275,[],0.7192455349691204,0.5615795647074157,0.9171988080034057,0.5915705656232839,0.9956139856355211,0.7935922756294025,26.0,10.910468015362909,-0.35502471169686983,96.28496807999909,breast lesion,0.4140625
bus_0338-r,,,,,,,349,276,[],0.22246905744208187,0.12515622210319585,0.46012471283229406,0.14669875483938474,0.9810411792501758,0.5638699670447802,93.22123595695756,31.516102687213927,-0.6811761012870148,98.43251691199839,breast lesion,0.482421875
bus_0339-l,,,,,,,316,279,[],0.6268400392541708,0.45649455065213507,0.4912201999487311,0.8659060099412562,0.8999016542263466,0.8829038320838014,62.91868621685957,17.05363263295789,0.762765476728423,96.70976805500686,breast lesion,0.73046875
bus_0339-r,,,,,,,316,276,[],0.6889539362193807,0.5254994124559342,0.5287718745073309,0.9883601001915426,0.9256735754516405,0.9570168378215915,54.0,15.808477835248354,0.8691616325327832,98.59785111621022,breast lesion,0.78125
bus_0340-l,,,,,,,369,275,[],0.9413815756228208,0.8892548570337486,0.9937056595721983,0.8942921607220009,0.9985367789296166,0.9464144698258088,9.0,3.7308013254052717,-0.10004320483894197,96.9279520213604,breast lesion,0.91015625
bus_0340-r,,,,,,,369,276,[],0.9488144408750191,0.9026136562081611,0.9791614043950493,0.9202920054602647,0.9961174186716866,0.9582047120659756,8.54400374531753,3.2748085429107525,-0.06012226244881002,97.75442187674344,breast lesion,0.890625
bus_0341-l,,,,,,,384,274,[],0.1917011845069399,0.10601189519369876,0.9954716981132076,0.10606304277902863,0.9999353308902781,0.5529991868346533,88.27853644636944,43.788964191022274,-0.8934544869733033,95.96037096343935,breast lesion,0.6796875
bus_0341-r,,,,,,,384,276,[],0.2556545039010166,0.14656185054667029,0.894649751792609,0.14913571165869804,0.9979917567397064,0.5735637341992023,87.23531395025755,36.09851683875356,-0.8333026848105921,94.25674192607403,breast lesion,0.6484375
bus_0342-l,,,,,,,350,276,[],0.8689883070665989,0.768328313929968,0.8410253887030112,0.8988746318889357,0.958354815425861,0.9286147236573983,24.226902417754257,7.019773330053332,0.06878418174169121,94.8909658472985,breast lesion,0.80859375
bus_0342-r,,,,,,,350,276,[],0.8893805309734514,0.8007968127490039,0.9610997659012801,0.8276217027664594,0.9893429760523982,0.9084823394094288,20.23239632646265,6.402567513823228,-0.1388805490027879,95.74921592138708,breast lesion,0.84375
bus_0343-l,,,,,,,406,280,[],0.8547049441786284,0.7462748920763125,0.9876520457058606,0.7533033455158842,0.9993712816470544,0.8763373135814693,24.98693168768528,6.001021911128805,-0.2372786055664886,95.61128308996558,breast lesion,0.6328125
bus_0343-r,,,,,,,406,278,[],0.7560128936275725,0.6077337054016344,0.7276849642004773,0.7866357069143447,0.9661892532595812,0.8764124800869629,35.330551196462395,12.15771781300228,0.08101135190918472,94.48500699363649,breast lesion,0.7265625
bus_0344-l,,,,,,,370,275,[],0.8288040812322182,0.7076562238230859,0.7214346712211784,0.9737206085753803,0.9832566829548721,0.9784886457651263,19.43561294066137,5.688762008993818,0.34970032272936835,96.46771312691271,breast lesion,0.8671875
bus_0344-r,,,,,,,370,277,[],0.931211701917375,0.8712779729979656,0.8733778272154246,0.9972480948348857,0.9930139312235338,0.9951310130292097,4.4985291572495765,2.2273456539430656,0.1418289585097375,96.15651494823396,breast lesion,0.828125
bus_0345-l,,,,,,,371,275,[],0.9411015600127348,0.888755261575466,0.9737208110680038,0.9105969331872946,0.9958932473088759,0.9532450902480852,8.94427190999916,3.5954492928692807,-0.06482749178532311,96.80369007401168,breast lesion,0.82421875
bus_0345-r,,,,,,,371,276,[],0.8744658736574662,0.77693412682126,0.7771999452579718,0.9995599753586201,0.9642327507607131,0.9818963630596667,19.715472727398875,7.192378841391577,0.2861040218252222,95.9935209248215,breast lesion,0.84765625
bus_0346-l,,,,,,,369,274,[],0.9156641604010025,0.8444470125967872,0.8452284557547716,0.9989063568010936,0.9857342388928575,0.9923202978469756,8.54400374531753,3.8293779954322478,0.18181818181818182,97.25310001522303,breast lesion,0.91796875
bus_0346-r,,,,,,,369,277,[],0.9548458149779736,0.9135932560590094,0.9332615715823466,0.9774520856820744,0.9940783190066858,0.9857652023443801,6.004138126514907,2.0418119605851577,0.04735062006764374,97.60787896811962,breast lesion,0.87109375
bus_0347-s,,,,,,,382,404,[],0.9419074246660454,0.8901937756899589,0.994005245410266,0.8949987349245172,0.999550785773947,0.9472747603492321,7.0,2.830609157018061,-0.09960360968204436,98.29810401424766,breast lesion,0.93359375
bus_0348-l,,,,,,,332,275,[],0.9470343620048151,0.8993972147162752,0.997770945426595,0.9012079977783949,0.9996228672492717,0.9504154325138333,6.0,2.9300381466020053,-0.09677867259094695,95.56902199983597,breast lesion,0.9296875
bus_0348-r,,,,,,,332,275,[],0.813313909857414,0.6853656721970092,1.0,0.6853656721970092,1.0,0.8426828360985046,47.67598976424087,9.561460307039399,-0.31463432780299083,94.32798391208053,breast lesion,0.8671875
bus_0349-l,,,,,,,296,276,[],0.9445634070901737,0.8949504057709649,0.9105504587155964,0.9812160158180919,0.9975524958266916,0.9893842558223918,3.605551275463989,1.277944157897537,0.07760751359367277,95.315245911479,breast lesion,0.82421875
bus_0349-r,,,,,,,296,277,[],0.8927070457354759,0.806206742576468,0.982050584715801,0.8182642193519148,0.9991492543085113,0.9087067368302131,7.0710678118654755,2.881728673684438,-0.1667799682755495,95.95539001747966,breast lesion,0.85546875
bus_0350-l,,,,,,,368,274,[],0.8260625351057854,0.7036682615629984,0.7450185748058088,0.926890756302521,0.9923312883435583,0.9596110223230396,17.0,3.674282984171332,0.24411764705882352,95.49714997410774,breast lesion,0.7734375
bus_0350-r,,,,,,,368,275,[],0.8871342313051556,0.7971619365609349,0.9958289885297185,0.7998324958123953,0.999960002399856,0.8998962491061258,4.0,1.8612564411944112,-0.1968174204355109,94.94164795614779,breast lesion,0.8125
bus_0351-l,,,,,,,349,275,[],0.7144413964150164,0.5557439345220696,0.5737912718053962,0.9464356829948227,0.9178294212798641,0.9321325521373434,42.96509581890588,16.032567819756515,0.6494424532058941,95.25147406384349,breast lesion,0.734375
bus_0351-r,,,,,,,349,275,[],0.7927349559140222,0.6566370490037695,0.6711848080363286,0.9680460454500347,0.9443642459661459,0.9562051457080902,42.04045327076868,13.680714314748371,0.442294333631041,95.08977108635008,breast lesion,0.8203125
bus_0352-l,,,,,,,368,276,[],0.44576346638967207,0.2868054229520718,0.28718929254302106,0.9953611663353215,0.9243429731100964,0.9598520697227089,89.87488616979165,29.510210622809183,2.465871438038436,96.11995401792228,breast lesion,0.71484375
bus_0352-r,,,,,,,368,276,[],0.4596547912592467,0.2984102450872157,0.2992692648361382,0.9904727006229388,0.9359665718997562,0.9632196362613474,96.05831074673368,26.542302368429226,2.3096372297544887,94.46663595736027,breast lesion,0.85546875
bus_0353-l,,,,,,,351,273,[],0.8957825679475164,0.8112374809030725,0.9669521818304445,0.8343711808182506,0.9937690742624619,0.9140701275403562,17.0,6.371500704888825,-0.13711226211953675,95.83960799500346,breast lesion,0.76953125
bus_0353-r,,,,,,,351,278,[],0.9008438227131284,0.8195776372168945,0.9768954824588071,0.8357781939242613,0.995150215687776,0.9154642048060186,29.081765072506652,6.770030395438769,-0.1444548481065335,96.15296497941017,breast lesion,0.62890625
bus_0354-s,,,,,,,382,405,[],0.37648242650758285,0.23189304055250576,0.9208860759493671,0.23660673954286746,0.9984335948649758,0.6175201672039217,134.82431896976018,39.64808666602251,-0.7430662209775047,96.903852885589,breast lesion,0.49609375
bus_0355-s,,,,,,,382,403,[],0.8514530607023304,0.741330660132175,0.9640770604992516,0.7623902252768232,0.9941763987601365,0.8782833120184799,32.26991676642554,10.674332589509174,-0.20920198549064528,96.48472303524613,breast lesion,0.82421875
bus_0356-l,,,,,,,296,276,[],0.2062805046505203,0.1150015401991991,0.9564474807856533,0.11560693641618497,0.9992917453616265,0.5574493408889057,110.5282258008141,42.613687884263975,-0.8791288191577209,96.64426604285836,breast lesion,0.70703125
bus_0356-r,,,,,,,296,276,[],0.7782006175055647,0.636929948283968,0.9744650242762093,0.6477408558450872,0.9980635483431065,0.8229022020940968,29.104972802234627,7.952331380470757,-0.3352856801338752,97.62449888512492,breast lesion,0.58984375
bus_0357-l,,,,,,,332,274,[],0.8799255959665182,0.7855956647146228,0.998223011994669,0.7866958424507658,0.9997988509359718,0.8932473466933688,21.36934058189016,5.839138605061606,-0.21190371991247264,97.94178605079651,breast lesion,0.7734375
bus_0357-r,,,,,,,332,275,[],0.8802265219443134,0.7860755225893459,0.9966869723201881,0.7881348770387898,0.9996099009651805,0.8938723890019852,24.157744707985035,6.992287196820385,-0.20924533085439026,96.84089105576277,breast lesion,0.5859375
bus_0358-l,,,,,,,399,321,[],0.9720092024539877,0.9455427079447967,0.9572359105069386,0.987245643072729,0.9961547602879262,0.9917002016803276,3.605551275463989,1.341099425493125,0.031350404050238534,96.26354812644422,breast lesion,0.9296875
bus_0358-r,,,,,,,399,322,[],0.9008924377642086,0.8196581196581196,0.9021636876763875,0.899624765478424,0.9930637765735724,0.9463442710259982,17.88854381999832,5.627694286036812,-0.0028142589118198874,94.94428802281618,breast lesion,0.80078125
bus_0359-l,,,,,,,435,320,[],0.0,0.0,0.0,0.0,0.8661328059046287,0.43306640295231436,143.43011097208174,88.34523355277823,0.12325440194292653,94.66619091108441,breast lesion,0.466796875
bus_0359-r,,,,,,,435,322,[],0.804672454617206,0.6731815540647615,0.7130308286241818,0.9233444428343718,0.9593800487851237,0.9413622458097477,50.548952680214775,14.090272068327574,0.294957252572091,97.10331703536212,breast lesion,0.6640625
bus_0360-l,,,,,,,433,322,[],0.8297003736051661,0.7089640591966173,0.9853088088382206,0.7165384615384616,0.9978453105338458,0.8571918860361537,43.23419506190005,14.672490849882207,-0.2727777777777778,96.3841900229454,breast lesion,0.74609375
bus_0360-r,,,,,,,433,325,[],0.916692338159574,0.8461975950601235,0.9627027776493968,0.8748792473434416,0.9930976085394643,0.933988427941453,23.021728866442675,5.956691674545929,-0.09122600697215338,96.82009997777641,breast lesion,0.7734375
bus_0361-l,,,,,,,432,322,[],0.9285714285714286,0.8666666666666667,0.8909764487959778,0.9694788367405701,0.9969623463662437,0.9832205915534069,6.324555320336759,2.1989289620832957,0.08810826374892024,94.88201607018709,breast lesion,0.84375
bus_0361-r,,,,,,,432,323,[],0.8919054801407743,0.8049001814882033,0.8386385124487866,0.9523979957050823,0.996255722455427,0.9743268590802547,10.81433761578582,2.9512295661210612,0.13564781675017895,95.42330796830356,breast lesion,0.68359375
bus_0362-l,,,,,,,431,324,[],0.9651416739938168,0.9326316943485172,0.9866620273718395,0.9445400544051519,0.998109034703324,0.971324544554238,5.0990195135927845,2.336709041749315,-0.04269138955199023,95.54001106880605,breast lesion,0.9453125
bus_0362-r,,,,,,,431,323,[],0.9531494754829829,0.9104924276775188,0.9561904761904761,0.9501277562222012,0.992208606102694,0.9711681811624476,7.0710678118654755,3.0783208667000386,-0.006340493990725844,96.48144314996898,breast lesion,0.89453125
bus_0363-l,,,,,,,432,320,[],0.9291127541589649,0.8676102528695953,0.9530716723549488,0.9063288856833754,0.9961068990467802,0.9512178923650778,10.76332042419228,3.543202336461202,-0.04904435629282366,97.42747503332794,breast lesion,0.859375
bus_0363-r,,,,,,,432,323,[],0.9363132552012355,0.8802528185855825,0.9477653117528049,0.9251346499102334,0.9955761861740241,0.9603554180421288,8.06225774829855,3.0688035601046693,-0.023877917414721724,97.7032498922199,breast lesion,0.80859375
bus_0364-l,,,,,,,450,323,[],0.8095346835531978,0.6800153455704421,0.9492481977342946,0.7056715869418754,0.9890679349755094,0.8473697609586923,44.47229106921438,14.991937188392383,-0.2565994977644393,97.38565306179225,breast lesion,0.7734375
bus_0364-r,,,,,,,450,323,[],0.8691287982106813,0.7685479980704293,0.9011991854589335,0.8392625109745391,0.9775828877005348,0.9084226993375369,26.611988979224552,10.193467729702363,-0.06872695346795435,96.31934785284102,breast lesion,0.7890625
bus_0365-l,,,,,,,450,323,[],0.9391934074166562,0.8853578154425612,0.8969711423801574,0.985587002096436,0.9969477298740939,0.9912673659852649,5.0,1.9605679303592596,0.09879454926624738,96.48818196728826,breast lesion,0.8671875
bus_0365-r,,,,,,,450,322,[],0.857906739010773,0.7511704764527678,0.7557495151011361,0.9919985451900345,0.9873530319007755,0.989675788545405,19.834059680336402,5.094972319260139,0.31260229132569556,96.76372911781073,breast lesion,0.8125
bus_0366-l,,,,,,,434,324,[],0.8856302774427021,0.794736486029362,0.9844129724293975,0.8048646796848236,0.9985240555145571,0.9016943675996903,20.591260281974,6.204289516779646,-0.18239122987324427,97.4470148794353,breast lesion,0.71875
bus_0366-r,,,,,,,434,323,[],0.6931700297828197,0.5304209771586602,0.9939539347408829,0.53213790268715,0.9994781268897192,0.7658080147884345,50.793206253989936,16.026147896188515,-0.46462518625083493,97.5438270252198,breast lesion,0.72265625
bus_0367-l,,,,,,,447,319,[],0.9666400638467677,0.9354340438677788,0.9555064689176397,0.9780361757105943,0.9979325664767854,0.9879843710936899,4.012310562561762,1.3951122229571629,0.023578811369509043,95.55248077958822,breast lesion,0.921875
bus_0367-r,,,,,,,447,321,[],0.9493592712675621,0.903600293901543,0.9188583383144052,0.9819546470776109,0.9960429950810712,0.988998821079341,7.217397266055991,2.0246598781262843,0.06866815713829448,94.55907787196338,breast lesion,0.87109375
bus_0368-l,,,,,,,453,320,[],0.9595719381688466,0.9222857142857143,0.9687875150060024,0.950530035335689,0.9990761468215897,0.9748030910786394,4.0,1.3115301145613483,-0.01884570082449941,96.83263092301786,breast lesion,0.859375
bus_0368-r,,,,,,,453,323,[],0.970184928921877,0.942096261910579,0.9678714859437751,0.9725094577553594,0.999100833134299,0.9858051454448291,2.0,0.9881294753101219,0.0047919293820933165,96.65167587809265,breast lesion,0.87109375
bus_0369-l,,,,,,,453,323,[],0.9486164093248562,0.9022552926812413,0.9765864605410797,0.9222039086413939,0.990958025594854,0.956580967118124,14.38487136281985,4.895638728252105,-0.055686366847186246,97.41726401261985,breast lesion,0.88671875
bus_0369-r,,,,,,,453,324,[],0.9048695500131136,0.8262664507447027,0.998539099754679,0.8272664992007308,0.9994853469538366,0.9133759230772838,23.932869795409314,8.392928518400556,-0.171523178807947,98.65702199749649,breast lesion,0.90234375
bus_0370-l,,,,,,,434,325,[],0.6764620729588883,0.5111013890407963,0.99985735682191,0.511138658985671,0.9999823979299965,0.7555605284578337,47.33918266173521,22.398768232511458,-0.4887884201699056,94.59910984151065,breast lesion,0.51171875
bus_0370-r,,,,,,,434,322,[],0.8403934170805336,0.7247228753778973,0.9933241252302025,0.7282700421940929,0.9990004136219496,0.8636352279080213,37.11603368414828,11.226276459981566,-0.2668354430379747,96.61196498200297,breast lesion,0.8203125
bus_0371-l,,,,,,,432,324,[],0.8465656775264577,0.7339522164651698,0.7639700374531835,0.949185667752443,0.9756157959496374,0.9624007318510401,23.345235059857504,8.468187665930058,0.2424383434155421,97.50045603141189,breast lesion,0.8359375
bus_0371-r,,,,,,,432,322,[],0.8354162253759797,0.7173517642779192,0.74429137573127,0.9519671735457398,0.9792841963644147,0.9656256849550773,29.068883707497267,7.961664535163163,0.27902486121168235,96.39676008373499,breast lesion,0.875
bus_0372-l,,,,,,,426,320,[],0.84472049689441,0.7311827956989247,0.9101899827288429,0.7880373831775701,0.9968237000839887,0.8924305416307794,23.861161377563885,5.143865817166344,-0.1342056074766355,95.53300100378692,breast lesion,0.7890625
bus_0372-r,,,,,,,426,324,[],0.9366773910500146,0.8808967129693303,0.915,0.9594068304373876,0.9954700490300575,0.9774384397337226,9.486832980505138,2.4082538009415226,0.048532055122828044,94.897726085037,breast lesion,0.7890625
bus_0373-l,,,,,,,451,324,[],0.9128311169738672,0.8396405850331212,0.9696281148223889,0.8623198167856662,0.9969454135498713,0.9296326151677687,11.180339887498949,4.49078580653296,-0.11066954061700121,95.35627719014883,breast lesion,0.85546875
bus_0373-r,,,,,,,451,323,[],0.9512902618195517,0.9071053955025504,0.978001549186677,0.925999266593326,0.997849104045805,0.9619241853195655,6.4031242374328485,2.741264824051347,-0.053171983865053174,94.97760911472142,breast lesion,0.875
bus_0374-l,,,,,,,442,322,[],0.9186891846549603,0.8496069507654117,0.8988837820091924,0.9393870082342177,0.996651009046625,0.9680190086404213,8.48528137423857,2.5822010719580826,0.04505946935041171,95.31443612650037,breast lesion,0.71875
bus_0374-r,,,,,,,442,322,[],0.7356628016295832,0.5818564877927872,0.5873154866149612,0.9842767295597484,0.9760166916265612,0.9801467105931548,52.18137929009747,10.797433440793045,0.6758909853249476,98.97059900686145,breast lesion,0.83984375
bus_0375-l,,,,,,,433,323,[],0.9319134318103744,0.8725073974012608,0.94443670797939,0.9197179278546244,0.9936216639624014,0.9566697959085129,8.624057378253829,3.60374980621388,-0.02617304041225929,96.59751504659653,breast lesion,0.87109375
bus_0375-r,,,,,,,433,324,[],0.9420065480571559,0.8903708679172864,0.9467884291617774,0.9372727272727273,0.9913438236563423,0.9643082754645348,10.146181835062912,3.790457916633887,-0.010050505050505051,97.37823298200965,breast lesion,0.90625
bus_0376-l,,,,,,,434,323,[],0.9236191024165707,0.8580783108378992,0.9791094845989631,0.8740811325891642,0.9989686530759734,0.9365248928325688,10.77727824608745,3.243779238439389,-0.10726926218350122,96.62689687684178,breast lesion,0.8203125
bus_0376-r,,,,,,,434,323,[],0.9570449916682096,0.9176282620273389,0.9418731778425656,0.972713586751976,0.9976347243230418,0.9851741555375089,3.605551275463989,1.648938267969497,0.032743695897628905,95.57649306952953,breast lesion,0.87890625
bus_0377-l,,,,,,,440,319,[],0.9466917619805993,0.8987794149989004,0.9120174068288328,0.9841069171031245,0.9872564626784863,0.9856816898908054,7.280109889280518,3.295913212878084,0.0790440069833243,95.04047990776598,breast lesion,0.8515625
bus_0377-r,,,,,,,440,319,[],0.9411992049469965,0.8889294467330656,0.8927467923540193,0.9952127970109171,0.9833808051545472,0.9892968010827321,11.704699910719626,3.7079164049326465,0.11477611068947399,95.23658407852054,breast lesion,0.8984375
bus_0378-l,,,,,,,452,319,[],0.9066162990944947,0.8291840260136165,0.8584955286691215,0.96045197740113,0.990087846004186,0.975269911702658,18.553891394492286,4.256805309149627,0.1187617702448211,94.50466791167855,breast lesion,0.80078125
bus_0378-r,,,,,,,452,319,[],0.8698086794213719,0.7696118909991743,0.7707787732598208,0.9980367660182046,0.9880001443157629,0.9930184551669837,15.811388300841896,5.129267816403412,0.29484204890237375,96.74878790974617,breast lesion,0.83984375
bus_0379-l,,,,,,,433,320,[],0.915864166244298,0.8447872837774661,0.8961811869730534,0.9364311625496632,0.9952700514419565,0.9658506069958098,7.249056587021872,2.966750088914029,0.044912765589911904,96.8871209770441,breast lesion,0.6328125
bus_0379-r,,,,,,,433,323,[],0.943238579602216,0.8925747679614988,0.9246794871794872,0.9625579240037071,0.9968541765825797,0.9797060502931434,6.4031242374328485,2.081731890300979,0.04096385542168675,97.81462280079722,breast lesion,0.84765625
bus_0380-l,,,,,,,435,321,[],0.9423273657289003,0.8909442630878974,0.9962146816276869,0.893970641756642,0.9997868972235753,0.9468787694901086,6.0,2.3980485218812615,-0.1026325366978042,94.75125302560627,breast lesion,0.82421875
bus_0380-r,,,,,,,435,325,[],0.9070068404511,0.8298376184032477,0.8356327712485097,0.9917121487770366,0.9929266719441757,0.9923194103606061,10.786543088512042,3.327208652489056,0.18677986658580958,96.4282809291035,breast lesion,0.875
bus_0381-l,,,,,,,429,321,[],0.9462132629992465,0.8979172253508537,0.9005737851891698,0.9967255407819011,0.9913108884205248,0.994018214601213,5.0,2.5741910313029694,0.10676721571740425,96.23659704811871,breast lesion,0.875
bus_0381-r,,,,,,,429,323,[],0.9556718392878624,0.9151068363762023,0.9583232810615199,0.9530350287907869,0.9943311866770581,0.9736831077339225,8.0,2.6584973718156077,-0.005518234165067178,94.69873202033341,breast lesion,0.7734375
bus_0382-l,,,,,,,430,323,[],0.8209340530391926,0.6962579617834395,0.8483599102649609,0.7952259164535379,0.9793808483449441,0.887303382399241,35.35533905932738,11.77321900473783,-0.06263142938334754,97.76291204616427,breast lesion,0.703125
bus_0382-r,,,,,,,430,324,[],0.920995988650817,0.8535612277281589,0.9843668304925233,0.8652909274749517,0.997456661166023,0.9313737943204874,25.597782818955427,6.0905266781861025,-0.1209670006434415,96.67166694998741,breast lesion,0.8203125
bus_0383-l,,,,,,,434,323,[],0.802275960170697,0.669833729216152,0.7224214716430851,0.9019781517567168,0.9412397797430335,0.9216089657498752,81.82214541739779,17.229750858916276,0.24854837122330478,97.28846093639731,breast lesion,0.71484375
bus_0383-r,,,,,,,434,322,[],0.9060600225565978,0.8282538724602696,0.8631098999004245,0.9535085687818434,0.9786733727424148,0.9660909707621291,15.591631777244137,6.134710653999235,0.10473598888374247,95.91498994268477,breast lesion,0.80859375
bus_0384-l,,,,,,,434,321,[],0.721339962349761,0.5641374103435258,0.995868319338931,0.5654608748297261,0.9997541633624107,0.7826075190960684,51.502536325532056,14.63514494553793,-0.4321931285000757,94.45274597965181,breast lesion,0.625
bus_0384-r,,,,,,,434,323,[],0.900988827533068,0.8198177144192569,0.8323315406516925,0.9819912288886815,0.9836249179314873,0.9828080734100844,24.149173572361132,5.061338611526545,0.17980778202855277,97.14336786419153,breast lesion,0.765625
bus_0385-l,,,,,,,451,322,[],0.9004902850917015,0.8189925681255161,0.8238910117959793,0.9927927927927928,0.9843232371036441,0.9885580149482185,14.866068747318506,5.129979876672273,0.20500500500500501,97.08794695325196,breast lesion,0.890625
bus_0385-r,,,,,,,451,322,[],0.940241185958983,0.8872218598245996,0.909705707491082,0.972897790494357,0.9908398673100121,0.9818688289021845,9.055385138137417,3.2200131166695063,0.06946431409950724,96.58726491034031,breast lesion,0.88671875
bus_0386-l,,,,,,,411,322,[],0.8849110032362459,0.793578813713042,1.0,0.793578813713042,1.0,0.896789406856521,7.0710678118654755,3.9781073292240117,-0.2064211862869581,96.0935337934643,breast lesion,0.87890625
bus_0386-r,,,,,,,411,322,[],0.9114885536448992,0.8373715836402403,0.8552761829340725,0.975609756097561,0.9942852228841252,0.9849474894908431,7.0710678118654755,2.7948223279457514,0.1406955736224029,94.8635961394757,breast lesion,0.796875
bus_0387-l,,,,,,,436,324,[],0.9206710473183803,0.8530031970614244,0.8889203941305734,0.9547738693467337,0.9877702333567471,0.9712720513517403,14.866068747318506,4.332073063666645,0.07408253388152886,95.37407709285617,breast lesion,0.87890625
bus_0387-r,,,,,,,436,322,[],0.8478400833920962,0.7358701436934539,0.7700061257448348,0.9431787175989086,0.9671523558044094,0.9551655367016589,20.913893421008158,8.68390962430122,0.22489768076398362,96.46754199638963,breast lesion,0.84765625
bus_0388-l,,,,,,,433,321,[],0.9600956508743088,0.9232538085656798,0.9400058530875036,0.981062919975565,0.998489526153302,0.9897762230644336,2.8284271247461903,1.1360772468583429,0.04367745876603543,97.21107012592256,breast lesion,0.859375
bus_0388-r,,,,,,,433,322,[],0.9320660641944531,0.8727750218850306,0.88100147275405,0.9894144889182931,0.9970381883096413,0.9932263386139673,4.073863375370592,1.7815351772569197,0.12305656632484287,96.09051398001611,breast lesion,0.8515625
bus_0389-l,,,,,,,434,324,[],0.9714461504041166,0.9444776768720431,0.9573893390662036,0.9859218891916439,0.9937154471544716,0.9898186681730577,5.0,1.8846756000534837,0.029802452316076294,97.53343602642417,breast lesion,0.93359375
bus_0389-r,,,,,,,434,323,[],0.9733259017437694,0.9480378470606483,0.9719586535913066,0.9746970019136721,0.9956414270412788,0.9851692144774755,4.47213595499958,1.8241687028619804,0.002817350627259196,95.76106606982648,breast lesion,0.921875
bus_0390-l,,,,,,,432,320,[],0.957542071946889,0.918542654028436,0.9326315789473684,0.9838197969543148,0.9887369267900241,0.9862783618721694,8.48528137423857,2.7891542332282606,0.054885786802030455,97.01012400910258,breast lesion,0.859375
bus_0390-r,,,,,,,432,320,[],0.9164575581898416,0.8457975643841086,0.8613076360087827,0.979153184801701,0.9707476459187349,0.974950415360218,22.258580073512686,6.010476704815095,0.13682166959415734,96.12358384765685,breast lesion,0.8359375
bus_0391-l,,,,,,,430,322,[],0.9398381237652157,0.8865043582807334,0.9615309382538958,0.9191025241508258,0.9951803292080219,0.9571414266794238,9.899494936611665,3.6510036679947175,-0.04412589591773138,96.1320148780942,breast lesion,0.78515625
bus_0391-r,,,,,,,430,322,[],0.8857912107000173,0.7949957128381012,0.8532585961683259,0.920902934537246,0.9862307179024218,0.9535668262198339,24.041630560342615,6.8177633701064675,0.07927765237020316,97.6250390522182,breast lesion,0.67578125
bus_0392-l,,,,,,,448,323,[],0.8503434231871052,0.7396499444594554,0.9982172521372716,0.7406282879903803,0.9996051651576199,0.8701167265740001,30.893213980824306,12.2293583245996,-0.2580490004509244,95.69413494318724,breast lesion,0.83203125
bus_0392-r,,,,,,,448,322,[],0.9359177215189873,0.8795539033457249,0.9506462197816915,0.9216386418230215,0.9870074922873513,0.9543230670551863,21.55455649217489,6.23365893796868,-0.03051353632409271,97.14220813475549,breast lesion,0.8359375
bus_0393-l,,,,,,,430,323,[],0.9427942059942594,0.8917792650587195,0.9224137931034483,0.9640955631399317,0.9954851214228708,0.9797903422814013,9.848857801796104,2.4745237611324247,0.045187713310580205,95.94241995364428,breast lesion,0.859375
bus_0393-r,,,,,,,430,322,[],0.940118772682283,0.8870038910505836,0.8943816698053986,0.9907858136300417,0.9949287156765229,0.9928572646532823,6.082762530298219,2.2321966007074416,0.10778859527121001,94.22232094220817,breast lesion,0.82421875
bus_0394-l,,,,,,,434,322,[],0.8813846526264827,0.7879246916251893,0.8756613756613757,0.8871832358674464,0.9921392732248746,0.9396612545461605,13.416407864998739,5.378535865264568,0.013157894736842105,97.0945069566369,breast lesion,0.7265625
bus_0394-r,,,,,,,434,321,[],0.8724939855653568,0.7738264580369844,0.8935820720403613,0.8523782876329044,0.9930433582095276,0.922710822921216,18.583473895027,6.0457969417796384,-0.04611080022383884,98.19536190479994,breast lesion,0.8046875
bus_0395-l,,,,,,,448,324,[],0.9621884241656105,0.9271320985141461,0.9389816532673676,0.9865713666883258,0.9978937631195076,0.9922325649039168,3.0,1.328597245027533,0.050682261208576995,97.04659506678581,breast lesion,0.87890625
bus_0395-r,,,,,,,448,323,[],0.9316573102269954,0.8720584875485492,0.8949589683470105,0.971494018834309,0.9968176167643402,0.9841558177993246,5.0,2.1751143050828747,0.08551794349707305,95.92199907638133,breast lesion,0.86328125
bus_0396-l,,,,,,,448,322,[],0.8662944460769909,0.7641264904095386,0.8752065262288311,0.8575620367793995,0.9538401306303296,0.9057010837048645,41.273412964374685,12.569625951091846,-0.02016037234715301,94.54552899114788,breast lesion,0.73828125
bus_0396-r,,,,,,,448,323,[],0.8769911239950988,0.7809298240945259,0.7974184782608695,0.9742049000730363,0.9349374247263968,0.9545711623997166,76.12223090720134,14.652795146345584,0.22169842639930948,95.96200101077557,breast lesion,0.81640625
bus_0397-l,,,,,,,431,323,[],0.8973498060436157,0.8138118606988707,0.9853951890034365,0.8237476808905381,0.9983347482531183,0.9110412145718282,26.40075756488817,6.054591634963784,-0.16404332994194745,96.79957991465926,breast lesion,0.84765625
bus_0397-r,,,,,,,431,324,[],0.9432858684677784,0.8926594623089088,0.9022311022311023,0.988255033557047,0.9883432854783382,0.9882991595176926,8.06225774829855,3.0867122883459985,0.09534578348409688,96.70061687938869,breast lesion,0.828125
bus_0398-l,,,,,,,434,321,[],0.9061233594824701,0.8283597308136769,0.8361465623713462,0.98888257729449,0.9811955177925995,0.9850390475435448,20.201373574541012,5.705215037709245,0.18266655846790555,96.88085201196373,breast lesion,0.90234375
bus_0398-r,,,,,,,434,320,[],0.972095730475571,0.9457064819132636,0.9561527581329562,0.9885793871866295,0.9947719241888853,0.9916756556877574,5.575347416784999,1.796901318287453,0.03391364902506964,96.51335305534303,breast lesion,0.953125
bus_0399-l,,,,,,,453,323,[],0.9722146739130435,0.9459316544384956,0.9837091009073412,0.9609857641686812,0.9981967175694492,0.9795912408690652,5.385164807134504,1.6444693598015656,-0.023099650819231803,95.16243310645223,breast lesion,0.86328125
bus_0399-r,,,,,,,453,322,[],0.9215663757464401,0.8545415823660952,0.996337451114284,0.8572344175612883,0.999535955577578,0.9283851865694331,17.80403160266853,5.5049347037734275,-0.13961437803770763,96.39399079605937,breast lesion,0.82421875
bus_0400-l,,,,,,,433,323,[],0.0,0.0,0.0,0.0,0.9100595001388087,0.4550297500694043,174.62423440979188,95.16550753319915,0.8211789729565482,97.70911000669003,breast lesion,0.5546875
bus_0400-r,,,,,,,433,321,[],0.0,0.0,0.0,0.0,0.7869044684934985,0.39345223424674924,189.6108805232223,117.31485435777869,4.594509803921569,97.31209208257496,breast lesion,0.66015625
bus_0401-l,,,,,,,432,322,[],0.755227060860301,0.6067187332834064,0.6150092180891443,0.9782646196308435,0.9733697405237535,0.9758171800772986,35.36438576843415,10.467297040865365,0.5906503363808867,95.99288110621274,breast lesion,0.6953125
bus_0401-r,,,,,,,432,323,[],0.9348558284728498,0.8776800863797625,0.9364713627386438,0.9332458586189929,0.9971072924707169,0.9651765755448549,6.037243138634193,2.5380155094887487,-0.003444316877152698,95.67254409193993,breast lesion,0.66015625
bus_0402-l,,,,,,,435,324,[],0.9331238779174147,0.8746318889356332,0.9148514851485149,0.9521410579345088,0.9971663505963844,0.9746537042654466,4.0,1.841670386039652,0.0407602473093657,95.15939210541546,breast lesion,0.8671875
bus_0402-r,,,,,,,435,323,[],0.9145865480620858,0.84261582204382,0.9911469604564234,0.8490057296932929,0.9996656040305861,0.9243356668619396,8.246211251235321,2.7488021951882335,-0.1434108527131783,95.64651409164071,breast lesion,0.83984375
bus_0403-l,,,,,,,435,322,[],0.9422505180335746,0.8908068820623474,0.9972348472809331,0.8930126654333286,0.9991709153285367,0.9460917903809327,15.0,5.551069537010277,-0.10451117119681229,96.56824497506022,breast lesion,0.95703125
bus_0403-r,,,,,,,435,325,[],0.9348606227570957,0.877688537979853,0.9131466204015154,0.9576324681593702,0.9785659361783929,0.9680992021688816,13.0,5.4609466844508985,0.04871709182726226,97.67916006967425,breast lesion,0.90625
bus_0404-l,,,,,,,434,324,[],0.9611545918001005,0.9252142659662704,0.9273936538728004,0.9974664679582712,0.991760747193308,0.9946136075757896,5.0,2.1669352911180444,0.07555886736214605,95.83365800790489,breast lesion,0.94140625
bus_0404-r,,,,,,,434,321,[],0.9403466487080424,0.8874096869146374,0.999397272658781,0.8878848728246319,0.999935677874797,0.9439102753497144,6.4031242374328485,3.4734862051284616,-0.11157965194109773,97.1429580822587,breast lesion,0.94140625
bus_0405-l,,,,,,,436,323,[],0.9429753287043876,0.8921034241788959,0.9411677971099971,0.9447898164594435,0.9970239871114028,0.9709069017854232,5.778722601239413,2.146426508216493,0.0038484310242747188,96.17677517235279,breast lesion,0.7890625
bus_0405-r,,,,,,,436,324,[],0.9050620044724538,0.8265874489417007,0.9985794392523365,0.8275605675692422,0.9998481518481519,0.9137043597086971,14.845819609901481,5.68982278405306,-0.1712621599851292,94.5747101213783,breast lesion,0.796875
bus_0406-l,,,,,,,451,326,[],0.0,0.0,0.0,0.0,0.9578156856417853,0.47890784282089266,179.03071935211224,107.03823748588916,-0.46101949025487254,96.63784690201283,breast lesion,0.55078125
bus_0406-r,,,,,,,451,318,[],0.7934890164258857,0.6576724350036907,0.7951412989588498,0.7918435864520589,0.9845000787750111,0.888171832613535,29.081396563476353,9.55260704868453,-0.004147328922681939,97.29338111355901,breast lesion,0.58984375
bus_0407-l,,,,,,,438,321,[],0.8906385323990237,0.8028388928317955,0.9945489713381396,0.8063872255489022,0.999767936279794,0.9030775809143481,17.632681053229565,4.40276667251777,-0.18919304248645566,96.23986692167819,breast lesion,0.8203125
bus_0407-r,,,,,,,438,318,[],0.9358756693221888,0.8794796269023073,0.9770929915462231,0.8979949874686717,0.9987205264119905,0.9483577569403311,7.211102550927978,2.865058615490375,-0.08095238095238096,97.14817814528942,breast lesion,0.8671875
bus_0408-l,,,,,,,434,323,[],0.9270645554202193,0.8640450458632277,0.8952246530228182,0.9612528416266733,0.9815013248938839,0.9713770832602786,20.301296753353196,5.134975643582164,0.07375599898964386,96.35264007374644,breast lesion,0.84765625
bus_0408-r,,,,,,,434,320,[],0.8993210765518919,0.8170603228547154,0.8184232026143791,0.9979660454111494,0.9535321328698743,0.9757490891405118,22.825424421026653,7.524079627335325,0.2193765306546013,97.10657619871199,breast lesion,0.88671875
bus_0409-l,,,,,,,435,323,[],0.9277839029768468,0.8652956298200514,0.8765625,0.9853629976580797,0.9965423921685912,0.9909526949133354,7.0710678118654755,2.224656284881796,0.12412177985948478,96.85299103148282,breast lesion,0.84765625
bus_0409-r,,,,,,,435,322,[],0.9312101910828026,0.8712753277711561,0.8775510204081632,0.9918588873812755,0.994707622061952,0.9932832547216137,7.0710678118654755,2.4959725150790946,0.13025780189959293,96.27086715772748,breast lesion,0.83203125
bus_0410-l,,,,,,,435,325,[],0.966824644549763,0.9357798165137615,0.9422028353326063,0.9927678269685705,0.9928819718754938,0.9928248994220321,5.0,2.1308775366433323,0.05366677931733694,96.88442084006965,breast lesion,0.9453125
bus_0410-r,,,,,,,435,322,[],0.9802887081409833,0.9613394653636103,0.9703343729600348,0.9904493966091656,0.9967684078285123,0.993608902218839,3.1622776601683795,1.2415543235117457,0.020729991856074628,96.65710711851716,breast lesion,0.953125
bus_0411-l,,,,,,,457,325,[],0.9545140601874692,0.9129860324650811,0.9657260748036737,0.943559399180701,0.9961320655521007,0.9698457323664008,7.0,2.6765367774270348,-0.02295337798296378,96.8941431492567,breast lesion,0.875
bus_0411-r,,,,,,,457,324,[],0.8647874670110618,0.761784636691893,0.8546140613728428,0.8752060010229016,0.9799189091828836,0.9275624551028926,18.82812824608457,7.113358599319094,0.024095016195942492,96.3463899679482,breast lesion,0.8203125
bus_0412-l,,,,,,,439,319,[],0.9545850836173417,0.9131159969673995,0.926604092937375,0.9843085975809088,0.9964382518312762,0.9903734247060925,5.385164807134504,1.8734751263338945,0.06227525335076822,97.21610997803509,breast lesion,0.87109375
bus_0412-r,,,,,,,439,321,[],0.9483503195716013,0.9017739816031537,0.9066387757348894,0.9940849830999517,0.9936065141176914,0.9938457486088216,5.044558781116746,2.2599154362691496,0.09645098985997103,96.49160294793546,breast lesion,0.87109375
bus_0413-l,,,,,,,439,321,[],0.9361766030935575,0.8800112930547713,0.9305866547245858,0.9418341139144886,0.9965376023827253,0.9691858581486069,8.018677324489563,2.372879537011414,0.012086417887898474,97.0966462045908,breast lesion,0.7578125
bus_0413-r,,,,,,,439,319,[],0.9144534326007588,0.8423898707465048,0.9662632375189107,0.867916836526702,0.9983192897303327,0.9331180631285174,14.399494936611626,3.694331977659602,-0.1017801331702677,96.64248605258763,breast lesion,0.83984375
bus_0414-l,,,,,,,435,323,[],0.9292286720436215,0.8678124336940378,0.8944778567523237,0.9667887956506324,0.9926918299960619,0.9797403128233471,9.848857801796104,3.3329237411648274,0.08084150809596974,96.75408899784088,breast lesion,0.86328125
bus_0414-r,,,,,,,435,323,[],0.9224643192698313,0.8560870287327687,0.9361605521249546,0.9091630655260605,0.9945573912639549,0.9518602283950077,15.928246374656348,3.7061583514354517,-0.02883852191551283,96.44780191592872,breast lesion,0.8515625
bus_0415-l,,,,,,,453,322,[],0.881431083250516,0.7879989065062876,0.8852886977886978,0.8776069416958441,0.9946373575884621,0.936122149642153,13.511765694581516,4.410907981037887,-0.00867711980514538,96.87644219957292,breast lesion,0.6875
bus_0415-r,,,,,,,453,323,[],0.9281247462031998,0.865888771025913,0.8732997096133273,0.9902946273830155,0.9941017011860632,0.9921981642845394,9.899494936611665,2.8086234389096068,0.1339688041594454,96.72648785635829,breast lesion,0.74609375
bus_0416-l,,,,,,,437,324,[],0.9580209293933684,0.9194243496998614,0.9433083300434267,0.9731997393287716,0.9944475377381836,0.9838236385334775,5.830951894845301,2.0509602741189976,0.03168784620397524,95.71169503033161,breast lesion,0.83203125
bus_0416-r,,,,,,,437,323,[],0.9618674554320888,0.9265362698290467,0.9568190854870775,0.9669693803745077,0.9957811480249867,0.9813752641997473,5.094068537913138,1.9096253583354381,0.01060837418628948,96.81788017041981,breast lesion,0.90625
bus_0417-l,,,,,,,452,324,[],0.501228692904786,0.33442640016656255,0.9861857252494244,0.3360004183662797,0.999293153008812,0.6676467856875459,117.38391552171029,33.20119349425387,-0.6592929609873445,96.21456707827747,breast lesion,0.53515625
bus_0417-r,,,,,,,452,322,[],0.7460063241755985,0.5949043751637412,0.9684401322102569,0.6066657761154154,0.9977330514964924,0.8021994138059538,69.02131099154194,14.900422492748126,-0.3735639861074005,97.9227761272341,breast lesion,0.58984375
bus_0418-l,,,,,,,429,321,[],0.9520707877596166,0.9085258590360032,0.9197981596913031,0.9866904413169458,0.9889267740930774,0.9878086077050117,11.267029484964723,3.2777224117559274,0.0727249570145832,96.42170183360577,breast lesion,0.859375
bus_0418-r,,,,,,,429,324,[],0.9575433518922764,0.9185450096466049,0.9606299212598425,0.9544765537137548,0.9932515078662112,0.9738640307899831,8.48528137423857,2.696597294343447,-0.006405554740599482,96.93350293673575,breast lesion,0.90234375
bus_0419-l,,,,,,,435,323,[],0.9234636387275722,0.8578099838969404,0.941665193565494,0.905952380952381,0.9975487465181059,0.9517505637352435,8.0,2.662662057500607,-0.03792517006802721,96.54870396479964,breast lesion,0.828125
bus_0419-r,,,,,,,435,323,[],0.863950233281493,0.7604862556127477,0.782510705431598,0.9643105124288294,0.9855218147992558,0.9749161636140427,42.882162156947366,7.516361991051843,0.23232884321621997,96.46881208755076,breast lesion,0.80078125
bus_0420-l,,,,,,,453,319,[],0.9455284552845529,0.8966846569005397,0.9187623436471363,0.973900907187718,0.9955075650565741,0.9847042361221461,7.0710678118654755,2.337733912254716,0.06001395673412421,96.48192301392555,breast lesion,0.828125
bus_0420-r,,,,,,,453,319,[],0.9415580441833425,0.8895698427382054,0.9030402629416598,0.9835080542060854,0.9939569082196291,0.9887324812128573,10.04987562112089,2.5759710218099676,0.08910764510355408,96.05809301137924,breast lesion,0.87109375
bus_0421-l,,,,,,,436,323,[],0.9059419131361578,0.8280565026790063,0.9115281501340483,0.9004237288135594,0.9988124370231755,0.9496180829183674,5.0,2.0344667258989744,-0.012182203389830509,96.86733107082546,breast lesion,0.78125
bus_0421-r,,,,,,,436,322,[],0.9189033189033189,0.8499733048585157,0.9375736160188457,0.9009620826259196,0.9992353471596033,0.9500987148927614,6.28828640183097,1.735741590437072,-0.03904923599320883,96.38071991503239,breast lesion,0.546875
bus_0422-l,,,,,,,454,320,[],0.8715639365794164,0.7723644828732956,0.7881787330316742,0.9746800027977898,0.9714085033935702,0.97304425309568,29.115283972159585,9.288639919807222,0.23662306777645659,97.11351688019931,breast lesion,0.84765625
bus_0422-r,,,,,,,454,323,[],0.7287529411764706,0.5732583105056638,0.5739807264640474,0.9978092783505155,0.9586195475295575,0.9782144129400365,49.39822169718594,14.832768749265776,0.7384020618556701,96.44035203382373,breast lesion,0.91015625
bus_0423-l,,,,,,,433,322,[],0.7171533987868176,0.5590328556108024,0.9808416010947657,0.5652045342533267,0.9991336700675273,0.782169102160427,55.787991172318826,12.22044250752464,-0.4237555446032528,97.17171895317733,breast lesion,0.7578125
bus_0423-r,,,,,,,433,322,[],0.8815542719975996,0.7881958417169684,0.8081419337092559,0.9696369636963696,0.9895400626846422,0.979588513190506,11.0,4.5907271063028565,0.19983498349834983,96.11645503900945,breast lesion,0.84765625
bus_0424-l,,,,,,,452,322,[],0.8676862884581185,0.7662949583791424,0.7713833992094862,0.9914651493598862,0.989717187088883,0.9905911682243846,12.904772721475243,4.649193016781091,0.2853078642552327,98.47388905473053,breast lesion,0.7109375
bus_0424-r,,,,,,,452,323,[],0.8754436077209383,0.7784790640394089,0.7970055161544524,0.9710061443932412,0.9908514930249738,0.9809288187091074,15.132745950421556,4.604258650274053,0.21831797235023043,95.26625392027199,breast lesion,0.80859375
bus_0425-l,,,,,,,433,322,[],0.8135870677307141,0.6857537081752328,0.6905175408127823,0.9900398406374502,0.9868399675060926,0.9884399040717714,20.12461179749811,6.08510844640122,0.43376494023904383,95.43548803776503,breast lesion,0.89453125
bus_0425-r,,,,,,,433,322,[],0.866288667192995,0.764117498100785,0.7705566905005107,0.9891821012948697,0.9865216576036002,0.987851879449235,20.396078054371138,5.348963644334577,0.28372397967546303,95.07108991965652,breast lesion,0.9140625
bus_0426-l,,,,,,,433,324,[],0.9108403161428458,0.836278031259101,0.9587646076794658,0.8674789789033784,0.9938470991688186,0.9306630390360986,28.955037505985725,6.709115863659118,-0.09521172146417603,95.96390090882778,breast lesion,0.88671875
bus_0426-r,,,,,,,433,323,[],0.9002652959708174,0.8186204297022239,0.9995857688590233,0.8188982315900607,0.9999205915050556,0.9094094115475582,25.07588356083179,8.176613787152434,-0.18076241469024545,95.91050003655255,breast lesion,0.88671875
bus_0427-l,,,,,,,454,321,[],0.8404905729452682,0.7248673907552412,0.9135694389176283,0.7782372881355932,0.991708911012032,0.8849730995738125,23.43607180592794,7.89943942287383,-0.14813559322033898,97.50015591271222,breast lesion,0.67578125
bus_0427-r,,,,,,,454,324,[],0.613268156424581,0.44223990331352603,0.48364357308073574,0.8378172104560199,0.9313686737816036,0.8845929421188117,94.70613087376752,23.92266066941861,0.7323029956115246,95.47658986411989,breast lesion,0.76953125
bus_0428-l,,,,,,,437,323,[],0.8429485564568953,0.7285316147012716,0.7285316147012716,1.0,0.976526139803895,0.9882630699019475,19.712935995426495,7.604780720936853,0.3726240286909743,97.25856990553439,breast lesion,0.83984375
bus_0428-r,,,,,,,437,323,[],0.9260684059592922,0.8623160088576267,0.9200194566048224,0.932197423079631,0.9909332955225761,0.9615653593011035,10.0,4.199689270403482,0.013236640146447933,96.04254201985896,breast lesion,0.8359375
bus_0429-l,,,,,,,433,320,[],0.9256177020837365,0.8615347664224811,0.8799215012878695,0.9763200870985302,0.9925387921836417,0.984429439641086,9.391093797103851,3.212615492730617,0.10955362003266195,94.56424787640572,breast lesion,0.84375
bus_0429-r,,,,,,,433,323,[],0.869107353032274,0.7685144609991236,0.7785793562708102,0.9834571708958363,0.9849690339496406,0.9842131024227385,18.486780093896833,5.996707941366305,0.2631431375297911,97.1583379432559,breast lesion,0.78125
bus_0430-l,,,,,,,433,323,[],0.7003298996835656,0.5388520513883133,0.5420531526836895,0.9891593761886649,0.9673553688308408,0.9782573725097529,32.413362289150996,12.721826479522068,0.8248383415747432,97.29348099790514,breast lesion,0.79296875
bus_0430-r,,,,,,,433,322,[],0.7635524798154556,0.6175373134328358,0.6226116226116226,0.9869742623979912,0.9713499782043381,0.9791621203011647,24.155698018702324,10.123562026765757,0.585216572504708,96.74213896505535,breast lesion,0.734375
bus_0431-l,,,,,,,456,324,[],0.8847716415911424,0.7933546837469976,0.8479377032346398,0.9249509941192943,0.9870321314155192,0.9559915627674067,19.235384061671343,5.290422396030428,0.09082423224120227,95.61370289884508,breast lesion,0.76953125
bus_0431-r,,,,,,,456,322,[],0.8540227739406384,0.7452353803551067,0.7804503582395087,0.9429101401483924,0.981229216498454,0.9620696783234232,19.235384061671343,7.0129600299188875,0.208161582852432,94.53897806815803,breast lesion,0.8359375
bus_0432-l,,,,,,,437,325,[],0.9068974410407772,0.8296544853982069,0.9204816473736257,0.8937083474528409,0.9890040943057778,0.9413562208793094,13.39006172229542,5.074548539530117,-0.02908618547385067,95.49800981767476,breast lesion,0.7578125
bus_0432-r,,,,,,,437,321,[],0.6019499788045782,0.43056397816858705,0.6167477414871438,0.5878456698128829,0.9655847549512867,0.7767152123820849,62.0,19.14010638055625,-0.046862063255505876,94.51177692972124,breast lesion,0.51953125
bus_0433-l,,,,,,,459,323,[],0.9566897051278181,0.916975237213608,0.94491146485423,0.9687652811735942,0.9929945336133498,0.980879907393472,7.211102550927978,2.6594962425501834,0.025244498777506112,97.45382401160896,breast lesion,0.87890625
bus_0433-r,,,,,,,459,322,[],0.9576120727918331,0.9186714924419842,0.933982683982684,0.9824681238615665,0.9932031911574631,0.9878356575095149,5.0,2.388233380588181,0.05191256830601093,96.83265117928386,breast lesion,0.890625
bus_0434-l,,,,,,,437,324,[],0.8694564694564695,0.7690605854322669,0.963744934954148,0.7919733613739923,0.998748914499345,0.8953611379366686,12.083045973594572,4.731378189662823,-0.17823343848580442,96.66960686445236,breast lesion,0.7109375
bus_0434-r,,,,,,,437,321,[],0.683891498711926,0.5196315486470927,0.5519814090019569,0.8986459577857427,0.9729178218919818,0.9357818898388623,54.50683859638942,13.278092526826619,0.6280366387893269,95.72048508562148,breast lesion,0.8125
bus_0435-l,,,,,,,455,322,[],0.8465434829136049,0.7339188520534389,0.7356478611283322,0.9968077956989247,0.9848318843466753,0.9908198400228001,26.049761899362657,6.40588534250566,0.3550067204301075,95.74663592502475,breast lesion,0.80859375
bus_0435-r,,,,,,,455,322,[],0.7944825924587399,0.6590386729289497,0.6720676653418934,0.9714243629400501,0.9769683869998067,0.9741963749699284,31.766334030097603,9.092413745624723,0.44542642509942554,95.97629099152982,breast lesion,0.77734375
bus_0436-l,,,,,,,434,321,[],0.7215932607795875,0.5644473223127904,0.9884605122732124,0.5681914037038457,0.9984721768389074,0.7833317902713766,98.1183654348684,21.55019232955236,-0.4251754150531038,96.20955702848732,breast lesion,0.828125
bus_0436-r,,,,,,,434,320,[],0.8784527164933424,0.7832507192623661,0.9982329033398127,0.7843382276371967,0.99963659819571,0.8919874129164533,32.01562118716424,9.869129890056456,-0.21427331736610086,99.28211593069136,breast lesion,0.75390625
bus_0437-l,,,,,,,453,323,[],0.8981473030939126,0.8151246583285016,0.8273224043715847,0.9822337558638586,0.9849303008070432,0.9835820283354509,21.38927949898214,5.034169868070882,0.1872442359516918,98.00638793967664,breast lesion,0.8046875
bus_0437-r,,,,,,,453,322,[],0.922966223651909,0.8569519767350467,0.9897421931735657,0.8646312450436162,0.9991520081647356,0.9318916266041759,13.099056661149485,4.148126199570761,-0.12640761300555114,95.42128792963922,breast lesion,0.80859375
bus_0438-l,,,,,,,437,321,[],0.9645789605333275,0.9315813797159902,0.9977725779597714,0.9335227870750448,0.9989328676755918,0.9662278273753182,9.219544457292887,3.8399285870968822,-0.06439322176612988,95.00317904166877,breast lesion,0.921875
bus_0438-r,,,,,,,437,324,[],0.973956433219964,0.949234968917028,0.9920644434321881,0.9564976191576904,0.9966336472550495,0.9765656332063699,7.211102550927978,2.688919931782636,-0.03585132448800333,96.03364299982786,breast lesion,0.90625
bus_0439-l,,,,,,,430,323,[],0.9077575543382223,0.8310952920239444,0.8385569702905648,0.989406779661017,0.9926027315292675,0.9910047555951422,7.48150781923056,3.134983628329273,0.17989214175654852,97.50763606280088,breast lesion,0.796875
bus_0439-r,,,,,,,430,322,[],0.765579196217494,0.620193044277616,0.620193044277616,1.0,0.9815567062464661,0.990778353123233,28.241801672363746,8.767687962983233,0.612401185770751,95.57612193748355,breast lesion,0.85546875
bus_0440-l,,,,,,,432,322,[],0.7743985027212057,0.6318517923163478,0.9998092331171309,0.6319279771713355,0.9999737355874035,0.8159508563793696,60.88676506677329,17.646291046126805,-0.3679514488967485,97.68196009099483,breast lesion,0.75390625
bus_0440-r,,,,,,,432,323,[],0.8494765632368197,0.7383392081318141,0.9965149084471981,0.740250667762482,0.9994531297471376,0.8698518987548098,30.066592756745816,12.636187113738632,-0.25716046846106433,96.1445348802954,breast lesion,0.6796875
bus_0441-l,,,,,,,469,322,[],0.9517861056322595,0.9080075266569099,0.9238459902148479,0.9814689265536723,0.997557864290928,0.9895133954223001,5.0,1.6841760801436387,0.062372881355932205,96.40995203517377,breast lesion,0.671875
bus_0441-r,,,,,,,469,321,[],0.5873360548944672,0.4157648794884407,0.4195830230826508,0.9785817655571636,0.96820400560186,0.9733928855795118,52.61463630924854,18.080892307659422,1.3322720694645442,97.11048705503345,breast lesion,0.74609375
bus_0442-l,,,,,,,435,324,[],0.6129865555098926,0.4419470899470899,0.6439893912292605,0.5848316809499804,0.9531063394184601,0.7689690101842203,61.431231302837894,23.829362976895972,-0.09186131182434325,98.16658101044595,breast lesion,0.4140625
bus_0442-r,,,,,,,435,323,[],0.6215410813111962,0.4508956145768993,0.9763197230745024,0.4558812725001837,0.9973429375987571,0.7266121050494704,84.9102455702781,24.85713108968078,-0.533061494379546,97.40895382128656,breast lesion,0.72265625
bus_0443-l,,,,,,,450,320,[],0.9605431912485854,0.9240818696472638,0.9609056603773585,0.9601809954751132,0.9981145810584553,0.9791477882667843,3.539060233169658,1.4273101268932409,-0.0007541478129713424,96.007842104882,breast lesion,0.8828125
bus_0443-r,,,,,,,450,323,[],0.9063349646547036,0.8287134866376632,0.8491911858361992,0.9717242384492056,0.9914505845229585,0.9815874114860821,22.23198950233689,3.4369038908884373,0.14429383471797114,94.54409894533455,breast lesion,0.8515625
bus_0444-l,,,,,,,456,318,[],0.7550061804697157,0.6064336775218427,0.61128903122498,0.9870717517776342,0.9932316099845951,0.9901516808811146,20.93523587283111,6.279308353359487,0.6147382029734971,97.23249985836446,breast lesion,0.76953125
bus_0444-r,,,,,,,456,321,[],0.9223596188931684,0.8559066967644846,0.9013470681458003,0.9443752594437526,0.9982704369751402,0.9713228482094464,4.123105625617661,2.0345707047926247,0.047737650477376506,97.6988801266998,breast lesion,0.70703125
bus_0445-l,,,,,,,432,321,[],0.8929174642495215,0.8065500406834825,0.8116683725690891,0.9922422422422422,0.9931687902818617,0.992705516262052,13.953452380169676,3.5154065588717467,0.22247247247247248,96.65287705138326,breast lesion,0.80859375
bus_0445-r,,,,,,,432,319,[],0.8000811441322649,0.6667793744716821,0.6698369565217391,0.9932007051120625,0.9854748686835479,0.9893377868978053,24.06652283771191,7.180447343596883,0.48274993704356584,95.9334799554199,breast lesion,0.76171875
bus_0446-l,,,,,,,433,321,[],0.9114370590419606,0.8372846665529592,0.9030537159676233,0.9199775112443778,0.9871447737528967,0.9535611424986372,23.345235059857504,5.604478641861327,0.018740629685157422,94.91100697778165,breast lesion,0.83984375
bus_0446-r,,,,,,,433,320,[],0.9149179445789615,0.8431785780697948,0.8823949143746757,0.9499301675977654,0.9854072762395364,0.9676687219186508,13.036484569885031,5.208512008317462,0.07653631284916201,95.25215392932296,breast lesion,0.86328125
bus_0447-l,,,,,,,452,324,[],0.8814165223705525,0.7879756316788176,0.8945578231292517,0.8686557304855224,0.993229716448877,0.9309427234671996,15.252860563712671,5.598665163967683,-0.02895519101618408,96.58502507954836,breast lesion,0.68359375
bus_0447-r,,,,,,,452,325,[],0.8753038226412315,0.7782580222658808,0.9627349319507453,0.8024307900067522,0.998351195383347,0.9003909926950496,15.102911078806954,5.4544527604913124,-0.1665091154625253,98.7613049801439,breast lesion,0.81640625
bus_0448-l,,,,,,,436,323,[],0.9088749730079896,0.832970512566792,0.8922098569157393,0.9261744966442953,0.9834162250305748,0.9547953608374351,21.56384618673046,4.836145249991354,0.03806799427879855,97.3446718417108,breast lesion,0.7890625
bus_0448-r,,,,,,,436,324,[],0.8992698081545648,0.8169756901524516,0.9482544237207078,0.8550974642056236,0.9908364104475084,0.922966937326566,16.1245154965971,6.621471358693848,-0.09824046920821114,96.45710210315883,breast lesion,0.84765625
bus_0449-l,,,,,,,454,325,[],0.871101573676681,0.7716385755924471,0.7725196650596295,0.998524106264349,0.9873243220315019,0.9929242141479254,13.019202405202648,5.460327321760848,0.2925549360446048,94.62443017400801,breast lesion,0.7734375
bus_0449-r,,,,,,,454,323,[],0.40479083492449225,0.25375408052230686,0.5369972367209088,0.32482124616956076,0.977802801145187,0.651312023657374,97.18538984847466,32.33895613205602,-0.39511560962020614,96.80688986554742,breast lesion,0.6015625
bus_0450-l,,,,,,,455,325,[],0.9410000299949008,0.8885741800260579,0.9796402697976517,0.9052923183470883,0.9975028342065754,0.9513975762768319,8.329885794286437,3.8266379162194695,-0.0758931147919432,96.81761101819575,breast lesion,0.82421875
bus_0450-r,,,,,,,455,324,[],0.8585173467397664,0.7521072215050497,0.8441934796505434,0.8733356846838903,0.9706905674293319,0.9220131260566111,63.57907633436426,11.969573028175969,0.0345207653646063,97.87209401838481,breast lesion,0.66796875
bus_0451-l,,,,,,,456,326,[],0.8222131717016842,0.698100158659127,0.9127659574468086,0.7480057538904146,0.9869546195760251,0.8674801867332198,30.265491900843113,10.622625935958958,-0.18050651671679527,95.68580402992666,breast lesion,0.7734375
bus_0451-r,,,,,,,456,323,[],0.8472578857745222,0.7349934346276495,0.9892072708911891,0.7409350919491325,0.9986443096682126,0.8697897008086726,44.55511297619881,9.993069445378055,-0.25098094832884227,97.50258596614003,breast lesion,0.83203125
bus_0452-l,,,,,,,455,320,[],0.0,0.0,0.0,0.0,0.9794715404109927,0.48973577020549636,97.29966388353758,48.141512984845896,-0.262490489475019,96.65926592424512,breast lesion,0.6015625
bus_0452-r,,,,,,,455,322,[],0.0,0.0,0.0,0.0,0.9454520776929286,0.4727260388464643,167.24949013707104,111.88436213168738,0.17062701211099188,94.98978895135224,breast lesion,0.5703125
bus_0453-l,,,,,,,455,321,[],0.8746089836642064,0.7771600901097304,0.8483322095744259,0.9025656173516753,0.9687471905980042,0.9356564039748397,32.66570892568241,9.780601136338907,0.06392944552282893,97.5915570743382,breast lesion,0.8359375
bus_0453-r,,,,,,,455,324,[],0.6761100517570144,0.5106995884773663,0.621380288742385,0.7414119287065618,0.9287385929916597,0.8350752608491108,65.19202405202648,24.283417517308852,0.19316937170168277,96.33042896166444,breast lesion,0.7109375
bus_0454-l,,,,,,,455,320,[],0.9328188464662875,0.8740960645505063,0.9919661368348307,0.880328120208525,0.9992984097287184,0.9398132649686217,8.54400374531753,3.099486279691791,-0.11254216498006746,96.93702310323715,breast lesion,0.87890625
bus_0454-r,,,,,,,455,324,[],0.946195652173913,0.8978855079938113,0.9926512511878366,0.9038938563599654,0.9991082753584195,0.9515010658591925,8.246211251235321,3.4762272068427937,-0.08941447937698298,96.0026050452143,breast lesion,0.890625
bus_0455-l,,,,,,,453,322,[],0.9551756629425225,0.9141973718113888,0.9352840384868855,0.9759317837986522,0.996457303654533,0.9861945437265927,5.0990195135927845,1.8403603928436025,0.04346032182643378,94.88766500726342,breast lesion,0.91015625
bus_0455-r,,,,,,,453,324,[],0.939134256207427,0.8852526926263463,0.8936437134095344,0.9895045531717858,0.9945613822500053,0.9920329677108956,7.211102550927978,2.2133248267746337,0.10726964037660133,97.22769889049232,breast lesion,0.8046875
bus_0456-l,,,,,,,434,322,[],0.9674138255792051,0.9368843487778183,0.9617977528089887,0.9730958696475938,0.9976788464018327,0.9853873580247132,4.123105625617661,1.4846265815546458,0.011746873815839333,97.29729103855789,breast lesion,0.890625
bus_0456-r,,,,,,,434,323,[],0.9540080639650106,0.9120606298183719,0.9362843729040912,0.9724157146837559,0.9964286788367267,0.9844221967602413,4.242640687119285,1.9221948006583693,0.03859013652828086,96.88579081557691,breast lesion,0.859375
bus_0457-l,,,,,,,453,323,[],0.7213480361789122,0.5641472868217055,1.0,0.5641472868217055,1.0,0.7820736434108527,21.02379604162864,9.205647478635363,-0.43585271317829455,97.51277486793697,breast lesion,0.6640625
bus_0457-r,,,,,,,453,322,[],0.8968907459751752,0.8130570409982175,0.9809139784946237,0.8261263300882952,0.9994980523015362,0.9128121911949156,9.186612788698946,3.403575889052265,-0.15779941136518,96.45101195201278,breast lesion,0.78125
bus_0458-l,,,,,,,436,322,[],0.9655402401067141,0.9333763163550398,0.9635408963171128,0.9675478984108125,0.9961158470289775,0.9818318727198949,5.024754878398197,1.8098281042717033,0.004158621713946235,95.39513709023595,breast lesion,0.91015625
bus_0458-r,,,,,,,436,324,[],0.4068555847696952,0.25537897310513447,0.8247137781287012,0.27003619441571874,0.9966748547121203,0.6333555245639195,82.0,23.59706267316212,-0.6725698035160289,96.37054917402565,breast lesion,0.6875
bus_0459-l,,,,,,,454,322,[],0.9565291510398909,0.9166802809998367,0.9350108315280786,0.9790612458558716,0.9972233494948632,0.9881422976753674,4.0,1.7188854495688437,0.04711219682428895,97.70782990381122,breast lesion,0.89453125
bus_0459-r,,,,,,,454,323,[],0.9300613496932515,0.8692660550458715,0.8809225817986769,0.9850059976009596,0.9952979384354702,0.9901519680182149,10.319172768048059,2.692768567376395,0.11815273890443823,96.62933484651148,breast lesion,0.875
bus_0460-l,,,,,,,453,321,[],0.8757640369580668,0.7789859653559237,0.9977327935222672,0.7803673210892971,0.9998981951453628,0.89013275811733,10.46878240448416,4.811614983604849,-0.21785940468651044,97.10131585597992,breast lesion,0.796875
bus_0460-r,,,,,,,453,323,[],0.8759337168369538,0.779254506568897,0.9994122257053292,0.7796117988690203,0.9999785370879121,0.8897951679784661,12.863961030678928,4.752096029261682,-0.21992969585816904,96.71651711687446,breast lesion,0.859375
bus_0461-l,,,,,,,452,321,[],0.9650704940937381,0.9324987727049583,0.9634795840730408,0.9666666666666667,0.9989798954392826,0.9828232810529747,3.5833875946992038,1.2034693390653017,0.0033078880407124683,95.73856508359313,breast lesion,0.890625
bus_0461-r,,,,,,,452,322,[],0.9445126442425731,0.8948592695975809,0.8996725912067353,0.9940568475452196,0.9969719214534777,0.9955143844993486,7.615773105863909,1.8941874544528803,0.1049095607235142,95.88933805935085,breast lesion,0.8984375
bus_0462-l,,,,,,,455,324,[],0.9632360915302028,0.9290794979079497,0.9448936170212766,0.982304799823048,0.9981875310534013,0.9902461654382246,2.8627416997969504,1.1013211677972916,0.039593010395930106,96.67953592725098,breast lesion,0.73828125
bus_0462-r,,,,,,,455,322,[],0.951900861163621,0.9082164328657315,0.9292597908550339,0.9756727664155005,0.9975681105276143,0.9866204384715573,3.9605551275463897,1.5539578480379175,0.049946178686759955,97.26907988078892,breast lesion,0.8125
bus_0463-l,,,,,,,445,319,[],0.9516300705641187,0.9077235466646612,0.9157120097109476,0.9904808796980141,0.9914386332637225,0.9909597564808683,21.215557845090068,3.0721069671809347,0.08165107500410307,98.19975099526346,breast lesion,0.8828125
bus_0463-r,,,,,,,445,322,[],0.9596279494422095,0.922389205792014,0.984083328456902,0.936358574610245,0.9978297295140828,0.9670941520621639,6.324555320336759,2.364835280939759,-0.04849665924276169,97.93227515183389,breast lesion,0.8671875
bus_0464-l,,,,,,,453,325,[],0.9378445573451519,0.8829635660492571,0.9815960174988686,0.8978268368402897,0.998161681609282,0.9479942592247859,9.974873734152917,3.366810152481806,-0.08533977233528803,96.95899300277233,breast lesion,0.89453125
bus_0464-r,,,,,,,453,324,[],0.863103862234549,0.7591756481211768,0.9858156028368794,0.7675600058901487,0.9988737893235228,0.8832168976068357,20.12461179749811,6.771577335523075,-0.22139596524812252,97.21760917454958,breast lesion,0.87109375
bus_0465-l,,,,,,,453,322,[],0.9129726485466861,0.8398801072724404,0.929712739020344,0.8968247283753054,0.9868162463150999,0.9418204873452026,14.7648230602334,5.803625638764569,-0.03537437884275246,97.5177448708564,breast lesion,0.8671875
bus_0465-r,,,,,,,453,324,[],0.8441950431492582,0.7303957628365455,0.9886980333582275,0.7365453803642298,0.9981053492584153,0.8673253648113226,27.0,12.381167914956555,-0.25503505062868587,97.76184079237282,breast lesion,0.8671875
bus_0466-l,,,,,,,451,321,[],0.9403991370010788,0.8875031814711123,0.9068920676202861,0.9764771772612714,0.9974645892351275,0.9869708832481994,4.242640687119285,1.8681616415916709,0.07672920750490059,96.94663295522332,breast lesion,0.68359375
bus_0466-r,,,,,,,451,323,[],0.9631934431205889,0.9290001463914508,0.9521380345086271,0.9745085995085995,0.9977076910916133,0.9861081453001064,3.1622776601683795,1.4293029576200118,0.023495085995085995,96.05896193534136,breast lesion,0.85546875
bus_0467-l,,,,,,,453,322,[],0.6673554689334523,0.5007753030730194,0.5103800014366784,0.963781877373847,0.9507848715467818,0.9572833744603144,62.11354757940882,15.560640057743006,0.8883613673358655,94.55121704377234,breast lesion,0.81640625
bus_0467-r,,,,,,,453,322,[],0.9244290657439447,0.8594775447175396,0.9786080586080587,0.8759344262295082,0.9989438733805456,0.937439149805027,8.98606797749979,3.086266649599299,-0.10491803278688525,96.89613082446158,breast lesion,0.85546875
bus_0468-l,,,,,,,459,320,[],0.5296372977532398,0.3602086049543677,0.3686879470481478,0.9399836690255852,0.9152380815870195,0.9276108753063024,97.57711047662806,30.061232359960822,1.549537289058247,97.64394792728126,breast lesion,0.765625
bus_0468-r,,,,,,,459,321,[],0.9127039689805589,0.8394254581475978,0.9291666666666667,0.8968144777225103,0.9953151062441076,0.946064791983309,11.099186938124413,3.9819667239118384,-0.03481849931209652,96.59169497899711,breast lesion,0.7421875
bus_0469-l,,,,,,,455,320,[],0.9527964401012128,0.9098483586068988,0.9461098596430428,0.9595782073813708,0.9977771424487171,0.9786776749150439,5.385164807134504,1.9068838901258252,0.014235500878734621,95.9094890858978,breast lesion,0.90625
bus_0469-r,,,,,,,455,321,[],0.9158409931956548,0.8447478528958379,0.8780041199359121,0.9570858283433133,0.9962477208247974,0.9766667745840554,7.0,2.946160194814174,0.09006986027944112,94.83641386032104,breast lesion,0.85546875
bus_0470-l,,,,,,,436,323,[],0.9252299862986886,0.8608632307412128,0.9581433059693929,0.894502791181758,0.9968293937463054,0.9456660924640317,13.601470508735444,3.674180399884881,-0.06642066420664207,95.50292906351388,breast lesion,0.703125
bus_0470-r,,,,,,,436,322,[],0.9590994813767091,0.9214132034877137,0.9621615229986993,0.9560568675831277,0.9975735701124498,0.9768152188477888,4.47213595499958,1.7918144945432817,-0.00634473034896017,94.64000910520554,breast lesion,0.91015625
bus_0471-l,,,,,,,434,322,[],0.876666063566733,0.7804144743906367,0.9121485943775101,0.8438407059096714,0.994661989552751,0.9192513477312112,22.096366098214517,6.016708542745627,-0.07488679902473006,95.70661396719515,breast lesion,0.86328125
bus_0471-r,,,,,,,434,323,[],0.9163648474251697,0.8456396465616596,0.9851414249910491,0.8565647132072535,0.9986963316657897,0.9276305224365216,10.0,3.6920656049839686,-0.13051599346252626,96.37323906645179,breast lesion,0.83984375
bus_0472-l,,,,,,,435,320,[],0.9531120331950207,0.9104240982956797,0.935946540624236,0.9709189280581622,0.9938290505688108,0.9823739893134864,7.269758788527631,2.5427190453279715,0.03736579592526841,97.5230650510639,breast lesion,0.8671875
bus_0472-r,,,,,,,435,323,[],0.9624445999533473,0.9276079136690647,0.9343297101449275,0.9923039923039924,0.9919413744918699,0.9921226833979311,7.810249675906654,2.2020228702616484,0.06204906204906205,95.89663799852133,breast lesion,0.91796875
bus_0473-l,,,,,,,431,322,[],0.9182275702879631,0.8488176857422695,0.8576982892690513,0.9879488640990147,0.9840870823155549,0.9860179732072848,38.478564935209704,7.593077650166786,0.15186059767119942,96.43183997832239,breast lesion,0.8828125
bus_0473-r,,,,,,,431,323,[],0.9524686548133456,0.909250743846362,0.9199507389162561,0.9873696578058452,0.9906843425295593,0.9890270001677022,8.0,2.558615749290355,0.07328535761492143,97.67242893576622,breast lesion,0.8671875
bus_0474-l,,,,,,,430,320,[],0.8696313831586067,0.7693343305908751,0.7747815607110575,0.9909441233140656,0.9887093119854996,0.9898267176497826,23.817405605213388,4.807717736107035,0.2789980732177264,97.62882813811302,breast lesion,0.8828125
bus_0474-r,,,,,,,430,324,[],0.907319053903157,0.8303604607952434,0.8356394913986537,0.992449478125694,0.9934800507354413,0.9929647644305677,13.819700619271213,3.139581561981035,0.18765267599378194,97.28518081828952,breast lesion,0.875
bus_0475-l,,,,,,,430,322,[],0.9353413404692265,0.8785363572597615,0.8862028301886793,0.990249044669917,0.9926263266881127,0.9914376856790148,9.219544457292887,2.877158968538828,0.11740677296086441,96.56331385485828,breast lesion,0.83984375
bus_0475-r,,,,,,,430,323,[],0.9334982987936901,0.8752900232018561,0.8837999297176994,0.9891190351337179,0.9924425957245814,0.9907808154291496,10.63014581273465,2.967465121934227,0.11916622968012586,96.90101188607514,breast lesion,0.91015625
bus_0476-l,,,,,,,449,321,[],0.9253038273172501,0.8609910883067783,0.9331918630177082,0.9175480250377726,0.9929893265760578,0.9552686758069151,30.213352633976907,6.620497278250715,-0.016763795956543637,96.82193002663553,breast lesion,0.734375
bus_0476-r,,,,,,,449,321,[],0.9035693485314918,0.8241007740173015,0.8645808454740864,0.9462403067003572,0.9871769743388716,0.9667086405196144,30.828542669277358,8.400745176295096,0.09444976910342424,97.61912818066776,breast lesion,0.7890625
bus_0477-l,,,,,,,448,321,[],0.4469111969111969,0.2877563704164077,0.8372513562386981,0.30480579328505597,0.9973862283274766,0.6510960108062662,76.44767938727588,21.151593218053094,-0.6359447004608295,98.09645893983543,breast lesion,0.640625
bus_0477-r,,,,,,,448,324,[],0.6464056107539451,0.4775474956822107,0.9044392523364486,0.502923216837729,0.997024480739151,0.74997384878844,67.13856729447436,15.56180400814464,-0.44393919708977525,97.6830089930445,breast lesion,0.58984375
bus_0478-l,,,,,,,431,322,[],0.7662461843992497,0.6210689480430441,0.9997600767754319,0.6211615288295271,0.9999524895477004,0.8105570091886138,40.311288741492746,17.69420964737879,-0.3786894043289011,96.6974669136107,breast lesion,0.71875
bus_0478-r,,,,,,,431,323,[],0.9293533253610523,0.8680298994759,0.979067739122008,0.8844436662873151,0.9962876073113511,0.9403656367993332,18.952525221630857,5.131443032536255,-0.09664711546879104,96.37879999354482,breast lesion,0.8828125
bus_0479-l,,,,,,,433,321,[],0.9622873259939951,0.9273157687080794,0.9410953419050585,0.9844557174105273,0.9887324902558168,0.986594103833172,7.810249675906654,2.64008424818472,0.04607437054963466,97.64441894367337,breast lesion,0.875
bus_0479-r,,,,,,,433,324,[],0.9063990706641292,0.8288206843556479,0.9455445544554455,0.8703659752219111,0.9911427972321242,0.9307543862270176,27.76639549470545,7.747039596527006,-0.07950823562918308,95.36380600184202,breast lesion,0.88671875
bus_0480-l,,,,,,,434,322,[],0.9129684418145957,0.8398729870718984,0.9765295358649789,0.857175925925926,0.9993428242313259,0.9282593750786259,8.0,2.664264829694555,-0.12222222222222222,97.19905792735517,breast lesion,0.8203125
bus_0480-r,,,,,,,434,322,[],0.42705086739194353,0.2714969343502318,0.2732540638169777,0.9768630616088243,0.92900882886989,0.9529359452393571,87.0551432875272,28.19397998252409,2.5749260156039817,96.01841098628938,breast lesion,0.77734375
bus_0481-l,,,,,,,433,323,[],0.9106671259616489,0.8359860862232529,0.9157141207712736,0.9056754596322941,0.9944318164482616,0.9500536380402779,19.69517395863202,4.55596084501669,-0.010962658444672833,96.55076288618147,breast lesion,0.80859375
bus_0481-r,,,,,,,433,322,[],0.9071031096563011,0.8299988019647777,0.848915574071805,0.9738543716615126,0.9906811173589697,0.9822677445102411,16.55294535724685,4.067721213659317,0.14717458532471184,96.71171708032489,breast lesion,0.83984375
bus_0482-l,,,,,,,431,322,[],0.7111145367658394,0.5517282621695969,0.5594227504244482,0.9756768189509306,0.9728989810076536,0.9742878999792921,36.210778726387666,12.350982979119904,0.744077834179357,97.15634700842202,breast lesion,0.59765625
bus_0482-r,,,,,,,431,321,[],0.8895909275010125,0.8011380215932302,0.8310882397457242,0.956953642384106,0.9915845354527837,0.9742690889184449,23.040939982143936,5.271861304060754,0.15144649703729524,96.96442284621298,breast lesion,0.6953125
bus_0483-l,,,,,,,455,320,[],0.8634527189342651,0.7597156170437623,0.7757013929762605,0.973590248707215,0.964647948297721,0.969119098502468,22.825424421026653,9.28734273742948,0.2551095789214479,95.62056208960712,breast lesion,0.85546875
bus_0483-r,,,,,,,455,322,[],0.9332825424466695,0.8749107233955719,0.8876352155685524,0.983879295508003,0.9831808427397175,0.9835300691238602,13.408933484911497,4.672538465444605,0.10842751419884114,94.91484495811164,breast lesion,0.81640625
bus_0484-l,,,,,,,447,325,[],0.8069217236037077,0.6763359450655868,0.9948203302039494,0.678726035868893,0.9993476683219583,0.8390368520954257,48.84669896727925,14.141474743369313,-0.3177400830462055,98.14480016939342,breast lesion,0.8515625
bus_0484-r,,,,,,,447,324,[],0.8653283960241668,0.7626245276537272,0.9978168742776422,0.7638991299218404,0.9997268747238623,0.8818130023228514,52.0,10.073627017500737,-0.234429533500467,97.23477018997073,breast lesion,0.83203125
bus_0485-l,,,,,,,431,322,[],0.9552277770526041,0.9142928535732134,0.9546047482389773,0.9558516196447231,0.9987106717844599,0.9772811457145916,4.242640687119285,1.3400958353358703,0.0013061650992685476,96.65180509909987,breast lesion,0.6875
bus_0485-r,,,,,,,431,321,[],0.8897174254317112,0.8013432308236126,0.837149187592319,0.9493299832495813,0.9967564705103594,0.9730432268799704,6.082762530298219,2.884876329072883,0.13400335008375208,95.84702714346349,breast lesion,0.6328125
bus_0486-l,,,,,,,453,324,[],0.9010358565737052,0.8198955916473318,0.9749956889118814,0.8375055547326322,0.9989644410481285,0.9182349978903803,8.505834204116207,3.83912528829862,-0.14101614575618426,94.91755603812635,breast lesion,0.85546875
bus_0486-r,,,,,,,453,323,[],0.9311130587204207,0.8711052804198097,0.9732502748259436,0.8924731182795699,0.9984060091272354,0.9454395637034027,13.0,3.1716995778913124,-0.08299731182795698,94.60340905934572,breast lesion,0.83203125
bus_0487-l,,,,,,,448,324,[],0.8893739230327398,0.8007860984691767,0.9776075427224514,0.8157488058443383,0.9979681627914082,0.9068584843178733,19.72308292331602,6.10852315319472,-0.16556617027254847,95.51309910602868,breast lesion,0.828125
bus_0487-r,,,,,,,448,323,[],0.8809704782463288,0.7872629462587621,0.9842391304347826,0.7973144020692312,0.9981664862130828,0.897740444141157,21.010708218732887,7.362280748342981,-0.1899180012107204,95.71826388128102,breast lesion,0.89453125
bus_0488-l,,,,,,,432,322,[],0.8937529578797918,0.8079144385026737,0.936291522062469,0.8549117247623359,0.9960542880830289,0.9254830064226824,10.0,4.619255935533115,-0.0869171570846537,96.54743387363851,breast lesion,0.86328125
bus_0488-r,,,,,,,432,323,[],0.9253038879094367,0.8609911932308755,0.8795201975657082,0.976115896632733,0.9949192132591425,0.9855175549459377,7.914612354157986,2.618536479077821,0.10982772122161316,97.45434392243624,breast lesion,0.859375
bus_0489-l,,,,,,,437,323,[],0.9352157984094361,0.8783148707620007,0.9666574304978295,0.9057550843790567,0.9972144201981543,0.9514847522886055,6.4031242374328485,3.3678492247482525,-0.06300302899177845,95.54306999780238,breast lesion,0.8515625
bus_0489-r,,,,,,,437,323,[],0.9529897456385671,0.9102009666751463,0.9244283684278517,0.9833722687920846,0.9956302194600893,0.989501244126087,5.0,2.0504287298996586,0.06376253950803902,96.74757695756853,breast lesion,0.84765625
bus_0490-l,,,,,,,455,324,[],0.8776735240981409,0.7820126700591962,0.9970868644067796,0.7838034766316228,0.9998403633909718,0.8918219200112973,13.30392053889424,5.373627118274951,-0.21390652649110023,96.76887886598706,breast lesion,0.80078125
bus_0490-r,,,,,,,455,323,[],0.8819057273188039,0.7887579329102448,0.9987476518472135,0.7895388169292963,0.9999110082762304,0.8947249126027633,15.981138830084186,6.124526444718654,-0.20947116574540053,96.8115390278399,breast lesion,0.6484375
bus_0491-l,,,,,,,451,320,[],0.8874969886774271,0.797747942832395,0.9876675603217158,0.8057742782152231,0.9998380669417182,0.9028061725784706,5.0,2.735015911651776,-0.18416447944007,96.61007486283779,breast lesion,0.859375
bus_0491-r,,,,,,,451,322,[],0.8809160305343512,0.7871759890859482,0.9982698961937716,0.7882513661202186,0.9999790247926951,0.8941151954564568,7.175588850572996,2.789040401266544,-0.2103825136612022,97.58410695940256,breast lesion,0.8046875
bus_0492-l,,,,,,,436,322,[],0.9295632416056552,0.8683962264150943,0.8802295003585943,0.9847552821610056,0.9963337797194354,0.9905445309402205,5.726493307633545,2.3278886314058904,0.11874832843006151,96.55711287632585,breast lesion,0.89453125
bus_0492-r,,,,,,,436,321,[],0.9302192564346997,0.8695419711281411,0.8745294855708908,0.9934840154754633,0.9948165426339368,0.9941502790547001,4.47213595499958,2.4006482273653234,0.13602117694970475,97.23605890758336,breast lesion,0.90625
bus_0493-l,,,,,,,435,319,[],0.9690912456042939,0.940035906642729,0.9575713240673006,0.9808917197452229,0.9943299850917712,0.987610852418497,4.47213595499958,1.7175641425106356,0.024353690520794304,95.42411682195961,breast lesion,0.90234375
bus_0493-r,,,,,,,435,322,[],0.9441671092228713,0.8942391523036685,0.9994753017015217,0.8946591519055287,0.9999440742693703,0.9473016130874494,9.486832980505138,3.4098510674467595,-0.10487117552334943,95.60908214189112,breast lesion,0.91015625
bus_0494-l,,,,,,,452,321,[],0.9338871904973046,0.8759740828298748,0.9430200772928645,0.9249295058475477,0.9902072752897723,0.95756839056866,13.542331924070737,4.5698993080206085,-0.01918365460176582,94.8756739962846,breast lesion,0.859375
bus_0494-r,,,,,,,452,323,[],0.9056543019062339,0.8275760607308892,0.8332148358810285,0.9918888418676823,0.978644798130756,0.9852668199992192,25.056931763669166,6.6017301922283576,0.19043588658484978,96.67265601456165,breast lesion,0.83984375
bus_0495-l,,,,,,,455,321,[],0.9579252811026479,0.9192481726418378,0.9624635568513119,0.9534296028880866,0.999281152946924,0.9763553779175054,3.1135943621178637,1.1940144481950463,-0.009386281588447653,96.86802001670003,breast lesion,0.87109375
bus_0495-r,,,,,,,455,322,[],0.9509536784741145,0.9064935064935065,0.9363740896895362,0.9659944642151048,0.998847070099527,0.982420767157316,2.8284271247461903,1.3199123751108264,0.03163305654408857,97.28455008007586,breast lesion,0.80859375
bus_0496-l,,,,,,,454,320,[],0.9454822722073961,0.8966015907447578,0.9159403161471413,0.9769933816577372,0.9959045302085883,0.9864489559331627,8.270118263535652,2.255542379538995,0.06665616136148755,95.33327491953969,breast lesion,0.67578125
bus_0496-r,,,,,,,454,321,[],0.9304888608990002,0.8700132489327249,0.8813003280644199,0.9854927463731866,0.9943035845910532,0.98989816548212,7.003553390593271,2.782284169504648,0.1182257795564449,96.58010397106409,breast lesion,0.859375
bus_0497-l,,,,,,,454,319,[],0.8684797146678556,0.7675334909377463,0.806792296541727,0.9403813661597876,0.9933680686365801,0.9668747173981839,10.63014581273465,4.357025866102238,0.16558049722423365,96.20311507023871,breast lesion,0.765625
bus_0497-r,,,,,,,454,322,[],0.9309161313033529,0.8707606190319395,0.994172932330827,0.8752275359920569,0.9997788005280246,0.9375031682600408,7.654668419872456,2.7266071824714726,-0.11964256164156875,94.89068505354226,breast lesion,0.87890625
bus_0498-l,,,,,,,432,321,[],0.9554829378046821,0.9147604882552056,0.9508476383409745,0.9601636520241171,0.9964369628393001,0.9783003074317086,5.385164807134504,2.0305537431286402,0.00979758828596038,97.63002791441977,breast lesion,0.8203125
bus_0498-r,,,,,,,432,320,[],0.9497856705450092,0.9043731778425655,0.9647522289031722,0.9352763819095478,0.9973497544625458,0.9663130681860468,5.89011873164943,2.2460574768697787,-0.03055276381909548,96.64736478589475,breast lesion,0.88671875
bus_0499-l,,,,,,,432,321,[],0.0,0.0,0.0,0.0,0.9505139054591802,0.4752569527295901,132.2732018123148,79.75146942274358,0.792751677852349,96.91866184584796,breast lesion,0.7734375
bus_0499-r,,,,,,,432,323,[],0.9220816561242093,0.855428114163777,0.8920723226703755,0.9541803034811068,0.9971507251698183,0.9756655143254626,6.082762530298219,2.2919550269405775,0.06962213626896757,96.04968107305467,breast lesion,0.81640625
bus_0500-l,,,,,,,453,323,[],0.9354805194805195,0.8787819636931485,0.9634068050502889,0.9091276252019386,0.9974929443243045,0.9533102847631215,8.0,3.231074154625294,-0.05634087237479806,94.9807669967413,breast lesion,0.79296875
bus_0500-r,,,,,,,453,323,[],0.9587067299244421,0.9206884913938576,0.9301056938288442,0.9891225525743292,0.9939388115635649,0.9915306820689471,5.656854249492381,2.2232530232626533,0.06345177664974619,96.51845321059227,breast lesion,0.91796875
bus_0501-l,,,,,,,433,321,[],0.0,0.0,0.0,0.0,0.9954907161803713,0.49774535809018566,211.98123732430102,185.50773440353987,-0.8130155820348305,97.24150900729,breast lesion,0.59765625
bus_0501-r,,,,,,,433,323,[],0.0,0.0,0.0,0.0,0.83814764883123,0.419073824415615,173.09014986023172,105.93251294338543,4.335114133074308,97.56530681625009,breast lesion,0.5703125
bus_0502-l,,,,,,,434,322,[],0.7443490054249547,0.5927992799279928,0.6140220026104792,0.944906743185079,0.984808788886198,0.9648577660356386,34.0,9.054416328012262,0.538880918220947,97.52465505152941,breast lesion,0.78125
bus_0502-r,,,,,,,434,322,[],0.8450926290894758,0.731740614334471,0.737023031969749,0.9903002309468822,0.9944397200235494,0.9923699754852158,9.260388679233946,3.975522101493799,0.34364896073903,96.67904605157673,breast lesion,0.703125
bus_0503-l,,,,,,,448,323,[],0.9518876925173777,0.9081924577373212,0.9366952789699571,0.9675810473815462,0.9983273680853326,0.9829542077334394,4.0,1.3999299337085376,0.032973122748683845,95.10263917036355,breast lesion,0.671875
bus_0503-r,,,,,,,448,322,[],0.9064614568130556,0.8289250181994662,0.9212513484358145,0.8921389396709324,0.9979206277994972,0.9450297837352148,7.615773105863909,2.667972742941349,-0.03160094019326195,95.05968890152872,breast lesion,0.79296875
bus_0504-l,,,,,,,450,321,[],0.9422457867828062,0.8907984246330111,0.9083607155896313,0.978756884343037,0.9982312484144658,0.9884940663787514,3.0,1.4083619968788794,0.07749803304484658,95.7758161239326,breast lesion,0.90234375
bus_0504-r,,,,,,,450,321,[],0.7326874775744529,0.5781426953567383,0.5816006835659356,0.9898206495395055,0.9896830469073722,0.9897518482234389,32.23035214198834,7.445756819295984,0.701890450799806,94.81135290116072,breast lesion,0.86328125
bus_0505-l,,,,,,,435,323,[],0.9466523176262588,0.8987083120484566,0.9108727810650887,0.985357657225156,0.9905864523033897,0.9879720547642729,7.914612354157986,2.954875068792158,0.08177308369339094,96.62034502252936,breast lesion,0.8203125
bus_0505-r,,,,,,,435,322,[],0.9326673783742565,0.8738301064513825,0.88675415065613,0.9835946924004825,0.9877619775140047,0.9856783349572436,13.228433488430072,3.94572283088321,0.10920788098110173,97.40979294292629,breast lesion,0.8671875
bus_0506-l,,,,,,,433,323,[],0.7765417170495768,0.634710417078474,0.63672417211977,0.9950418345212272,0.9865917208267463,0.9908167776739867,19.6468827043885,7.013522884089367,0.562751781840719,98.28339400701225,breast lesion,0.8359375
bus_0506-r,,,,,,,433,321,[],0.7490787269681742,0.598821638993037,0.598821638993037,1.0,0.9834339681065181,0.991716984053259,14.866068747318506,8.550091078674962,0.6699463327370304,95.99018096923828,breast lesion,0.796875
bus_0507-l,,,,,,,455,324,[],0.8467336683417085,0.7342047930283224,0.7991608901860635,0.9003288121660501,0.9922766109684751,0.9463027115672626,15.322739855199787,5.211447307065029,0.1265926839293054,94.67183006927371,breast lesion,0.7734375
bus_0507-r,,,,,,,455,323,[],0.8152007905848531,0.6880497421898696,0.6947932618683001,0.986089980439035,0.9860006743277795,0.9860453273834072,20.8806130178211,6.694655298811006,0.41925668332971094,96.31781815551221,breast lesion,0.80859375
bus_0508-l,,,,,,,454,323,[],0.9563674012720011,0.9163832199546486,0.923626321302733,0.9915150276017174,0.9701620254106442,0.9808385265061808,19.0,4.723359645385457,0.07350235125741157,96.47178114391863,breast lesion,0.9140625
bus_0508-r,,,,,,,454,324,[],0.47042145702499255,0.3075497228864298,0.7910369487485102,0.33474559173627083,0.9550599815441403,0.6449027866402055,151.6409979064052,47.90544586133315,-0.5768268571197999,97.41004300303757,breast lesion,0.6953125
bus_0509-l,,,,,,,453,322,[],0.9422460120223454,0.890798827262139,0.9859530583214794,0.9022495220274174,0.9973945235523528,0.949822022789885,12.63123865749373,4.579413078359226,-0.08489606638734085,97.59635711088777,breast lesion,0.7421875
bus_0509-r,,,,,,,453,325,[],0.8647574517825832,0.7617380560131796,0.9650404382989826,0.7833545108005082,0.994579945799458,0.8889672282999831,37.21558813185679,10.092069067502555,-0.18826768318509107,96.13365400582552,breast lesion,0.75
bus_0510-l,,,,,,,433,319,[],0.9193829022155202,0.8507943323314727,0.8570501730103807,0.9914936202151614,0.995071945127861,0.9932827826715112,8.154234499766936,2.563071286471469,0.15686765073805353,95.60568095184863,breast lesion,0.83203125
bus_0510-r,,,,,,,433,325,[],0.9553372041089773,0.9144933732364259,0.9166488107992287,0.9974352996036372,0.9971488463455394,0.9972920729745882,3.605551275463989,1.4993002979748078,0.08813243180228492,96.58088395372033,breast lesion,0.890625
bus_0511-l,,,,,,,435,321,[],0.9553329404832056,0.914485559566787,0.9353796445880452,0.9761560693641619,0.9979333200475337,0.9870446947058478,2.871320343559643,1.3982221979171778,0.04359344894026975,97.72913111373782,breast lesion,0.8828125
bus_0511-r,,,,,,,435,321,[],0.8799098518995493,0.7855705662546709,0.7920591218663962,0.9896795219989136,0.9892999880696731,0.9894897550342934,15.17672459206643,4.363141114508731,0.24950208220170197,97.33925107866526,breast lesion,0.703125
bus_0512-l,,,,,,,451,320,[],0.950632735363649,0.9059104161144977,0.9094053478781429,0.9957756737072105,0.9950456513040632,0.9954106625056369,5.01980390271855,2.13734295598062,0.09497450837581937,96.40913107432425,breast lesion,0.8515625
bus_0512-r,,,,,,,451,323,[],0.8416124076377204,0.7265378299861058,0.7345166645383732,0.9852689277149709,0.985132477562842,0.9852007026389065,26.254980990053248,7.820215780093504,0.34138403562863995,95.84081708453596,breast lesion,0.79296875
bus_0513-l,,,,,,,432,323,[],0.9707227079489853,0.9431109725685786,0.9569824450419104,0.98486328125,0.9979608972052297,0.9914120892276148,2.23606797749979,1.0844023518558004,0.029134114583333332,95.62023216858506,breast lesion,0.91015625
bus_0513-r,,,,,,,432,323,[],0.9225743221169552,0.8562765312310491,0.8902900378310215,0.9572881355932203,0.9961365099806826,0.9767123227869514,8.0,2.5324704163047915,0.07525423728813559,95.60309094376862,breast lesion,0.859375
bus_0514-l,,,,,,,450,321,[],0.9284220100045475,0.8664063826175522,0.9432637220476806,0.9140401146131805,0.9977892356660377,0.955914675139609,7.0,2.4685272631746105,-0.03098137535816619,96.22927592135966,breast lesion,0.7890625
bus_0514-r,,,,,,,450,324,[],0.862759113652609,0.7586423632935261,0.7875163114397564,0.9538988408851422,0.9931199121151517,0.973509376500147,10.770329614269007,4.234994434020013,0.2112750263435195,97.6082079578191,breast lesion,0.8203125
bus_0515-l,,,,,,,452,320,[],0.9498035792230467,0.9044056525353283,0.9131347041544272,0.9895407003183265,0.9955014017371399,0.9925210510277331,5.0,2.1447666818565967,0.08367439745338791,98.28641405329108,breast lesion,0.83203125
bus_0515-r,,,,,,,452,321,[],0.9369316515107069,0.8813465783664459,0.8940517844646606,0.9841318749037128,0.9945382789445963,0.9893350769241546,7.615773105863909,2.7856067346947726,0.10075489138807579,97.36867202445865,breast lesion,0.87890625
bus_0516-l,,,,,,,436,319,[],0.9811833771048972,0.963061806271608,0.9806077075098815,0.9817597229951153,0.997445305953088,0.9896025144741016,3.1622776601683795,1.1906136870287423,0.001174797502009522,95.7286439370364,breast lesion,0.9453125
bus_0516-r,,,,,,,436,322,[],0.9784438843905839,0.9577974909453572,0.9670358789548996,0.9901242606761083,0.99490009265105,0.9925121766635792,3.605551275463989,1.376758732320105,0.02387541375006783,95.14058078639209,breast lesion,0.953125
bus_0517-l,,,,,,,435,323,[],0.9240566037735849,0.8588338448049101,0.8710538016896399,0.9839276745354093,0.9979063488167261,0.9909170116760677,3.605551275463989,1.8339613519006184,0.12958312405826217,96.68644703924656,breast lesion,0.81640625
bus_0517-r,,,,,,,435,322,[],0.9249679897567221,0.8604097189137685,0.8641148325358852,0.9950413223140496,0.9979458247441322,0.996493573529091,3.605551275463989,1.7091137161490646,0.15151515151515152,98.35771517828107,breast lesion,0.74609375
bus_0518-l,,,,,,,434,320,[],0.9541623498445944,0.912342704149933,0.9287544289997275,0.980999539382773,0.9892438606886562,0.9851217000357146,7.810249675906654,3.0242732986773015,0.056252878857669275,98.36157504469156,breast lesion,0.9296875
bus_0518-r,,,,,,,434,322,[],0.9046429315011452,0.8258886143318761,0.8291193588398054,0.995304088878708,0.9707080123644571,0.9830060506215825,22.433171206508,7.544207408951676,0.20043523078685144,96.18398500606418,breast lesion,0.88671875
bus_0519-l,,,,,,,433,323,[],0.9199135535659154,0.8517036359478619,0.879456906729634,0.9642718446601942,0.9922729955953804,0.9782724201277873,9.848857801796104,3.569275028708338,0.0964401294498382,94.5713680703193,breast lesion,0.83984375
bus_0519-r,,,,,,,433,322,[],0.8647370848708487,0.7617064499746063,0.7620160552789351,0.9994668799147007,0.9822472199692245,0.9908570499419627,18.587240881728107,6.262355183893504,0.3116086898573904,96.18261503055692,breast lesion,0.65234375
bus_0520-l,,,,,,,427,317,[],0.970180524065092,0.9420879549634914,0.9557251908396946,0.9850798461359133,0.9933756905609935,0.9892277683484534,5.0,1.8281872049840062,0.030714535493647277,96.54360311105847,breast lesion,0.90234375
bus_0520-r,,,,,,,427,321,[],0.9504703019140959,0.9056154424667836,0.9464858845876728,0.9544884074245327,0.993299324191326,0.9738938658079294,6.912461179749791,2.8803093186961473,0.008454983816632539,97.3366410471499,breast lesion,0.90234375
bus_0521-l,,,,,,,431,321,[],0.892022509102946,0.8050908221797323,0.9619475976297566,0.8315743998025057,0.9956364410387399,0.9136054204206228,25.943206863613124,7.976579874445775,-0.135530457322718,95.95047985203564,breast lesion,0.69140625
bus_0521-r,,,,,,,431,323,[],0.5498214155550696,0.3791404875596884,0.9990728476821192,0.3792739340305712,0.9999413366855228,0.6896076353580469,117.1782707135478,31.821599893544974,-0.6203740949316171,95.11564997956157,breast lesion,0.58984375
bus_0522-l,,,,,,,431,319,[],0.0,0.0,0.0,0.0,0.9919380478720988,0.4959690239360494,123.27595948606417,59.66498320543377,-0.8023018377575645,95.808015903458,breast lesion,0.69921875
bus_0522-r,,,,,,,431,319,[],7.405487466212464e-05,3.7028808412945274e-05,4.789730817128078e-05,0.00016315875346712352,0.841070341047503,0.4206167499004851,139.43457247038842,49.08380698913976,2.406428454886605,97.82972186803818,breast lesion,0.734375
bus_0523-l,,,,,,,458,323,[],0.7249618708693442,0.5685805422647527,0.5685805422647527,1.0,0.9926147377617605,0.9963073688808802,21.062970929083832,5.701380393175808,0.758765778401122,98.0070570949465,breast lesion,0.76171875
bus_0523-r,,,,,,,458,321,[],0.8734375,0.7753120665742025,0.7753120665742025,1.0,0.9966561396990525,0.9983280698495263,6.0,2.9052349112070748,0.2898032200357782,97.4493338726461,breast lesion,0.80859375
bus_0524-l,,,,,,,435,321,[],0.9516724465823918,0.9078006616156227,0.9763571674509354,0.9282051282051282,0.9984210929715643,0.9633131105883463,6.0,2.3018643235030134,-0.049318057828696124,97.96344581991434,breast lesion,0.85546875
bus_0524-r,,,,,,,435,321,[],0.9498642533936652,0.9045156842468114,0.9816685372240928,0.9200561009817672,0.9988785388963908,0.959467319939079,7.2069451621852485,2.257498676069954,-0.06276297335203367,96.73243714496493,breast lesion,0.8125
bus_0525-l,,,,,,,434,325,[],0.7462734931950745,0.5952442491599896,0.8379624014554276,0.6726706260344659,0.989784292585201,0.8312274593098334,33.06055050963308,10.699892552155353,-0.1972544056080226,97.14880585670471,breast lesion,0.7734375
bus_0525-r,,,,,,,434,322,[],0.9304545947705327,0.8699533373909515,0.950565284859233,0.9111772205694858,0.9946748388123856,0.9529260296909356,27.268324571160562,5.72886093358913,-0.04143646408839779,97.82065195031464,breast lesion,0.6640625
bus_0526-l,,,,,,,435,318,[],0.9086336965632859,0.8325652841781874,0.8511306532663316,0.9744696152463143,0.9965031095766107,0.9854863624114625,5.830951894845301,2.7108942980930664,0.1449119021934556,95.71532416157424,breast lesion,0.64453125
bus_0526-r,,,,,,,435,320,[],0.9325657894736842,0.8736517719568567,0.913926499032882,0.9519811954331766,0.9980399641761243,0.9750105798046504,6.348125995465582,1.7790424570153298,0.041638683680322364,96.84494999237359,breast lesion,0.75390625
bus_0527-l,,,,,,,453,321,[],0.9402091692429125,0.8871648460774578,0.8992199295420231,0.9851137146795313,0.9942022901315885,0.9896580024055599,5.770017718971775,2.587103475644925,0.09552033080634045,96.12328303046525,breast lesion,0.87890625
bus_0527-r,,,,,,,453,320,[],0.8525884543761638,0.7430537522721371,0.751740443977407,0.9846868547832072,0.9864173398108489,0.985552097297028,21.445139841785135,6.279545714924467,0.3098761183757743,94.7390019427985,breast lesion,0.65625
bus_0528-l,,,,,,,434,321,[],0.9147446073396209,0.8428841851660643,0.9426481909160893,0.8884454924723381,0.9977728118623926,0.9431091521673653,9.420010849702075,3.026742595069431,-0.057500453473607833,96.97738313116133,breast lesion,0.69921875
bus_0528-r,,,,,,,434,324,[],0.9237668161434978,0.8583333333333333,0.8613840685762074,0.9958907420836355,0.9951421097751303,0.9955164259293829,8.06225774829855,2.638670528854036,0.1561518008218516,97.69688989035785,breast lesion,0.8046875
bus_0529-l,,,,,,,435,321,[],0.9335571408588614,0.8753934942287513,0.8800105485232067,0.9940422996723265,0.9966612365899118,0.9953517681311191,4.242640687119285,2.035534640591101,0.12957998212689903,96.93696210160851,breast lesion,0.88671875
bus_0529-r,,,,,,,435,320,[],0.9245695545230938,0.859720457433291,0.8610333418172563,0.9982295662437297,0.9959797070929454,0.9971046366683376,6.324555320336759,2.3255606040715766,0.15933903806432576,97.88862499408424,breast lesion,0.85546875
bus_0530-l,,,,,,,416,320,[],0.0038804811796662787,0.0019440124416796269,0.0202757502027575,0.0021455544112598695,0.9900549939078606,0.4961002741595602,149.13383117562367,71.1195858375101,-0.8941812564366632,97.49026503413916,breast lesion,0.56640625
bus_0530-r,,,,,,,416,324,[],0.010612878200155159,0.0053347476134023835,0.009956331877729258,0.011362126245847176,0.8579852005278367,0.43467366338684194,107.43253639756415,39.108094381876455,0.14119601328903655,96.85359103605151,breast lesion,0.6171875
bus_0531-l,,,,,,,432,323,[],0.9421136963733611,0.8905623346701937,0.9184634339523013,0.9670141301829974,0.9842900865613687,0.9756521083721831,15.63958824671615,4.104041077439288,0.05286078295112347,96.58500412479043,breast lesion,0.91796875
bus_0531-r,,,,,,,432,323,[],0.9651783405045732,0.9327001726801781,0.9429844711936047,0.9884420900553816,0.9895513214505224,0.9889967057529521,7.615773105863909,2.504619535627176,0.048206116060679025,97.81029191799462,breast lesion,0.91796875
bus_0532-l,,,,,,,435,325,[],0.7281657326364839,0.5725319338548371,0.6193230505569837,0.8834224598930481,0.9736408811095454,0.9285316705012967,34.132096331752024,9.914926335281198,0.42643239113827347,97.94228500686586,breast lesion,0.78515625
bus_0532-r,,,,,,,435,324,[],0.8513454756268419,0.7411675639300135,0.8663716814159292,0.8368316079399754,0.9895790999225526,0.9132053539312639,17.423934657584788,6.064653012289833,-0.034096305442112264,98.3541349414736,breast lesion,0.80078125
bus_0533-l,,,,,,,455,318,[],0.9397216007954263,0.8862970343453288,0.894581164221486,0.9896596858638743,0.9934987230937614,0.9915792044788179,9.219544457292887,2.4960649425423718,0.10628272251308901,97.59073797613382,breast lesion,0.84765625
bus_0533-r,,,,,,,455,320,[],0.9570661896243292,0.9176672384219554,0.963963963963964,0.9502664298401421,0.9981197706120146,0.9741931002260784,5.0,1.7359151591645279,-0.014209591474245116,96.96859307587147,breast lesion,0.78125
bus_0534-l,,,,,,,433,323,[],0.7534019596331233,0.604366391761209,0.9991003148897886,0.6046954846276283,0.9997177318669865,0.8022066082473074,68.93582922788566,20.30191895089165,-0.39475998994722294,97.67740895040333,breast lesion,0.703125
bus_0534-r,,,,,,,433,324,[],0.9045469032189525,0.8257285554962905,0.9881909183229363,0.8339577364773868,0.9959076146521473,0.9149326755647671,23.324878953405015,8.373748852700519,-0.15607629961556355,95.96712002530694,breast lesion,0.8359375
bus_0535-l,,,,,,,430,324,[],0.8884284219843889,0.7992543526260543,0.9834101587725744,0.8101781357207066,0.9912157621063306,0.9006969489135186,56.45970834779664,12.302955603954894,-0.17615439652167533,94.5374770089984,breast lesion,0.86328125
bus_0535-r,,,,,,,430,322,[],0.9206475673843024,0.8529628873427463,0.9867904644232866,0.8628145653279106,0.9903729011070501,0.9265937332174803,42.91383070934726,12.828340555664257,-0.12563548551093034,95.75450490228832,breast lesion,0.80859375
bus_0536-l,,,,,,,457,319,[],0.9209841968393678,0.853540971449759,0.8614624653843275,0.989341585009455,0.9862019098166963,0.9877717474130756,10.353500688156418,4.474751552489819,0.14844421523121884,96.70579712837934,breast lesion,0.890625
bus_0536-r,,,,,,,457,322,[],0.7767892387574773,0.6350412074272664,0.6383690173179618,0.9918579404466501,0.9460292868953806,0.9689436136710153,66.81105220725416,16.42412866529731,0.5537375930521092,97.74186089634895,breast lesion,0.8203125
bus_0537-l,,,,,,,438,320,[],0.9508641138597086,0.9063307493540051,0.9430876092314586,0.9587699316628702,0.9981291890697503,0.9784495603663103,3.605551275463989,1.6193401361155004,0.01662870159453303,95.78419593162835,breast lesion,0.86328125
bus_0537-r,,,,,,,438,320,[],0.9595572584078331,0.9222585924713584,0.9540067720090294,0.9651727091064801,0.9988072327067037,0.9819899709065919,4.0,1.282193905171377,0.011704253497002569,94.95841711759567,breast lesion,0.84765625
bus_0538-l,,,,,,,431,321,[],0.9149753154141524,0.8432760364004045,0.9619377162629758,0.8723849372384938,0.9990187843332565,0.9357018607858751,6.399195791578043,2.6522371299456178,-0.09309623430962342,95.56514001451433,breast lesion,0.796875
bus_0538-r,,,,,,,431,322,[],0.8948339483394834,0.8096828046744574,0.977165883143049,0.8252977878615996,0.9994972496599042,0.9123975187607518,12.281168607072184,2.836518251379366,-0.15541690300623937,96.49255103431642,breast lesion,0.8046875
bus_0539-l,,,,,,,434,323,[],0.9320285638719915,0.8727092620108965,0.9828475805327012,0.8862064629699484,0.9990697955819071,0.9426381292759278,7.8861498055439885,2.9844105451005354,-0.09832767509116057,97.03740384429693,breast lesion,0.84375
bus_0539-r,,,,,,,434,321,[],0.864677307425399,0.7616136919315404,0.9656775907883083,0.7828038054209299,0.997581375027307,0.8901925902241185,23.021728866442675,6.795255318829659,-0.18937354155447855,94.56543787382543,breast lesion,0.8671875
bus_0540-l,,,,,,,456,320,[],0.9518879520783919,0.9081929302940205,0.9981845248901637,0.9096955658504302,0.9995678478824547,0.9546317068664425,11.704699910719626,4.231682725949661,-0.08864990072799471,98.28348294831812,breast lesion,0.9375
bus_0540-r,,,,,,,456,320,[],0.9730792831631448,0.9475700189985904,0.9684319313519777,0.9777714538670714,0.9911806394036432,0.9844760466353573,6.0,2.3955990251392234,0.00964396382723076,95.55651992559433,breast lesion,0.9375
bus_0541-l,,,,,,,432,323,[],0.8926553672316384,0.8061224489795918,0.8308956450287592,0.964333396910166,0.9923376497658106,0.9783355233379882,16.278820596099706,3.7156331881818283,0.1605950791531566,97.46210393495858,breast lesion,0.8515625
bus_0541-r,,,,,,,432,323,[],0.9024012393493416,0.8221594918842625,0.8236125839519265,0.9978586723768736,0.9926000622840448,0.9952293673304593,8.0,3.4999185060061224,0.21156316916488221,96.97590302675962,breast lesion,0.7734375
bus_0542-l,,,,,,,431,320,[],0.9404072482719971,0.8875176304654443,0.9002145922746781,0.9843566679702777,0.9979388754681855,0.9911477717192316,3.605551275463989,1.6073047266828995,0.09346890887759093,96.97160287760198,breast lesion,0.8046875
bus_0542-r,,,,,,,431,322,[],0.9002086230876217,0.8185267151438508,0.8190446061372983,0.9992280972597453,0.995800016153784,0.9975140567067646,5.830951894845301,2.7750717041606396,0.21999228097259746,96.73843812197447,breast lesion,0.8203125
bus_0543-l,,,,,,,455,323,[],0.9485128436232537,0.9020679309975356,0.9316144738298108,0.9660355708548479,0.9955298372513562,0.9807827040531021,6.0,2.1770984810709146,0.036947791164658635,97.01711381785572,breast lesion,0.85546875
bus_0543-r,,,,,,,455,318,[],0.9420049710024855,0.8903680501174628,0.9390042472864559,0.9450249346948468,0.9962060058120762,0.9706154702534615,8.0,2.3636962370233716,0.006411778674899074,96.78447898477316,breast lesion,0.87890625
bus_0544-l,,,,,,,433,322,[],0.9618159422840049,0.9264406779661017,0.9630021141649049,0.9606326889279437,0.9992312254266699,0.9799319571773069,3.0,1.098456233492063,-0.002460456942003515,96.14137397147715,breast lesion,0.86328125
bus_0544-r,,,,,,,433,323,[],0.8721152177685233,0.7732307692307693,0.8059653624118024,0.950094517958412,0.9955908289241623,0.9728426734412872,12.579453579945714,3.596564131783865,0.17882797731568997,94.86722503788769,breast lesion,0.85546875
bus_0545-l,,,,,,,434,321,[],0.5525773195876289,0.3817663817663818,0.3873193473193473,0.9638051044083527,0.9513273680779829,0.9575662362431678,61.64819182915335,18.025478468699074,1.488399071925754,95.89049778878689,breast lesion,0.8515625
bus_0545-r,,,,,,,434,321,[],0.36566687938736436,0.22374072627879735,0.22374072627879735,1.0,0.9419655237845017,0.9709827618922509,75.27083031149209,29.996278345246857,3.4694589877835953,94.65710003860295,breast lesion,0.84765625
bus_0546-l,,,,,,,454,319,[],0.9545578231292517,0.9130661114003124,0.9832232232232232,0.9275165250236072,0.9964596834838743,0.9619881042537407,9.50493422156967,3.8098010446756474,-0.056657223796033995,96.00508096627891,breast lesion,0.84765625
bus_0546-r,,,,,,,454,321,[],0.9757516179241419,0.9526513636727185,0.973996238449587,0.9775133360689372,0.9947595662634718,0.9861364511662045,5.0,1.8503439402584176,0.003610997127615921,96.91688208840787,breast lesion,0.92578125
bus_0547-l,,,,,,,454,321,[],0.8640277987611422,0.7606064636254821,0.9736125297923051,0.776615969581749,0.9976336961665878,0.8871248328741684,21.016657229140044,6.836374983670663,-0.20233568712656166,96.50739189237356,breast lesion,0.76953125
bus_0547-r,,,,,,,454,319,[],0.8999463942231892,0.8180932179097632,0.8234275822273515,0.9921435027462977,0.9765414778868932,0.9843424903165954,18.35755975068582,5.759871051791937,0.2048946673155809,96.08613303862512,breast lesion,0.67578125
bus_0548-l,,,,,,,434,321,[],0.9314236111111112,0.8716490658001624,0.8802296964725185,0.9889400921658986,0.9967808083257998,0.9928604502458492,8.02179021190449,2.1906712928928265,0.12350230414746544,95.36394593305886,breast lesion,0.69140625
bus_0548-r,,,,,,,434,321,[],0.9417466501948114,0.8899066091954023,0.9096750504865063,0.9761623325453113,0.996334867921155,0.9862486002332331,7.0710678118654755,1.88650750583119,0.0730890464933018,95.84173606708646,breast lesion,0.85546875
bus_0549-l,,,,,,,430,322,[],0.8634274458305975,0.7596764875794338,0.7699063231850117,0.9828101644245142,0.994211394567843,0.9885107794961786,15.206846146401253,3.839657127572132,0.2765321375186846,96.40707983635366,breast lesion,0.8046875
bus_0549-r,,,,,,,430,322,[],0.7169172932330827,0.5587459712862585,0.5640343093759242,0.9834966477565755,0.9780951390230491,0.9807958933898123,43.50105762973261,14.243999614330432,0.7436823104693141,96.7679291497916,breast lesion,0.7109375
bus_0550-l,,,,,,,455,321,[],0.9389092815941269,0.8848529775142081,0.9571027662702125,0.9213945709507269,0.9950807990253546,0.9582376849880407,12.25506688629489,3.8340307510896743,-0.03730863244564518,96.5614840388298,breast lesion,0.90234375
bus_0550-r,,,,,,,455,320,[],0.9640199888950584,0.9305391789044913,0.954480483782298,0.9737521031968592,0.9935196055412069,0.9836358543690331,7.38080885425552,2.2947446910771214,0.020190689848569827,97.18120703473687,breast lesion,0.93359375
bus_0551-l,,,,,,,432,325,[],0.9460143249118056,0.897558996551491,0.9760294117647059,0.9177902233284934,0.9974114041147558,0.9576008137216245,9.446739702023276,3.0239844487992165,-0.05966950148655189,96.3154979981482,breast lesion,0.87890625
bus_0551-r,,,,,,,432,324,[],0.7261566727910472,0.570051793089884,0.9729215620454291,0.5792418892811938,0.9980633337868227,0.7886526115340082,48.267483670455164,16.145847160432364,-0.4046365998267937,94.68281012959778,breast lesion,0.6875
bus_0552-l,,,,,,,434,322,[],0.9315185837338791,0.8718154284696241,0.9601687432551751,0.9045286506469501,0.9968509555721022,0.9506898031095261,12.041594578792296,3.5531861440335577,-0.057948243992606285,96.78404917940497,breast lesion,0.7421875
bus_0552-r,,,,,,,434,320,[],0.746044962531224,0.5949535192563081,0.9014084507042254,0.6363636363636364,0.9946831597222222,0.8155233980429293,38.435627158452334,10.102578815769311,-0.2940340909090909,97.19972917810082,breast lesion,0.57421875
bus_0553-l,,,,,,,456,320,[],0.9424536256323778,0.8911700219254535,0.9561591103507271,0.9291354945968412,0.9985472120645179,0.9638413533306796,5.184863101655287,1.9165913397844274,-0.02826267664172901,97.71199990063906,breast lesion,0.74609375
bus_0553-r,,,,,,,456,321,[],0.9109583079467316,0.8364769820971867,0.9941109422492401,0.8406425702811245,0.9997788099977881,0.9202106901394563,7.280109889280518,3.1990403750603638,-0.15437751004016065,96.25036688521504,breast lesion,0.734375
bus_0554-l,,,,,,,434,322,[],0.936663693131133,0.8808724832214765,0.9054325955734407,0.9701262704034493,0.9975897612471704,0.9838580158253099,6.4031242374328485,1.831346822121585,0.07145056975669849,94.96649703942239,breast lesion,0.7578125
bus_0554-r,,,,,,,434,322,[],0.9363484087102177,0.8803149606299212,0.9171452009844134,0.9563729683490163,0.9970090026060175,0.976690985477517,5.0,2.1359321806027096,0.0427715996578272,95.58091103099287,breast lesion,0.88671875
bus_0555-l,,,,,,,431,324,[],0.8742439854845213,0.7765838904807386,0.8499128919860627,0.9000092242413061,0.9866229823839506,0.9433161033126284,22.05096957564622,6.170134598835163,0.058942901946314914,95.47540894709527,breast lesion,0.80859375
bus_0555-r,,,,,,,431,320,[],0.9248111284326658,0.8601383002453714,0.8986250291307387,0.9525691699604744,0.9896244116524615,0.9710967908064679,14.142135623730951,3.9217834792120008,0.060029644268774704,95.83886689506471,breast lesion,0.6640625
bus_0556-l,,,,,,,431,316,[],0.9564289050510443,0.9164961636828645,0.9257297855851201,0.9892339544513458,0.9955409419081667,0.9923874481797562,3.605551275463989,1.7778169564383675,0.06859903381642513,96.19102510623634,breast lesion,0.89453125
bus_0556-r,,,,,,,431,320,[],0.8939119477041821,0.8081743093135859,0.8383808538927463,0.9573211875843455,0.9917116188859931,0.9745164032351693,17.671910980112305,3.790226025782039,0.14186909581646423,98.27082208357751,breast lesion,0.8671875
bus_0557-l,,,,,,,433,317,[],0.7163934426229508,0.558109833971903,0.558109833971903,1.0,0.9897869577088545,0.9948934788544272,17.994427190999915,6.948212075957843,0.7917620137299771,95.58011102490127,breast lesion,0.75
bus_0557-r,,,,,,,433,320,[],0.8573767137303049,0.7503581661891118,0.7923600605143721,0.9340169415960767,0.9959726226369419,0.9649947821165092,11.910263137648686,3.5075492839801794,0.17877842175657602,97.2821400500834,breast lesion,0.6171875
bus_0558-l,,,,,,,461,322,[],0.9259145404242238,0.8620492272467086,0.8635321100917431,0.9980119284294234,0.9950387381440433,0.9965253332867334,5.0,2.4839727993524825,0.15573227302849568,96.16375504992902,breast lesion,0.81640625
bus_0558-r,,,,,,,461,316,[],0.8744939271255061,0.7769784172661871,0.779874213836478,0.995243757431629,0.9933596604643319,0.9943017089479804,9.022154055254965,3.8767162451189945,0.27615933412604043,94.24587013199925,breast lesion,0.83984375
bus_0559-l,,,,,,,419,319,[],0.9759908672541115,0.9531075808249722,0.97790963683157,0.9740796126183864,0.9974167767392867,0.9857481946788366,3.605551275463989,1.3943299738546617,-0.00391654204941964,96.76496800966561,breast lesion,0.9140625
bus_0559-r,,,,,,,419,320,[],0.9150980780661779,0.8434846132773263,0.8478979254635579,0.9938670109748224,0.9867212668087766,0.9902941388917995,11.180339887498949,4.3847277389617165,0.17215407789972026,97.62154798954725,breast lesion,0.8984375
bus_0560-l,,,,,,,453,322,[],0.9687599414646562,0.9394126357354393,0.9587557458598325,0.978975117340706,0.9949736403889098,0.9869743788648079,4.47213595499958,2.004774430470632,0.021089178936539575,98.78557408228517,breast lesion,0.94140625
bus_0560-r,,,,,,,453,323,[],0.9657956711898621,0.9338538278030796,0.9555440491160588,0.9762696493349455,0.9954841569800206,0.985876903157483,6.708203932499369,2.0746341070686127,0.021689842805320436,96.11754398792982,breast lesion,0.87109375
bus_0561-l,,,,,,,426,319,[],0.893950599023813,0.8082374966568602,0.8088865096359743,0.9990082644628099,0.9946262860411382,0.996817275251974,9.120749451511077,3.2318722677636527,0.2350413223140496,94.5324869826436,breast lesion,0.859375
bus_0561-r,,,,,,,426,320,[],0.882625758116304,0.7899106002554278,0.7929487179487179,0.995172968624296,0.992691811661425,0.9939323901428605,12.185904242222087,3.9105804878146286,0.25502815768302495,94.097486929968,breast lesion,0.90234375
bus_0562-l,,,,,,,435,318,[],0.973145285935085,0.947695202257761,0.9590632140137091,0.9876470588235294,0.9853356718308487,0.9864913653271891,6.391338899868428,2.601230688780459,0.02980392156862745,95.12138995341957,breast lesion,0.94140625
bus_0562-r,,,,,,,435,321,[],0.9355695357655112,0.8789390826373509,0.8875117876869191,0.9891297819950754,0.9607365540330848,0.97493316801408,25.00898922584249,6.228927553627431,0.1144976277701039,95.38274700753391,breast lesion,0.87890625
bus_0563-l,,,,,,,436,321,[],0.9572340405171341,0.9179759195360105,0.9813597566957716,0.9342660738969627,0.9890074286639976,0.9616367512804802,15.771660186256055,5.03464913745377,-0.04798819441850039,96.17474488914013,breast lesion,0.93359375
bus_0563-r,,,,,,,436,324,[],0.9520286031126917,0.9084490339530387,0.9189782773194545,0.9875448721762757,0.9516748676287661,0.9696098699025208,26.0,6.300362793677547,0.07461176890581306,95.79627611674368,breast lesion,0.9375
bus_0564-l,,,,,,,430,321,[],0.9476634204441954,0.9005326231691079,0.924285909525762,0.9722541690626797,0.9957733799227917,0.9840137744927357,5.830951894845301,2.1570882340506667,0.05189764232317424,96.14120400510728,breast lesion,0.86328125
bus_0564-r,,,,,,,430,325,[],0.9043242428808197,0.8253575357535754,0.8299225663716814,0.9933796756041046,0.9908008496125886,0.9920902626083465,12.007905111985021,3.897341578977593,0.19695465077788812,95.42845701798797,breast lesion,0.82421875
bus_0565-l,,,,,,,433,323,[],0.8925115970841617,0.8058879846816659,0.8267987230907752,0.969571894797466,0.9836527838938204,0.9766123393456432,19.6468827043885,5.544878112255062,0.1726818967172202,95.94526910223067,breast lesion,0.81640625
bus_0565-r,,,,,,,433,322,[],0.9702292594425203,0.9421798670617442,0.9635544635544635,0.9769971765487461,0.9965066256358727,0.9867519010923094,3.605551275463989,1.566344000706509,0.013951170901843548,96.5089329984039,breast lesion,0.90625
bus_0566-l,,,,,,,432,323,[],0.8780520706866316,0.7826139232896477,0.9139286717214266,0.8448857736240913,0.9953501426057406,0.9201179581149159,13.294484657586228,4.218077469583315,-0.07554517133956386,97.8013719432056,breast lesion,0.81640625
bus_0566-r,,,,,,,432,323,[],0.9176017003608324,0.8477486528450087,0.9726501100282929,0.8684505988023952,0.997974357382342,0.9332124780923685,9.219544457292887,3.5801297574991775,-0.10712949101796407,95.24998301640153,breast lesion,0.8125
bus_0567-l,,,,,,,434,320,[],0.1978607170729468,0.1097921336865702,1.0,0.1097921336865702,1.0,0.5548960668432851,170.42740869595755,64.42605540205777,-0.8902078663134297,97.01481298543513,breast lesion,0.6953125
bus_0567-r,,,,,,,434,323,[],0.6028051587129272,0.4314395822973645,0.9488721804511279,0.4417080310551101,0.9969952116206575,0.7193516213378838,109.61235631999915,25.758557289523942,-0.5344915362097493,96.47012199275196,breast lesion,0.65234375
bus_0568-l,,,,,,,433,323,[],0.9615334548294715,0.9259166405515512,0.9674525212835625,0.9556863759865442,0.9960048552664368,0.9758456156264905,5.656854249492381,2.1123404681507063,-0.012161987320481304,94.3058009725064,breast lesion,0.90234375
bus_0568-r,,,,,,,433,322,[],0.9327912217105908,0.8740475534747085,0.9681716493797031,0.8999054820415879,0.9975707433680517,0.9487381127048198,10.919615364994147,3.4775874813174763,-0.07051039697542533,96.84343985281885,breast lesion,0.8671875
bus_0569-l,,,,,,,433,321,[],0.9590185330200992,0.9212637913741224,0.9287158746208292,0.9913653534808419,0.9979155425133235,0.9946404479970827,3.605551275463989,1.3306467426809159,0.06745817593092283,97.42397302761674,breast lesion,0.91015625
bus_0569-r,,,,,,,433,324,[],0.9453376205787781,0.8963414634146342,0.9115823164632927,0.9816889271865575,0.9967416144489495,0.9892152708177535,8.200222875501128,1.8485283215531696,0.07690650581645843,96.90853208303452,breast lesion,0.90625
bus_0570-l,,,,,,,454,319,[],0.9531241259719192,0.9104461661768635,0.9913311612753084,0.917752881611548,0.9988198954538254,0.9582863885326867,7.211102550927978,3.0249229596880456,-0.07422169557255198,97.99095592461526,breast lesion,0.8984375
bus_0570-r,,,,,,,454,321,[],0.9524433110483148,0.9092045529311139,0.9191831847811627,0.9882008009153318,0.9907779886148007,0.9894893947650663,7.615773105863909,2.890143971762996,0.0750858123569794,96.93849296309054,breast lesion,0.91796875
bus_0571-l,,,,,,,435,322,[],0.9163445478406108,0.8456050731019905,0.9394324853228962,0.8943642291569632,0.995213979201299,0.9447891041791311,12.0,4.062772577616908,-0.047973917093619006,96.53064305894077,breast lesion,0.8359375
bus_0571-r,,,,,,,435,321,[],0.8801163149314888,0.7858997560783697,0.79668182180745,0.9830708661417323,0.9803128016991697,0.981691833920451,18.998240304286842,5.875961641572577,0.23395669291338583,96.87383100390434,breast lesion,0.828125
bus_0572-l,,,,,,,431,323,[],0.9554404145077721,0.9146825396825397,0.9192422731804586,0.9946062567421791,0.9988206087697202,0.9967134327559497,2.8284271247461903,1.0015347265505834,0.08198489751887811,99.82265811413527,breast lesion,0.85546875
bus_0572-r,,,,,,,431,321,[],0.9212359349883907,0.8539735099337749,0.975785092697692,0.8724627875507442,0.9995273089848222,0.9359950482677832,6.708203932499369,2.193014545207187,-0.10588633288227334,98.62643084488809,breast lesion,0.84765625
bus_0573-l,,,,,,,434,323,[],0.9716527558752259,0.9448683423099941,0.9598753704688806,0.9837227414330219,0.9958536853512588,0.9897882133921403,5.0,1.638681913698668,0.02484423676012461,97.58570790290833,breast lesion,0.9296875
bus_0573-r,,,,,,,434,322,[],0.9575096758083982,0.9184830339321357,0.9444991789819376,0.9708836188707908,0.9947145794728653,0.9827990991718281,7.0710678118654755,2.302261816585312,0.02793484682251667,97.58813702501357,breast lesion,0.85546875
bus_0574-l,,,,,,,435,319,[],0.8493904657933042,0.7382091322395731,0.7482069158953399,0.9822208195255379,0.9475257611436779,0.9648732903346079,61.38683006470277,11.355206902521202,0.31276629319867444,96.33053815923631,breast lesion,0.8828125
bus_0574-r,,,,,,,435,322,[],0.34149977637529194,0.20590879127464493,0.5070838252656434,0.257436127968832,0.9736433007425644,0.6155397143556982,80.46985540269613,32.68849195641983,-0.4923203716190904,94.6476690005511,breast lesion,0.67578125
bus_0575-l,,,,,,,452,321,[],0.9285066380803166,0.8665537940587964,0.8990737783455764,0.9599317988064792,0.9954606505921983,0.9776962246993388,6.586172054472768,2.5820437402527623,0.06768968456947996,97.70261007361114,breast lesion,0.83203125
bus_0575-r,,,,,,,452,321,[],0.8571161573684702,0.7499591169255928,0.7628077178975382,0.9780336958839838,0.9898435218620685,0.9839386088730262,17.69180601295413,5.089408533620988,0.2821497120921305,97.45832392945886,breast lesion,0.66796875
bus_0576-l,,,,,,,452,321,[],0.9220655487804879,0.8554003888987096,0.8852908891328211,0.962027833001988,0.9955234110608159,0.9787756220314019,6.082762530298219,2.7143863473712084,0.08667992047713717,96.73137799836695,breast lesion,0.765625
bus_0576-r,,,,,,,452,320,[],0.9007794738551478,0.8194711183335796,0.9485294117647058,0.8576066790352505,0.9978215557421185,0.9277141173886845,9.339824292738381,3.631829958968209,-0.095856524427953,95.30732501298189,breast lesion,0.78515625
bus_0577-l,,,,,,,435,322,[],0.8805197792088316,0.7865434001027222,0.8241308793456033,0.9451919516109122,0.9876183042987369,0.9664051279548245,15.575574517382936,4.8252374909596965,0.14689544500678928,95.27100389823318,breast lesion,0.82421875
bus_0577-r,,,,,,,435,319,[],0.8773826775164418,0.7815509879853043,0.9172590607155343,0.8408289712637539,0.9945133071620661,0.91767113921291,15.842701020417424,5.246903024832314,-0.0833244311505181,95.66036309115589,breast lesion,0.78125
bus_0578-l,,,,,,,432,322,[],0.9246830723340791,0.8599167822468793,0.8775654635527247,0.9771473601260835,0.9892673242756995,0.9832073422008916,15.249581432638077,3.8250807793276236,0.11347517730496454,95.21803190000355,breast lesion,0.828125
bus_0578-r,,,,,,,432,323,[],0.9321579744475943,0.8729362135428032,0.8843206601827291,0.9854667870925363,0.9876724483145802,0.9865696177035583,18.37794204166081,3.632015322868804,0.11437720666721406,95.87414818815887,breast lesion,0.8203125
bus_0579-l,,,,,,,435,323,[],0.9433374237908803,0.8927518065182126,0.9619815668202765,0.9254022241754882,0.9916300792387482,0.9585161517071182,24.099769715505506,6.337088863056907,-0.0380249933121871,96.52920300140977,breast lesion,0.8203125
bus_0579-r,,,,,,,435,322,[],0.9683735563190794,0.9386862485454035,0.9601855272339203,0.9767024341363617,0.9916465005726883,0.984174467354525,10.0,2.494334061694069,0.017201786981754414,97.70156908780336,breast lesion,0.875
bus_0580-l,,,,,,,460,323,[],0.9709608361667297,0.9435606246022811,0.9588141663350577,0.9834192133054436,0.993580350289582,0.9884997817975127,5.0,1.9446200936659843,0.025661956022651904,95.94158898107708,breast lesion,0.94140625
bus_0580-r,,,,,,,460,318,[],0.9613681389115488,0.9256100981767181,0.9382428205857265,0.9856622259394229,0.9916165538323773,0.9886393898859,6.708203932499369,2.3779574195194884,0.05054065356353426,96.0507420822978,breast lesion,0.94140625
bus_0581-l,,,,,,,433,324,[],0.741575901974132,0.589289336669146,0.9947494578244492,0.5911279929458048,0.9991697200512608,0.7951488564985327,70.31640900945428,17.461034562999508,-0.405751882249203,95.91998811811209,breast lesion,0.67578125
bus_0581-r,,,,,,,433,323,[],0.905021434980559,0.8265197729824881,0.8613131760389652,0.953402884750035,0.9606002066579811,0.957001545704008,26.355173144465706,6.774351014624246,0.10691779862764318,96.4754621963948,breast lesion,0.84375
bus_0582-l,,,,,,,432,323,[],0.9303946924547397,0.8698486122792263,0.883596753524135,0.9824269769650914,0.995972658414927,0.9891998176900092,7.0710678118654755,2.3197900252218067,0.11184991688435052,98.39860606007278,breast lesion,0.8203125
bus_0582-r,,,,,,,432,321,[],0.9265963353692394,0.8632319470308297,0.8933618843683083,0.96239907727797,0.996292905156435,0.9793459912172024,6.041381265149109,2.44191757341836,0.07727797001153403,97.10147604346275,breast lesion,0.859375
bus_0583-l,,,,,,,399,272,[],0.8679577464788732,0.7667185069984448,0.882563551736484,0.8538275025978525,0.9968951448774623,0.9253613237376574,11.0,3.7102222042157074,-0.03255975060616557,97.50510496087372,breast lesion,0.84375
bus_0583-r,,,,,,,399,271,[],0.3540035362465269,0.21506943911608992,0.21506943911608992,1.0,0.9028729848280577,0.9514364924140288,126.05514601986879,66.2107952097343,3.6496610774170533,97.96802583150566,breast lesion,0.74609375
bus_0584-l,,,,,,,398,270,[],0.862778418401408,0.7586722168854734,0.8231615518239722,0.90640142820709,0.9846714449195928,0.9455364365633414,23.01738309315414,6.315665081728789,0.10112216271359348,97.55428694188595,breast lesion,0.78515625
bus_0584-r,,,,,,,398,270,[],0.9324277011413766,0.8734094188639643,0.944933295486801,0.920248790601244,0.9961287104015965,0.9581887505014202,6.0,2.9089258403822345,-0.026123013130615064,97.5554771721363,breast lesion,0.77734375
bus_0585-l,,,,,,,459,322,[],0.8679897655763779,0.7667684789248626,0.9555420219244823,0.7951349296845306,0.9979128694471249,0.8965238995658278,25.941984052872964,5.2781264887712505,-0.16787026479158748,96.69200610369444,breast lesion,0.76171875
bus_0585-r,,,,,,,459,322,[],0.9077930505574893,0.8311548017716323,0.9808771035186129,0.8448446250137257,0.9989184590204123,0.921881542017069,8.963776741499448,3.7059072605029355,-0.13868452838475898,96.1021229159087,breast lesion,0.86328125
bus_0586-l,,,,,,,431,322,[],0.9640287769784173,0.9305555555555556,0.9529077117572693,0.9754124878680038,0.9977526395173454,0.9865825636926746,3.0,1.3110928885296642,0.02361695244257522,96.02001099847257,breast lesion,0.88671875
bus_0586-r,,,,,,,431,323,[],0.9361050680847636,0.8798848833686762,0.9508921263709281,0.9217708663916218,0.9977428504788919,0.9597568584352568,5.944266680799097,2.1955210953645357,-0.030625198349730244,96.84011014178395,breast lesion,0.86328125
bus_0587-l,,,,,,,431,320,[],0.9153399791697664,0.8438957475994513,0.8746090417969861,0.9600499375780275,0.9967264467472312,0.9783881921626294,7.615773105863909,2.1578289264076256,0.09769038701622972,97.26648987270892,breast lesion,0.86328125
bus_0587-r,,,,,,,431,326,[],0.9308430085815245,0.8706326723323891,0.8928340865074241,0.9722319859402461,0.9975882784521397,0.9849101321961928,4.0,1.8424159301524548,0.08892794376098419,97.83899295143783,breast lesion,0.859375
bus_0588-l,,,,,,,396,270,[],0.5642543743722578,0.3930044182621502,0.4245485641555962,0.8410022061140876,0.9280728617734205,0.884537533943754,60.73868730099211,25.3027267320553,0.9809328710999055,97.88442403078079,breast lesion,0.6484375
bus_0588-r,,,,,,,396,271,[],0.7722972972972973,0.6290588882773803,0.8165452207458208,0.7325983848224586,0.9870974224991207,0.8598479036607897,26.442335259834863,9.738637683981159,-0.10280733239328291,97.17137808911502,breast lesion,0.66015625
bus_0589-l,,,,,,,433,319,[],0.9225413402959095,0.8562197092084006,0.8630164868715652,0.9908857209628418,0.9949719084334468,0.9929288146981443,7.848199740725321,2.628509675545198,0.1481654592194438,96.62896511144936,breast lesion,0.7890625
bus_0589-r,,,,,,,433,323,[],0.7622538573011678,0.615840220385675,0.6178828081813157,0.9946607341490545,0.979573594160929,0.9871171641549918,47.90347211875016,12.181110730274346,0.6097886540600668,96.18066484108567,breast lesion,0.74609375
bus_0590-l,,,,,,,455,322,[],0.0,0.0,0.0,0.0,0.843309099870618,0.421654549935309,157.17824276915684,105.01618763829764,0.22110190853438963,94.78728286921978,breast lesion,0.703125
bus_0590-r,,,,,,,455,320,[],0.8972044563647618,0.8135727982788457,0.8521947873799726,0.9472337181441952,0.9762881574397183,0.9617609377919567,22.02271554554524,6.590942818533251,0.11152254410803747,96.17691393941641,breast lesion,0.80078125
bus_0591-l,,,,,,,437,321,[],0.9767943099360586,0.9546412020783598,0.9831513486152289,0.9705189521022201,0.9981547185351791,0.9843368353186996,4.0,1.3373714812596047,-0.012848882861017917,96.62380488589406,breast lesion,0.91015625
bus_0591-r,,,,,,,437,321,[],0.9766215503603445,0.9543112332531776,0.9745316775415702,0.9787204058624577,0.9971209898084625,0.9879206978354601,3.1622776601683795,1.3007608426016,0.0042981961668545655,95.4921490047127,breast lesion,0.921875
bus_0592-l,,,,,,,438,320,[],0.955595740405867,0.9149672951135052,0.9415957236190853,0.970018356108505,0.9978189668556895,0.9839186614820972,3.0,1.514181331449237,0.030185600652661636,95.3483849298209,breast lesion,0.91015625
bus_0592-r,,,,,,,438,320,[],0.9611612397018439,0.925226586102719,0.9324452901998097,0.9917020845982595,0.9973746293050533,0.9945383569516564,3.0,1.3216078370592954,0.0635498886865007,95.28839401900768,breast lesion,0.9140625
bus_0593-l,,,,,,,433,323,[],0.8574185520936493,0.7504222597564227,0.99422884400212,0.7537053571428571,0.9991656663176087,0.8764355117302329,40.24922359499622,9.006509304925444,-0.24191964285714285,96.24670585617423,breast lesion,0.828125
bus_0593-r,,,,,,,433,323,[],0.8863860897055917,0.7959545777146912,0.991321467314878,0.8015398609577026,0.9980197475178085,0.8997798042377556,31.25699921617557,9.65160240777148,-0.1914430511337795,96.32341796532273,breast lesion,0.90234375
bus_0594-l,,,,,,,399,272,[],0.9506015117640796,0.905853708024754,0.973294091999128,0.928942987931752,0.997523150956367,0.9632330694440595,5.830951894845301,2.1875145238022964,-0.04556803995006242,98.00741705112159,breast lesion,0.86328125
bus_0594-r,,,,,,,399,271,[],0.9298403524562983,0.8688800354138999,0.9946285598459511,0.8729763387297634,0.9994529709868197,0.9362146548582916,7.615773105863909,3.4414007374626796,-0.1223091976516634,97.73145103827119,breast lesion,0.91796875
bus_0595-l,,,,,,,452,321,[],0.5049598895885448,0.33775675051927073,0.35918517609522643,0.8498838559814169,0.9244305519377153,0.8871572039595661,66.7285542665935,21.27506149027545,1.366144018583043,97.91303495876491,breast lesion,0.77734375
bus_0595-r,,,,,,,452,320,[],0.6406687261493731,0.4713116945617881,0.4817973105936373,0.9558616202147272,0.9299950523929433,0.9429283363038352,78.46495446481916,24.20510767864414,0.9839496800780826,96.52597294189036,breast lesion,0.76953125
bus_0596-l,,,,,,,398,270,[],0.9344394839526137,0.8769464238585378,0.9987225728884881,0.8779311711473677,0.9998158598802006,0.9388735155137842,7.0710678118654755,3.753387410905575,-0.12094590131448577,94.53917690552771,breast lesion,0.94140625
bus_0596-r,,,,,,,398,270,[],0.9383461239975855,0.883853151397011,0.9968853059728838,0.886300700439811,0.9996427896030762,0.9429717450214437,8.06225774829855,3.4394004372400246,-0.1109301189118749,96.3875490706414,breast lesion,0.93359375
bus_0597-l,,,,,,,434,319,[],0.950379451255108,0.9054505005561735,0.9299314546839299,0.9717469160366097,0.9986463919725159,0.9851966540045628,3.0,1.3043197773545774,0.04496617588539594,96.43638087436557,breast lesion,0.87109375
bus_0597-r,,,,,,,434,320,[],0.8870466321243523,0.7970204841713222,0.8211818879508825,0.964398377647589,0.9965901025164458,0.9804942400820174,5.991547594742263,2.861234112202352,0.17440288418206398,97.88338397629559,breast lesion,0.8515625
bus_0598-l,,,,,,,452,323,[],0.2204582896510409,0.1238848678673624,0.5039370078740157,0.1410907696731525,0.9893112427432263,0.5652010062081895,100.42310481734968,37.159349733591135,-0.720023003929838,97.91351505555212,breast lesion,0.4921875
bus_0598-r,,,,,,,452,319,[],0.8724762004393765,0.7737984783818891,0.8820729772607087,0.8630859981372244,0.991711577773648,0.9273987879554362,30.576086638550144,7.4369710074851305,-0.02152540618855428,96.52243321761489,breast lesion,0.6015625
bus_0599-l,,,,,,,433,323,[],0.8709069089662267,0.7713331308836927,0.9555158468917521,0.8000629970863847,0.996280276816609,0.8981716369514969,25.0,6.043348688361259,-0.16268997558862902,94.56811798736453,breast lesion,0.80859375
bus_0599-r,,,,,,,433,324,[],0.9350640638626149,0.8780472440944882,0.9619073907942861,0.9096782614370554,0.9955829045603309,0.9526305829986932,13.152946437965905,3.9248130050675964,-0.054297461332637215,95.42440692894161,breast lesion,0.828125
bus_0600-l,,,,,,,454,320,[],0.9616373295468456,0.9261093035318527,0.9501693275278181,0.9733855379887991,0.9917667841698441,0.9825761610793216,9.219544457292887,2.7045108886354554,0.024433761213262625,95.57987004518509,breast lesion,0.90625
bus_0600-r,,,,,,,454,318,[],0.94734403441999,0.8999559831478338,0.958350073657426,0.9365879196387671,0.9951816935340186,0.9658848065863929,8.0,3.201117349839512,-0.02270793796217525,96.55979298986495,breast lesion,0.91015625
bus_0601-l,,,,,,,453,320,[],0.9069066989787087,0.8296699816304555,0.9288702928870293,0.8859577922077922,0.992295046705998,0.9391264194568951,15.541870665674233,5.1219826723070545,-0.04619859307359307,96.97370301000774,breast lesion,0.83203125
bus_0601-r,,,,,,,453,319,[],0.9589776460219533,0.9211883321788655,0.9482649342418,0.969935170178282,0.9950592810610818,0.9824972256196819,6.0,2.214942195125083,0.022852512155591573,96.42477100715041,breast lesion,0.89453125
bus_0602-l,,,,,,,432,324,[],0.8022357389445997,0.6697776557782048,0.9895368643036743,0.6745549043459029,0.9989415992517353,0.8367482517988192,48.20777266815318,11.715768622064369,-0.3183125069114232,96.44439001567662,breast lesion,0.828125
bus_0602-r,,,,,,,432,322,[],0.920489655442137,0.8526918339250779,0.9634056487924683,0.8812340871648944,0.9964453280318092,0.9388397075983518,11.081152949374514,4.15222637432829,-0.08529279616594279,96.06334217824042,breast lesion,0.83984375
bus_0603-l,,,,,,,455,319,[],0.9035602653045666,0.8240856626338479,0.971634694212166,0.8444001139925905,0.9987475294475374,0.921573821720064,18.049809498677423,3.628366029362524,-0.13094898831575946,94.53012701123953,breast lesion,0.8046875
bus_0603-r,,,,,,,455,321,[],0.6204465334900118,0.4497444633730835,0.47267631947687994,0.9026311877508547,0.9513809141019752,0.927006050926415,89.38396718392643,23.757617546570383,0.9096179574847629,97.38178201951087,breast lesion,0.69140625
bus_0604-l,,,,,,,457,321,[],0.8000445831475702,0.666728590005573,0.9838267543859649,0.6741172051089407,0.9995826642994066,0.8368499347041736,24.683924728507456,6.535958663544225,-0.3148009015777611,97.10879600606859,breast lesion,0.703125
bus_0604-r,,,,,,,457,322,[],0.9422877548669508,0.8908734480505337,0.9643951898137232,0.9211711711711712,0.9989419398237034,0.9600565554974373,5.602516361020792,1.8956026811487352,-0.04481981981981982,96.84462007135153,breast lesion,0.6640625
bus_0605-l,,,,,,,433,323,[],0.7633356037754209,0.6172536430302458,0.8866184448462929,0.6701520587732787,0.9773224587228964,0.8237372587480876,64.0,22.935601788730605,-0.24414830001708526,96.14396397955716,breast lesion,0.6875
bus_0605-r,,,,,,,433,322,[],0.7615606051326025,0.6149357072205737,0.7610168108372776,0.7621051771339844,0.9490487416596348,0.8555769593968097,69.19709521185449,19.59069110155556,0.0014301475095002656,94.56641715951264,breast lesion,0.6796875
bus_0606-l,,,,,,,429,323,[],0.9513425491619024,0.9072004861087668,0.9860932741349576,0.9189577349199836,0.9965332089313319,0.9577454719256577,18.71890507979468,3.9491861603365153,-0.06808234167692519,96.64898598566651,breast lesion,0.92578125
bus_0606-r,,,,,,,429,320,[],0.8643080238908474,0.7610408826272959,0.8175253101136796,0.9167699938003719,0.9526248744079231,0.9346974341041475,41.22620268695374,13.426717386758389,0.12139646621202728,97.46457496657968,breast lesion,0.66796875
bus_0607-l,,,,,,,435,322,[],0.9234176047241188,0.8577305450805622,0.9138056975894814,0.9332338679597165,0.9982822496706432,0.9657580588151798,5.830951894845301,2.059077806333188,0.02126072361059306,96.84386989101768,breast lesion,0.81640625
bus_0607-r,,,,,,,435,319,[],0.926180079018507,0.8625096824167312,0.9484667802385008,0.9049167005282406,0.9991122784364362,0.9520144894823384,6.324555320336759,1.972404178038834,-0.04591629418935392,96.95616317912936,breast lesion,0.8125
bus_0608-l,,,,,,,431,319,[],0.9561688311688312,0.9160186625194401,0.9355806565478292,0.9776835116193286,0.9972362512966904,0.9874598814580096,4.0,1.6230095938173952,0.0450018443378827,96.43941093236208,breast lesion,0.890625
bus_0608-r,,,,,,,431,321,[],0.9450517628321147,0.8958276146033489,0.9099400529764394,0.9829819277108434,0.995095322334505,0.9890386250226741,4.0,2.1378879163810005,0.08027108433734939,95.2319330535829,breast lesion,0.87890625
bus_0609-l,,,,,,,431,323,[],0.5237993778497465,0.35482939784077133,0.6122733612273361,0.45766624469431827,0.9690580677987661,0.7133621562465422,57.53560622154706,26.43454371308951,-0.25251321766326607,96.06722183525562,breast lesion,0.5703125
bus_0609-r,,,,,,,431,324,[],0.7509788919393312,0.6012539636782934,0.9958223919789926,0.6027743660140163,0.9997217872387781,0.8012480766263972,29.0,11.651284341374911,-0.3946969149627917,98.82404608651996,breast lesion,0.515625
bus_0610-l,,,,,,,398,269,[],0.8424212106053026,0.7277441659464131,0.7589384076114172,0.9465400949288034,0.9757006137942175,0.9611203543615104,23.66163000003835,5.996702535706046,0.2471896077941544,97.13819599710405,breast lesion,0.69921875
bus_0610-r,,,,,,,398,270,[],0.606945204646354,0.4356937047061905,0.7701805834233678,0.5008028904054597,0.9847275785673258,0.7427652344863928,43.272392661166336,15.921475318679601,-0.3497591328783621,97.26752014830709,breast lesion,0.5703125
bus_0611-l,,,,,,,398,270,[],0.40085252889581113,0.25066639327455403,0.27404169468728984,0.7461092462618248,0.937830548170047,0.841969897215936,124.27749799008019,47.362163938065834,1.7226121452548062,95.3471849206835,breast lesion,0.79296875
bus_0611-r,,,,,,,398,270,[],0.8496262219666475,0.7385653586603349,0.8897922312556459,0.81292984869326,0.9964748374668914,0.9047023430800757,14.131488946119674,4.692834775750476,-0.08638239339752407,96.75997798331082,breast lesion,0.63671875
bus_0612-l,,,,,,,433,320,[],0.9359830591301515,0.8796693202694428,0.9028912633563796,0.9715928305715252,0.9977212893520054,0.9846570599617653,4.0,1.7096522557615383,0.07609063239770038,96.03039105422795,breast lesion,0.8203125
bus_0612-r,,,,,,,433,321,[],0.9227570766032305,0.8565914489311164,0.890982087708462,0.956882255389718,0.9974039918222065,0.9771431236059622,4.47213595499958,2.086272006004803,0.07396351575456053,94.49478588066995,breast lesion,0.8515625
bus_0613-l,,,,,,,432,322,[],0.8981481481481481,0.8151260504201681,0.8286171916711158,0.9804169298799748,0.9976658110397685,0.9890413704598716,5.656854249492381,2.1896575839162638,0.1831964624131396,95.89749807491899,breast lesion,0.7421875
bus_0613-r,,,,,,,432,322,[],0.0,0.0,0.0,0.0,0.871721558955555,0.4358607794777775,150.65523555456014,85.96939834762344,9.666666666666666,96.2928170338273,breast lesion,0.77734375
bus_0614-l,,,,,,,434,322,[],0.9649836213712866,0.9323365709920332,0.9492222222222222,0.9812772800367563,0.9965125684894919,0.9888949242631241,3.1622776601683795,1.6606660707643415,0.033769813921433495,99.1046919953078,breast lesion,0.84375
bus_0614-r,,,,,,,434,322,[],0.8963177076787734,0.8121156911865178,0.8677454678184694,0.9268356075373619,0.9917684566045452,0.9593020320709535,13.393984724737013,4.676560307803381,0.06809616634178038,97.1952578984201,breast lesion,0.8125
bus_0615-l,,,,,,,435,322,[],0.5626715462031107,0.3914704010184596,0.9044117647058824,0.40836653386454186,0.9990514964467597,0.7037090151556508,46.04345773288535,11.716799974422695,-0.548472775564409,96.89681092277169,breast lesion,0.703125
bus_0615-r,,,,,,,435,324,[],0.8674958540630182,0.7659979499194611,0.9633517495395948,0.7889894419306184,0.9985183530638077,0.893753897497213,13.45362404707371,4.28787169174839,-0.18099547511312217,95.84432700648904,breast lesion,0.74609375
bus_0616-l,,,,,,,395,271,[],0.9509472058910862,0.9064817435607133,0.9124216524216524,0.9928695436507936,0.9830944707810421,0.9879820072159178,12.078900834114343,3.196881987472746,0.08816964285714286,95.83447710610926,breast lesion,0.91796875
bus_0616-r,,,,,,,395,270,[],0.9634709587123863,0.9295166081555496,0.956243922767051,0.9708080665632491,0.9931868322014102,0.9819974493823297,7.0710678118654755,2.2504549202830666,0.015230573967000423,95.92531900852919,breast lesion,0.94140625
bus_0617-l,,,,,,,457,318,[],0.8983434632344178,0.8154478580700996,0.8498308906426155,0.9527300303336703,0.9952889580533352,0.9740094941935027,11.71946491518363,3.4050548092520736,0.12108190091001012,94.49689602479339,breast lesion,0.78515625
bus_0617-r,,,,,,,457,321,[],0.8350175087543772,0.7167639986259018,0.8099767080745341,0.8616559983481313,0.9930985379333681,0.9273772681407497,12.041594578792296,5.639470368814703,0.06380342762750361,97.0899760723114,breast lesion,0.6171875
bus_0618-l,,,,,,,397,271,[],0.0,0.0,0.0,0.0,0.8750818148186794,0.4375409074093397,146.38099843754486,86.9724482408409,5.079870729455217,97.2900700289756,breast lesion,0.4765625
bus_0618-r,,,,,,,397,270,[],0.9004276114844227,0.8188888888888889,0.8917120387174834,0.9093152375077113,0.9983044264888367,0.953809831998274,5.656854249492381,1.8869522231604936,0.01974090067859346,97.41868288256228,breast lesion,0.69140625
bus_0619-l,,,,,,,459,321,[],0.9566330677938547,0.9168711775933933,0.961596600890632,0.9517205127168331,0.9923332898342686,0.9720269012755509,18.365724718735144,4.78071939906682,-0.01027051069507905,97.3392107989639,breast lesion,0.89453125
bus_0619-r,,,,,,,459,320,[],0.9712931909787391,0.9441885505772567,0.9773979812991517,0.9652641878669276,0.9936063621076233,0.9794352749872755,7.120079970537339,2.4463771056390575,-0.012414383561643835,97.14560699649155,breast lesion,0.9375
bus_0620-l,,,,,,,397,268,[],0.9071143168491516,0.8300175680167133,0.903177473521054,0.9110856308959191,0.9785113921728262,0.9447985115343727,21.059409575678814,6.012735941599684,0.008755928493250638,95.66666302271187,breast lesion,0.89453125
bus_0620-r,,,,,,,397,268,[],0.9531116389548694,0.9104233788628217,0.9240937773478881,0.9840109863161509,0.9808387689374121,0.9824248776267814,8.0,3.244904525609477,0.06483888371180538,96.45227086730301,breast lesion,0.921875
bus_0621-l,,,,,,,399,270,[],0.9568920563184425,0.9173471088151974,0.9324186991869918,0.9826847554444841,0.9960931380228732,0.9893889467336787,4.47213595499958,1.5784665347991569,0.05390931810067833,98.60581997781992,breast lesion,0.86328125
bus_0621-r,,,,,,,399,269,[],0.9231719149686866,0.8573066841415465,0.8619667270630869,0.9937333839726548,0.991789545877627,0.9927614649251408,15.537044492197632,2.9137167123414485,0.15286745157614887,97.78198204003274,breast lesion,0.81640625
bus_0622-l,,,,,,,436,320,[],0.8536859876195836,0.7447226313205695,0.9637865311308768,0.7661616161616162,0.998719868243749,0.8824407422026825,12.041594578792296,4.38008571491342,-0.20505050505050504,99.13928294554353,breast lesion,0.78515625
bus_0622-r,,,,,,,436,321,[],0.8399318859088974,0.7240366972477065,0.91047531149054,0.7795337811141841,0.995603000838603,0.8875683909763936,31.002418725781247,7.357034710688009,-0.14381667325167918,98.17089093849063,breast lesion,0.77734375
bus_0623-l,,,,,,,434,318,[],0.9315547378104876,0.8718787670053384,0.96227311603155,0.9027369171792814,0.9968689617098466,0.949802939444564,14.0,3.361176470725024,-0.06187037532317019,96.88585088588297,breast lesion,0.8125
bus_0623-r,,,,,,,434,322,[],0.9391588745859365,0.885296442687747,0.9525389129880072,0.9261495203440291,0.995628877608573,0.9608891989763011,9.219544457292887,3.2417542836284285,-0.027704267284154812,96.02070087566972,breast lesion,0.8203125
bus_0624-l,,,,,,,451,324,[],0.9353852224524021,0.8786137879911046,0.9662692346886783,0.9064143007360673,0.9975601306177808,0.951987215676924,8.154234499766936,2.839469094330249,-0.061944364783481504,95.28033412061632,breast lesion,0.859375
bus_0624-r,,,,,,,451,323,[],0.9431442011731227,0.8924057588746016,0.9642560266001663,0.9229370311434417,0.9978009132420091,0.9603689721927254,5.830951894845301,2.3881366915202538,-0.04285064787451694,96.1235340218991,breast lesion,0.875
bus_0625-l,,,,,,,452,325,[],0.9214096173399796,0.8542720500321899,0.8929103580869984,0.9517880930423199,0.9825093027272299,0.967148697884775,26.225859944335586,6.133467557372239,0.0659391331079004,96.95749310776591,breast lesion,0.84765625
bus_0625-r,,,,,,,452,322,[],0.9146480437132922,0.8427202239931079,0.8606543854825406,0.9758698092031426,0.9804333389958766,0.9781515740995096,18.973665961010276,5.609808453905446,0.13386955979548573,97.7954720146954,breast lesion,0.73046875
bus_0626-l,,,,,,,429,323,[],0.8595308196409915,0.7536642238507661,0.7694269682026866,0.9735370051635112,0.9898744763625774,0.9817057407630443,13.601470508735444,5.165852752647874,0.26527538726333905,96.32641891948879,breast lesion,0.73046875
bus_0626-r,,,,,,,429,322,[],0.8592667001506781,0.7532581895033462,0.7547203105699665,0.9974347014925373,0.9896152409413522,0.9935249712169447,20.52193331634773,5.325436086968106,0.32159514925373134,96.85821109451354,breast lesion,0.81640625
bus_0627-l,,,,,,,396,270,[],0.9528471528471528,0.9099408509826369,0.9411880797315966,0.964798705239733,0.9970777724388833,0.9809382388393082,4.0,1.6224579453888919,0.025085980173983412,96.25009610317647,breast lesion,0.68359375
bus_0627-r,,,,,,,396,269,[],0.8717586044318718,0.7726702883409946,0.7731549236880619,0.9991894082680357,0.989447886173327,0.9943186472206813,14.385670688353093,4.23623998670251,0.2923534179951364,94.68161105178297,breast lesion,0.84765625
bus_0628-l,,,,,,,397,271,[],0.9122309197651663,0.8386255284699109,0.9620266226395625,0.8673364964182715,0.9961998389062146,0.931768167662243,10.295630140987,3.553939719838321,-0.09842776072192762,96.49521205574274,breast lesion,0.79296875
bus_0628-r,,,,,,,397,267,[],0.805316973415133,0.6740842177336529,0.9996192410204341,0.6742573409810804,0.9999681927097691,0.8371127668454248,18.997366596101028,8.55692640737226,-0.32548583169249207,96.69431601651013,breast lesion,0.7109375
bus_0629-l,,,,,,,451,319,[],0.9194716659565403,0.8509463722397477,0.8680611423974256,0.9773550724637681,0.9976846132668836,0.9875198428653258,5.643269777374484,2.0328001882092157,0.12590579710144928,98.67850202135742,breast lesion,0.73828125
bus_0629-r,,,,,,,451,319,[],0.9259995582063176,0.8621966269025092,0.8639736191261336,0.9976201808662541,0.9976722532588455,0.9976462170625497,4.0,1.811537549960749,0.1546882436934793,96.91075189039111,breast lesion,0.82421875
bus_0630-l,,,,,,,452,328,[],0.9331869119225298,0.8747426539397343,0.985815228854672,0.8858930009951191,0.9978844384324397,0.9418887197137794,17.029386365926403,4.740695244876747,-0.1013599962090698,96.98189306072891,breast lesion,0.9140625
bus_0630-r,,,,,,,452,322,[],0.9552139923148271,0.9142675967025998,0.9962227647519462,0.9174479277139099,0.9993277090455928,0.9583878183797514,12.304212372405255,2.8649267596726515,-0.0790735163110338,95.86006798781455,breast lesion,0.92578125
bus_0631-l,,,,,,,453,320,[],0.9585671686021744,0.9204311019420929,0.962578581259532,0.9545890512025971,0.991463869938567,0.9730264605705821,13.0,3.5150170723598895,-0.008300132802124834,95.11395008303225,breast lesion,0.921875
bus_0631-r,,,,,,,453,323,[],0.9590680945862522,0.9213552679077923,0.9458915713680643,0.9726169089226414,0.9920125048847206,0.9823147069036811,7.211102550927978,2.838621802352676,0.02825412379552507,95.60244088061154,breast lesion,0.86328125
bus_0632-l,,,,,,,451,321,[],0.9259259259259259,0.8620689655172413,0.9505314799672936,0.9025621118012422,0.9991490558739758,0.950855583837609,5.0,1.9558541578020623,-0.05046583850931677,96.42633004114032,breast lesion,0.8359375
bus_0632-r,,,,,,,451,323,[],0.9396741523557904,0.8862126245847176,0.9509803921568627,0.9286335944299391,0.9992327811682651,0.9639331877991021,4.47213595499958,1.5423195967509558,-0.02349869451697128,98.27437298372388,breast lesion,0.82421875
bus_0633-l,,,,,,,434,323,[],0.942157712305026,0.8906409993856236,0.9368806548901336,0.9474945533769064,0.99783910555195,0.9726668294644282,5.385164807134504,2.0330144164160178,0.011328976034858388,95.95545008778572,breast lesion,0.71484375
bus_0633-r,,,,,,,434,326,[],0.7859207863544377,0.647338968924872,0.6785224010982154,0.9337111454576679,0.9810114918804962,0.957361318669082,36.40054944640259,7.9880564419941615,0.37609479649665123,97.22458897158504,breast lesion,0.73046875
bus_0634-l,,,,,,,456,321,[],0.0,0.0,0.0,0.0,0.9174900220491781,0.45874501102458903,215.44465278070575,161.58336907062025,2.8643790849673203,96.62012499757111,breast lesion,0.66015625
bus_0634-r,,,,,,,456,324,[],0.11538770590598633,0.06122623006736591,0.09531395194477632,0.1461726384364821,0.9522866024420298,0.5492296204392559,64.59962528744161,29.632155451653425,0.5335912052117264,95.1722520403564,breast lesion,0.4375
bus_0635-l,,,,,,,450,320,[],0.9337470341303158,0.875727490585416,0.9286621891450354,0.9388878693338227,0.997163499361246,0.9680256843475343,7.0,2.201348849442671,0.011011194714626537,96.92965215072036,breast lesion,0.828125
bus_0635-r,,,,,,,450,321,[],0.7858249066229389,0.6472088835534213,0.6525949462853684,0.987408424908425,0.9836096000913751,0.9855090124999,45.023670285908416,8.981856283115352,0.5130494505494505,97.23187913186848,breast lesion,0.734375
bus_0636-l,,,,,,,452,323,[],0.9343904567937155,0.8768600682593857,0.9542415688604962,0.9153484395040615,0.9977838378460056,0.9565661386750335,8.48528137423857,2.8876281264705908,-0.04075815875730369,96.64897597394884,breast lesion,0.62109375
bus_0636-r,,,,,,,452,323,[],0.9398723980150803,0.886565349544073,0.9311709871025412,0.9487379651314077,0.9961029571252983,0.972420461128353,6.008276253029824,2.3565532810044245,0.018865469685141818,100.09425482712686,breast lesion,0.6953125
bus_0637-l,,,,,,,434,320,[],0.9320891653706583,0.8728155339805825,0.8818048062775871,0.9884551951621771,0.9982416588234436,0.9933484269928103,3.605551275463989,1.5324126027032945,0.12094557449147883,99.17905298061669,breast lesion,0.8125
bus_0637-r,,,,,,,434,320,[],0.8766684463427656,0.7804182509505704,0.7836461979000955,0.9947495961227787,0.9950148089498841,0.9948822025363314,9.899494936611665,3.5323170391917147,0.2693861066235864,96.44585102796555,breast lesion,0.7265625
bus_0638-l,,,,,,,434,324,[],0.43609302325581395,0.27884844158934097,0.9286846275752774,0.2849501580354972,0.9993406738313444,0.6421454159334208,34.534758010196285,15.94009956770015,-0.6931680038901046,97.62938809581101,breast lesion,0.640625
bus_0638-r,,,,,,,434,321,[],0.9548071034905082,0.9135223810639794,0.9256708620280218,0.9858371269600404,0.9976876477541371,0.9917623873570888,3.1622776601683795,1.482108707468819,0.06499747091552859,96.61365393549204,breast lesion,0.7890625
bus_0639-l,,,,,,,434,324,[],0.8930272028664372,0.8067291311754685,0.99820826306914,0.8078990019619551,0.9998681076551869,0.903883554808571,12.529964086141668,5.338435342897484,-0.19065085728908981,97.16660808771849,breast lesion,0.87890625
bus_0639-r,,,,,,,434,323,[],0.9181587911608001,0.8487001453253673,0.8885883347421809,0.949765088543549,0.9897919667890391,0.969778527666294,13.044131891783323,4.46091049508234,0.06884712685218648,96.66759497486055,breast lesion,0.89453125
bus_0640-l,,,,,,,434,323,[],0.9549108076612782,0.9137122598353157,0.9832625684573257,0.9281482342007435,0.9977880064408048,0.9629681203207742,13.0,2.8720075858568164,-0.056052509293680296,97.43403317406774,breast lesion,0.890625
bus_0640-r,,,,,,,434,323,[],0.9686905273497453,0.9392821001250075,0.965312614706962,0.9720921636274027,0.9954255748285599,0.9837588692279813,6.586172054472733,1.936182942516516,0.007023164120256284,96.69549693353474,breast lesion,0.921875
bus_0641-l,,,,,,,455,322,[],0.9030940467680997,0.8233103705082853,0.9304576538663861,0.8772939192540422,0.9951549890419192,0.9362244541479807,12.35895929262726,4.2266321773998206,-0.05713718877095526,96.53627290390432,breast lesion,0.70703125
bus_0641-r,,,,,,,455,321,[],0.7358815426997245,0.5821302097521112,0.5983201119925339,0.9555820539573707,0.9691128557690928,0.9623474548632318,35.4682957019364,11.384478401858203,0.5971083619019227,96.79706883616745,breast lesion,0.7421875
bus_0642-l,,,,,,,434,322,[],0.6890374331550803,0.5255965735264124,0.5280196701157668,0.9913444893248702,0.9657596860623268,0.9785520876935985,37.770305164184755,12.158909681730558,0.8774764377764955,96.44996095448732,breast lesion,0.79296875
bus_0642-r,,,,,,,434,320,[],0.9438418474457663,0.8936557892993209,0.9119337390128465,0.9780638143582306,0.9960933985183408,0.9870786064382857,4.47213595499958,1.9711705634099992,0.0725163161711385,96.88298194669187,breast lesion,0.7109375
bus_0643-l,,,,,,,456,322,[],0.9267902031010166,0.8635685266561645,0.9995201765750203,0.8639266755142667,0.9997971766996593,0.931861926106963,20.084797872693578,7.2482674627330175,-0.13565859323158594,96.45020100288093,breast lesion,0.90625
bus_0643-r,,,,,,,456,323,[],0.9465234652097619,0.8984760779681039,0.9852579216001244,0.9107194175687326,0.9946082704772012,0.9526638440229669,11.661903789690601,5.110735203114726,-0.07565379825653798,96.80264885537326,breast lesion,0.875
bus_0644-l,,,,,,,435,322,[],0.7064597426714418,0.5461443806398687,0.9688333737569731,0.5559112100758472,0.9979554332174481,0.7769333216466476,55.253943583282606,14.923670976574508,-0.4262055528494886,97.82738308422267,breast lesion,0.7109375
bus_0644-r,,,,,,,435,325,[],0.8586099987081772,0.7522494482485428,0.9932008368200836,0.7561433447098976,0.9992649137687306,0.8777041292393142,18.439088914585774,7.763880855604026,-0.23868031854379979,96.5237719938159,breast lesion,0.82421875
bus_0645-l,,,,,,,431,320,[],0.8340692444187678,0.7153677355418702,0.9970402525651144,0.7168901184649216,0.9997577186790823,0.858323918572002,27.226496415801922,9.224456345924779,-0.2809817691707455,97.3603818565607,breast lesion,0.83984375
bus_0645-r,,,,,,,431,323,[],0.8643598821814287,0.7611212994498298,0.9879616404815343,0.7682462449756716,0.998528739453888,0.8833874922147797,20.57174205921369,7.842183107269613,-0.2223926380368098,96.7664779163897,breast lesion,0.8046875
bus_0646-l,,,,,,,434,321,[],0.0,0.0,0.0,0.0,0.9246498230838962,0.4623249115419481,146.8638825579659,107.56542783617274,3.080364212193191,97.13877597823739,breast lesion,0.515625
bus_0646-r,,,,,,,434,321,[],0.8076858250463509,0.677410234662143,0.6793308760986674,0.9958437240232751,0.9917389779998247,0.9937913510115499,12.041594578792296,5.126134964611523,0.46591853699085617,96.64211585186422,breast lesion,0.8203125
bus_0647-l,,,,,,,435,320,[],0.9224406932591451,0.8560463331239969,0.9258169194777752,0.9190890020976925,0.9921892381527508,0.9556391201252217,11.685441656256563,4.501848813702586,-0.007267006293077615,96.81744896806777,breast lesion,0.86328125
bus_0647-r,,,,,,,435,325,[],0.8580893641089176,0.7514505401198169,0.9987460815047022,0.7521601586477171,0.999833605111651,0.875996881879684,19.628365872304038,8.519738520112963,-0.2468955097030077,96.13854321651161,breast lesion,0.89453125
bus_0648-l,,,,,,,430,320,[],0.9262630860263996,0.8626536668079695,0.875896700143472,0.9827752736638764,0.9934164459463574,0.9880958598051168,6.4031242374328485,2.9593099652299912,0.12202189311010947,96.44657117314637,breast lesion,0.875
bus_0648-r,,,,,,,430,320,[],0.9168648978347057,0.8464917220407704,0.8661979946986286,0.9738274164291267,0.991061117013905,0.9824442667215159,11.180339887498949,3.6875851658146988,0.12425498833894791,97.51742496155202,breast lesion,0.87890625
bus_0649-l,,,,,,,432,323,[],0.829402461665406,0.7085291353383458,0.8165448145139453,0.8426715104093894,0.9897642375301219,0.9162178739697556,15.451017575126972,6.101177587768277,0.03199664663965349,96.65354597382247,breast lesion,0.75390625
bus_0649-r,,,,,,,432,325,[],0.923180263800684,0.8573210842690258,0.9768674075988627,0.8750868256540866,0.9986414899591688,0.9368641578066277,7.0,3.3565645154750534,-0.10419078490391294,97.19268814660609,breast lesion,0.765625
bus_0650-l,,,,,,,452,325,[],0.9122744644920452,0.8386991338453996,0.8811813186813187,0.9456421595725079,0.9951086072960919,0.9703753834342999,6.8832815729997545,2.6710750806026904,0.07315275474479455,96.73500806093216,breast lesion,0.67578125
bus_0650-r,,,,,,,452,324,[],0.9384272277707747,0.8839970770917063,0.9743279975838115,0.9050780884690919,0.9981216161467349,0.9515998523079134,7.781078190400224,2.769733236731952,-0.07107453474235481,97.35807101242244,breast lesion,0.8203125
bus_0651-l,,,,,,,449,323,[],0.9546655304644227,0.913263226542757,0.925103220478943,0.9861795774647887,0.9932144807618933,0.989697029113341,8.209420550647959,2.4870742298638233,0.06602112676056338,96.55600413680077,breast lesion,0.875
bus_0651-r,,,,,,,449,321,[],0.9118845417505277,0.8380402418117838,0.968609865470852,0.8614357262103506,0.9977427313700346,0.9295892287901926,17.08800749063506,4.514403093601075,-0.11064737525505472,97.429642919451,breast lesion,0.81640625
bus_0652-l,,,,,,,456,319,[],0.933295647258338,0.8749337572866984,0.9187534780189204,0.9483055715106261,0.9979434012762182,0.9731244863934221,8.028230463570988,2.015766581919548,0.032165422171166,96.4706118684262,breast lesion,0.81640625
bus_0652-r,,,,,,,456,322,[],0.7335140018066847,0.579172610556348,0.58464,0.9841098841906813,0.9818612483318078,0.9829855662612446,40.63736058615076,12.271307200305312,0.6832749798007003,96.86490101739764,breast lesion,0.76953125
bus_0653-l,,,,,,,434,322,[],0.9273334725412403,0.8645123613003699,0.8687402190923318,0.9944021495745634,0.995039990538283,0.9947210700564232,6.0,2.561544092059257,0.14464845499328258,97.09651488810778,breast lesion,0.84765625
bus_0653-r,,,,,,,434,321,[],0.9178439665256907,0.8481623149842009,0.8498583569405099,0.9976525821596244,0.9932862401454524,0.9954694111525384,8.06225774829855,3.019890799377537,0.17390453834115807,96.59770503640175,breast lesion,0.8203125
bus_0654-l,,,,,,,450,321,[],0.911274115755627,0.8370096908167974,0.8584816357440364,0.9709850107066381,0.9889349418991933,0.9799599763029156,36.72462864039377,9.10970562939484,0.1310492505353319,97.0183638855815,breast lesion,0.7421875
bus_0654-r,,,,,,,450,322,[],0.9405270655270656,0.8877310924369748,0.952054794520548,0.9292751583391977,0.9980893000804505,0.9636822292098242,7.0,2.197833064345701,-0.023926812104152005,96.89566097222269,breast lesion,0.8984375
bus_0655-l,,,,,,,453,322,[],0.9523138360347663,0.9089686098654709,0.9138863841298467,0.9941147621383031,0.9986720156855111,0.9963933889119071,3.1622776601683795,1.175719006878255,0.08778813143697892,97.08005492575467,breast lesion,0.78515625
bus_0655-r,,,,,,,453,322,[],0.9158551810237203,0.8447719944725933,0.9021151008362026,0.9300202839756593,0.9986170375415236,0.9643186607585914,5.0,1.9624386278106176,0.030933062880324543,96.55129304155707,breast lesion,0.66015625
bus_0656-l,,,,,,,432,321,[],0.0,0.0,0.0,0.0,0.9645953220026467,0.4822976610013234,101.02911303190065,57.802016877795836,0.14196642685851318,97.11174597032368,breast lesion,0.6953125
bus_0656-r,,,,,,,432,322,[],0.9269918879875542,0.8639188069594035,0.8805150939413131,0.9786485218207415,0.9958024947716587,0.9872255082962,6.0,2.43360003541133,0.11145002346316284,96.50431200861931,breast lesion,0.72265625
bus_0657-l,,,,,,,430,322,[],0.9418715959729328,0.8901297728974294,0.9643774503176964,0.9203922327591768,0.9957140184939696,0.9580531256265732,8.0,3.2085427730874274,-0.04560996064770015,96.94265318103135,breast lesion,0.84765625
bus_0657-r,,,,,,,430,326,[],0.9026024363233666,0.8224935667793531,0.9957849725106903,0.8253670886075949,0.9994270530598688,0.9123970708337319,16.455941288225066,6.327355273832155,-0.17113924050632912,96.71992715448141,breast lesion,0.87109375
bus_0658-s,,,,,,,450,434,[],0.9515008305453525,0.9074883970010711,0.9689793195463643,0.934641724502459,0.9914221337936305,0.9630319291480447,17.46424919657298,4.6242970149300655,-0.03543687089212667,97.63910784386098,breast lesion,0.86328125
bus_0659-l,,,,,,,428,319,[],0.940500338066261,0.8876834716017868,0.9177479656916648,0.9644095216085047,0.9971710600960629,0.9807902908522839,4.47213595499958,1.8288098030184927,0.05084354055927895,97.013354068622,breast lesion,0.84375
bus_0659-r,,,,,,,428,318,[],0.9316791298436438,0.8720967228762329,0.9004599211563732,0.9651408450704225,0.9977263176851963,0.9814335813778094,5.91547594742265,1.8233642006419968,0.07183098591549296,96.61654406227171,breast lesion,0.76953125
bus_0660-l,,,,,,,432,320,[],0.9334597156398105,0.8752221827230715,0.9074824917065979,0.960967993754879,0.9981500316926841,0.9795590127237815,3.605551275463989,1.648545745370693,0.05893832943013271,97.19174797646701,breast lesion,0.87109375
bus_0660-r,,,,,,,432,320,[],0.8199233716475096,0.6948051948051948,0.7588652482269503,0.8916666666666667,0.9913834227787716,0.9415250447227191,27.475521696655928,5.96522439780935,0.175,96.81450994685292,breast lesion,0.67578125
bus_0661-l,,,,,,,432,319,[],0.872717788210746,0.7741786210087922,0.8012452107279694,0.9581901489117984,0.9969499198894621,0.9775700344006303,9.071801070052958,2.8316400782482742,0.1958762886597938,97.1254960168153,breast lesion,0.68359375
bus_0661-r,,,,,,,432,319,[],0.9627256843331392,0.9281302638966873,0.9706400469759249,0.9549393414211439,0.999632560976506,0.977285951198825,2.23606797749979,0.8252453920815247,-0.016175621028307337,96.42401989549398,breast lesion,0.79296875
bus_0662-l,,,,,,,434,317,[],0.9051808406647116,0.8267857142857142,0.8285612025769507,0.997414907367514,0.9964585936402552,0.9969367505038846,5.0,2.250779411668949,0.2037914691943128,96.59720514900982,breast lesion,0.80859375
bus_0662-r,,,,,,,434,319,[],0.8898289497884863,0.8015241882041086,0.8172297297297297,0.9765845781186919,0.996021151880208,0.98630286499945,8.491153611346464,2.7895794100614677,0.1949939442874445,97.10567584261298,breast lesion,0.78125
bus_0663-l,,,,,,,451,323,[],0.770958684316085,0.6272845953002611,0.677619517698491,0.8941198362486044,0.983706227414308,0.9389130318314562,37.78986391720471,8.248412881271356,0.3195013025679196,96.81374882347882,breast lesion,0.75390625
bus_0663-r,,,,,,,451,325,[],0.0,0.0,0.0,0.0,0.8876630743051617,0.44383153715258084,163.49556367181165,64.61022970962739,1.8625112917795845,96.51807206682861,breast lesion,0.56640625
bus_0664-s,,,,,,,450,322,[],0.8070763278086919,0.6765532000267505,0.9891469078464923,0.6816129901630508,0.9980731842799612,0.8398430872215059,40.0,14.540718364841924,-0.3109082333917262,97.18478820286691,breast lesion,0.59765625
bus_0665-l,,,,,,,433,324,[],0.9357015007572629,0.8791720569210867,0.9391929242675512,0.9322359396433471,0.9983900122212709,0.9653129759323089,5.059411708155667,1.7118089029156769,-0.007407407407407408,96.93357208743691,breast lesion,0.76171875
bus_0665-r,,,,,,,433,324,[],0.6999132697311362,0.5383589059372915,0.5931206820520358,0.8536069388618575,0.9795817504518128,0.9165943446568352,38.48051413817646,12.426512080130673,0.43917918341442774,97.02112386003137,breast lesion,0.5859375
bus_0666-l,,,,,,,453,323,[],0.6689203465032749,0.5025396825396825,0.9802756817504186,0.5076731203230788,0.9861578328960711,0.7469154766095749,84.01777859225899,33.35925823052593,-0.4821118897731322,96.72003681771457,breast lesion,0.7421875
bus_0666-r,,,,,,,453,325,[],0.37789681853963863,0.2329671890535486,0.8703842922212887,0.2413399874927961,0.9553691070775978,0.598354547285197,120.74726067098462,32.607083066025076,-0.7227201942295195,96.54881292954087,breast lesion,0.59375
bus_0667-l,,,,,,,431,320,[],0.8659177122847972,0.763540460568635,0.8191856452726018,0.91830419309918,0.9900347642194786,0.9541694786593293,21.015467427058613,6.941821052810177,0.12099644128113879,97.11042605340481,breast lesion,0.64453125
bus_0667-r,,,,,,,431,326,[],0.4887330996494742,0.32339297548045065,0.9540566959921799,0.32850891955570516,0.9989285144346584,0.6637187169951817,70.50387587089071,21.155566225625314,-0.6556714910804443,97.03811397776008,breast lesion,0.71875
bus_0668-l,,,,,,,431,320,[],0.8831963295736953,0.7908250599109894,0.7924528301886793,0.9974093264248705,0.9955384796908646,0.9964739030578675,10.935828839237185,3.1816036206983274,0.2586355785837651,96.66340588591993,breast lesion,0.8515625
bus_0668-r,,,,,,,431,321,[],0.9191369935099105,0.8503732554365466,0.9006531454107941,0.9383954154727794,0.9978680869584461,0.9681317512156127,22.0,5.386135379986683,0.0419054441260745,96.67278616689146,breast lesion,0.8671875
bus_0669-l,,,,,,,451,318,[],0.5887031840917408,0.4171363369178106,0.9968600231366717,0.41768514351002317,0.9996682236870825,0.7086766835985528,67.69489967240865,28.43009400097365,-0.5809992036838278,97.01519389636815,breast lesion,0.63671875
bus_0669-r,,,,,,,451,321,[],0.724286113865792,0.5677496511859678,0.9997192194300154,0.56784019775926,0.9999665803325257,0.7839033890458929,41.10960958218893,20.07898522206922,-0.4320003189665484,96.35103913024068,breast lesion,0.703125
bus_0670-l,,,,,,,448,322,[],0.9629102299423364,0.9284733662822625,0.9370929749203271,0.990190336749634,0.9966964038828169,0.9934433703162254,6.324555320336759,1.5535732170304244,0.05666178623718887,96.4989720378071,breast lesion,0.91796875
bus_0670-r,,,,,,,448,324,[],0.9541071646527524,0.9122418018438557,0.9237768848971875,0.9864967188288744,0.9952997930451511,0.9908982559370128,6.371696670594415,1.8718141322915818,0.06789500252397779,96.83111007325351,breast lesion,0.91015625
bus_0671-l,,,,,,,453,318,[],0.9506252521177895,0.9058968247866533,0.9156823127137085,0.9883408824022815,0.9917885145157872,0.9900646984590343,7.810249675906654,2.629216670587891,0.0793491024995806,96.21869609691203,breast lesion,0.9375
bus_0671-r,,,,,,,453,324,[],0.9330862146098293,0.8745657122319396,0.8894845863287437,0.9811827956989247,0.9862463227489158,0.9837145592239203,14.54212138728803,3.833859333244967,0.10309139784946236,98.40707504190505,breast lesion,0.8359375
bus_0672-l,,,,,,,450,320,[],0.9530360531309298,0.9102854553692795,0.939992981635279,0.9664461815995189,0.9962191841397354,0.9813326828696272,5.385164807134504,2.0601943843045634,0.02814191220685508,97.48709504492581,breast lesion,0.875
bus_0672-r,,,,,,,450,324,[],0.9034799737360473,0.8239520958083832,0.8253358925143954,0.9979692486219901,0.9895180913711431,0.9937436699965666,14.971110255092759,4.1017841271344375,0.20916739193501596,95.79269587993622,breast lesion,0.921875
bus_0673-l,,,,,,,435,321,[],0.8486519445401766,0.7370941745337325,0.9819029507392184,0.7472455648926237,0.9975045468003214,0.8723750558464726,29.698484809834994,9.295795044673309,-0.23898225957049488,95.20323295146227,breast lesion,0.796875
bus_0673-r,,,,,,,435,320,[],0.8994299854182316,0.8172401332958606,0.9862396433935753,0.8266661251675262,0.9975213175419151,0.9120937213547207,29.1204091675348,7.146708803735587,-0.16179994314259027,95.48276895657182,breast lesion,0.88671875
bus_0674-l,,,,,,,454,338,[],0.9056145854914612,0.8275097360450021,0.9654802473810425,0.8527395351429686,0.9959634273232432,0.924351481233106,17.256873904877384,6.1985952921426435,-0.1167716403767906,96.5430939104408,breast lesion,0.82421875
bus_0674-r,,,,,,,454,338,[],0.6891221290237582,0.5256951423785594,0.9998725627628393,0.5257303671937819,0.9999927812427812,0.7628615742182816,61.61266599404943,17.341814788159198,-0.474202626641651,97.92649513110518,breast lesion,0.8203125
bus_0675-s,,,,,,,472,568,[],0.9155852763989336,0.8443128412702725,0.9768362824904925,0.8615623440705217,0.9968235770745878,0.9291929605725547,20.702433891456742,6.793613659789896,-0.11800742917336586,98.49652787670493,breast lesion,0.8203125
bus_0676-s,,,,,,,470,433,[],0.9354679945571929,0.8787598585803644,0.9729013609538721,0.9008084750487872,0.997575104405227,0.9491917897270071,10.770329614269007,4.1090692174386785,-0.07410091998884862,98.34876516833901,breast lesion,0.87109375
bus_0677-s,,,,,,,471,569,[],0.9005390724661536,0.8190732839284378,0.9116054319753395,0.8897381688079362,0.995850622406639,0.9427943956072876,21.96130958181386,5.528565362002922,-0.023987640266710034,99.18069397099316,breast lesion,0.7578125
bus_0678-s,,,,,,,475,570,[],0.9679032930387661,0.9378029079159935,0.9533442818751866,0.98291387670284,0.9975752355901101,0.990244556146475,4.242640687119285,1.8025082801884937,0.03101670130070038,96.40306001529098,breast lesion,0.89453125
bus_0679-s,,,,,,,475,569,[],0.9382183908045977,0.8836265223274695,0.9046827376004434,0.9743360190987765,0.9987112436498778,0.9865236313743272,4.0,1.8552157302815615,0.07699194270367055,97.60993719100952,breast lesion,0.65625
bus_0680-s,,,,,,,469,566,[],0.9482686691697956,0.9016263387544625,0.9277551020408163,0.9697098976109215,0.9972352173947,0.9834725575028107,6.324555320336759,2.334943480547095,0.04522184300341297,97.90105489082634,breast lesion,0.86328125
bus_0681-s,,,,,,,463,567,[],0.7814555921052632,0.6413025139193521,0.6438008130081301,0.9939853556485355,0.9834976635422348,0.9887415095953851,26.003840481040527,10.838851123582117,0.5439330543933054,96.96663194335997,breast lesion,0.75
bus_0682-s,,,,,,,471,570,[],0.9643232967853627,0.931104555883317,0.9395733421531338,0.9904124394240491,0.9923807379048906,0.9913965886644698,8.48528137423857,2.917952458366228,0.05410870550500296,96.65841585956514,breast lesion,0.9296875
bus_0683-s,,,,,,,471,570,[],0.7224123182207014,0.5654502845664546,0.5654502845664546,1.0,0.990207173358683,0.9951035866793415,19.010519036176177,9.959824102856475,0.76850207223209,95.25216394104064,breast lesion,0.79296875
bus_0684-s,,,,,,,472,567,[],0.9447791164658634,0.8953377735490009,0.8974725798760134,0.9973502914679385,0.9983702861474323,0.9978602888076854,3.605551275463989,1.668959702841657,0.11128775834658187,97.36571204848588,breast lesion,0.8125
bus_0685-l,,,,,,,466,343,[],0.8825854044085361,0.7898459603898145,0.9960920907314587,0.7923011082079466,0.9988045945149946,0.8955528513614706,36.061041021157315,13.163680536861992,-0.20459050364897738,96.82884998619556,breast lesion,0.69921875
bus_0685-r,,,,,,,466,362,[],0.41356961334447645,0.26069193884791536,1.0,0.26069193884791536,1.0,0.6303459694239577,169.29869998717976,59.045137716241626,-0.7393080611520846,97.60812786407769,breast lesion,0.7578125
bus_0686-s,,,,,,,471,571,[],0.8905566890119498,0.8027058978063838,0.8451113262342691,0.9411674110580626,0.9865310147437285,0.9638492129008955,20.539839749375357,8.071666067025266,0.1136608655475127,96.35440888814628,breast lesion,0.828125
bus_0687-s,,,,,,,470,568,[],0.918693382123254,0.8496141306590731,0.8659824170277205,0.9782371109527204,0.9870443039261534,0.9826407074394369,26.888524662662004,5.780369463152803,0.12962698978379664,97.41131286136806,breast lesion,0.90625
bus_0688-s,,,,,,,473,568,[],0.875804057397328,0.7790492957746479,0.9435973984433308,0.8170990674914597,0.9957166338734099,0.9064078506824348,22.0,8.203430839234816,-0.13405964361554795,95.40728689171374,breast lesion,0.78125
bus_0689-s,,,,,,,469,569,[],0.9028989929813854,0.8229862038273253,0.8962801405549498,0.9096163305459911,0.9966915189252075,0.9531539247355993,9.219544457292887,3.733150948880922,0.014879488440727989,98.19249087013304,breast lesion,0.62890625
bus_0690-s,,,,,,,466,568,[],0.894779866869088,0.8095942519019442,0.8173671858331555,0.9883900928792569,0.996717942425962,0.9925540176526095,6.708203932499369,3.296354510812986,0.20923632610939114,96.30490792915225,breast lesion,0.68359375
bus_0691-s,,,,,,,470,382,[],0.9311675779993567,0.8712007222389407,0.8947612424663886,0.9706621961441744,0.9960766239377791,0.9833694100409767,6.3520544413203925,2.37964438322036,0.08482816429170159,95.55438999086618,breast lesion,0.78515625
bus_0692-s,,,,,,,472,381,[],0.8923076923076924,0.8055555555555556,0.8125493291239148,0.9894281595386833,0.9973277224881998,0.9933779410134416,6.4031242374328485,2.4621263608322326,0.21768380586256608,95.62926203943789,breast lesion,0.77734375
bus_0693-s,,,,,,,469,382,[],0.8454073572556985,0.7322126661454261,0.7510024057738572,0.966959215281363,0.9929143561306223,0.9799367857059926,14.038858887232381,4.418329255024424,0.2875580795043882,96.27090697176754,breast lesion,0.65234375
bus_0694-s,,,,,,,470,379,[],0.6062284433926638,0.43495538455980637,0.48969963191182153,0.795533383990221,0.8302933160197753,0.8129133500049981,108.16214659597011,36.77236571326616,0.6245333509531203,96.8672710005194,breast lesion,0.6015625
bus_0695-l,,,,,,,470,345,[],0.9276315789473685,0.8650306748466258,0.8948675496688742,0.9628859857482185,0.9950969668112268,0.9789914762797227,6.781152949374527,2.4094403610471957,0.07600950118764846,96.1090731434524,breast lesion,0.65234375
bus_0695-r,,,,,,,470,361,[],0.8463238827486785,0.7335888037320893,0.7595307917888563,0.9555121527777778,0.9915546885412754,0.9735334206595265,15.734876566420539,5.438708557996288,0.2580295138888889,96.27662599086761,breast lesion,0.77734375
bus_0696-s,,,,,,,473,568,[],0.8055809419362701,0.6744541930218323,0.6783991790661877,0.9914517096580684,0.9880379853127529,0.9897448474854107,21.633307652783937,8.07577905482659,0.46145770845830836,97.61386713944376,breast lesion,0.8046875
bus_0697-l,,,,,,,468,343,[],0.9126799457925285,0.8393848179851378,0.8884408602150538,0.9382787445455023,0.9841628799389412,0.9612208122422218,16.980865786510137,5.8046119002616745,0.05609589401188161,96.5433029923588,breast lesion,0.80859375
bus_0697-r,,,,,,,468,362,[],0.9465346534653465,0.8984962406015038,0.9197576353066405,0.9749175490366255,0.9937933043687537,0.9843554267026896,6.324555320336759,2.4312234125323973,0.059972227043915985,97.64279797673225,breast lesion,0.8515625
bus_0698-s,,,,,,,472,570,[],0.4628924638749028,0.3011451398135819,0.31405876798311394,0.8798630563336446,0.9529766120618094,0.916419834197727,72.86819567843862,25.726618322166857,1.8015873015873016,97.12661593221128,breast lesion,0.65234375
bus_0699-s,,,,,,,464,568,[],0.903383390627827,0.8237914535555189,0.8500170241743276,0.9638996138996139,0.9965901877912468,0.9802449008454304,8.523450915439893,3.1049737383073133,0.13397683397683396,97.35954203642905,breast lesion,0.72265625
bus_0700-s,,,,,,,469,570,[],0.25340246273493194,0.1450834879406308,0.1470477623166604,0.9156908665105387,0.931250331547398,0.9234705990289683,247.80839372386077,89.27197259614508,5.227166276346604,97.32080111280084,breast lesion,0.5625
bus_0701-s,,,,,,,470,566,[],0.8723745819397993,0.7736386285443113,0.8156347717323327,0.9375988497483825,0.9943103082238048,0.9659545789860937,12.0,4.939662442159894,0.14953271028037382,97.57739794440567,breast lesion,0.57421875
bus_0702-s,,,,,,,470,568,[],0.13176451295506725,0.07052885670397191,0.07178914451641724,0.8006975585450922,0.9215785441191456,0.861138051332119,115.26057435220423,51.29828094002161,10.153462879920278,96.69684711843729,breast lesion,0.796875
bus_0703-s,,,,,,,469,568,[],0.7169500822819528,0.5587858058999573,0.5770419426048565,0.946415640839971,0.9853105785301378,0.9658631096850544,32.92564521614754,10.360867940825669,0.6401158580738595,97.41241298615932,breast lesion,0.640625
bus_0704-s,,,,,,,468,570,[],0.9582161004493344,0.9197839406643018,0.9566493375817542,0.9597880037015226,0.997971538766366,0.9788797712339443,4.47213595499958,2.0300888855828987,0.00328089509548246,96.54583293013275,breast lesion,0.62109375
bus_0705-s,,,,,,,468,572,[],0.7081363882374165,0.548151044576025,0.9341266063779152,0.5701917489831493,0.9972373705516476,0.7837145597673985,67.42217728379589,16.032034128020033,-0.3895990703079605,96.86872106976807,breast lesion,0.71875
bus_0706-s,,,,,,,470,460,[],0.63055512442444,0.46044578768417077,0.4902260477837664,0.8834444766599014,0.9373826604217308,0.9104135685408161,115.29808193387137,29.66744416140248,0.80211655552334,97.6209391374141,breast lesion,0.75
bus_0707-s,,,,,,,471,569,[],0.9099827590393628,0.8348333630368918,0.8535829802742472,0.9743629745189808,0.9870803838098798,0.9807216791644303,21.93171219946131,6.115599008104787,0.14149765990639626,97.6677080616355,breast lesion,0.73046875
bus_0708-s,,,,,,,471,462,[],0.8957309491384925,0.8111528150134049,0.9627084128802342,0.837466784765279,0.997063216029027,0.917265000397153,22.670771259017716,6.196988345954979,-0.13009300265721876,96.29712696187198,breast lesion,0.7734375
bus_0709-s,,,,,,,470,570,[],0.37681991551490795,0.23214917378341504,0.239059166363116,0.889276035617499,0.9443429476200264,0.9168094916187627,107.0457708949358,34.23306482633929,2.7198993418505615,97.98661596141756,breast lesion,0.703125
bus_0710-s,,,,,,,468,568,[],0.9172970247100353,0.847228691197019,0.8753609239653513,0.9634533898305084,0.9980232629136647,0.9807383263720866,7.0710678118654755,2.6289312787208323,0.10063559322033898,95.56225989945233,breast lesion,0.7109375
bus_0711-s,,,,,,,467,569,[],0.6466272189349113,0.4777894368660371,0.48260024730612966,0.9795625672283973,0.9888603223622658,0.9842114447953316,28.4041803731575,12.23764230601821,1.0297597705270707,97.01905399560928,breast lesion,0.73828125
bus_0712-s,,,,,,,469,430,[],0.8747818124588663,0.7774330544465071,0.993145344681957,0.7816271221108612,0.9987020017470687,0.8901645619289649,60.035795206641296,13.496108644122756,-0.21297811413376969,97.38318203017116,breast lesion,0.90625
bus_0713-l,,,,,,,470,346,[],0.5579145203953779,0.38688033981754116,1.0,0.38688033981754116,1.0,0.6934401699087706,71.00668980909158,27.810701759757677,-0.6131196601824589,97.99704700708389,breast lesion,0.72265625
bus_0713-r,,,,,,,470,363,[],0.20527045769764216,0.1143740340030912,0.9613362202288895,0.11490258419904617,0.999129289988228,0.5570159370936371,170.57124583061972,64.407493282944,-0.8804761728714555,96.10486309975386,breast lesion,0.65625
bus_0714-s,,,,,,,471,568,[],0.8805535896831014,0.7865973588086541,0.9612017167381974,0.8123911781775972,0.9991328903144615,0.9057620342460293,9.57733918582788,4.1188705082266655,-0.1548171793383633,96.85204993002117,breast lesion,0.578125
bus_0715-s,,,,,,,470,568,[],0.8097053726169844,0.6802562609202096,0.6937240150465255,0.9722530521642619,0.9941258220811373,0.9831894371226997,16.76305461424021,6.176839546429808,0.40149833518312983,96.42281103879213,breast lesion,0.7421875
bus_0716-s,,,,,,,466,570,[],0.8896146309601568,0.8011764705882353,0.8021201413427562,0.998533724340176,0.9948340277671007,0.9966838760536383,10.04987562112089,4.392735104851624,0.24486803519061584,96.3968001306057,breast lesion,0.765625
bus_0717-s,,,,,,,464,569,[],0.9106024795787204,0.8358771362234995,0.8591268288866286,0.9686397318278053,0.9850793887562981,0.9768595602920517,17.029386365926403,6.2256774509056925,0.12747000705716302,97.51527500338852,breast lesion,0.8671875
bus_0718-s,,,,,,,455,460,[],0.9232177023542134,0.8573856613102596,0.869204260651629,0.9843888593223346,0.9959000898543182,0.9901444745883263,9.219544457292887,2.9812134294079673,0.13251729643427354,98.0257079936564,breast lesion,0.7734375
bus_0719-s,,,,,,,464,569,[],0.924812030075188,0.8601398601398601,0.8675937122128174,0.9901103955841767,0.9974698461111882,0.9937901208476825,6.708203932499369,2.5392369619750137,0.14121435142594296,96.74613690003753,breast lesion,0.8203125
bus_0720-s,,,,,,,468,568,[],0.9312448194512337,0.8713359583184186,0.921472134595163,0.9412270149510226,0.9923025545459043,0.9667647847484635,17.578027604763555,4.175888081801958,0.021438391476198658,97.22810797393322,breast lesion,0.8203125
bus_0721-s,,,,,,,460,461,[],0.9632017190437819,0.9290155440414508,0.9466737064413939,0.9803171131765992,0.9942117629896687,0.9872644380831339,7.0,2.4564664735847423,0.035538545653362494,95.4999290406704,breast lesion,0.875
bus_0722-s,,,,,,,465,464,[],0.8649822630854992,0.762087000892971,0.7677676391209356,0.9903846153846154,0.9913840784253891,0.9908843469050023,15.811388300841896,5.685195278052087,0.28995358090185674,96.28420718945563,breast lesion,0.84765625
bus_0723-s,,,,,,,471,566,[],0.8038041992039135,0.6719670798618167,0.9322448020674263,0.7064698760860276,0.9862939482363676,0.8463819121611976,71.68960090451422,20.755415305871026,-0.24218416180031335,98.19197189062834,breast lesion,0.80859375
bus_0724-s,,,,,,,465,567,[],0.939404421244615,0.8857329222011385,0.916267942583732,0.9637395961029744,0.9944994277793001,0.9791195119411373,12.806248474865697,3.2893521938407684,0.051809794180269694,97.95049601234496,breast lesion,0.8359375
bus_0725-s,,,,,,,467,568,[],0.8925574103107996,0.805962691538974,0.8587400177462289,0.929147465437788,0.9969390266412355,0.9630432460395117,9.219544457292887,3.9541410040534894,0.08198924731182795,97.8087920229882,breast lesion,0.76171875
bus_0726-s,,,,,,,465,568,[],0.9218968770925915,0.8551101072840204,0.9990104888185236,0.8558349816332297,0.9999391295526022,0.927887055592916,12.083045973594572,4.837183984243229,-0.14331732127719696,96.01279115304351,breast lesion,0.86328125
bus_0727-s,,,,,,,434,461,[],0.951569409988135,0.9076131687242799,0.9292184537602697,0.9750221043324492,0.9964821542617235,0.9857521292970863,6.0,2.1683727132009154,0.049292661361626876,95.64386284910142,breast lesion,0.87890625
bus_0728-s,,,,,,,466,571,[],0.888918549167473,0.80004805093399,0.9188741721854304,0.8608543915207135,0.9899974483286552,0.9254259199246844,40.28892111867578,9.788136000054541,-0.06314224778646675,98.32686418667436,breast lesion,0.7890625
bus_0729-s,,,,,,,467,569,[],0.9210801393728223,0.853705796867431,0.8741732804232805,0.9733063328424153,0.9970763491630521,0.9851913410027338,7.0710678118654755,2.8057175392712885,0.1134020618556701,95.775495050475,breast lesion,0.6171875
bus_0730-s,,,,,,,473,569,[],0.9123496429769492,0.8388262248854423,0.8557173678532902,0.9770091347634199,0.9938125014456772,0.9854108181045486,9.316040960936546,4.038713666505263,0.14174278969516577,95.09176993742585,breast lesion,0.859375
bus_0731-s,,,,,,,459,431,[],0.9462595419847328,0.8980005795421617,0.9395179627103228,0.9530985698908196,0.9979145542163637,0.9755065620535917,5.0,2.117840727510226,0.014454866984468706,98.66530308499932,breast lesion,0.8359375
bus_0732-s,,,,,,,471,569,[],0.7990739059378972,0.6653814167989718,0.6660360224004843,0.9985250737463127,0.9829735517101684,0.9907493127282405,22.440819203141515,10.436156240760342,0.49920580894032224,96.3592678308487,breast lesion,0.83984375
bus_0733-s,,,,,,,467,568,[],0.8493133019537042,0.7380925697635324,0.7430892474331491,0.9909720132410472,0.9911952360697576,0.9910836246554025,15.236464908339705,6.189556324130123,0.33358411074330424,95.06661887280643,breast lesion,0.7421875
bus_0734-s,,,,,,,470,571,[],0.9255704053754708,0.8614528211119511,0.8634109381457501,0.9973742838956079,0.9836947137324552,0.9905344988140315,14.7648230602334,5.690704691754901,0.15515595162316995,99.17774400673807,breast lesion,0.7890625
bus_0735-s,,,,,,,468,431,[],0.9648375163209053,0.9320638368691204,0.9510403260403261,0.9790409244810835,0.9814133709725578,0.9802271477268206,10.63014581273465,3.9675650728714538,0.029442072721919624,95.64724215306342,breast lesion,0.8203125
bus_0736-s,,,,,,,469,429,[],0.8878183774919285,0.7982674407888674,0.8102141988588533,0.9818635230106552,0.9778924257859957,0.9798779743983255,25.01198563445667,7.422415745557313,0.21185672183178417,96.98970406316221,breast lesion,0.80859375
bus_0737-s,,,,,,,462,434,[],0.9433317049340498,0.8927415626444752,0.9297063071738084,0.9573624194348042,0.9992644502773426,0.9783134348560734,2.8284271247461903,1.3124726238002093,0.029747149231531978,97.17784682288766,breast lesion,0.6953125
bus_0738-s,,,,,,,461,435,[],0.9292118924020765,0.8677831643895989,0.8727836879432624,0.9934409687184662,0.9985545421121816,0.9959977554153239,3.605551275463989,1.6488073145167377,0.13824419778002017,95.70787404663861,breast lesion,0.78125
bus_0739-s,,,,,,,464,431,[],0.94205193160228,0.8904519604908709,0.9023354564755839,0.9854256376283538,0.9983651917853426,0.9918954147068482,4.141035884842902,1.6204543900208241,0.09208347134812853,94.43027502857149,breast lesion,0.75390625
bus_0740-s,,,,,,,462,435,[],0.9235552696472606,0.8579681274900398,0.8627804487179487,0.9935409457900808,0.9965163882320035,0.9950286670110422,6.708203932499369,2.70736517803614,0.15155709342560553,97.30654093436897,breast lesion,0.84375
bus_0741-s,,,,,,,461,432,[],0.9439207024726607,0.8937971842481126,0.9658251570940359,0.9229877791824694,0.9983654961510071,0.9606766376667383,5.709083543098249,2.2134239513741973,-0.04435313948588285,97.9002839885652,breast lesion,0.859375
bus_0742-s,,,,,,,465,434,[],0.9452105621173706,0.8961130327724688,0.9796193039800039,0.9131369854830038,0.9982817405212053,0.9557093630021045,16.012451549659698,3.0524631622925775,-0.06786546388673159,97.24849998019636,breast lesion,0.8515625
bus_0743-s,,,,,,,471,433,[],0.9119204582297633,0.8381009137862535,0.8537029542695265,0.9786592437949432,0.9963783361384948,0.987518789966719,8.48528137423857,2.885284378676033,0.14636975179772674,96.55920299701393,breast lesion,0.69921875
bus_0744-s,,,,,,,469,569,[],0.9622977471549121,0.9273351238436288,0.9957542257470159,0.931016403265673,0.9997909352688257,0.9654036692672494,7.0,2.1415605224660177,-0.06501385663995206,96.67206602171063,breast lesion,0.87109375
bus_0745-s,,,,,,,468,433,[],0.9180881089704258,0.8485793682300232,0.984019466000263,0.8604370327774583,0.9986882874323901,0.9295626601049243,15.249581432638077,4.769035477093699,-0.12558941920644048,97.0123540610075,breast lesion,0.65234375
bus_0746-s,,,,,,,471,433,[],0.9367134196362472,0.8809604455985849,0.9915912990066296,0.8875912408759125,0.9973743038929086,0.9424827723844105,24.186773244895647,7.2279490535876665,-0.10488197933453408,95.9756609518081,breast lesion,0.921875
bus_0747-s,,,,,,,478,570,[],0.9359543436905516,0.8796185935637664,0.8992407910769519,0.975793327908869,0.995906757847602,0.9858500428782355,8.0,3.3078069189543964,0.08513018714401953,97.11472596973181,breast lesion,0.8671875
bus_0748-s,,,,,,,473,569,[],0.9260811195638908,0.8623380559133268,0.9105357190474921,0.9421665471000497,0.9855943665600377,0.9638804568300436,20.600967420419718,6.723967623277696,0.03473870095469345,98.50254910998046,breast lesion,0.8671875
bus_0749-s,,,,,,,471,571,[],0.9588759009145418,0.921000581733566,0.9292170442540204,0.9904904904904905,0.9926152715694079,0.9915528810299492,8.94427190999916,3.305530440154032,0.06594094094094094,98.01419195719063,breast lesion,0.921875
bus_0750-s,,,,,,,470,435,[],0.9707904864046433,0.9432389358832904,0.9554203402458711,0.9866632469864067,0.9981744401277384,0.9924188435570725,3.605551275463989,1.2300984006735987,0.032700692485252626,101.7164250370115,breast lesion,0.921875
bus_0751-s,,,,,,,470,431,[],0.9575161652327259,0.9184949764199303,0.9284899989636232,0.9884157105030892,0.9964342190939816,0.9924249647985354,5.385164807134504,1.9715946580404262,0.06454104148278905,97.58489183150232,breast lesion,0.8984375
bus_0752-s,,,,,,,474,568,[],0.9449838187702265,0.8957055214723927,0.9842696629213483,0.9087136929460581,0.9992047137361216,0.9539592033410899,8.0,3.0454012216568556,-0.07676348547717843,101.13776195794344,breast lesion,0.8828125
bus_0753-s,,,,,,,472,570,[],0.8670578373847443,0.7653151820065108,0.7689562890276539,0.9938508839354343,0.9941099774102093,0.9939804306728218,16.0,4.671471839215256,0.292467332820907,98.62194489687681,breast lesion,0.79296875
bus_0754-s,,,,,,,472,569,[],0.9437236235155559,0.893443841522337,0.9381073170731707,0.9494075829383887,0.9934799052818523,0.9714437441101205,12.165525060596439,4.3434839884837535,0.012045813586097947,101.01339896209538,breast lesion,0.87890625
bus_0755-s,,,,,,,472,432,[],0.960702727693019,0.9243772241992882,0.9407275666936136,0.9815445865245116,0.9894815367400224,0.9855130616322669,12.076828264374226,3.341344215605089,0.043388778298862986,98.21328590624034,breast lesion,0.89453125
bus_0756-s,,,,,,,470,569,[],0.9138336205545982,0.8413385258906678,0.8739886125262212,0.9574852265265923,0.996781945220366,0.9771335858734791,9.899494936611665,3.3845292020778004,0.09553512803676953,98.41448999941349,breast lesion,0.82421875
bus_0757-s,,,,,,,470,569,[],0.8976139601139601,0.8142464868357293,0.9305029995385325,0.8669705047725513,0.9902856675969606,0.928628086184756,34.694101773036536,9.324317553331383,-0.06827758190730071,100.03612702712417,breast lesion,0.88671875
bus_0758-s,,,,,,,468,564,[],0.8937363389486234,0.8078872789685866,0.9826912339475153,0.8195493288522665,0.996676904720846,0.9081131167865563,31.352806490525044,10.311870380988568,-0.16601542728726743,101.57988197170198,breast lesion,0.83984375
bus_0759-s,,,,,,,465,429,[],0.9552155148254021,0.9142703862660945,0.931562260850552,0.980101219231654,0.9967189228003417,0.9884100710159979,5.385164807134504,1.9492523854340267,0.05210489993098689,101.10661201179028,breast lesion,0.84375
bus_0760-s,,,,,,,470,434,[],0.9763685444970571,0.9538281959275431,0.9735251290649958,0.9792286183480537,0.9966932857166476,0.9879609520323507,5.0,1.601712060080691,0.005858594824907905,100.27124220505357,breast lesion,0.9140625
bus_0761-s,,,,,,,470,432,[],0.976517582950426,0.9541127103731444,0.9700889989907331,0.9830319371484357,0.9964082873810796,0.9897201122647576,4.0,1.5261672832417947,0.013342011064106736,97.3418359644711,breast lesion,0.9296875
bus_0762-s,,,,,,,469,430,[],0.8241796709471784,0.7009401441554372,0.7491626473740621,0.9158920601121985,0.9577487038008677,0.936820381956533,48.507731342539614,14.560545156245547,0.22255435895335982,99.06918508931994,breast lesion,0.66796875
bus_0763-s,,,,,,,470,568,[],0.878850864820726,0.7838839965569754,0.8100581594252481,0.9604121035126146,0.9890980352114612,0.9747550693620379,26.90724809414742,6.928623806969002,0.18560882615397095,98.66191609762609,breast lesion,0.78515625
bus_0764-s,,,,,,,469,569,[],0.9785603029655193,0.9580206308865301,0.9713514824470988,0.9858769230769231,0.9959677591408127,0.9909223411088679,6.082762530298219,1.9677908552563554,0.014953846153846154,99.24632986076176,breast lesion,0.92578125
bus_0765-s,,,,,,,468,432,[],0.9315843039692412,0.8719305673158341,0.9274938077009682,0.9357110404361654,0.9948880774726147,0.96529955895439,12.206555615733702,3.5417232461047066,0.008859609268514312,99.77454110048711,breast lesion,0.8671875
bus_0766-s,,,,,,,469,567,[],0.9037664444043972,0.8244287358211408,0.8762886597938144,0.9330232558139535,0.9972826504137433,0.9651529531138484,9.24098812476925,3.373607828383749,0.06474418604651162,100.53783794865012,breast lesion,0.77734375
bus_0767-s,,,,,,,472,433,[],0.8972595291175032,0.8136633712186583,0.9869318181818182,0.8225251719669026,0.9973394540096924,0.9099323129882975,46.238512086787566,11.47363119254193,-0.16658359086830823,96.83328401297331,breast lesion,0.8125
bus_0768-s,,,,,,,467,569,[],0.9500888764150061,0.9049231454666964,0.920841456227048,0.9812551330982173,0.9928741674284968,0.9870646502633571,14.820191402004857,4.005294330724836,0.06560703415623943,98.11447304673493,breast lesion,0.890625
bus_0769-s,,,,,,,466,569,[],0.9653751030502885,0.9330677290836653,0.9553784360487009,0.9755831837990259,0.9971508715688239,0.9863670276839249,6.708203932499369,2.0534751662040196,0.02114842348115868,95.690828980878,breast lesion,0.84375
bus_0770-s,,,,,,,468,568,[],0.8833431035926639,0.7910604469776511,0.8311121116614137,0.942579212091812,0.9669015296240575,0.9547403708579347,45.274163217071724,10.731604459065782,0.13411800750631908,99.85388303175569,breast lesion,0.8359375
bus_0771-s,,,,,,,473,567,[],0.9351666734668898,0.8782282167215879,0.8827834125048145,0.9941588109421086,0.9804588008167494,0.987308805879429,13.892443989449804,5.267242485537792,0.12616390029495114,98.7337869592011,breast lesion,0.80078125
bus_0772-s,,,,,,,472,569,[],0.9633405416537947,0.9292738651038045,0.9415257648953301,0.986190174994729,0.9953444766743057,0.9907673258345173,6.17947964631363,2.515537348996164,0.04743833017077799,101.66058386676013,breast lesion,0.83984375
bus_0773-s,,,,,,,470,571,[],0.8981855381467722,0.8151876465989054,0.8487839625521523,0.9536931168534187,0.9942763380889286,0.9739847274711737,14.866068747318506,4.942308146059357,0.12359935970729476,96.7046010773629,breast lesion,0.7109375
bus_0774-s,,,,,,,471,569,[],0.8993344897565843,0.8170824663686368,0.9249317879713627,0.8751158377829752,0.9855440840320284,0.9303299609075018,47.002127418834526,10.96753043557654,-0.05385905299854375,97.1975929569453,breast lesion,0.89453125
bus_0775-s,,,,,,,472,569,[],0.9617922134416008,0.9263966480446927,0.9386320754716981,0.9861241885128104,0.9947622479256327,0.9904432182192215,6.324555320336759,2.7451313086789746,0.05059715545864513,96.32656304165721,breast lesion,0.91796875
bus_0776-s,,,,,,,472,567,[],0.9630708811047064,0.9287721441661576,0.9410162777743393,0.9861840825063242,0.9962213578528748,0.9912027201795994,7.8576872569299905,2.393080121798592,0.04799896218460142,97.62726188637316,breast lesion,0.91015625
bus_0777-s,,,,,,,474,569,[],0.8391490725531829,0.7228741027056874,0.7230737365368682,0.9996182113200344,0.9845271941025117,0.992072702711273,16.64331697709324,9.234626671597685,0.38245681015557886,96.96894697844982,breast lesion,0.83984375
bus_0778-s,,,,,,,464,429,[],0.9458330279264091,0.8972326519260186,0.9702255639097744,0.9226369226369227,0.9978602690873724,0.9602485958621475,12.068537985413775,2.8341397781847832,-0.04904904904904905,97.41451684385538,breast lesion,0.85546875
bus_0779-s,,,,,,,463,432,[],0.979539066891512,0.9598986449267379,0.9736500983372072,0.985499705922273,0.9924330915859059,0.9889663987540894,5.830951894845301,2.2392998188633864,0.012170293625299733,96.04047611355782,breast lesion,0.91796875
bus_0780-s,,,,,,,461,432,[],0.901022548505506,0.8198735536204222,0.8271753520279216,0.9893479199654527,0.9925288103847455,0.9909383651750991,20.025914226434136,4.216249453504291,0.19605585144666762,96.68058110401034,breast lesion,0.92578125
bus_0781-s,,,,,,,463,433,[],0.812472248260891,0.6841711674283341,0.6886342728109057,0.9906159769008662,0.9806262261470492,0.9856211015239578,32.781064236679484,8.480886212968834,0.43852261790182867,97.9220389854163,breast lesion,0.86328125
bus_0782-s,,,,,,,469,568,[],0.922173274596182,0.8555858310626703,0.8555858310626703,1.0,0.9967555324293716,0.9983777662146858,9.086796226411291,2.8148067794338782,0.16878980891719744,97.12641197256744,breast lesion,0.81640625
bus_0783-s,,,,,,,466,566,[],0.9551642397561801,0.9141764438970635,0.9481645824929407,0.9622680131004366,0.9934227363464196,0.9778453747234281,14.866068747318506,3.6858012896568293,0.014874454148471616,98.90302107669413,breast lesion,0.9140625
bus_0784-s,,,,,,,471,566,[],0.9605179028132992,0.9240350607411963,0.9467464944068064,0.9746958637469586,0.9987021015970294,0.9866989826719941,4.0,1.2944592112176847,0.029521492295214922,96.7317319009453,breast lesion,0.89453125
bus_0785-s,,,,,,,468,565,[],0.9276121241991129,0.8649968403515828,0.8661911062532359,0.9984085935945892,0.9906713350097658,0.9945399643021775,16.667264504522624,4.828041005955479,0.15264239771898416,97.25992288440466,breast lesion,0.890625
bus_0786-s,,,,,,,468,567,[],0.8204217193172163,0.6955212152959664,0.7012146818061791,0.9884608226316769,0.9912955847113081,0.9898782036714925,14.866068747318506,6.863403808850816,0.4096407965754699,98.82725984789431,breast lesion,0.75390625
bus_0787-s,,,,,,,466,429,[],0.9701664269570577,0.942061370256574,0.9582352463674,0.9823984687083888,0.9941494865875985,0.9882739776479936,5.830951894845301,2.200676529303617,0.025216378162450065,98.20620506070554,breast lesion,0.91015625
bus_0788-s,,,,,,,471,567,[],0.9250375193956197,0.8605300520586844,0.8623257137437162,0.9975859987929994,0.9883334003134671,0.9929596995532333,20.86249659336418,5.205764974934985,0.15685521479124376,98.3022979926318,breast lesion,0.80859375
bus_0789-s,,,,,,,470,569,[],0.9551209157759079,0.9140970761082493,0.9457288695391083,0.9647013782542113,0.9971576836891143,0.9809295309716628,6.082762530298219,2.149603648106788,0.02006125574272588,98.85505004785955,breast lesion,0.86328125
bus_0790-s,,,,,,,469,567,[],0.8766177021347427,0.7803378278263446,0.8100438360378375,0.955114254624592,0.9903097353812355,0.9727119950029137,33.015148038438355,6.428236646098467,0.17908959013420384,100.3080231603235,breast lesion,0.83203125
bus_0791-s,,,,,,,465,430,[],0.9052357261312485,0.8268772992858688,0.8273248890332359,0.9993461488165294,0.9917057976214619,0.9955259732189956,12.206555615733702,4.2535063719872035,0.20792467634366418,101.39720793813467,breast lesion,0.859375
bus_0792-s,,,,,,,465,430,[],0.9209555183525049,0.8534917086516967,0.9882934744813198,0.8622084400701092,0.9982205987714498,0.9302145194207795,13.297850222833953,6.020569385882093,-0.127578535796144,99.1491770837456,breast lesion,0.87890625
bus_0793-s,,,,,,,468,566,[],0.9652669777086573,0.9328657314629258,0.974869109947644,0.9558521560574949,0.9989613414432633,0.977406748750379,4.0,1.7129288022830962,-0.019507186858316223,100.43761599808931,breast lesion,0.90234375
bus_0794-s,,,,,,,470,567,[],0.8995486970446935,0.8174361688053975,0.81841059602649,0.9985455720749838,0.9947330408525482,0.996639306463766,9.447194094168736,3.6473923081131185,0.22010342598577892,97.0068781170994,breast lesion,0.859375
bus_0795-s,,,,,,,465,570,[],0.9192187680573212,0.8505132591958939,0.9339334637964775,0.9049605582524272,0.9966490117761032,0.9508047850142651,10.0,4.325329092964248,-0.03102245145631068,97.6662221364677,breast lesion,0.734375
bus_0796-s,,,,,,,467,568,[],0.902602096132996,0.8224930018112959,0.8254833911750123,0.9956149093083516,0.9959421916007978,0.9957785504545746,8.94427190999916,3.568517823786785,0.2060992625074746,97.35685610212386,breast lesion,0.8515625
bus_0797-s,,,,,,,469,457,[],0.5984470094438615,0.42698850023957835,0.4293285155073773,0.9873961218836566,0.9542471983892851,0.9708216601364708,67.16361098642471,21.599157265762457,1.2998614958448753,97.70082286559045,breast lesion,0.8359375
bus_0798-s,,,,,,,471,570,[],0.8103971820721487,0.6812334082091076,0.681511746680286,0.9994008388256441,0.994119910082525,0.9967603744540845,14.866068747318506,5.9812972678193885,0.4664469742360695,97.14896115474403,breast lesion,0.76953125
bus_0799-s,,,,,,,470,567,[],0.9357436318816763,0.8792464484249537,0.9700170357751278,0.9038095238095238,0.9986135728071212,0.9512115483083226,9.0,3.5281277773065587,-0.06825396825396825,96.62567893974483,breast lesion,0.828125
bus_0800-s,,,,,,,470,566,[],0.9087154068566708,0.8327024981074943,0.8710284074037414,0.9498111171073934,0.9949251231718954,0.9723681201396444,10.0,4.5472591650942356,0.09044792228818133,96.62692900747061,breast lesion,0.796875
bus_0801-s,,,,,,,470,570,[],0.797115037865128,0.6626693848183235,0.6802067946824224,0.9625500783835569,0.9900899835595955,0.9763200309715763,24.056101538385114,8.323446233129655,0.4150844800557394,95.99625412374735,breast lesion,0.703125
bus_0802-s,,,,,,,470,380,[],0.6605234058238113,0.49312052834342324,0.5189955364748373,0.9081803005008348,0.912765405245075,0.9104728528729549,103.72487365891472,28.84749702619988,0.7498807536370141,95.48988286405802,breast lesion,0.8359375
bus_0803-s,,,,,,,469,567,[],0.9518875355995879,0.9081921720529572,0.9388035618239408,0.9653413629939163,0.9958982575605848,0.9806198102772505,7.615773105863909,2.8484197389531034,0.02826768266453635,97.6532029453665,breast lesion,0.828125
bus_0804-s,,,,,,,468,565,[],0.9524851489379889,0.9092808068280105,0.9248414832520001,0.9818322789828896,0.9781962816185216,0.9800142803007056,16.97056274847714,5.240990316247492,0.06162223122874412,98.08424208313227,breast lesion,0.8984375
bus_0805-s,,,,,,,470,569,[],0.9097260632878228,0.8344013670831998,0.8504327001578403,0.9779071222931531,0.9890714728854811,0.9834892975893171,13.152946437965905,5.436126219348312,0.1498936037050945,96.4743159711361,breast lesion,0.79296875
bus_0806-s,,,,,,,469,569,[],0.8060829517273956,0.6751582556708282,0.9987969044677115,0.6757077806374975,0.9998328831717871,0.8377703319046423,42.0,17.387754277752418,-0.3234782991266856,96.89251496456563,breast lesion,0.67578125
bus_0807-s,,,,,,,471,459,[],0.856940133037694,0.749689633767846,0.986320947325439,0.7575662537243217,0.9989799957372956,0.8782731247308087,31.456755210460095,8.657639674203473,-0.23192723851340755,94.59640202112496,breast lesion,0.78515625
bus_0808-s,,,,,,,469,570,[],0.9242111247986354,0.8591008385596505,0.8850774982757995,0.9669654187817259,0.9869235153687932,0.9769444670752596,13.14149227520983,5.922432429102858,0.09252062182741116,98.39863888919353,breast lesion,0.796875
bus_0809-s,,,,,,,464,569,[],0.9495317871863544,0.9039129176913062,0.9786226067890842,0.9221205637128311,0.9976953273394961,0.9599079455261637,10.0,3.491529726457995,-0.057736294547332694,96.0957258939743,breast lesion,0.91796875
bus_0810-s,,,,,,,472,566,[],0.878481294124187,0.7832961586121437,0.8023863924854023,0.970521402689922,0.9844859269180329,0.9775036648039774,24.186773244895647,8.375909223463532,0.20954369587913776,97.38257597200572,breast lesion,0.86328125
bus_0811-s,,,,,,,470,569,[],0.9000599111086341,0.8182808502014035,0.9939990767810433,0.8223432965018586,0.9991453066376802,0.9107443015697694,18.0,7.182813690510837,-0.17269209226539028,97.75863494724035,breast lesion,0.87890625
bus_0812-s,,,,,,,469,568,[],0.8068331143232589,0.6762114537444934,0.6946683637392165,0.9621939275220373,0.9917370554218159,0.9769654914719266,18.094167496483852,7.077935618041729,0.38511263467189033,99.93661404587328,breast lesion,0.7109375
bus_0813-s,,,,,,,466,568,[],0.8381752605921288,0.7214300334311251,0.7274353329664281,0.9886863020102852,0.9844011449134425,0.9865437234618639,26.320606051910516,7.841011473496378,0.35913978494623655,101.18058300577104,breast lesion,0.80859375
bus_0814-s,,,,,,,468,568,[],0.9359343106327704,0.8795832061734316,0.8943612022342406,0.9815607667607278,0.9902841766216822,0.985922471691205,13.819700619271213,4.531736528314338,0.0974992702150433,99.88962393254042,breast lesion,0.88671875
bus_0815-s,,,,,,,468,567,[],0.8678008151692362,0.7664736265456253,0.7807716836734694,0.9766653370562425,0.9947184856842154,0.9856919113702289,12.649110640673518,4.259304626637768,0.2508974870362984,98.28365687280893,breast lesion,0.68359375
bus_0816-s,,,,,,,467,567,[],0.9375320395459539,0.8824097049903501,0.9665169302782077,0.9102349888015927,0.9962520070987915,0.953243497950192,14.872765309952575,5.086085173185247,-0.058231718155640086,99.43453292362392,breast lesion,0.859375
bus_0817-s,,,,,,,467,566,[],0.44801329087636715,0.28867082961641394,0.9265126932620729,0.2954351795496044,0.9966733200266135,0.646054249788109,187.0053143656524,53.93318711723344,-0.6811320754716981,100.08996888063848,breast lesion,0.7421875
bus_0818-s,,,,,,,468,568,[],0.8461471077758635,0.7333232108513007,0.7618972498291002,0.9513460275771504,0.9819309321053178,0.9666384798412341,24.28566409222135,9.7096976302752,0.24865397242284965,100.30603315681219,breast lesion,0.7109375
bus_0819-s,,,,,,,467,566,[],0.5446876778968069,0.37427545250880123,0.37858350419049674,0.9704933148916551,0.9318439148325095,0.9511686148620824,101.59921223316339,41.224459371138224,1.5634854771784232,100.89702694676816,breast lesion,0.6875
bus_0820-s,,,,,,,466,568,[],0.7944833500071459,0.6590397154712507,0.6635235139651469,0.9898504273504274,0.9891188549901185,0.9894846411702729,25.0,8.796216833822085,0.4918091168091168,100.69902217946947,breast lesion,0.7265625
bus_0821-s,,,,,,,469,569,[],0.8230694410008964,0.6993356020093988,0.9963982268193572,0.701107970237515,0.9996696091221768,0.8503887896798459,34.17893975844052,14.277665511254549,-0.29635766968840366,99.4233931414783,breast lesion,0.69140625
bus_0822-s,,,,,,,461,566,[],0.798743543575118,0.6649234135667396,0.9909019761299158,0.6690077277030448,0.9987053664648152,0.8338565470839301,99.29073442931728,18.61997490871178,-0.3248497391074613,100.32049287110567,breast lesion,0.83203125
bus_0823-s,,,,,,,455,565,[],0.9158969372873116,0.8448430493273542,0.9671457905544147,0.8698060941828255,0.9997489300103174,0.9347775120965715,5.0,1.7876502648097963,-0.10064635272391505,97.92621899396181,breast lesion,0.66796875
bus_0824-s,,,,,,,464,566,[],0.8061065299754847,0.6751913384356916,0.7116576487948844,0.9294616471797508,0.9884987109609521,0.9589801790703514,29.455824116743923,8.07688655105064,0.30605165103430554,100.18233093433082,breast lesion,0.64453125
bus_0825-s,,,,,,,464,567,[],0.8029238927905977,0.6707375478927203,0.6871933267909716,0.9655291278869356,0.9950996783082936,0.9803144030976145,11.492806589536098,4.994718571578198,0.4050327473285074,98.44636009074748,breast lesion,0.59765625
bus_0826-s,,,,,,,469,569,[],0.8108237357031841,0.6818364611260054,0.9884376214535562,0.6873184244307817,0.998395202689946,0.8428568135603638,90.68227022688224,20.690528694492773,-0.3046415782717384,100.65832082182169,breast lesion,0.83203125
bus_0827-s,,,,,,,470,566,[],0.893322203672788,0.8072107406848695,0.8238645111624326,0.9755697356426618,0.9910292099588316,0.9832994728007467,16.819705149024927,6.171279643908398,0.18413855970829535,96.09798691235483,breast lesion,0.8828125
bus_0828-s,,,,,,,469,565,[],0.9597860962566845,0.9226814723421756,0.9379180602006689,0.9826982041173894,0.997678354367547,0.9901882792424682,4.47213595499958,1.8953160909123046,0.04774419623302672,98.15648500807583,breast lesion,0.734375
bus_0829-s,,,,,,,470,566,[],0.7093043034529682,0.5495519240906694,0.5495519240906694,1.0,0.9869467252243651,0.9934733626121826,35.808366845935126,11.914783145977855,0.8196642685851319,96.16598789580166,breast lesion,0.828125
bus_0830-s,,,,,,,466,566,[],0.8551281814317135,0.746920456563504,0.7768058027469021,0.9510154579838842,0.9382031351693103,0.9446092965765973,102.56802220297064,19.56695308931039,0.22426410129912844,95.14532494358718,breast lesion,0.7265625
bus_0831-s,,,,,,,469,428,[],0.8568909011937823,0.7496142774899252,0.8038523274478331,0.9174229186629841,0.9519334341906203,0.9346781764268022,51.51891780723769,17.402705659510133,0.14128290400766585,98.78160897642374,breast lesion,0.7734375
bus_0832-s,,,,,,,465,568,[],0.9322543902895126,0.873105336899758,0.937914756790039,0.9266619351786137,0.9922611509779091,0.9594615430782614,15.0,5.571831124953963,-0.011997701848659975,95.97631287761033,breast lesion,0.84375
bus_0833-s,,,,,,,471,564,[],0.9463622526636225,0.898185600369814,0.9236985975754695,0.9701660217201348,0.9975080832036268,0.9838370524618808,9.219544457292887,2.618444736997528,0.05030582948445887,97.46816800907254,breast lesion,0.9140625
bus_0834-s,,,,,,,463,564,[],0.8320696084524549,0.712430821626224,0.7157827202737382,0.9934698723656872,0.984117119808784,0.9887934960872355,32.01562118716424,9.205339358632044,0.387948946274859,96.96878702379763,breast lesion,0.83984375
bus_0835-s,,,,,,,466,566,[],0.9813027663315571,0.9632918730894909,0.9812105757616427,0.9813949742268041,0.9969096014268811,0.9891522878268426,5.0,1.7978281759759465,0.00018792955326460482,96.62910900078714,breast lesion,0.9453125
bus_0836-s,,,,,,,466,565,[],0.9040338738809874,0.8248739193083573,0.8769675615640917,0.9328241165088095,0.9700039683466001,0.9514140424277048,52.49761899362675,10.183914721362362,0.0636928404114472,97.5354800466448,breast lesion,0.71484375
bus_0837-s,,,,,,,467,567,[],0.956435063031369,0.9165074727497472,0.9258712680213418,0.9890856172689789,0.994740170038301,0.9919128936536399,8.06225774829855,2.736856749036293,0.06827552752849866,96.88627393916249,breast lesion,0.8515625
bus_0838-s,,,,,,,459,568,[],0.9349157012338702,0.8777856384860276,0.9626145565630606,0.9087663080796521,0.9928947295665878,0.9508305188231199,32.49988496803918,6.853271169862954,-0.055939574273289085,95.87423107586801,breast lesion,0.89453125
bus_0839-s,,,,,,,468,431,[],0.7860434970473859,0.6475054873346384,0.6568442590066597,0.9785142242409753,0.8983202967119184,0.9384172604764469,64.51162630586235,20.8465565234242,0.48972029643796317,95.61779606156051,breast lesion,0.88671875
bus_0840-s,,,,,,,465,565,[],0.6666666666666666,0.5,0.8557980316645272,0.546000546000546,0.9973609920164135,0.7716807690084797,60.029146440119725,13.924270764474599,-0.361998361998362,98.13869395293295,breast lesion,0.6484375
bus_0841-s,,,,,,,465,569,[],0.9368299348328779,0.8811665842807711,0.9460779110497824,0.927761007598626,0.995859331379829,0.9618101694892275,13.738857009618162,4.331941499673981,-0.019360882689705424,98.48224208690226,breast lesion,0.8984375
bus_0842-s,,,,,,,468,565,[],0.8704186810179695,0.7705675247908524,0.9446050287071867,0.8070365358592693,0.9940432598143575,0.9005398978368133,22.620778132708256,9.16137049117388,-0.1456359945872801,100.70103220641613,breast lesion,0.80859375
bus_0843-s,,,,,,,467,566,[],0.8800077942322682,0.7857267128292564,0.8284629354465908,0.9383921707149833,0.9567473808367446,0.9475697757758639,98.35343958893598,26.47176566366745,0.13269058948199555,96.5411770157516,breast lesion,0.7421875
bus_0844-s,,,,,,,467,565,[],0.9594160352283096,0.9219977125428899,0.9453522007661637,0.9739046391752577,0.9941511904712099,0.9840279148232338,9.447194094168736,3.326114103321362,0.030202963917525773,98.59166387468576,breast lesion,0.88671875
bus_0845-s,,,,,,,467,566,[],0.0,0.0,0.0,0.0,0.9897044833829441,0.4948522416914721,103.33047497513463,65.0556107535931,-0.2597904026475455,95.89231200516224,breast lesion,0.6328125
bus_0846-s,,,,,,,471,563,[],0.9708673214582987,0.9433840181171143,0.9783046298367256,0.9635422403348386,0.9984292451875392,0.9809857427611889,5.0,1.8181569683409955,-0.01508976759555017,95.85836087353528,breast lesion,0.92578125
bus_0847-s,,,,,,,466,563,[],0.8868243826627525,0.7966617026557459,0.8036932707355242,0.9891371340523883,0.9874247126851606,0.9882809233687745,17.94427190999916,6.511364812753778,0.23073959938366717,97.03020798042417,breast lesion,0.7890625
bus_0848-l,,,,,,,408,316,[],0.9718273118560062,0.9451985284790054,0.9893772407382818,0.9548891452005639,0.9977255281039433,0.9763073366522537,7.0,2.2999854184818522,-0.034858387799564274,97.72558393888175,breast lesion,0.9375
bus_0848-r,,,,,,,408,317,[],0.9379571041170186,0.8831631073970907,0.9945107606517383,0.8874893087629266,0.9987839481151196,0.9431366284390231,12.0,5.229873735827998,-0.10761216079620559,95.73082812130451,breast lesion,0.921875
bus_0849-l,,,,,,,407,318,[],0.5171035805626598,0.3487118680607955,0.8892248488180319,0.36454811809781384,0.9966570442630566,0.6806025811804353,83.89746259047095,22.844850493682394,-0.5900383141762452,94.08357995562255,breast lesion,0.70703125
bus_0849-r,,,,,,,407,316,[],0.0,0.0,0.0,0.0,0.9734185452785796,0.4867092726392898,225.88713996153035,185.80924569149212,-0.6360520904729267,95.08202411234379,breast lesion,0.79296875
bus_0850-l,,,,,,,411,319,[],0.9464975179260894,0.8984293193717278,0.9104414261460102,0.9855272226051,0.9966707690365743,0.9910989958208372,4.0,1.8040033431521845,0.0824718584883988,96.52598691172898,breast lesion,0.90234375
bus_0850-r,,,,,,,411,317,[],0.9511939123589609,0.9069301976482361,0.919817305252474,0.984786742732953,0.997504067737706,0.9911454052353295,3.0,1.5158326225141177,0.07063298016843249,97.85368712618947,breast lesion,0.90234375
bus_0851-s,,,,,,,404,387,[],0.9593489603613425,0.9218738307266332,0.9444188899110703,0.9747586643456243,0.9949551179458632,0.9848568911457438,7.049747468305828,2.455125428338423,0.03212533628738724,97.8714469820261,breast lesion,0.86328125
bus_0852-s,,,,,,,393,385,[],0.9498669439941272,0.9045205639053944,0.9991634491634491,0.9052060863988807,0.9997777758784263,0.9524919311386535,12.083045973594572,4.778348948591798,-0.09403602868302921,96.49470611475408,breast lesion,0.91796875
bus_0853-l,,,,,,,404,318,[],0.775018085362913,0.6326771653543307,0.8051102204408818,0.7470943747094375,0.9870190542930557,0.8670567145012467,22.10197519848862,9.43826398458634,-0.07205950720595072,95.72499804198742,breast lesion,0.76171875
bus_0853-r,,,,,,,404,317,[],0.8185084696047518,0.6927755710029792,0.7106838151025086,0.9649031811894883,0.9814203002845834,0.9731617407370359,20.61786717715535,6.781741116790845,0.3577109266943292,95.02641204744577,breast lesion,0.7890625
bus_0854-s,,,,,,,473,579,[],0.6113486083346148,0.4402462792345854,0.998794091046126,0.4404804112745967,0.9999522488788435,0.7202163300767201,46.136714798116564,22.740965354290744,-0.5589877681262188,96.23912000097334,breast lesion,0.478515625
bus_0855-l,,,,,,,441,316,[],0.9564666103127641,0.9165654110976104,0.9251839738348324,0.989938757655293,0.998664915736485,0.994301836695889,2.8284271247461903,1.1367500877663161,0.0699912510936133,97.1363999415189,breast lesion,0.91796875
bus_0855-r,,,,,,,441,317,[],0.9325061101710848,0.8735470235998591,0.8797445902802412,0.992,0.997530900165335,0.9947654500826675,5.9070235421649135,1.7286631798441405,0.1276,96.10540699213743,breast lesion,0.9140625
bus_0856-l,,,,,,,353,387,[],0.9029275808936826,0.8230337078651685,0.9969434832756632,0.8251157462650948,0.9988807821854312,0.911998264225263,28.00174396245622,9.050337273441965,-0.1723545415493294,99.00631406344473,breast lesion,0.8515625
bus_0856-r,,,,,,,353,383,[],0.2827775644622973,0.16467148262813897,0.7576764798987021,0.1738262101020371,0.9857793052201375,0.5798027576610872,146.9044309878297,51.46454607612956,-0.7705799048621954,95.60563508421183,breast lesion,0.7578125
bus_0857-l,,,,,,,393,386,[],0.5390901966638056,0.36900991110656994,0.9770052752603814,0.37224283652855084,0.9969882186198955,0.6846155275742232,62.93647591023825,38.78713764749658,-0.6189960832817976,96.87728388234973,breast lesion,0.6640625
bus_0857-r,,,,,,,393,384,[],0.32554010062148564,0.19441498762813716,0.993729408013604,0.19465378690094517,0.9994265051808938,0.5970401460409195,113.76115195452033,39.629812200955406,-0.8041179164758296,95.88197199627757,breast lesion,0.5859375
bus_0858-l,,,,,,,403,319,[],0.9119042706828966,0.838073568448995,0.9208333333333333,0.9031467102574581,0.9969271326104009,0.9500369214339295,7.0,3.0070332529012735,-0.019207192480588477,95.14916501939297,breast lesion,0.8046875
bus_0858-r,,,,,,,403,316,[],0.9126613865682978,0.8393534224705648,0.8699069286452947,0.9598356914650844,0.9948847648943611,0.9773602281797227,7.0,2.859541049518233,0.1033774532177088,95.95696302130818,breast lesion,0.83984375
bus_0859-l,,,,,,,405,317,[],0.9701283030019455,0.9419894787183166,0.9767430328275315,0.9636025634753681,0.9956551545245683,0.9796288589999682,5.0,1.7356020056353123,-0.013453353554131402,94.25077401101589,breast lesion,0.81640625
bus_0859-r,,,,,,,405,317,[],0.936216562550056,0.8800819129073059,0.999042800492274,0.880824642835614,0.9998747719059716,0.9403497073707928,7.0,3.5814457313498655,-0.11833142443788053,97.7941860910505,breast lesion,0.93359375
bus_0860-l,,,,,,,410,317,[],0.0,0.0,0.0,0.0,0.9840058979531235,0.49200294897656177,281.6719708272562,166.83866732918085,-0.9516543378006128,97.74208487942815,breast lesion,0.6171875
bus_0860-r,,,,,,,410,316,[],0.0,0.0,0.0,0.0,0.9671875134813332,0.4835937567406666,167.14514648439084,85.99827326848549,-0.7215755179734973,96.8688940629363,breast lesion,0.52734375
bus_0861-l,,,,,,,407,320,[],0.936375603334796,0.8803630363036303,0.8810900082576383,0.9990636704119851,0.9965993891495324,0.9978315297807587,5.0,1.8698256451911441,0.13389513108614232,95.8120699506253,breast lesion,0.890625
bus_0861-r,,,,,,,407,316,[],0.9494718085783378,0.9038042161376303,0.9907038512616202,0.9115347018572825,0.9997189206553164,0.9556268112562994,5.0,1.7138573421868681,-0.07991202346041056,95.05737200379372,breast lesion,0.9296875
bus_0862-l,,,,,,,349,281,[],0.9396233057560288,0.8861221779548473,0.9586236620932405,0.9213615023474179,0.9931088113896034,0.9572351568685107,10.516242230440165,3.289394659920049,-0.03887047776857222,95.36634990945458,breast lesion,0.84765625
bus_0862-r,,,,,,,349,286,[],0.9719303161926113,0.9453934217699437,0.9504887183703298,0.994361620795107,0.9939339675433688,0.9941477941692379,4.0,1.4459216036808034,0.046158256880733946,95.56547505781054,breast lesion,0.953125
bus_0863-l,,,,,,,351,275,[],0.9391262253418855,0.8852384211727128,0.8923643054277829,0.9910600255427842,0.9949465500485909,0.9930032877956876,6.0,1.908051296301655,0.11060025542784163,95.67916695959866,breast lesion,0.8984375
bus_0863-r,,,,,,,351,286,[],0.9586014586014586,0.9204943357363543,0.9243019648397105,0.9955446647360214,0.9961834051117344,0.9958640349238779,3.1622776601683795,1.2428316632353857,0.07707730006683003,94.06115906313062,breast lesion,0.9296875
bus_0864-l,,,,,,,349,274,[],0.9064862713887784,0.8289665211062591,0.8493661446681581,0.9718430034129693,0.9978613928473119,0.9848521981301406,4.604101966249685,1.6486669519444916,0.14419795221843004,94.66534410603344,breast lesion,0.8515625
bus_0864-r,,,,,,,349,287,[],0.9198392054859305,0.8515761821366025,0.9076061595893608,0.9324065196548418,0.997981178053978,0.9651938488544098,4.36886308445345,1.7655970697354146,0.02732502396931927,95.1122238766402,breast lesion,0.8046875
bus_0865-l,,,,,,,353,274,[],0.8760162601626016,0.779385171790235,0.8611388611388612,0.8914167528438469,0.9908271007479102,0.9411219267958786,14.81038361942169,4.7256861430756025,0.03516028955532575,95.71932815015316,breast lesion,0.6875
bus_0865-r,,,,,,,353,286,[],0.614620987321284,0.4436482592102189,0.44755244755244755,0.9807162534435262,0.926106148187073,0.9534112008152996,62.267556047276294,18.58731840627724,1.191287878787879,94.66827381402254,breast lesion,0.80078125
bus_0866-l,,,,,,,348,274,[],0.9526802863628426,0.9096365455151717,0.9999389089131896,0.9096871005390985,0.999987073255859,0.9548370868974787,5.385164807134504,2.940003635547405,-0.09025732229200245,96.57187690027058,breast lesion,0.9375
bus_0866-r,,,,,,,348,286,[],0.969430589164897,0.9406747172704619,0.9656156230016233,0.9732758193266895,0.991191925301478,0.9822338723140838,4.123105625617661,2.0285825473277432,0.007932966433635778,96.0867761168629,breast lesion,0.94140625
bus_0867-l,,,,,,,350,274,[],0.6373563218390804,0.4677351328553353,0.4677351328553353,1.0,0.9591025460987544,0.9795512730493772,37.74955546484151,14.5614460701277,1.1379621280432823,98.59270392917097,breast lesion,0.875
bus_0867-r,,,,,,,350,284,[],0.6905829596412556,0.5273972602739726,0.5290765879001174,0.9940176322418136,0.9707973062853342,0.9824074692635739,30.492385846150537,12.626818004350387,0.8787783375314862,97.06331905908883,breast lesion,0.875
bus_0868-l,,,,,,,351,272,[],0.754,0.6051364365971108,0.6051364365971108,1.0,0.9895279043037759,0.994763952151888,22.51876863736182,5.70049569377421,0.6525198938992043,99.24060804769397,breast lesion,0.8203125
bus_0868-r,,,,,,,351,285,[],0.7497055359246172,0.5996231747527084,0.601038715769594,0.9960876369327074,0.9914436445011493,0.9937656407169284,30.03372280613554,6.290296661275187,0.6572769953051644,97.31928398832679,breast lesion,0.84375
bus_0869-l,,,,,,,355,281,[],0.9219006007646096,0.8551165146909828,0.8755186721991701,0.9734717416378316,0.9987865059461208,0.9861291237919763,2.6803373379345903,1.1967831272550598,0.1118800461361015,98.67866593413055,breast lesion,0.828125
bus_0869-r,,,,,,,355,285,[],0.8864608076009501,0.7960750853242321,0.7994858611825193,0.9946695095948828,0.9976655326875306,0.9961675211412067,5.0,1.8051398943194683,0.244136460554371,95.89993301779032,breast lesion,0.828125
bus_0870-l,,,,,,,315,272,[],0.8361809045226131,0.7184801381692574,0.7184801381692574,1.0,0.9961578351876297,0.9980789175938148,8.109049186453268,2.5024561302888815,0.3918269230769231,95.07526294328272,breast lesion,0.703125
bus_0870-r,,,,,,,315,287,[],0.8983957219251337,0.8155339805825242,0.835820895522388,0.9710982658959537,0.9985286413340319,0.9848134536149928,3.0,1.3576448218743224,0.16184971098265896,95.29476799070835,breast lesion,0.6875
bus_0871-s,,,,,,,353,467,[],0.8617344439000489,0.7570592286501377,0.7570592286501377,1.0,0.991206202400688,0.995603101200344,10.770329614269007,5.02748275538333,0.3209006140550375,96.90239490009844,breast lesion,0.84375
bus_0872-l,,,,,,,350,266,[],0.8501469147894222,0.7393526405451448,0.7412467976088813,0.9965556831228473,0.9933667549639879,0.9949612190434176,9.251010124518055,3.348812886554704,0.34443168771526983,99.30908097885549,breast lesion,0.8828125
bus_0872-r,,,,,,,350,285,[],0.8815818706954011,0.7882399682161303,0.7942353883106485,0.9905142286570144,0.9947415265941666,0.9926278776255906,21.469626515938295,4.132245355966233,0.24712930604093858,97.34364482574165,breast lesion,0.76953125
bus_0873-l,,,,,,,349,272,[],0.9630518874216353,0.9287368150244404,0.9340232858990944,0.9939427312775331,0.9972068874868559,0.9955748093821946,3.0,1.1545538226863152,0.06415198237885462,99.50338490307331,breast lesion,0.92578125
bus_0873-r,,,,,,,349,285,[],0.9223616922361693,0.8559102674719585,0.8603642671292281,0.9939879759519038,0.9949933140529278,0.9944906450024158,5.796132365774708,2.176917086604989,0.15531062124248496,97.69973391667008,breast lesion,0.91015625
bus_0874-l,,,,,,,357,275,[],0.9510763209393346,0.9067164179104478,0.9138201190849263,0.9914994899693982,0.9971123758321608,0.9943059329007795,3.0,1.2811131052084772,0.08500510030601836,99.054274847731,breast lesion,0.875
bus_0874-r,,,,,,,357,286,[],0.9033333333333333,0.8237082066869301,0.838230745437674,0.9794000722804481,0.9947349876679922,0.9870675299742202,5.830951894845301,2.5206785733466934,0.16841344416335383,97.30745409615338,breast lesion,0.8515625
bus_0875-l,,,,,,,355,274,[],0.0,0.0,0.0,0.0,0.898376390004651,0.4491881950023255,133.06013678032951,76.61850684197084,2.6061515378844713,97.71128301508725,breast lesion,0.87890625
bus_0875-r,,,,,,,355,287,[],0.9127437463068742,0.8394927536231884,0.8694183864915572,0.9606135986733002,0.9965015632382657,0.9785575809557829,4.0,1.7459213204024686,0.10489220563847429,95.57940508238971,breast lesion,0.8515625
bus_0876-l,,,,,,,348,282,[],0.6376199616122841,0.46801916032685265,0.47321937321937324,0.9770588235294118,0.9808266622423162,0.9789427428858639,21.941965989748788,9.43631250884137,1.0647058823529412,97.22722298465669,breast lesion,0.64453125
bus_0876-r,,,,,,,348,286,[],0.6811326562019083,0.5164527421236873,0.5165732959850607,0.9995483288166215,0.9787183755677498,0.9891333521921857,19.1049731745428,8.308450716803508,0.9349593495934959,96.76194190979004,breast lesion,0.81640625
bus_0877-l,,,,,,,352,279,[],0.8943188759926696,0.8088397790055248,0.8146911519198664,0.991198375084631,0.9965574634812004,0.9938779192829157,5.385164807134504,2.188522180228898,0.2166553825321598,95.22706596180797,breast lesion,0.828125
bus_0877-r,,,,,,,352,286,[],0.8193548387096774,0.6939890710382514,0.6946216955332726,0.9986893840104849,0.9932422891493353,0.9959658365799101,8.48528137423857,3.6675251297378684,0.43774574049803405,95.73732782155275,breast lesion,0.72265625
bus_0878-s,,,,,,,352,362,[],0.9515322105538775,0.9075454869782376,0.9935361662240275,0.9129358143874823,0.9953832205872097,0.9541595174873461,19.6468827043885,5.287868677122142,-0.08112472859731917,100.43096705339849,breast lesion,0.9296875
bus_0879-l,,,,,,,353,274,[],0.8823313334149626,0.7894390885188431,0.7894390885188431,1.0,0.9896798719917524,0.9948399359958762,8.246211251235321,3.878148537324914,0.26672217596447406,98.8475598860532,breast lesion,0.8671875
bus_0879-r,,,,,,,353,286,[],0.9209255021612001,0.853440150801131,0.8536412915390055,0.9997239856472536,0.9936199722607489,0.9966719789540013,7.0710678118654755,2.6206056047968933,0.17112889870273254,99.3833220563829,breast lesion,0.8515625
bus_0880-l,,,,,,,357,268,[],0.9577102428043094,0.9188522061092256,0.9438985736925515,0.9719321148825065,0.9980888005873969,0.9850104577349517,3.0,1.1099647153897525,0.029699738903394255,97.76486502960324,breast lesion,0.8828125
bus_0880-r,,,,,,,357,287,[],0.957570536291191,0.9185950413223141,0.9487836107554417,0.9665217391304348,0.998801904971096,0.9826618220507655,2.23606797749979,1.1150915129187307,0.018695652173913044,97.82066592015326,breast lesion,0.921875
bus_0881-l,,,,,,,332,272,[],0.8963679708315804,0.8121982210927573,0.8408313601683768,0.9597597597597598,0.9930438981764665,0.9764018289681131,6.324555320336759,3.1981533343957054,0.14144144144144144,99.751170957461,breast lesion,0.84765625
bus_0881-r,,,,,,,332,286,[],0.9403669724770642,0.8874458874458875,0.8947623666343356,0.9908700322234156,0.9952426886482221,0.9930563604358189,4.47213595499958,1.7477183540404138,0.10741138560687433,97.1871621441096,breast lesion,0.84765625
bus_0882-l,,,,,,,350,274,[],0.9110767645543534,0.8366767600302801,0.9499355393210142,0.8752722233221144,0.9974353047364308,0.9363537640292726,10.0,2.694783763624705,-0.07859829736685804,96.27109998837113,breast lesion,0.71875
bus_0882-r,,,,,,,350,288,[],0.5853416149068323,0.4137688795223042,0.9837160751565762,0.41662245800176834,0.9995900993220873,0.7081062786619279,54.57700809897033,12.430459296282843,-0.5764809902740937,94.97460094280541,breast lesion,0.7265625
bus_0883-s,,,,,,,268,566,[],0.9573348194934671,0.9181613018173179,0.9255268199233716,0.9914069513915609,0.9956772834993155,0.9935421174454382,5.0,1.6739222413312826,0.07118122354751828,95.86240095086396,breast lesion,0.91796875
bus_0884-l,,,,,,,352,282,[],0.9469969118295835,0.8993296624371558,0.9290218869791023,0.965681233933162,0.9937256788072231,0.9797034563701925,7.0071067811865495,2.2951967641011466,0.03946015424164524,96.16612805984914,breast lesion,0.8671875
bus_0884-r,,,,,,,352,287,[],0.9059744811346586,0.8281109220142157,0.9724900070538444,0.8479753972321886,0.9974361502810374,0.922705773756613,16.7317672143481,4.154718133965501,-0.12803690415171706,94.87034799531102,breast lesion,0.796875
bus_0885-l,,,,,,,350,272,[],0.8232541817756462,0.6996023856858847,0.9992900752520233,0.6999502734957732,0.999941276645722,0.8499457750707475,38.8329756778952,7.979341062620664,-0.29955246146195924,96.07453504577279,breast lesion,0.74609375
bus_0885-r,,,,,,,350,287,[],0.9269853458757279,0.8639074427480916,1.0,0.8639074427480916,1.0,0.9319537213740459,6.0,3.2185054272828255,-0.13609255725190839,96.28695086576045,breast lesion,0.90234375
bus_0886-s,,,,,,,308,471,[],0.9609927707117176,0.9249144217889567,0.9972719248976972,0.9272605192479857,0.9997417669218617,0.9635011430849236,5.0,2.1959834724586034,-0.07020292450014921,97.67563291825354,breast lesion,0.9453125
bus_0887-l,,,,,,,350,274,[],0.9386655615416494,0.8844201483795392,0.8870178186802428,0.9966996699669967,0.9936839800777187,0.9951918250223577,5.493840584077648,2.082544791193809,0.12365236523652365,96.48776589892805,breast lesion,0.78125
bus_0887-r,,,,,,,350,287,[],0.9554184409489875,0.9146422628951747,0.933276740237691,0.9786362827131921,0.9958558729556167,0.9872460778344044,4.47213595499958,1.660487646248215,0.04860245682748798,97.74349397048354,breast lesion,0.765625
bus_0888-l,,,,,,,355,271,[],0.9406846505758006,0.88801191362621,0.9986601909227935,0.8890711197256598,0.9999106125276542,0.944490866126657,5.0,1.9923911981108504,-0.10973609661547637,97.6430419832468,breast lesion,0.8984375
bus_0888-r,,,,,,,355,287,[],0.9382133018496654,0.8836174944403261,0.9374754227290601,0.9389523434423002,0.9967151135764976,0.9678337285093989,5.830951894845301,1.8581790514656427,0.0015754233950374162,101.41929890960455,breast lesion,0.84375
bus_0889-l,,,,,,,353,271,[],0.8983364140480592,0.8154362416107382,0.9044665012406948,0.8922888616891065,0.9983622074040988,0.9453255345466026,6.057933771208752,1.9404165271137679,-0.01346389228886169,95.81459010951221,breast lesion,0.6171875
bus_0889-r,,,,,,,353,287,[],0.7244723331431832,0.5679785330948122,0.9071428571428571,0.6030389363722697,0.999351672684474,0.8011953045283718,12.1675765883533,4.1692011895419965,-0.3352326685660019,95.24138690903783,breast lesion,0.60546875
bus_0890-l,,,,,,,348,275,[],0.9468443873454312,0.8990545898139677,0.9169517884914463,0.9787516600265604,0.9971193682030036,0.9879355141147821,4.123105625617661,1.4716044538659372,0.06739707835325365,95.49971297383308,breast lesion,0.7890625
bus_0890-r,,,,,,,348,287,[],0.9203655352480418,0.8524788391777509,0.9078032449137265,0.9332803812549643,0.9962746750746626,0.9647775281648134,5.561762944667118,2.1486344687675683,0.028064601535610273,95.57002503424883,breast lesion,0.56640625
bus_0891-l,,,,,,,351,269,[],0.9752865260522007,0.9517651039512763,0.9553928598384783,0.9960262816225361,0.9828700617373409,0.9894481716799386,5.0,1.9352955228126736,0.04253058976275721,96.2155400775373,breast lesion,0.9453125
bus_0891-r,,,,,,,351,284,[],0.9830530740935365,0.9666709727425398,0.975958612294583,0.9902514336127041,0.9928194873659335,0.9915354604893187,3.605551275463989,1.331413643657708,0.014644905161005735,94.41261785104871,breast lesion,0.94140625
bus_0892-l,,,,,,,346,275,[],0.8022943179781323,0.6698593235558216,0.6751131221719457,0.9885159010600707,0.9884051417867062,0.9884605214233885,13.483193339406055,4.809520395477707,0.4642226148409894,95.97514406777918,breast lesion,0.66796875
bus_0892-r,,,,,,,346,284,[],0.6208053691275168,0.45012165450121655,0.45156369183829137,0.9929553840992955,0.9622702895584732,0.9776128368288843,39.698378183168785,13.799917775623925,1.1989265347198927,96.75678214989603,breast lesion,0.6953125
bus_0893-l,,,,,,,353,275,[],0.9488384406645046,0.9026570960836167,0.9573928142112996,0.9404355812122802,0.9964338814796597,0.96843473134597,9.433981132056603,2.4726689361048146,-0.01771188664392548,97.23411314189434,breast lesion,0.85546875
bus_0893-r,,,,,,,353,286,[],0.9224241306152569,0.8560178051703475,0.8560178051703475,1.0,0.9912357489735092,0.9956178744867545,8.341839300436614,2.9249844962482356,0.1682,95.96604388207197,breast lesion,0.8984375
bus_0894-s,,,,,,,347,485,[],0.9514071887846527,0.907318053880177,0.9474722875377897,0.9553749100300606,0.9913530924272167,0.9733640012286386,10.198039027185569,3.2559678469831406,0.008340742622464965,98.33162813447416,breast lesion,0.76953125
bus_0895-l,,,,,,,349,271,[],0.9663632423060251,0.9349157091336073,0.9975836763916234,0.9370376597175522,0.9996734516164145,0.9683555556669834,4.47213595499958,1.817039498662646,-0.060692669804976465,96.01449500769377,breast lesion,0.9375
bus_0895-r,,,,,,,349,285,[],0.9592982898971414,0.9217802570943487,0.9817876517695686,0.9378161628624306,0.9966128160470843,0.9672144894547574,5.385164807134504,2.4439262450405894,-0.04478716841455892,97.28852496482432,breast lesion,0.94921875
bus_0896-l,,,,,,,347,274,[],0.9184023804074158,0.8491164956089303,0.9350967140526684,0.9022936811333483,0.9935370834493642,0.9479153822913562,8.246211251235321,2.8084238971622137,-0.0350798290982685,96.8234131578356,breast lesion,0.7265625
bus_0896-r,,,,,,,347,283,[],0.8741236456341619,0.7763939994339089,0.7833785520491218,0.98864660299153,0.9836269049777663,0.9861367539846482,14.866068747318506,4.408333348541146,0.26202919444945033,94.3808569572866,breast lesion,0.80078125
bus_0897-l,,,,,,,352,276,[],0.7660143836762,0.6207644348061805,0.9991273996509599,0.6211011662598318,0.999978601615578,0.8105398839377049,16.0,5.908007630940493,-0.37835638730675347,95.73805797845125,breast lesion,0.70703125
bus_0897-r,,,,,,,352,284,[],0.6507723304231028,0.48232951717272277,1.0,0.48232951717272277,1.0,0.7411647585863614,19.235384061671343,8.148265264352766,-0.5176704828272772,94.9131587985903,breast lesion,0.8046875
bus_0898-l,,,,,,,342,277,[],0.9286602038279891,0.8668213457076566,0.8761726078799249,0.98783712321523,0.9971564899884752,0.9924968066018526,3.0,1.620503253861604,0.1274457958751983,95.83543986082077,breast lesion,0.77734375
bus_0898-r,,,,,,,342,288,[],0.7973531844499586,0.6629986244841816,0.7820443482963764,0.813273340832396,0.9958332471721913,0.9045532940022937,9.848857801796104,4.415275226190047,0.03993250843644545,96.56411712057889,breast lesion,0.71484375
bus_0899-s,,,,,,,345,413,[],0.9089893914014517,0.8331627430910952,0.9125560538116592,0.9054505005561735,0.9983260365696627,0.9518882685629181,7.800525847404515,2.1501999176564612,-0.00778642936596218,96.68464004062116,breast lesion,0.8359375
bus_0900-l,,,,,,,351,278,[],0.9133753733820112,0.8405620036652413,0.8840346932219724,0.9447305183659458,0.9961865525801511,0.9704585354730484,5.385164807134504,1.9453500606997476,0.06865774116031582,97.72338392212987,breast lesion,0.828125
bus_0900-r,,,,,,,351,289,[],0.9434105582985188,0.892882818116463,0.9029443838604144,0.9876739562624255,0.997300958311431,0.9924874572869282,3.0,1.3761443677841696,0.09383697813121272,96.66813001967967,breast lesion,0.84375
bus_0901-l,,,,,,,353,280,[],0.8436205016357688,0.7295360241418333,0.7303625377643505,0.9984512132163139,0.9926318070647967,0.9955415101405554,7.0,3.69933397851878,0.3670624677336087,97.72037388756871,breast lesion,0.82421875
bus_0901-r,,,,,,,353,287,[],0.8317627066275297,0.7119809574186723,0.9153349200952057,0.7621744054360136,0.9974534409228976,0.8798139231794555,15.824345096428562,4.64842778736401,-0.1673272933182333,96.7395908664912,breast lesion,0.75390625
bus_0902-l,,,,,,,347,279,[],0.914738929279577,0.8428745432399513,0.8606965174129353,0.9760225669957687,0.998834595854491,0.9874285814251298,2.23606797749979,1.1896909087218874,0.13399153737658676,95.90192278847098,breast lesion,0.82421875
bus_0902-r,,,,,,,347,286,[],0.9169435215946844,0.8466257668711656,0.8518518518518519,0.9928057553956835,0.998782306919541,0.9957940311576122,2.739573252659227,1.2127357489996595,0.16546762589928057,97.28460409678519,breast lesion,0.796875
bus_0903-l,,,,,,,352,274,[],0.8246835443037974,0.7016693591814755,0.9644707623982235,0.7202874516307353,0.9994928095182747,0.859890130574505,8.05914486088362,3.249121770232128,-0.2531785516860144,95.45441204681993,breast lesion,0.75390625
bus_0903-r,,,,,,,352,285,[],0.8124479021950541,0.6841366401497426,0.9952348536419333,0.6863849765258216,0.9999287096445667,0.8431568430851941,10.202918582875641,3.930323855896057,-0.3103286384976526,94.36355694197118,breast lesion,0.73828125
bus_0904-l,,,,,,,351,280,[],0.517149569303054,0.34875369666244194,0.35566566135286515,0.9472174411933448,0.9368947401734287,0.9420560906833868,58.989355398998484,14.9949154663371,1.6632243258749282,95.86298116482794,breast lesion,0.85546875
bus_0904-r,,,,,,,351,288,[],0.0,0.0,0.0,0.0,0.9934459110386256,0.4967229555193128,136.0473973044383,89.26311472593235,-0.7271193589202868,95.23525694385171,breast lesion,0.62890625
bus_0905-l,,,,,,,353,276,[],0.5915391539153916,0.4199897750511247,0.4199897750511247,1.0,0.9763115310330428,0.9881557655165214,26.57986635900006,10.77764593904221,1.3810103469263542,96.04011592455208,breast lesion,0.6171875
bus_0905-r,,,,,,,353,284,[],0.4162067573024633,0.2627910929797722,0.2627910929797722,1.0,0.9560614349684923,0.9780307174842462,58.58753993836669,21.368122135448942,2.8053040103492886,94.50095891952515,breast lesion,0.71484375
bus_0906-l,,,,,,,349,274,[],0.33116120072641814,0.19843810011522212,0.19856520625160134,0.9967845659163987,0.9334970394701874,0.965140802693293,73.1054027042325,25.958367440766686,4.019935691318328,95.90841294266284,breast lesion,0.76953125
bus_0906-r,,,,,,,349,286,[],0.6216321749316673,0.4509915014164306,0.4509915014164306,1.0,0.9802691861293804,0.9901345930646902,23.40939982143925,10.568032034233125,1.2173366834170853,94.75880512036383,breast lesion,0.73828125
bus_0907-l,,,,,,,347,276,[],0.9167330677290837,0.8462670099301214,0.8597048384083691,0.9818647322381054,0.9917549541636933,0.9868098432008994,10.479613760448192,2.7335586372452716,0.14209515681672713,96.0108651779592,breast lesion,0.8515625
bus_0907-r,,,,,,,347,286,[],0.9366281387006775,0.8808095952023988,0.8912768647281921,0.9868421052631579,0.9955053830876973,0.9911737441754276,5.0,2.009131927312711,0.10722284434490481,96.55535686761141,breast lesion,0.90625
bus_0908-l,,,,,,,355,277,[],0.9638620436953236,0.9302448943506322,0.9958356994132121,0.933877695926156,0.9994946478614416,0.9666861718937988,5.830951894845301,1.6490899684867961,-0.062217094168811576,96.05444502085447,breast lesion,0.94921875
bus_0908-r,,,,,,,355,284,[],0.9604560260586319,0.923920536441687,0.9979692682596629,0.9256608275255855,0.9996466139728835,0.9626537207492345,4.123105625617661,2.0881508791816215,-0.07245557857725875,98.79857883788645,breast lesion,0.9375
bus_0909-l,,,,,,,349,279,[],0.7756874095513748,0.6335697399527187,0.6375432525951558,0.9902586496472959,0.9822446341928512,0.9862516419200735,14.212670403551895,6.073313767294663,0.5532415183070205,96.98624699376523,breast lesion,0.72265625
bus_0909-r,,,,,,,349,286,[],0.9154265873015873,0.8440429910816373,0.8635938231165184,0.9738786279683377,0.9939286011830376,0.9839036145756876,8.024903099319419,2.593439519797511,0.12770448548812666,97.73115394636989,breast lesion,0.74609375
bus_0910-l,,,,,,,352,274,[],0.9054364755618186,0.8272123593982924,0.9379225568531039,0.8751254480286739,0.9954846713533692,0.9353050596910215,11.180339887498949,3.7827405511114867,-0.06695340501792114,96.54673584736884,breast lesion,0.72265625
bus_0910-r,,,,,,,352,288,[],0.9125030465513039,0.8390856118332586,0.8850017728400899,0.9417683310275438,0.9895852287931496,0.9656767799103467,9.848857801796104,3.7087264383819547,0.06414287511004906,96.79742204025388,breast lesion,0.66796875
bus_0911-l,,,,,,,355,275,[],0.9493568200254954,0.9035958526362232,0.9968362131905573,0.9061946902654867,0.9998603726974921,0.9530275314814893,3.605551275463989,1.56515725950933,-0.090929203539823,98.03942102007568,breast lesion,0.90625
bus_0911-r,,,,,,,355,285,[],0.965682362330407,0.933641975308642,0.9918032786885246,0.9409020217729394,0.9995282425462322,0.9702151321595858,3.605551275463989,1.2222391074485606,-0.05132192846034215,97.17689105309546,breast lesion,0.8671875
bus_0912-l,,,,,,,352,360,[],0.28087429122650165,0.16338205507198775,0.9754861905540121,0.16405562884784522,0.9983395324123273,0.5811975806300863,126.51481663793375,46.92237847163455,-0.8318216798592788,98.65598496980965,breast lesion,0.59765625
bus_0912-r,,,,,,,352,362,[],0.8690296922661107,0.7683930217472944,0.9507857384251436,0.8002204366066984,0.9882676388245484,0.8942440377156233,36.235341863986875,9.397802245406279,-0.1583588139088388,96.01541492156684,breast lesion,0.83984375
bus_0913-l,,,,,,,354,278,[],0.9072394486100651,0.8302271229100497,0.8541307028360049,0.9673905453529782,0.971863814201282,0.9696271797771301,21.02379604162864,5.013146538554195,0.1326024718944208,94.6236529853195,breast lesion,0.890625
bus_0913-r,,,,,,,354,287,[],0.9661045588185597,0.9344315878930509,0.9451203385347792,0.9880417501900878,0.9904741136908792,0.9892579319404835,5.0,1.8737734611738939,0.04541370014515794,97.43679710663855,breast lesion,0.9140625
bus_0914-l,,,,,,,330,277,[],0.8230683090705487,0.6993339676498572,0.7003334921391139,0.9979633401221996,0.9857795261349249,0.9918714331285623,21.095023109728988,5.414592898277225,0.42498302783435166,96.56405705027282,breast lesion,0.86328125
bus_0914-r,,,,,,,330,290,[],0.8162185985015425,0.6895011169024572,0.6939795153634774,0.9907275320970043,0.9868132104719256,0.9887703712844649,21.936269439589076,5.229313414254081,0.4276034236804565,98.05477107875049,breast lesion,0.84375
bus_0915-l,,,,,,,349,275,[],0.6322479291630962,0.46225331523441576,0.4707070707070707,0.9626005653402914,0.9455218000350202,0.9540611826876557,42.44290144886543,13.129865124147132,1.0450097847358122,97.04647795297205,breast lesion,0.734375
bus_0915-r,,,,,,,349,288,[],0.7680568802566549,0.6234515765765766,0.639843975729558,0.9605291693775754,0.9740044420808959,0.9672668057292356,25.0,9.218106781523357,0.5011927998265019,97.30768413282931,breast lesion,0.828125
bus_0916-l,,,,,,,348,279,[],0.9386892177589852,0.8844621513944223,0.887181063633569,0.9965469613259669,0.9961038685294492,0.9963254149277081,4.123105625617661,1.6397396932650845,0.12327348066298342,95.45271191745996,breast lesion,0.90625
bus_0916-r,,,,,,,348,284,[],0.9605626034197463,0.9241178031308039,0.9632190265486725,0.9579207920792079,0.9986028824740535,0.9782618372766307,3.0,1.103826252822168,-0.005500550055005501,94.44684907793999,breast lesion,0.859375
bus_0917-s,,,,,,,348,357,[],0.8829775959643061,0.7904743833017078,0.9406159682080925,0.8319952067106051,0.9867440852410762,0.9093696459758407,36.40828810643321,10.9849427857653,-0.11547833033752747,97.1047398634255,breast lesion,0.4921875
bus_0918-l,,,,,,,353,273,[],0.0,0.0,0.0,0.0,0.9938508010140784,0.4969254005070392,68.65455098770106,46.60638470783022,-0.8448557430593359,97.65974199399352,breast lesion,0.8125
bus_0918-r,,,,,,,353,284,[],0.9438669438669439,0.8937007874015748,0.9113138686131387,0.9788318306546452,0.997512819725489,0.9881723251900671,3.605551275463989,1.485972751293979,0.07408859270874167,96.39256400987506,breast lesion,0.87109375
bus_0919-l,,,,,,,347,279,[],0.9201804885638711,0.8521613832853026,0.919751166407465,0.9206102117061021,0.9972436191921027,0.9589269154491025,5.656854249492381,2.014970733340878,0.0009339975093399751,96.89129493199289,breast lesion,0.67578125
bus_0919-r,,,,,,,347,285,[],0.8795064584538269,0.7849277357192016,0.8003508771929825,0.9760376551133932,0.9941071687483171,0.9850724119308552,10.0,2.7549897005429953,0.21951219512195122,97.49626903794706,breast lesion,0.76953125
bus_0920-s,,,,,,,353,415,[],0.9249726721653583,0.8604178221482714,0.8636110595657821,0.9957210098416773,0.9948174106796596,0.9952692102606684,7.2920366619151595,2.767707574868782,0.15297389816003423,95.006711082533,breast lesion,0.87890625
bus_0921-l,,,,,,,344,277,[],0.9507273580478649,0.90608228980322,0.9120648259303722,0.9928128062724599,0.9968230561549221,0.994817931213691,2.8284271247461903,1.2190259407419983,0.08853315909833388,96.49922605603933,breast lesion,0.8203125
bus_0921-r,,,,,,,344,285,[],0.9041935483870968,0.8251398292611127,0.9953835227272727,0.8283096926713948,0.999862660581474,0.9140861766264343,6.324555320336759,2.385877469212442,-0.16784869976359337,96.88321384601295,breast lesion,0.83984375
bus_0922-l,,,,,,,352,273,[],0.93806114331174,0.883347602739726,0.9712873617321722,0.907032967032967,0.9986673366395037,0.9528501518362353,4.0,1.8990900069528571,-0.06615384615384616,96.6825601644814,breast lesion,0.90234375
bus_0922-r,,,,,,,352,284,[],0.39433962264150946,0.245593419506463,0.25354609929078015,0.8867493472584856,0.9174543878477669,0.9021018675531263,65.85134326133004,21.04271219782694,2.4973890339425586,96.06350492686033,breast lesion,0.71484375
bus_0923-l,,,,,,,329,274,[],0.932583526298379,0.8736829056650551,0.8789125826162864,0.9932356257046223,0.9883082480433474,0.9907719368739849,7.211102550927978,2.692507697951821,0.13007328072153326,96.21052909642458,breast lesion,0.8828125
bus_0923-r,,,,,,,329,285,[],0.8988108265849566,0.8162183649132105,0.8171928893605731,0.998541092559572,0.9842686880679483,0.9914048903137602,13.45362404707371,3.998026768417472,0.22191603177176203,96.89825517125428,breast lesion,0.9140625
bus_0924-l,,,,,,,347,277,[],0.9162491052254832,0.845442536327609,0.8464808691544639,0.9985512091831049,0.981353131526404,0.9899521703547545,9.436623724479027,4.1691006215992354,0.1796500612949961,96.37004300020635,breast lesion,0.86328125
bus_0924-r,,,,,,,347,286,[],0.9134789915966387,0.8407375324836035,0.8451299912924493,0.9938560561732007,0.9865268489059152,0.990191452539558,9.848857801796104,3.81279628549588,0.1759801053247513,97.0152779482305,breast lesion,0.8671875
bus_0925-l,,,,,,,355,278,[],0.6721290810538257,0.5061704955382571,0.5061704955382571,1.0,0.9729130217445638,0.9864565108722819,27.93731400330602,11.46071912277773,0.9756189047261815,94.96080013923347,breast lesion,0.86328125
bus_0925-r,,,,,,,355,288,[],0.7120418848167539,0.5528455284552846,0.5528455284552846,1.0,0.9739004886717014,0.9869502443358507,26.46505753601856,9.948170897920647,0.8088235294117647,96.21070884168148,breast lesion,0.8125
bus_0926-l,,,,,,,348,262,[],0.9774418448749749,0.9558789785950765,0.9648931242141486,0.9903212660463221,0.9828122468815811,0.9865667564639515,5.830951894845301,1.9069518599472202,0.02635332473001426,96.35601192712784,breast lesion,0.8984375
bus_0926-r,,,,,,,348,262,[],0.9627135553061479,0.9281077182014907,0.9880967618072444,0.9386018237082067,0.9958045743673027,0.9672031990377548,12.36931687685298,3.4575735356788693,-0.050091185410334346,94.59558292292058,breast lesion,0.83984375
bus_0927-l,,,,,,,358,265,[],0.9028321880418727,0.8228752048700538,0.8719761816151842,0.9359520639147803,0.9881868131868132,0.9620694385507967,9.848857801796104,4.132550560072297,0.0733688415446072,97.42438700050116,breast lesion,0.8828125
bus_0927-r,,,,,,,358,287,[],0.8766963939511438,0.7804625474628927,0.7851603194814215,0.9923920994879297,0.9806487264234551,0.9865204129556924,17.46424919657298,5.788968096557084,0.26393562545720556,97.43601805530488,breast lesion,0.84375
bus_0928-l,,,,,,,350,280,[],0.9408406850025947,0.8882900538951495,0.9462421711899791,0.935500515995872,0.9978113977306532,0.9666559568632627,6.853349484245804,1.728328093753668,-0.011351909184726523,97.18544105999172,breast lesion,0.7890625
bus_0928-r,,,,,,,350,284,[],0.9069086651053864,0.8296732726298875,0.8316778523489933,0.9971033150949469,0.9934886232644118,0.9952959691796793,5.0,2.697605522634441,0.19890569681364662,96.43198503181338,breast lesion,0.89453125
bus_0929-l,,,,,,,352,276,[],0.9409828872312418,0.888543608866791,0.9018082422203533,0.9837155963302753,0.9949672385550479,0.9893414174426616,3.605551275463989,1.650943309650262,0.0908256880733945,97.13420108892024,breast lesion,0.87890625
bus_0929-r,,,,,,,352,286,[],0.775968992248062,0.6339455351488283,0.6359593392630242,0.9950298210735586,0.9883843502939388,0.9917070856837487,23.73497444184691,5.870000259689179,0.5646123260437376,94.53136986121535,breast lesion,0.66015625
bus_0930-l,,,,,,,348,281,[],0.9750986376833172,0.9514072998002542,0.9698641294287512,0.9803899554657386,0.9885460199530021,0.9844679877093703,5.0990195135927845,2.0112812383696372,0.010852887242243928,97.98000892624259,breast lesion,0.93359375
bus_0930-r,,,,,,,348,285,[],0.9794686936760442,0.959763495354373,0.9647267675208397,0.9946681521566131,0.9876566551426103,0.9911624036496116,4.47213595499958,1.6419205732341802,0.03103612923762534,96.65415994822979,breast lesion,0.92578125
bus_0931-l,,,,,,,352,280,[],0.9790175265366576,0.9588974854932302,0.9926788060822226,0.9657271565106228,0.996438681398959,0.9810829189547909,5.0,1.918064817941274,-0.02715042308394716,94.36462703160942,breast lesion,0.9375
bus_0931-r,,,,,,,352,285,[],0.95769783377542,0.9188293613975559,0.9541913282863042,0.9612302060511939,0.974105600597563,0.9676679033243785,16.998528137423857,4.209214687034326,0.00737679913475138,97.21967205405235,breast lesion,0.921875
bus_0932-l,,,,,,,353,276,[],0.3308648335372529,0.1982253086419753,0.9171724384148519,0.2018384663733501,0.9972609208972846,0.5995496936353173,65.13063614200408,27.025383008077622,-0.779934003771213,96.4133539237082,breast lesion,0.55078125
bus_0932-r,,,,,,,353,284,[],0.4175217728722946,0.2638404533565824,0.9365570599613153,0.268641810918775,0.9982025427444103,0.6334221768315926,99.5192048502425,28.41363734040927,-0.7131602308033733,97.28859411552548,breast lesion,0.6171875
bus_0933-l,,,,,,,348,275,[],0.8306742151312404,0.710387323943662,0.9012731740004467,0.7703321878579611,0.9951139705069532,0.8827230791824572,14.302048464317688,5.131575321867384,-0.1452844597174494,96.61488817073405,breast lesion,0.7578125
bus_0933-r,,,,,,,348,284,[],0.9309780830879948,0.8708690330477357,0.8875259875259875,0.9789039211190094,0.9942733748981168,0.986588648008563,8.06225774829855,2.1130098001492716,0.10295803714744324,96.69654094614089,breast lesion,0.88671875
bus_0934-l,,,,,,,349,281,[],0.7057018665302992,0.5452390359541683,0.5463182897862233,0.9963898916967509,0.9881469529601589,0.9922684223284548,16.144651797721266,6.602165505825751,0.8238267148014441,96.22651897370815,breast lesion,0.6875
bus_0934-r,,,,,,,349,286,[],0.8233471074380165,0.6997366110623354,0.7090747330960854,0.9815270935960592,0.9933394439352277,0.9874332687656434,10.667131231461173,3.835515899354399,0.3842364532019704,96.40917298384011,breast lesion,0.69140625
bus_0935-l,,,,,,,347,276,[],0.9404883754934932,0.8876621584322385,0.95260663507109,0.9286745596303783,0.9982666912218744,0.9634706254261263,4.242640687119285,1.6966515660038501,-0.02512272596015016,96.44122514873743,breast lesion,0.86328125
bus_0935-r,,,,,,,347,287,[],0.9411648177496038,0.888868101028999,0.9597979797979798,0.9232413525068014,0.9978929089503722,0.9605671307285868,5.830951894845301,1.735626296922438,-0.038087835211815003,94.47557898238301,breast lesion,0.79296875
bus_0936-l,,,,,,,347,281,[],0.4545738370277865,0.29414141414141415,0.8718562874251496,0.30743243243243246,0.9922928246437532,0.6498626285380928,60.39660235400752,25.080012173610353,-0.6473817567567568,97.09686902351677,breast lesion,0.66015625
bus_0936-r,,,,,,,347,287,[],0.9355067328136074,0.8788282290279628,0.9543088490456911,0.9174311926605505,0.996579901509822,0.9570055470851863,8.294025275835955,2.476713451703357,-0.03864331387267167,96.40739299356937,breast lesion,0.8125
bus_0937-l,,,,,,,335,276,[],0.882251500310409,0.7893112811651444,0.8694765465669613,0.8954074488938673,0.975440032746623,0.9354237408202452,22.0,7.131582582642023,0.029823578829459536,96.78316209465265,breast lesion,0.80078125
bus_0937-r,,,,,,,335,286,[],0.7485838170501433,0.5981893372080027,0.9854538758976248,0.6035182679296346,0.9979762789148756,0.8007472734222552,39.966218299909414,15.738564110016862,-0.38757329724853407,96.94525599479675,breast lesion,0.65625
bus_0938-l,,,,,,,351,281,[],0.6870591172982083,0.5232978318752377,0.6711794121234297,0.7037084398976982,0.9703119666119743,0.8370102032548362,61.50590139682086,13.356834327021453,0.04846547314578005,96.06546605937183,breast lesion,0.7109375
bus_0938-r,,,,,,,351,286,[],0.626752859273993,0.4564020857473928,0.9186588921282799,0.47562264150943395,0.9970243491430338,0.7363234953262339,30.21173140258713,11.241410026003942,-0.48226415094339625,94.52669112943113,breast lesion,0.6328125
bus_0939-s,,,,,,,349,358,[],0.0,0.0,0.0,0.0,0.922865835965545,0.4614329179827725,101.27880729613489,56.66335169722001,1.1532052765563527,96.73277009278536,breast lesion,0.51953125
bus_0940-s,,,,,,,347,471,[],0.6661023226284324,0.49936538156433447,0.948756593820648,0.5132072395238871,0.9977508913746684,0.7554790654492778,66.69144732201988,17.145816303770285,-0.4590738627099299,98.45925006084144,breast lesion,0.79296875
bus_0941-l,,,,,,,348,264,[],0.8734295588534255,0.7752995524758193,0.9626277110593296,0.7993599761851604,0.9946834958883152,0.8970217360367378,22.93129369291627,7.534586839528524,-0.1696063109324998,97.77573496103287,breast lesion,0.703125
bus_0941-r,,,,,,,348,288,[],0.9356127364587005,0.8790153438569378,0.9172378045268674,0.9547389245249086,0.9827992770190201,0.9687691007719643,11.40175425099138,3.926723778189883,0.040884839038426955,95.29590792953968,breast lesion,0.7890625
bus_0942-l,,,,,,,346,276,[],0.9346983951300498,0.8774025974025974,0.8841388937358228,0.9913911171982,0.9926536482823477,0.9920223827402739,5.0,2.205898287421901,0.1213069849344551,95.68551694974303,breast lesion,0.84765625
bus_0942-r,,,,,,,346,285,[],0.9400258881058536,0.8868385345997286,0.9640117994100295,0.9172046028627561,0.9987164245057708,0.9579605136842635,6.570918069719421,1.7024205240047405,-0.048554588829637944,96.52651590295136,breast lesion,0.8515625
bus_0943-s,,,,,,,351,360,[],0.7856756171502816,0.6470063751058802,0.9979371518943821,0.6478728628186242,0.9997114246962745,0.8237921437574494,52.4761836154414,16.22847092392915,-0.35078791125396186,97.05199813470244,breast lesion,0.71875
bus_0944-l,,,,,,,352,283,[],0.8359477124183007,0.7181358787198203,0.9682059046177138,0.7354801610120759,0.9991262560069899,0.8673032085095329,12.02287701833576,3.922439830973184,-0.24036802760207016,96.46839508786798,breast lesion,0.7890625
bus_0944-r,,,,,,,352,286,[],0.8486612339930152,0.737108190091001,0.9274809160305344,0.7821888412017167,0.9988462472674278,0.8905175442345723,15.90483493925201,3.3252673784129785,-0.15665236051502146,96.94112581200898,breast lesion,0.625
bus_0945-l,,,,,,,353,277,[],0.9310160329145218,0.8709354504659993,0.9550685138920433,0.9081452686894864,0.9830423726392182,0.9455938206643524,19.243166447087,5.572182281588173,-0.0491307634164777,97.21755189821124,breast lesion,0.89453125
bus_0945-r,,,,,,,353,287,[],0.9366775209235986,0.8808969427009516,0.9557886643233744,0.9183156561659015,0.9902258377853327,0.9542707469756171,11.661903789690601,4.184406666026366,-0.03920637433380824,97.13708097115159,breast lesion,0.81640625
bus_0946-s,,,,,,,348,359,[],0.0,0.0,0.0,0.0,0.9809648834919593,0.49048244174597966,220.45997331054994,122.35185576172066,-0.9670094071319186,95.96192301250994,breast lesion,0.64453125
bus_0947-l,,,,,,,344,279,[],0.9111956341987762,0.8368772782503038,0.8804729945669543,0.9441398217957505,0.9959810010960906,0.9700604114459206,8.0,2.456053993646077,0.07230980123372173,94.38406699337065,breast lesion,0.72265625
bus_0947-r,,,,,,,344,287,[],0.8349031920460492,0.7165955535593982,0.739513325608343,0.9585461099429258,0.9882179058480697,0.9733820078954978,10.63014581273465,4.592207843430503,0.29618504055271855,97.17830107547343,breast lesion,0.77734375
bus_0948-l,,,,,,,347,276,[],0.9258328095537398,0.8619075482738443,0.944735435595938,0.9076717674848516,0.9939908176904748,0.9508312925876632,12.0,3.665668885614355,-0.039231796241142036,97.02551807276905,breast lesion,0.80078125
bus_0948-r,,,,,,,347,286,[],0.9393797237425072,0.8856890112050324,0.9325261306012625,0.9463348036126864,0.9927329469460544,0.9695338752793704,7.280109889280518,2.6748835500024017,0.014807813484562067,96.27138101495802,breast lesion,0.71875
bus_0949-l,,,,,,,354,275,[],0.6913702566134945,0.5283161720169595,0.9939227043965435,0.5300283573020053,0.9991752789876549,0.7646018181448301,62.94282831921442,20.818385033589962,-0.46673080818310714,97.18841104768217,breast lesion,0.75390625
bus_0949-r,,,,,,,354,287,[],0.7869473684210526,0.6487330787920861,0.9825637430999737,0.6562884063908234,0.9976452769461963,0.8269668416685099,32.0,11.40769252983412,-0.3320653128109089,96.31705121137202,breast lesion,0.70703125
bus_0950-l,,,,,,,347,265,[],0.9662933333333333,0.934784851924466,0.9762905485504904,0.9564987857670785,0.9896131692423908,0.9730559775047347,7.761630533395968,2.8331006451134555,-0.020272410516312955,96.80457296781242,breast lesion,0.89453125
bus_0950-r,,,,,,,347,261,[],0.9406025600999064,0.8878656155603035,0.9803538743136059,0.9039492930277914,0.9924417876815222,0.9481955403546568,26.528184774601677,6.922793867525124,-0.07793571616097214,96.36356215924025,breast lesion,0.828125
bus_0951-l,,,,,,,357,269,[],0.9251129083079509,0.8606605432870823,0.8962148962148963,0.9559366181897113,0.9944217181108219,0.9751791681502666,9.022154055254965,2.367023106051615,0.06663772520078141,96.8725741840899,breast lesion,0.81640625
bus_0951-r,,,,,,,357,285,[],0.9294998898435779,0.8682856554846676,0.9135989605889996,0.9459641255605381,0.9958986483013825,0.9709313869309604,6.028966885604374,2.3066273342763965,0.03542600896860987,97.33655489981174,breast lesion,0.84375
bus_0952-l,,,,,,,352,268,[],0.9416139570445541,0.8896696657253563,0.9803878998407873,0.9057903182669163,0.996586041824137,0.9511881800455266,8.06225774829855,2.869997077910004,-0.07608986359989302,96.62289801053703,breast lesion,0.78125
bus_0952-r,,,,,,,352,289,[],0.9327265532251682,0.8739340007415647,0.9593650362933315,0.9075274337418983,0.9930466074641593,0.9502870206030287,11.0,3.317342757419659,-0.05403324135275621,97.17433201149106,breast lesion,0.8125
bus_0953-l,,,,,,,347,266,[],0.0,0.0,0.0,0.0,0.9463896540661334,0.4731948270330667,91.94407052987293,65.26041222763808,1.538501833420639,96.53640678152442,breast lesion,0.8984375
bus_0953-r,,,,,,,347,286,[],0.621539628365567,0.4508940852819807,0.4731524249422633,0.905524861878453,0.9812689876016093,0.9433969247400311,32.5722272619244,9.37063151090657,0.9138121546961326,96.6469501145184,breast lesion,0.61328125
bus_0954-l,,,,,,,344,274,[],0.9003337041156841,0.8187335626137973,0.8391912908242612,0.9710857828434313,0.9819485341185508,0.9765171584809911,12.529964086141668,4.727670768124548,0.15716856628674264,97.18128107488155,breast lesion,0.890625
bus_0954-r,,,,,,,344,289,[],0.9636829415310428,0.9299112985313364,0.9408562601147565,0.9876447876447877,0.995674675331662,0.9916597314882248,4.242640687119285,1.5440326819000199,0.04972972972972973,96.44525498151779,breast lesion,0.94140625
bus_0955-l,,,,,,,345,272,[],0.9106534781903681,0.8359630842512653,0.924292297564187,0.8974113135186961,0.9918297751412029,0.9446205443299495,18.384776310850235,4.635679698016157,-0.029082774049217,96.59189800731838,breast lesion,0.73046875
bus_0955-r,,,,,,,345,287,[],0.9009562841530054,0.819763828464885,0.8492145248519186,0.959412278149549,0.9872912167221976,0.9733517474358733,9.0,3.9772574017084747,0.1297643293569974,96.54360613785684,breast lesion,0.83984375
bus_0956-l,,,,,,,349,275,[],0.0990990990990991,0.052132701421800945,1.0,0.052132701421800945,1.0,0.5260663507109005,66.37017402418047,34.07449501698664,-0.9478672985781991,96.89255501143634,breast lesion,0.58984375
bus_0956-r,,,,,,,349,287,[],0.8132149564623528,0.685225147460797,0.976825266611977,0.6965486984498391,0.9987891776051433,0.8476689380274912,17.804493814764857,5.9796975838070985,-0.2869260017548991,97.11016900837421,breast lesion,0.439453125
bus_0957-s,,,,,,,354,272,[],0.7919609821728893,0.6555756647640262,0.9699279093717816,0.6691772061958221,0.9983641639869582,0.8337706850913902,22.811179073648123,6.3366154910085655,-0.31007531618587464,96.28738113678992,breast lesion,0.81640625
bus_0958-l,,,,,,,352,264,[],0.9616592298793588,0.9261499283781633,0.933579335793358,0.9914806611006985,0.9835105747401123,0.9874956179204054,7.788675208225167,2.1061767725208957,0.0620207871869143,96.46108513697982,breast lesion,0.9453125
bus_0958-r,,,,,,,352,261,[],0.9694119715214907,0.9406396588486141,0.9607979789180242,0.9781818181818182,0.9944166656327159,0.986299241907267,4.47213595499958,1.4903834382886694,0.018093126385809313,97.25289396010339,breast lesion,0.94140625
bus_0959-s,,,,,,,355,367,[],0.02109140048489024,0.01065809734217045,1.0,0.01065809734217045,1.0,0.5053290486710852,222.29798482994082,137.79228335771356,-0.9893419026578295,94.7808159980923,breast lesion,0.7734375
bus_0960-l,,,,,,,350,276,[],0.9176984705025492,0.847913862718708,0.8993576017130621,0.9368029739776952,0.9969971249068257,0.9669000494422604,6.324555320336759,2.1925514343640664,0.041635687732342004,97.58791094645858,breast lesion,0.73828125
bus_0960-r,,,,,,,350,285,[],0.8278173439463762,0.7062187276626162,0.9036585365853659,0.7637206905436743,0.9967038354421137,0.880212262992894,17.029386365926403,5.209705387750546,-0.15485699561968566,96.60169808194041,breast lesion,0.671875
bus_0961-l,,,,,,,346,279,[],0.876425855513308,0.7800338409475466,0.8865384615384615,0.8665413533834586,0.9907280605257841,0.9286347069546214,15.247924293990451,4.34989608519157,-0.022556390977443608,95.30877810902894,breast lesion,0.58984375
bus_0961-r,,,,,,,346,286,[],0.804240704793191,0.6725774225774226,0.6817721518987342,0.9803421914816163,0.9731013674006548,0.9767217794411356,22.763333076883566,7.432806853359411,0.4379322897706589,97.01885702088475,breast lesion,0.65234375
bus_0962-l,,,,,,,348,279,[],0.9019715224534501,0.8214463840399002,0.9249921996879875,0.88006887134121,0.9850216202071054,0.9325452457741576,18.2001565307777,5.164189966498379,-0.04856616992222288,97.91566897183657,breast lesion,0.73046875
bus_0962-r,,,,,,,348,284,[],0.6387405340773217,0.4692276160918194,0.6473582161900145,0.6303492762743864,0.9493149094287041,0.7898320928515452,38.73999265923212,17.926818527400922,-0.026274386406544996,97.91511809453368,breast lesion,0.703125
bus_0963-l,,,,,,,348,279,[],0.48751210067763795,0.3223246287762417,1.0,0.3223246287762417,1.0,0.6611623143881209,55.00909015790027,25.0224572615425,-0.6776753712237583,97.99640998244286,breast lesion,0.56640625
bus_0963-r,,,,,,,348,285,[],0.4452108670660132,0.2863480697384807,0.9921790722761596,0.2869958655121304,0.9996642002755873,0.6433300328938589,71.57598117706446,28.285487970584665,-0.7107418675403697,99.03348400257528,breast lesion,0.73828125
bus_0964-l,,,,,,,347,274,[],0.12206755572860897,0.0650010366991499,0.4507548526240115,0.07059220896194551,0.9911364796510279,0.5308643443064867,97.22548726603803,42.025532658687574,-0.8433911281242963,96.10056690871716,breast lesion,0.6953125
bus_0964-r,,,,,,,347,285,[],0.0,0.0,0.0,0.0,0.9933196529342225,0.49665982646711127,168.22127857924224,94.81361695544845,-0.9350958933795644,95.42414103634655,breast lesion,0.56640625
bus_0965-l,,,,,,,351,281,[],0.8556745182012848,0.7477544910179641,0.8970368153247531,0.8179585152838428,0.9963776890920004,0.9071681021879217,9.992442890089803,3.7258236096026107,-0.08815502183406114,95.23809817619622,breast lesion,0.76953125
bus_0965-r,,,,,,,351,287,[],0.7828541188922209,0.6431884057971015,0.9374735952682721,0.6720169594185342,0.996855512944451,0.8344362361814925,22.02271554554524,7.458104336217568,-0.2831617201695942,95.656116027385,breast lesion,0.6640625
bus_0966-l,,,,,,,349,281,[],0.5233587786259541,0.3544251447477254,0.9609777977124916,0.35960053709298423,0.9979803373068843,0.6787904371999343,75.80863575588509,19.32621440255061,-0.6257972473984559,95.51926306448877,breast lesion,0.640625
bus_0966-r,,,,,,,349,287,[],0.7227843357691587,0.5659062568766963,0.9810528992878942,0.5721595965588846,0.9982810138557205,0.7852203052073026,45.729693324590244,15.550527179627588,-0.41679026994956986,94.580631935969,breast lesion,0.64453125
bus_0967-l,,,,,,,345,276,[],0.013165628306100859,0.0066264347414507156,0.03800475059382423,0.007961896637520437,0.9650659864700011,0.48651394155376076,122.96607361275527,61.4002856856012,-0.7905025947252434,95.49938281998038,breast lesion,0.6875
bus_0967-r,,,,,,,345,285,[],0.04025929716820198,0.02054317548746518,0.0927916120576671,0.025706194176167308,0.9590675781157604,0.4923868861459638,151.1593529974411,60.22705613663641,-0.7229685571127732,96.2857308331877,breast lesion,0.55078125
bus_0968-l,,,,,,,347,281,[],0.8926628194558944,0.8061346039309113,0.906412188180144,0.8793243462725353,0.9938806787082649,0.9366025124904,10.0448880590088,3.9263134548751553,-0.029884684099399057,96.64431912824512,breast lesion,0.671875
bus_0968-r,,,,,,,347,287,[],0.924415854696812,0.8594547053649956,0.9324427480916031,0.9165259801163009,0.9962443506121497,0.9563851653642252,8.94427190999916,2.6176191243330207,-0.017069968111048585,97.98676986247301,breast lesion,0.76953125
bus_0969-l,,,,,,,346,275,[],0.6942187137218482,0.5316500711237553,0.9960026648900733,0.5327868852459017,0.9997140337916736,0.7662504595187876,38.899871125380244,10.146116838726826,-0.46507483962936563,96.64724883623421,breast lesion,0.85546875
bus_0969-r,,,,,,,346,286,[],0.9579085827030582,0.9192174187440834,0.9994853319608852,0.9196527229676401,0.9999676099372713,0.9598101664524556,3.1622776601683795,1.7492319953178175,-0.07987371744277821,96.81642311625183,breast lesion,0.93359375
bus_0970-s,,,,,,,347,536,[],0.9557380332465452,0.9152282316839279,0.9961287384241688,0.9184951881014873,0.9984166653730926,0.95845592673729,13.892443989449804,4.7323790525338465,-0.07793525809273841,97.41621604189277,breast lesion,0.94921875
bus_0971-l,,,,,,,362,279,[],0.7962085308056872,0.6614173228346457,0.6640316205533597,0.9940828402366864,0.9957564925663734,0.9949196664015298,5.873213921133976,2.8487332151290645,0.4970414201183432,95.99657403305173,breast lesion,0.79296875
bus_0971-r,,,,,,,362,289,[],0.0,0.0,0.0,0.0,0.954267617700001,0.4771338088500005,102.88399066470859,51.68711133476946,5.4993160054719565,95.02059197984636,breast lesion,0.69921875
bus_0972-s,,,,,,,348,314,[],0.9579954252443336,0.9193773697864698,0.9297679112008073,0.9879905640145829,0.9930362395693675,0.9905134017919752,5.385164807134504,1.9405218246366223,0.06262063049538924,95.5348729621619,breast lesion,0.91015625
bus_0973-l,,,,,,,359,275,[],0.8385954558866923,0.7220528455284553,0.9572246547659145,0.7461275925439748,0.9986619747987694,0.8723947836713721,27.140850255372893,4.876074008186364,-0.22053032291940142,95.98511410877109,breast lesion,0.80859375
bus_0973-r,,,,,,,359,288,[],0.9095937034673474,0.8341786968396411,0.9485359361135759,0.8737229260318757,0.9988508593788696,0.9362868927053727,4.242640687119285,2.086480162471498,-0.07887208827135268,96.16392781026661,breast lesion,0.75
bus_0974-l,,,,,,,359,278,[],0.9559065482066469,0.9155373463599118,0.9596960687148992,0.9521468371025893,0.9987390311211254,0.9754429341118573,2.23606797749979,1.0222736189970647,-0.007866273352999017,94.49469996616244,breast lesion,0.6953125
bus_0974-r,,,,,,,359,287,[],0.9065681772808943,0.8291035238269125,0.9505966087502616,0.866437702728487,0.9975867146596858,0.9320122086940864,8.54400374531753,2.7741844188321205,-0.08853272276283151,95.71823780424893,breast lesion,0.65625
bus_0975-l,,,,,,,352,274,[],0.9250991028583351,0.8606366459627329,0.9618221258134491,0.8910771704180064,0.9980759139408781,0.9445765421794423,8.06225774829855,2.355685379249549,-0.07355305466237942,95.04410205408931,breast lesion,0.68359375
bus_0975-r,,,,,,,352,285,[],0.9298646510810336,0.8689224704336399,0.8926763415457307,0.9702861335289802,0.9967416029673956,0.9835138682481879,6.078624403783308,1.8589290353290049,0.08694057226705797,96.35800286196172,breast lesion,0.73828125
bus_0976-l,,,,,,,353,245,[],0.9791449426485923,0.9591419816138917,0.9639172612020735,0.9948614716321449,0.9896018222695538,0.9922316469508494,4.47213595499958,1.3487726204681976,0.03210255866928008,94.38143717125058,breast lesion,0.91796875
bus_0976-r,,,,,,,353,240,[],0.9599333251018645,0.9229536415979106,0.9919617224880383,0.9299084982955564,0.9981470315739938,0.964027764934775,5.830951894845301,2.4856309221951487,-0.06255606722085999,96.03422484360635,breast lesion,0.875
bus_0977-l,,,,,,,349,276,[],0.9470799072317099,0.8994793752503003,0.9168594366580487,0.979360465116279,0.9931689101560753,0.9862646876361771,9.219544457292887,2.1478995243293673,0.06816860465116278,96.62015899084508,breast lesion,0.8125
bus_0977-r,,,,,,,349,286,[],0.906376764562713,0.8287833827893175,0.9438999662047989,0.8717228464419475,0.9964456244780849,0.9340842354600163,15.64911064067348,3.8578704186953563,-0.07646691635455681,98.46840100362897,breast lesion,0.74609375
bus_0978-l,,,,,,,353,275,[],0.9136562249984614,0.8410378427373669,0.9881522896698616,0.8496051276181755,0.9989925060562839,0.9242988168372297,11.307040068410462,3.909645289123312,-0.14020830948838273,97.18158096075058,breast lesion,0.8125
bus_0978-r,,,,,,,353,287,[],0.8333104301223031,0.7142520612485277,0.9258015267175572,0.7576211894052973,0.9947913875700644,0.8762062884876809,34.33288180047121,7.380378777569606,-0.1816591704147926,98.29356684349477,breast lesion,0.765625
bus_0979-l,,,,,,,349,280,[],0.8207299270072993,0.6959643476107947,0.9936373276776246,0.6990798308878389,0.9998078954951494,0.8494438631914941,10.592177951969822,4.940275421190874,-0.29644367072867445,96.90516511909664,breast lesion,0.71484375
bus_0979-r,,,,,,,349,284,[],0.8846308186195827,0.7931282604785034,0.9839321580004463,0.8035356296701294,0.9992310074869966,0.9013833185785629,9.848857801796104,3.745572837322416,-0.18334244578093675,96.50197601877153,breast lesion,0.81640625
bus_0980-l,,,,,,,350,278,[],0.5640037636094807,0.3927613104524181,0.9998411437648927,0.39278582126809786,0.9999693495984797,0.6963775854332888,60.16269542432344,29.116420998056004,-0.6071517723414878,95.81694914959371,breast lesion,0.5859375
bus_0980-r,,,,,,,350,284,[],0.911980782704434,0.8382028260229615,0.9882000780877186,0.8466770740410348,0.9962480688589715,0.9214625714500031,17.4928556845359,6.660979798035437,-0.14321290514421647,95.54841392673552,breast lesion,0.84375
bus_0981-l,,,,,,,363,281,[],0.8080940482529799,0.6779847412193278,0.8668600052728711,0.7567899340187203,0.9829715968483405,0.8698807654335303,44.553338819890925,13.59081644284879,-0.1269756022709836,95.73688800446689,breast lesion,0.490234375
bus_0981-r,,,,,,,363,283,[],0.0016531658125309968,0.0008272667107875579,0.0040474905558553695,0.0010387092306626965,0.9581936389996375,0.4796161741151501,106.66744189351597,44.356332697826545,-0.7433695727442697,95.55166494101286,breast lesion,0.478515625
bus_0982-l,,,,,,,357,279,[],0.9089192093523072,0.8330448277920373,0.9916157453460281,0.8389540126239856,0.9985777649214155,0.9187658887727006,24.00831891575845,6.104921854588322,-0.15395250976856026,95.99366481415927,breast lesion,0.8828125
bus_0982-r,,,,,,,357,283,[],0.9025431770734484,0.8223951578037181,0.9898012280154023,0.8294235632685096,0.9989058103702381,0.9141646868193738,25.972828152792808,5.453481941223124,-0.16203017354146682,94.20203417539597,breast lesion,0.83984375
bus_0983-l,,,,,,,354,282,[],0.8320766847857852,0.7124411970773696,0.9928860371041986,0.7160965794768611,0.9994326272694909,0.8577646033731761,20.0385389032671,6.699641956970769,-0.2787726358148893,96.47142607718706,breast lesion,0.66796875
bus_0983-r,,,,,,,354,290,[],0.8635748554557756,0.7599047412859926,0.9473684210526315,0.7933996383363472,0.9980149843234659,0.8957073113299066,10.0,3.5160003425757838,-0.16252260397830018,96.93461586721241,breast lesion,0.73828125
bus_0984-l,,,,,,,352,276,[],0.900004387696898,0.8181890706023135,0.8278311405278876,0.9859642376466065,0.9754121037463976,0.980688170696502,19.0,5.686495808708647,0.1910209575081715,97.3067651502788,breast lesion,0.8359375
bus_0984-r,,,,,,,352,285,[],0.907859386233776,0.8312660245305246,0.978386754750836,0.8468163207680361,0.9969241126355132,0.9218702167017747,12.672754066878815,4.692528466154778,-0.13447691656077934,96.91082499921322,breast lesion,0.5859375
bus_0985-l,,,,,,,352,278,[],0.8917171302473571,0.8045934432302279,0.9906499429874572,0.8107502799552072,0.9995567471729119,0.9051535135640596,14.0,3.6051429921503004,-0.18159761104889885,98.7954291049391,breast lesion,0.85546875
bus_0985-r,,,,,,,352,286,[],0.8493449781659389,0.7381404174573055,0.9798488664987406,0.7495183044315993,0.9988927335640139,0.8742055189978066,13.989244398944978,4.896314904423936,-0.2350674373795761,98.27405703254044,breast lesion,0.68359375
bus_0986-l,,,,,,,345,278,[],0.8663429593662152,0.7642019837691614,0.9886264216972879,0.7709802137821242,0.9980082224662291,0.8844942181241766,24.40475061042073,8.221358662049877,-0.22015010234250626,97.80945582315326,breast lesion,0.890625
bus_0986-r,,,,,,,345,285,[],0.8140706427330631,0.6864410917435672,0.946415348367553,0.7141986283972568,0.9898779247202442,0.8520382765587504,37.0519894482651,12.029730874730856,-0.24536449072898145,95.66253586672246,breast lesion,0.80078125
bus_0987-l,,,,,,,350,275,[],0.8954289292423294,0.8106575963718821,0.9572901325478645,0.8410775202917303,0.9963646309359651,0.9187210756138477,15.063500532000932,4.528774079624969,-0.12139748264910011,94.90954992361367,breast lesion,0.8203125
bus_0987-r,,,,,,,350,284,[],0.8817242607766299,0.7884676648614208,0.9627852697095436,0.8132530120481928,0.9968206491636202,0.9050368306059065,12.0,5.426016638114778,-0.15531215772179627,95.55560303851962,breast lesion,0.78125
bus_0988-s,,,,,,,350,287,[],0.8127140493323585,0.6845141634796137,0.9869158878504672,0.6907830182508014,0.9983560936087268,0.8445695559297641,27.426185973976036,8.877812752898839,-0.30005887355269184,95.61418578960001,breast lesion,0.75390625
bus_0989-l,,,,,,,346,276,[],0.9039517386294313,0.8247371675943105,0.9606684915718197,0.8535586277521762,0.9968865471465718,0.925222587449374,12.751419985410203,4.057035041297208,-0.11149513568868408,96.16021811962128,breast lesion,0.859375
bus_0989-r,,,,,,,346,286,[],0.9239306984298863,0.8586163522012579,0.8958005249343832,0.9538848518725545,0.9958376145442345,0.9748612332083945,5.385164807134504,2.2403808116416815,0.06484069312465064,94.49475910514593,breast lesion,0.8125
bus_0990-l,,,,,,,352,540,[],0.9324621534411071,0.8734698787933471,0.9736162794595863,0.8946460476865258,0.9950069154538187,0.9448264815701722,22.00898785380988,5.213994788379203,-0.08111022118168935,97.13310096412897,breast lesion,0.84765625
bus_0990-r,,,,,,,352,534,[],0.9446119663545469,0.8950375939849624,0.9343799058084772,0.9550706033376123,0.9882381631274856,0.9716543832325489,10.770329614269007,3.8414901345765577,0.022143774069319642,97.64567320235074,breast lesion,0.890625
bus_0991-s,,,,,,,339,375,[],0.9202914934692245,0.8523518041237114,0.9940261496844004,0.8567403905313947,0.9983479489630522,0.9275441697472235,34.08076981182257,5.858498754421612,-0.13811081247368934,98.5768239479512,breast lesion,0.921875
bus_0992-l,,,,,,,350,279,[],0.9435181325552313,0.8930755573091339,0.9903740975716473,0.9008955223880597,0.9995249662618083,0.9502102443249341,3.664718584144382,1.5435530596943856,-0.09034825870646766,96.19219903834164,breast lesion,0.84765625
bus_0992-r,,,,,,,350,286,[],0.9446448173122157,0.8950965824665676,0.9788755281117972,0.9127272727272727,0.9993285123966942,0.9560278925619834,3.605551275463989,1.500419586063196,-0.06757575757575758,94.68081407248974,breast lesion,0.83203125
bus_0993-l,,,,,,,303,275,[],0.8079521031624194,0.6777849323889247,0.7197757111597374,0.9207487753673897,0.9735984228633278,0.9471735991153587,51.585895811331966,8.543054634822118,0.27921623512946114,95.7151879556477,breast lesion,0.640625
bus_0993-r,,,,,,,303,275,[],0.3446915351506456,0.20823401950162512,0.8736363636363637,0.21470062555853442,0.9982371368057934,0.6064688811821639,70.0157117356677,22.576166795240045,-0.7542448614834674,96.12777805887163,breast lesion,0.5625
bus_0994-l,,,,,,,309,275,[],0.6850477200424178,0.5209677419354839,0.5227947127056919,0.9933367503844183,0.9786929080747736,0.9860148292295959,21.17056274847713,9.350464529688544,0.9000512557662738,97.01579809188843,breast lesion,0.55078125
bus_0994-r,,,,,,,309,275,[],0.4995833333333333,0.33296306581505136,0.3341694537346711,0.9892739273927392,0.9714790539975884,0.9803764906951637,45.64800630154336,14.799253131195847,1.9603960396039604,94.47383903898299,breast lesion,0.69921875
bus_0995-l,,,,,,,306,275,[],0.9636868525045391,0.9299185818818922,0.9538054968287526,0.9737750917332182,0.9941643074622082,0.9839696995977132,9.03600033978932,2.1072736813320034,0.020936758040146775,95.35642899572849,breast lesion,0.66015625
bus_0995-r,,,,,,,306,276,[],0.0,0.0,0.0,0.0,0.9784702549575071,0.48923512747875353,141.93554764271605,63.15794302360363,-0.8091344469104077,96.18753916583955,breast lesion,0.546875
bus_0996-l,,,,,,,303,275,[],0.8606307222787386,0.7553571428571428,0.9025110782865583,0.8224648519294048,0.9922493769490729,0.9073571144392388,25.52069118973162,5.8270572896965245,-0.08869279090637153,97.2347529605031,breast lesion,0.80078125
bus_0996-r,,,,,,,303,276,[],0.9300326355169943,0.8692158904924863,0.9826745164003364,0.8827440314294349,0.9986625113621608,0.9407032713957979,12.643153312946918,2.8031214781782716,-0.10169235418555454,96.66800987906754,breast lesion,0.8515625
bus_0997-l,,,,,,,303,275,[],0.21874414245548265,0.12280332526570557,0.12354435739995766,0.9534313725490197,0.8991607897589554,0.9262960811539875,106.15053330295667,47.41342940917717,6.717320261437909,96.43263509497046,breast lesion,0.59765625
bus_0997-r,,,,,,,303,276,[],0.8915229885057471,0.8042773817239145,0.8345662407531943,0.9568234387047032,0.9970120610705566,0.9769177498876299,7.280109889280518,2.0951167767264494,0.14649190439475712,97.14633086696267,breast lesion,0.8046875
bus_0998-s,,,,,,,305,462,[],0.965901702839911,0.9340521162180963,0.9823579065841306,0.9499877554352263,0.9939803569542718,0.971984056194749,7.810249675906654,2.719339393506311,-0.03295148431335202,97.50846796669066,breast lesion,0.921875
bus_0999-l,,,,,,,304,275,[],0.28941192248373904,0.16918855350842807,0.16960075447972336,0.9858382823206944,0.8702140988318532,0.9280261905762738,103.58426515700307,33.34480240692783,4.812699862951119,97.8992881719023,breast lesion,0.5546875
bus_0999-r,,,,,,,304,276,[],0.4170643252529109,0.26347522006511515,0.26829567779960706,0.9361610968294773,0.9269461811940665,0.9315536390117719,106.0,28.62846970120012,2.4892887746358183,95.96646297723055,breast lesion,0.74609375
bus_1000-l,,,,,,,302,276,[],0.9402499571991098,0.887237479806139,0.9744499645138396,0.9083691696989745,0.999103686090951,0.9537364278949627,5.0,1.3438286467897584,-0.06781343036718492,95.19498609006405,breast lesion,0.89453125
bus_1000-r,,,,,,,302,276,[],0.8057652711050103,0.674712643678161,0.7010350318471338,0.9472834857450242,0.9907844845569558,0.9690339851509899,23.085329740442077,4.5729804242655145,0.35126412049488975,96.97385597974062,breast lesion,0.85546875
bus_1001-l,,,,,,,303,276,[],0.9043862417166298,0.8254608294930875,0.9585284280936455,0.8560334528076463,0.9992434780486614,0.9276384654281539,5.0,1.712166142902158,-0.10692951015531661,95.79759906046093,breast lesion,0.75
bus_1001-r,,,,,,,303,276,[],0.9298611111111111,0.8689162881245944,0.920907840440165,0.9389901823281908,0.9986010072747622,0.9687955948014765,3.605551275463989,1.1903318467793986,0.019635343618513323,95.54117312654853,breast lesion,0.73828125
bus_1002-l,,,,,,,303,276,[],0.43843145544868406,0.2807635034520103,0.3012345679012346,0.8051242236024845,0.9406430439717712,0.8728836337871279,68.17917490151791,19.978366695185674,1.672748447204969,95.41188087314367,breast lesion,0.74609375
bus_1002-r,,,,,,,303,276,[],0.9270032930845225,0.8639386189258312,0.8861490031479539,0.9718066743383199,0.9945852879528895,0.9831959811456047,5.385164807134504,1.8923724598675598,0.09666283084004602,96.67335008271039,breast lesion,0.73828125
bus_1003-l,,,,,,,305,276,[],0.0,0.0,0.0,0.0,0.99388557286359,0.496942786431795,130.1274179678529,95.01814535750118,-0.7123287671232876,96.06712590903044,breast lesion,0.703125
bus_1003-r,,,,,,,305,276,[],0.5987645020340515,0.42731182795698924,0.4531356898517674,0.8823268206039077,0.9707303974221267,0.9265286090130171,39.629818402699726,11.79688352556829,0.9471580817051509,95.4208211041987,breast lesion,0.6328125
bus_1004-l,,,,,,,304,276,[],0.9413022351797862,0.8891132733614834,0.9783838383838384,0.9069288389513108,0.9986380530522886,0.9527834460017996,5.91547594742265,2.057444105115488,-0.07303370786516854,95.87940201163292,breast lesion,0.90234375
bus_1004-r,,,,,,,304,276,[],0.9045101602511152,0.8256673201628714,0.985066570708888,0.8361331704337203,0.9989270386266095,0.9175301045301649,14.26511543141272,3.792007819169943,-0.15119120342089187,97.44567796587944,breast lesion,0.8671875
bus_1005-s,,,,,,,304,550,[],0.9242337928677224,0.8591400127091718,0.9501054111033029,0.8997338065661047,0.9986907776657734,0.949212292115939,6.082762530298219,2.2915790960357314,-0.053016858917480036,96.49390494450927,breast lesion,0.8984375
bus_1006-l,,,,,,,304,276,[],0.7870521913075105,0.6488755622188905,0.9834128607134742,0.6560557829316356,0.9990557129367328,0.8275557479341842,22.146092574678033,8.00408042655004,-0.3328785811732606,95.00802122056484,breast lesion,0.703125
bus_1006-r,,,,,,,304,276,[],0.882554814108675,0.7897969629756014,0.8442458508115995,0.9245056920311564,0.9891757608020584,0.9568407264166074,14.0,4.496215389502904,0.0950669063311364,96.57415701076388,breast lesion,0.8515625
bus_1007-l,,,,,,,304,275,[],0.813,0.6849199663016007,0.6901528013582343,0.9890510948905109,0.9910927814925081,0.9900719381915095,19.404465805136947,4.439324469198463,0.43309002433090027,94.91755999624729,breast lesion,0.79296875
bus_1007-r,,,,,,,304,276,[],0.7659422871392946,0.6206697459584296,0.6213872832369942,0.9981429897864438,0.9920919506924071,0.9951174702394254,25.495097567963924,5.877456282015186,0.606313834726091,96.45277494564652,breast lesion,0.7578125
bus_1008-l,,,,,,,304,276,[],0.9499072356215214,0.9045936395759717,0.9164677804295943,0.9858793324775353,0.9991578947368421,0.9925186136071887,2.0,0.6827230536220097,0.07573812580231065,94.78709707036614,breast lesion,0.828125
bus_1008-r,,,,,,,304,276,[],0.9090909090909091,0.8333333333333334,0.8346972176759411,0.9980430528375733,0.9987888671711055,0.9984159600043394,3.0,1.1558010407412371,0.19569471624266144,95.96540406346321,breast lesion,0.796875
bus_1009-l,,,,,,,305,276,[],0.8524963038780848,0.7429137760158573,0.9845022327291831,0.7517047733654232,0.999254994065207,0.875479883715315,14.156242579695135,4.078861056534703,-0.2364620938628159,95.42151098139584,breast lesion,0.7421875
bus_1009-r,,,,,,,305,276,[],0.888978521730362,0.800145216917771,0.9632867132867133,0.8253136116832054,0.997869074950215,0.9115913433167102,14.692153844992704,3.797031274283165,-0.14323160456843287,96.09044599346817,breast lesion,0.82421875
bus_1010-l,,,,,,,304,276,[],0.6647775573816945,0.49787775891341257,0.5385674931129476,0.8682457438934122,0.9878260026891815,0.9280358732912969,25.043944167023724,7.148814353428163,0.612139156180607,94.77484598755836,breast lesion,0.6015625
bus_1010-r,,,,,,,304,276,[],0.6199709800817834,0.4492448862550182,0.4573764110548852,0.9619320507572656,0.9657750334515903,0.963853542104428,36.905237234429954,11.422321250834342,1.1031518624641834,95.55591410025954,breast lesion,0.56640625
bus_1011-l,,,,,,,302,462,[],0.7957318466389435,0.6607596858042728,0.9106741279221798,0.706553053357679,0.9851321825572994,0.8458426179574892,41.9224854078722,15.55087948976543,-0.22414282815987016,95.45493102632463,breast lesion,0.734375
bus_1011-r,,,,,,,302,462,[],0.9597014925373134,0.9225251076040172,0.9502888620180034,0.9693024530629025,0.9940766829424478,0.9816895680026752,8.0,2.4845077730346423,0.020008222557215294,95.72022804059088,breast lesion,0.84375
bus_1012-l,,,,,,,306,276,[],0.9725877192982456,0.9466382070437567,0.973655323819978,0.9715224534501643,0.9991189103858438,0.985320681918004,1.4142135623730951,0.7116532613001372,-0.002190580503833516,96.37925308197737,breast lesion,0.921875
bus_1012-r,,,,,,,306,276,[],0.9451563300871348,0.8960155490767736,0.9110671936758893,0.9818956336528222,0.9978202426796483,0.9898579381662352,3.1622776601683795,1.2172172069769005,0.0777422790202343,97.59577107615769,breast lesion,0.88671875
bus_1013-l,,,,,,,304,276,[],0.13191179392093239,0.07061325771003191,0.927806241266884,0.07100338620566744,0.9972246593493169,0.5341140227774922,156.28115662633593,74.80424308949742,-0.9234717519158795,98.93985209055245,breast lesion,0.5078125
bus_1013-r,,,,,,,304,277,[],0.027227068464181867,0.013801420340345705,1.0,0.013801420340345705,1.0,0.5069007101701728,153.50048736686404,87.38737948540488,-0.9861985796596543,99.34125002473593,breast lesion,0.51953125
bus_1014-l,,,,,,,305,276,[],0.0,0.0,0.0,0.0,0.9887475208116896,0.4943737604058448,136.20932186275502,78.33749050662249,-0.9171221305773626,99.05582387000322,breast lesion,0.578125
bus_1014-r,,,,,,,305,276,[],0.0,0.0,0.0,0.0,0.9085450954575378,0.4542725477287689,126.23703011212645,76.01046861332664,-0.1560145808019441,97.77235588990152,breast lesion,0.734375
bus_1015-s,,,,,,,303,463,[],0.9852780523331426,0.970983287193684,0.984919396775871,0.9856369691923397,0.9960974296864487,0.9908671994393942,3.0,1.2868981112845173,0.0007285595337218984,96.1335371248424,breast lesion,0.96484375
bus_1016-l,,,,,,,304,276,[],0.9419382689402115,0.8902488780089759,0.97294887039239,0.9128433970157579,0.9976281391317947,0.9552357680737763,7.0,2.2595217152136735,-0.06177660019523079,97.27452392689884,breast lesion,0.85546875
bus_1016-r,,,,,,,304,276,[],0.811569362613819,0.6828916531458445,0.6902332361516035,0.9846633740577073,0.9787651298449854,0.9817142519513464,22.017698039843822,6.292715637490974,0.4265661554458019,95.6632059533149,breast lesion,0.7734375
bus_1017-l,,,,,,,304,276,[],0.7937721274541358,0.658061503568808,0.9355144618302513,0.6893298861016002,0.9902289023321311,0.8397793942168656,28.83398766670454,11.279126975090966,-0.26315421703584657,95.44740081764758,breast lesion,0.81640625
bus_1017-r,,,,,,,304,277,[],0.7663835424296735,0.6212494472869686,0.8334745762711865,0.7092889081205828,0.9720650535952916,0.8406769808579372,30.076567850487912,12.73270896584047,-0.1489975479590365,95.4424908850342,breast lesion,0.66796875
bus_1018-l,,,,,,,311,276,[],0.9554993780345893,0.9147906262005379,0.964282821738074,0.9468745029425799,0.9939805083126314,0.9704275056276057,7.615773105863909,2.3282077727363784,-0.01805312549705742,97.06285898573697,breast lesion,0.859375
bus_1018-r,,,,,,,311,277,[],0.9443762223131851,0.8946143903489875,0.9123824589155461,0.9786953242835595,0.9868015197447676,0.9827484220141636,8.473327868088392,2.696201755799414,0.07268099547511313,95.69906699471176,breast lesion,0.87890625
bus_1019-l,,,,,,,303,276,[],0.6807763401109057,0.5160431553874176,0.6632450927426616,0.6992595405354092,0.9761360881050523,0.8376978143202307,25.893836690620322,10.641230614214303,0.05430036073666224,94.50276009738445,breast lesion,0.6796875
bus_1019-r,,,,,,,303,276,[],0.7635880670208418,0.6175838704346389,0.9909838239193848,0.6210736247299319,0.9995619177693884,0.8103177712496601,24.8699405223373,7.280336543623078,-0.37327571879674254,95.2800780069083,breast lesion,0.6171875
bus_1020-l,,,,,,,305,276,[],0.9459553695955369,0.8974528613959643,0.9977933063626333,0.8992376532979781,0.9997604120912031,0.9494990326945907,5.014852927038915,2.4605832531615865,-0.09877361617500828,97.66906290315092,breast lesion,0.9140625
bus_1020-r,,,,,,,305,276,[],0.9367988623795228,0.8811116064794174,0.9552118575801515,0.9190823128197179,0.9964234712912813,0.9577528920554996,10.148529270389176,2.512919034593141,-0.03782359324135793,95.75744904577732,breast lesion,0.890625
bus_1021-l,,,,,,,302,276,[],0.8786240367831751,0.7835231586940015,0.9601749325393133,0.8098414691571182,0.9939385356181843,0.9018900023876513,16.68186498070932,6.134446855833733,-0.1565688274996076,94.58105219528079,breast lesion,0.59375
bus_1021-r,,,,,,,302,277,[],0.12907904278462654,0.06899224806201551,1.0,0.06899224806201551,1.0,0.5344961240310078,156.69539711477995,61.66755482790632,-0.9310077519379845,95.5575939733535,breast lesion,0.78125
bus_1022-l,,,,,,,305,411,[],0.8282018999656633,0.7067786677085368,0.9857773418342325,0.714060156311676,0.9973905479849232,0.8557253521482996,35.990264614203234,12.69388025267457,-0.2756374832241257,95.61913507059216,breast lesion,0.8046875
bus_1022-r,,,,,,,305,411,[],0.9414753391170972,0.8894222061220793,0.9773598049460118,0.9081325997503352,0.9956134431097314,0.9518730214300333,19.712829823412584,4.922964224683282,-0.07083082897961071,95.82845983095467,breast lesion,0.92578125
bus_1023-l,,,,,,,305,276,[],0.9313764379214597,0.8715664439495174,0.9407051282051282,0.9222309505106049,0.9991074336304534,0.9606691920705291,2.23606797749979,1.0818847515251422,-0.019638648860958365,94.24596396274865,breast lesion,0.734375
bus_1023-r,,,,,,,305,276,[],0.7969650986342944,0.6624621594349143,0.7074353448275862,0.9124391938846421,0.993437352703013,0.9529382732938276,13.0,4.026968617037375,0.2897845726198749,96.58766794018447,breast lesion,0.78515625
bus_1024-l,,,,,,,304,276,[],0.8519772644817994,0.7421257768882334,0.8820583448103168,0.8238802479242194,0.9874988387987207,0.90568954336147,17.05869692828073,5.6381311061128025,-0.06595719798853936,96.17586806416512,breast lesion,0.69921875
bus_1024-r,,,,,,,304,276,[],0.8542679632631011,0.7456088647884004,0.9812286689419796,0.7563979909112652,0.998398242037542,0.8773981164744036,20.666871885796173,5.803411538097904,-0.22913178665391054,95.65455606207252,breast lesion,0.64453125
bus_1025-l,,,,,,,305,276,[],0.5580286168521462,0.3869900771775083,0.40236912495223537,0.9101123595505618,0.9811618467171748,0.9456371031338683,33.678713763747794,10.323288886321077,1.2618841832324978,94.17083207517862,breast lesion,0.609375
bus_1025-r,,,,,,,305,276,[],0.0,0.0,0.0,0.0,0.9855353129632286,0.4927676564816143,34.32180673420963,18.72463062852201,1.2916666666666667,96.0787059739232,breast lesion,0.6875
bus_1026-l,,,,,,,306,276,[],0.841419732985998,0.7262507026419337,0.9202279202279202,0.7750449910017997,0.9909742928519623,0.8830096419268809,17.3701887700885,6.861550421460462,-0.15776844631073786,94.90684885531664,breast lesion,0.58984375
bus_1026-r,,,,,,,306,276,[],0.9130859375,0.8400718778077269,0.919672131147541,0.9065934065934066,0.9937394592937088,0.9501664329435577,7.615773105863909,3.1924389288696764,-0.014221073044602456,95.74438910931349,breast lesion,0.8203125
bus_1027-l,,,,,,,305,276,[],0.7699279093717817,0.6259209645010047,0.9522758152173914,0.6461910798663132,0.9962782935777387,0.8212346867220259,39.0,9.079528925445896,-0.3214244554569552,94.4807690102607,breast lesion,0.53125
bus_1027-r,,,,,,,305,276,[],0.7296769997832213,0.5744027303754267,0.6476190476190476,0.8355467295519424,0.9518805091759389,0.8937136193639407,30.766807511155893,10.64069368145334,0.2901824500434405,96.34386282414198,breast lesion,0.5390625
bus_1028-l,,,,,,,303,275,[],0.9700921162818519,0.9419212452085027,0.9684700824077391,0.9717195925704014,0.9964790610829555,0.9840993268266784,4.0,1.3866745663857614,0.0033553025763930497,96.00216406397521,breast lesion,0.94140625
bus_1028-r,,,,,,,303,276,[],0.9456568778979907,0.8969156796059575,0.9673665570452821,0.9249002297738541,0.9965763876909195,0.9607383087323869,6.324555320336759,2.1906197778217713,-0.04389889950417221,95.68835701793432,breast lesion,0.91796875
bus_1029-l,,,,,,,304,276,[],0.9644670050761421,0.9313725490196079,0.9784644194756554,0.9508644222020018,0.9994370058502435,0.9751507140261226,3.0,0.9772015297580577,-0.028207461328480437,96.3350918609649,breast lesion,0.85546875
bus_1029-r,,,,,,,304,276,[],0.9428918590522479,0.8919540229885058,0.9154541879669682,0.9720250521920668,0.997362254474966,0.9846936533335164,5.184863101655304,1.516525205729197,0.061795407098121084,96.06390609405935,breast lesion,0.82421875
bus_1030-l,,,,,,,305,276,[],0.9267352185089974,0.8634730538922155,0.8824969400244798,0.9756427604871448,0.997678411646635,0.9866605860668899,4.47213595499958,1.3295521760455717,0.10554803788903924,96.05670510791242,breast lesion,0.71875
bus_1030-r,,,,,,,305,276,[],0.9562982005141388,0.916256157635468,0.9425675675675675,0.9704347826086956,0.9995933257580288,0.9850140541833623,1.4142135623730951,0.5920455934611711,0.029565217391304348,98.5905141569674,breast lesion,0.703125
bus_1031-l,,,,,,,305,276,[],0.8729564703565097,0.7745543516253058,0.9398791220443219,0.8149305874781649,0.9922649823336016,0.9035977849058833,17.46424919657298,6.20567240763415,-0.13294106830927646,98.3260681387037,breast lesion,0.8515625
bus_1031-r,,,,,,,305,276,[],0.4166331860184813,0.26313118497843185,0.9841822208161974,0.26424870466321243,0.9993094590302043,0.6317790818467084,87.95108713194368,32.346470368556766,-0.7315042894759195,99.06252496875823,breast lesion,0.8046875
bus_1032-l,,,,,,,315,276,[],0.8721200591841048,0.7732383808095952,0.9030422411906325,0.8432454526875127,0.9946006557217205,0.9189230542046166,15.96485292703891,4.511942227302801,-0.06621704475781728,98.32640807144344,breast lesion,0.80078125
bus_1032-r,,,,,,,315,277,[],0.8762360099967402,0.7797331270547283,0.9798298906439854,0.7924528301886793,0.9989898621100929,0.895721346149386,16.45563180188328,4.164096438326837,-0.19123427672955975,98.68229599669576,breast lesion,0.875
bus_1033-l,,,,,,,305,528,[],0.8971242111302352,0.8134408427349872,0.9941192831883021,0.8173739749746807,0.9988653004270457,0.9081196377008631,34.74548487131424,9.354980487677008,-0.17779084582965796,95.59474512934685,breast lesion,0.91015625
bus_1033-r,,,,,,,305,529,[],0.9207604866050655,0.8531567600862334,0.9923696937130575,0.8587903400812227,0.9983499628160635,0.9285701514486431,21.313061640902497,6.724894420586987,-0.13460644201258642,95.16080585308373,breast lesion,0.8984375
bus_1034-l,,,,,,,303,276,[],0.9623839765510503,0.9274952919020716,0.9507722007722008,0.9742828882294757,0.999382693634482,0.9868327909319788,1.4142135623730951,0.6274291587310766,0.024727992087042534,95.40042094886303,breast lesion,0.8203125
bus_1034-r,,,,,,,303,276,[],0.9478979518505211,0.9009562841530054,0.9159722222222222,0.9821295606850335,0.9985295011241417,0.9903295309045876,3.0,1.0749569474137226,0.07222635889798958,95.23714683018625,breast lesion,0.87890625
bus_1035-l,,,,,,,317,276,[],0.4505340750093847,0.29076733327460136,0.9112368856985091,0.2992429393898182,0.9901731542188192,0.6447080468043187,117.84077936560732,36.10354618449887,-0.6716079604696495,95.14733497053385,breast lesion,0.6953125
bus_1035-r,,,,,,,317,276,[],0.8570648091238134,0.7498804971319312,0.9045696987170246,0.8143005450298468,0.9816315205327414,0.8979660327812942,24.73154037515956,8.12623071234459,-0.09979236958214378,94.80295702815056,breast lesion,0.703125
bus_1036-l,,,,,,,305,276,[],0.0,0.0,0.0,0.0,0.9149620069212675,0.45748100346063375,150.39031565305189,89.27624709743635,1.3163367997316338,95.48616199754179,breast lesion,0.7578125
bus_1036-r,,,,,,,305,276,[],0.868122270742358,0.7669753086419753,0.8423728813559322,0.8954954954954955,0.9954612005856516,0.9454783480405735,9.0,2.8855534497369737,0.06306306306306306,95.13125498779118,breast lesion,0.8203125
bus_1037-l,,,,,,,304,276,[],0.915952380952381,0.8449374039095102,0.9899639732372619,0.8522374833850244,0.9995087542511651,0.9258731188180948,9.794554078602447,2.6456591007587438,-0.13912272928666372,95.75415914878249,breast lesion,0.7109375
bus_1037-r,,,,,,,304,276,[],0.8915845337376801,0.8043775649794802,0.9499192245557351,0.84,0.9976663655525444,0.9188331827762721,9.631264665142432,2.9526710300175454,-0.11571428571428571,94.59499199874699,breast lesion,0.5078125
bus_1038-l,,,,,,,306,276,[],0.0,0.0,0.0,0.0,0.9320145757418011,0.46600728787090057,104.61212979179956,46.83836124034658,-0.31407563025210083,95.72463785298169,breast lesion,0.58203125
bus_1038-r,,,,,,,306,276,[],0.0,0.0,0.0,0.0,0.9449564772145417,0.47247823860727084,122.75295527260056,73.88467341706564,-0.3213383838383838,95.13673488982022,breast lesion,0.83984375
bus_1039-l,,,,,,,305,276,[],0.8530805687203792,0.743801652892562,0.9798387096774194,0.755362138638483,0.9993824339513111,0.877372286294897,14.7648230602334,3.467305803034611,-0.22909543052533415,95.84474097937346,breast lesion,0.671875
bus_1039-r,,,,,,,305,276,[],0.7524177949709865,0.6031007751937985,0.6416494845360825,0.9094097019286966,0.9784789123059016,0.943944307117299,29.030997668373768,8.2973029698861,0.4172998246639392,94.64117395691574,breast lesion,0.63671875
bus_1040-l,,,,,,,303,276,[],0.9420015163002274,0.8903618774632748,0.9203703703703704,0.9646739130434783,0.9973473819276514,0.9810106474855649,2.8284271247461903,1.2106762118343677,0.04813664596273292,95.396090997383,breast lesion,0.83984375
bus_1040-r,,,,,,,303,276,[],0.9450360700790107,0.895799413871703,0.9512448132780082,0.9389078498293515,0.998252744801606,0.9685802973154787,3.0,1.393175353175234,-0.012969283276450512,96.37316293083131,breast lesion,0.86328125
bus_1041-l,,,,,,,303,276,[],0.8760951188986232,0.779510022271715,0.7865168539325843,0.9887005649717514,0.9977086348287506,0.993204599900251,3.605551275463989,1.6309672145948715,0.2570621468926554,95.93066317029297,breast lesion,0.8046875
bus_1041-r,,,,,,,303,276,[],0.8639380530973452,0.7604673807205453,0.7694581280788177,0.9848675914249685,0.9971751071407013,0.9910213492828349,4.242640687119285,1.7702282750179132,0.27994955863808324,94.61638214997947,breast lesion,0.62890625
bus_1042-l,,,,,,,308,276,[],0.7305533279871692,0.5754895767530006,0.582108626198083,0.9806243272335845,0.9922216011132388,0.9864229641734117,8.858785249260027,4.772804103734305,0.6846071044133477,95.3465891070664,breast lesion,0.73828125
bus_1042-r,,,,,,,308,276,[],0.8307291666666666,0.7104677060133631,0.7104677060133631,1.0,0.9969183359013868,0.9984591679506933,6.324555320336759,2.4837638800739383,0.40752351097178685,97.30172506533563,breast lesion,0.7109375
bus_1043-l,,,,,,,311,276,[],0.8506332908641235,0.7400886802295253,0.9251711770459733,0.787210431405188,0.9941623106566446,0.8906863710309163,19.697715603592208,5.459025143494573,-0.1491191566097933,95.95495415851474,breast lesion,0.62890625
bus_1043-r,,,,,,,311,276,[],0.5045331636710673,0.3373750265900872,0.3760075865339023,0.7665538907684872,0.935567578153688,0.8510607344610877,46.52956049652737,17.361599568654754,1.038666022232963,94.46765994653106,breast lesion,0.6328125
bus_1044-l,,,,,,,309,276,[],0.9514127277528387,0.9073281289347771,0.9656928437416242,0.9375487900078064,0.998428310064955,0.9679885500363807,6.324555320336759,1.5269700768487915,-0.029143897996357013,95.23636684753001,breast lesion,0.890625
bus_1044-r,,,,,,,309,276,[],0.9518267054639509,0.9080814312152992,0.922884012539185,0.9826435246995995,0.9970104997083414,0.9898270122039705,3.605551275463989,1.3710259294621674,0.06475300400534045,97.05172898247838,breast lesion,0.8046875
bus_1045-l,,,,,,,305,276,[],0.9380984490896831,0.8834137668275337,0.9150223625361746,0.9623685666851135,0.9959908646327235,0.9791797156589185,5.0,1.7154979486866444,0.05174322080796901,95.84970097057521,breast lesion,0.80078125
bus_1045-r,,,,,,,305,276,[],0.9322349189476482,0.8730711796913887,0.8917132689374683,0.9766146993318485,0.9974145465138862,0.9870146229228673,3.605551275463989,1.5373290774779542,0.09521158129175947,94.74061522632837,breast lesion,0.87109375
bus_1046-l,,,,,,,301,276,[],0.3919399446858949,0.24373464373464374,0.26034012177199245,0.7925854905720677,0.911866611630205,0.8522260511011364,57.3223064629344,22.253191531820146,2.0444231383828697,95.42287117801607,breast lesion,0.55078125
bus_1046-r,,,,,,,301,276,[],0.029203288914091297,0.014818011796863761,0.032584625118633345,0.02645774466992037,0.9613805993710771,0.49391917202049873,68.8142191515613,33.14282185251978,-0.1880297970716671,96.7292720451951,breast lesion,0.640625
bus_1047-l,,,,,,,304,276,[],0.0,0.0,0.0,0.0,0.9871892519571976,0.4935946259785988,132.90974381135493,68.08312818323445,-0.7310615989515072,95.94294405542314,breast lesion,0.765625
bus_1047-r,,,,,,,304,276,[],0.0,0.0,0.0,0.0,0.9427531189422933,0.47137655947114665,111.0,64.35110469814671,0.34393232205367563,94.65842414647341,breast lesion,0.8359375
bus_1048-l,,,,,,,306,276,[],0.8738835298320828,0.7760152284263959,0.9707633284826035,0.7945858148348673,0.9970619906674998,0.8958239027511836,16.76305461424021,4.880213799291949,-0.18148348673524634,95.72762809693813,breast lesion,0.80078125
bus_1048-r,,,,,,,306,277,[],0.913359018009139,0.8405343007915568,0.9451140367142592,0.8836685159500693,0.996252879965567,0.9399606979578181,7.0,2.974579403457486,-0.06501386962552011,96.14509693346918,breast lesion,0.76953125
bus_1049-l,,,,,,,314,276,[],0.8798775822494261,0.7855191256830601,0.8339376359680928,0.9311740890688259,0.994560182435803,0.9628671357523144,6.708203932499369,2.867897257694122,0.11659919028340081,95.83610109984875,breast lesion,0.828125
bus_1049-r,,,,,,,314,277,[],0.900974025974026,0.8197932053175776,0.9812588401697313,0.8328331332533013,0.9993663773521746,0.9160997553027379,8.06225774829855,2.4509917901415936,-0.15126050420168066,94.69438507221639,breast lesion,0.69921875
bus_1050-l,,,,,,,304,276,[],0.9469044831623167,0.8991629610253727,0.9285521339816315,0.9659969088098919,0.993110813028247,0.9795538609190695,8.48528137423857,2.0400925027015857,0.040325980047772936,95.20217590034008,breast lesion,0.91015625
bus_1050-r,,,,,,,304,277,[],0.8943628612032212,0.8089117395029991,0.8732654949121184,0.916504854368932,0.9913354752207241,0.9539201647948281,14.560219778561036,3.682083524490337,0.04951456310679612,96.36447299271822,breast lesion,0.875
bus_1051-l,,,,,,,313,276,[],0.895171423442829,0.8102355808285946,0.9627413127413127,0.8364642737336464,0.9976002785168975,0.9170322761252719,10.0,3.127827117275022,-0.1311640389131164,95.51906399428844,breast lesion,0.73046875
bus_1051-r,,,,,,,313,276,[],0.9573348918760959,0.9181614349775785,0.9428242517267843,0.9722991689750693,0.9982232503786027,0.9852612096768361,2.23606797749979,0.9980746948887166,0.03126236644242184,94.50091002508998,breast lesion,0.89453125
bus_1052-l,,,,,,,304,276,[],0.9764157604858071,0.9539183222958058,0.9780732776913283,0.9747638516847597,0.9979820598612178,0.9863729557729888,3.0,1.0518258592329455,-0.0033836176512054136,95.06300184875727,breast lesion,0.91796875
bus_1052-r,,,,,,,304,277,[],0.9580340264650283,0.9194484760522497,0.92667763759371,0.9915867736255136,0.9949302754845316,0.9932585245550226,7.0,1.6586863440170097,0.07004500097828213,96.47285495884717,breast lesion,0.91796875
bus_1053-s,,,,,,,304,463,[],0.43189052506321585,0.2754211564729094,1.0,0.2754211564729094,1.0,0.6377105782364547,49.701091796035485,29.68360332912699,-0.7245788435270906,95.55069403722882,breast lesion,0.73828125
bus_1054-l,,,,,,,305,276,[],0.9482961222091657,0.9016759776536313,0.9358330112098956,0.9610956728860659,0.9979672058877554,0.9795314393869107,2.8284271247461903,1.2480657404219024,0.026994839221913456,94.69540510326624,breast lesion,0.80078125
bus_1054-r,,,,,,,305,276,[],0.9480776852952834,0.9012810851544838,0.9203539823008849,0.9775234981610135,0.9974673632437326,0.9874954307023731,2.8284271247461903,1.394516071328083,0.06211687780956273,95.73513804934919,breast lesion,0.84375
bus_1055-l,,,,,,,303,276,[],0.94716618635927,0.8996350364963503,0.9679319371727748,0.9272727272727272,0.9994026794095059,0.9633377033411166,2.8284271247461903,1.0886609603919177,-0.04200626959247649,95.13904503546655,breast lesion,0.83984375
bus_1055-r,,,,,,,303,276,[],0.9435483870967742,0.8931297709923665,0.9319852941176471,0.9554020100502513,0.9986469354917353,0.9770244727709934,4.0,1.1349820852013373,0.02512562814070352,95.88173218071461,breast lesion,0.890625
bus_1056-l,,,,,,,309,276,[],0.0,0.0,0.0,0.0,0.9855902611690424,0.4927951305845212,149.65425723330364,126.12562574711582,-0.2740963855421687,95.00643098726869,breast lesion,0.5390625
bus_1056-r,,,,,,,309,276,[],0.8495975855130785,0.7385220813292523,0.7907303370786517,0.9179347826086957,0.9946431139446814,0.9562889482766885,8.126641474326414,3.0043425882365153,0.1608695652173913,95.65762593410909,breast lesion,0.69921875
bus_1057-l,,,,,,,306,276,[],0.9296336734309703,0.8685191698909602,0.967403228334117,0.8947025146749764,0.9941124021682212,0.9444074584215988,9.436623724479027,3.7544115601064485,-0.0751503732154504,96.20362892746925,breast lesion,0.84375
bus_1057-r,,,,,,,306,276,[],0.891713747645951,0.8045879354290569,0.9762112441519308,0.8206786214252383,0.9956806565402059,0.9081796389827221,22.242872427130365,5.553155650061062,-0.15932271181921207,96.09144600108266,breast lesion,0.8359375
bus_1058-l,,,,,,,305,276,[],0.7967741935483871,0.6621983914209115,0.9561290322580646,0.6829493087557603,0.9991708328252652,0.8410600707905127,28.31249601657067,5.696877134134601,-0.2857142857142857,94.70724500715733,breast lesion,0.609375
bus_1058-r,,,,,,,305,276,[],0.0,0.0,0.0,0.0,0.937713745179364,0.468856872589682,138.94711220285166,95.8055788404901,1.9825783972125435,94.33478605933487,breast lesion,0.80078125
bus_1059-l,,,,,,,304,276,[],0.6473965551375965,0.47862997658079626,0.5283567619970916,0.8356759519550218,0.9635083946944031,0.8995921733247124,42.58455933729977,15.468378564781577,0.5816509072323026,95.37033014930785,breast lesion,0.431640625
bus_1059-r,,,,,,,304,276,[],0.0,0.0,0.0,0.0,0.9752925076132118,0.4876462538066059,89.31965069345043,47.05399652152889,-0.28300536672629695,96.02001495659351,breast lesion,0.53125
bus_1060-s,,,,,,,306,413,[],0.9665474254742548,0.9352605521523873,0.9597847147470399,0.9734061135371179,0.9909739268250256,0.9821900201810718,8.0,2.5354139561240103,0.014192139737991267,95.12019390240312,breast lesion,0.953125
bus_1061-l,,,,,,,306,276,[],0.8241715399610137,0.7009283819628647,0.958295557570263,0.7229822161422709,0.9994457430657638,0.8612139796040174,18.07987454668788,3.3234614084189276,-0.24555403556771546,96.84427315369248,breast lesion,0.65234375
bus_1061-r,,,,,,,306,277,[],0.6717713118938233,0.5057647963105304,0.5096824167312161,0.9850299401197605,0.9924727091112326,0.9887513246154966,18.06083605935615,5.884242988472675,0.9326347305389222,97.91676886379719,breast lesion,0.66796875
bus_1062-l,,,,,,,305,276,[],0.7312975063341779,0.5764137061173008,0.985799029300737,0.5812400635930047,0.9989430731152585,0.7900915683541316,26.39316016148442,9.79405636756741,-0.410386857445681,99.69903901219368,breast lesion,0.625
bus_1062-r,,,,,,,305,277,[],0.0,0.0,0.0,0.0,0.9595385365603265,0.47976926828016325,108.50681918176798,53.25235608659,-0.5192864765970422,95.47918196767569,breast lesion,0.6015625
bus_1063-l,,,,,,,307,276,[],0.9489213984626829,0.9028072658645907,0.9942842296700442,0.9075171923168129,0.9994233138483315,0.9534702530825723,9.0,2.6034920600601086,-0.08726582878823809,95.44829209335148,breast lesion,0.828125
bus_1063-r,,,,,,,307,276,[],0.8219377942834405,0.6977032199954966,0.9797628458498023,0.7079049577336075,0.9983153017978889,0.8531101297657482,45.26274301221969,8.769258191246614,-0.2774731551290838,95.15045513398945,breast lesion,0.87109375
bus_1064-l,,,,,,,309,276,[],0.0,0.0,0.0,0.0,0.9466248037676609,0.47331240188383045,129.3280620825209,93.16163876693378,1.4246053347849754,97.24074299447238,breast lesion,0.8359375
bus_1064-r,,,,,,,309,276,[],0.47289972899729,0.30967169476486245,0.3145561063542136,0.9522510231923602,0.9637070796249015,0.9579790514086308,36.76955262170047,15.491102495357302,2.0272851296043655,95.6996779423207,breast lesion,0.60546875
