sample_id,source_sample_id,target_uid,target_class_id,target_class_name,target_instance_id,target_color,height,width,bbox,dice,iou,precision,recall,specificity,balanced_accuracy,hd95,assd,relative_area_error,infer_ms,concept,text_score
100,,,,,,,564,623,[],0.7704022869453536,0.6265482431904255,0.9992691629766562,0.6268354840014563,0.9998773488595247,0.8133564164304905,105.33929996592427,30.52767572194315,-0.372706066367326,423.18304791115224,thyroid nodule,0.84765625
1002,,,,,,,543,592,[],0.0,0.0,0.0,0.0,0.9571422455008635,0.47857112275043173,240.8632364006887,130.77814259634195,-0.7083050024283633,104.5895570423454,thyroid nodule,0.64453125
1004,,,,,,,539,818,[],0.0,0.0,0.0,0.0,0.9721993097060491,0.48609965485302453,279.7432738809469,216.93375283037645,0.752760023242301,104.8043710179627,thyroid nodule,0.62890625
1010,,,,,,,729,949,[],0.019070523359042527,0.009627058198649367,0.6027315914489311,0.00968853507440604,0.9988604192430731,0.5042744771587396,324.4724536048385,128.6127658528292,-0.9839256225957638,107.07673407159746,thyroid nodule,0.5
1012,,,,,,,365,485,[],0.0,0.0,0.0,0.0,0.9851532567049809,0.49257662835249044,73.86603087770226,44.19757007798794,0.5946111451316595,103.54749811813235,thyroid nodule,0.63671875
102,,,,,,,340,796,[],0.8303030303030303,0.7098445595854922,0.98821832171195,0.715903152760843,0.9996218523063151,0.8577625025335791,26.648076824970804,8.777074181774173,-0.27556174882424667,102.95305703766644,thyroid nodule,0.54296875
1020,,,,,,,622,840,[],0.9196526026080917,0.8512563688571345,0.9850973372119042,0.8623617790227324,0.9968314306851674,0.9295966048539499,125.7207059098211,29.838292099002043,-0.12459231545234621,104.22774986363947,thyroid nodule,0.796875
1024,,,,,,,547,927,[],0.0,0.0,0.0,0.0,0.9793453535095649,0.48967267675478243,487.88989443845145,230.9222199987048,-0.8757952973720609,104.67513906769454,thyroid nodule,0.66015625
1026,,,,,,,597,900,[],0.028182588610644908,0.014292696903810824,1.0,0.014292696903810824,1.0,0.5071463484519054,127.00747997936767,54.898291377405904,-0.9857073030961891,104.59573706611991,thyroid nodule,0.4921875
1029,,,,,,,547,928,[],0.0,0.0,0.0,0.0,0.8971632420482393,0.44858162102411964,314.52363958941226,175.27887170693543,-0.3545020571412188,104.16405904106796,thyroid nodule,0.6171875
103,,,,,,,453,780,[],0.0,0.0,0.0,0.0,0.9750727963940855,0.48753639819704275,259.23348549136165,143.5779097744239,-0.703838722613102,103.85813401080668,thyroid nodule,0.72265625
1031,,,,,,,545,859,[],0.012375624969060937,0.006226339908348277,0.05553087516659263,0.006963788300835654,0.9785444866344565,0.49275413746764607,312.1298415892369,144.37262662223299,-0.8745961002785515,105.28649017214775,thyroid nodule,0.61328125
1033,,,,,,,473,592,[],0.0,0.0,0.0,0.0,0.9392392164514836,0.4696196082257418,319.91436324438126,237.05482183710382,4.134351145038168,104.13735918700695,thyroid nodule,0.671875
1034,,,,,,,644,1059,[],0.0,0.0,0.0,0.0,0.961758962882388,0.480879481441194,390.5142105126848,313.800605189711,1.8422796554009278,105.14970682561398,thyroid nodule,0.6640625
1036,,,,,,,336,368,[],0.85994907238996,0.7543075941289088,0.9997180716098111,0.754468085106383,0.9999915929649931,0.8772298390356881,9.0,4.771048317227289,-0.2453191489361702,103.84748387150466,thyroid nodule,0.6015625
1038,,,,,,,624,910,[],0.011488375635070007,0.005777374139685527,0.43564356435643564,0.005820939949507756,0.9930609801872724,0.49944096006839006,427.28561876103436,159.27360215620507,-0.9866382969340844,103.76348183490336,thyroid nodule,0.609375
1040,,,,,,,584,661,[],0.030777492015939857,0.01562926073166181,0.7039431157078216,0.015732674554674295,0.9985543157462793,0.5071434951504767,161.44839194268758,57.53746832952079,-0.9776506450541036,104.60242722183466,thyroid nodule,0.58984375
1042,,,,,,,548,806,[],0.9308333808248324,0.8706158274403895,0.8847001047196043,0.9820426487093153,0.9923381484858664,0.987190398597591,27.03323108288246,7.326550410388055,0.11002886002886003,105.45201413333416,thyroid nodule,0.6953125
1044,,,,,,,492,743,[],0.0,0.0,0.0,0.0,0.9575393108599807,0.47876965542999034,310.3896395664506,202.18243462729723,-0.3628442576294934,103.56638790108263,thyroid nodule,0.6796875
1046,,,,,,,501,592,[],0.9257543508200826,0.8617715617715618,0.9621340273259597,0.892025576064664,0.9989906452586341,0.9455081106616491,8.997213595499954,3.2816431010380964,-0.07286765592954518,103.07166911661625,thyroid nodule,0.62109375
1048,,,,,,,547,929,[],0.8389191453707583,0.7225329244091647,0.9940431868950111,0.7256749411125204,0.9997502954836777,0.8627126182980991,39.59797974644666,13.113882072361823,-0.26997644500815365,104.47463602758944,thyroid nodule,0.703125
1050,,,,,,,425,743,[],0.0,0.0,0.0,0.0,0.9566279780085523,0.47831398900427613,436.1765697512878,299.0303962986909,0.375,100.85045802406967,thyroid nodule,0.67578125
1052,,,,,,,535,1048,[],0.0,0.0,0.0,0.0,0.9808429958173357,0.49042149790866785,183.64230327008306,126.04867883355001,-0.18929150892374255,108.67125308141112,thyroid nodule,0.6640625
1054,,,,,,,629,875,[],0.5173162092412229,0.3489052840973472,1.0,0.3489052840973472,1.0,0.6744526420486736,175.29631930725418,87.49003818232676,-0.6510947159026528,104.19174982234836,thyroid nodule,0.62109375
1056,,,,,,,555,750,[],0.8923542163846028,0.8056313937041545,0.8791729485246608,0.9059367486591455,0.9913518235422581,0.9486442861007018,68.97100230628637,20.09660287062528,0.030442019604216757,103.72868203558028,thyroid nodule,0.6640625
1058,,,,,,,336,569,[],0.46916415922089255,0.30647581322770373,1.0,0.30647581322770373,1.0,0.6532379066138518,62.96824596572466,29.49222474553432,-0.6935241867722962,102.33690612949431,thyroid nodule,0.64453125
1062,,,,,,,336,466,[],0.8862359550561798,0.7957124842370744,0.9971029760337108,0.7975563513798188,0.9999275500727792,0.898741950726299,8.0,3.816214934131115,-0.20012639561828524,101.26592614687979,thyroid nodule,0.546875
1064,,,,,,,590,831,[],0.5795849573369851,0.40803915752002373,1.0,0.40803915752002373,1.0,0.7040195787600119,114.0175425099138,61.76498220481092,-0.5919608424799763,103.473586961627,thyroid nodule,0.5859375
1066,,,,,,,424,592,[],0.0,0.0,0.0,0.0,0.9644325909035384,0.4822162954517692,200.0024999843752,93.68495137650248,0.612218530823182,104.09042821265757,thyroid nodule,0.6640625
1068,,,,,,,562,864,[],0.02295231808256741,0.011609390250166949,0.9840348330914369,0.011611577324884399,0.9999742496102327,0.5057929134675586,210.30500786077465,85.65622225997343,-0.9882000342524405,104.4286850374192,thyroid nodule,0.50390625
107,,,,,,,565,702,[],0.0023559901048415596,0.0011793843613633684,0.02681992337164751,0.0012321123686480208,0.9925253886650757,0.49687875051686187,301.8643715711591,149.51439650331452,-0.9540598102546952,103.20577211678028,thyroid nodule,0.609375
1072,,,,,,,426,635,[],0.0,0.0,0.0,0.0,0.9271780558806758,0.4635890279403379,164.000762159702,110.48868819885833,3.9244038559107053,103.19961095228791,thyroid nodule,0.5
1074,,,,,,,547,927,[],0.7934357261070638,0.6575992205927598,1.0,0.6575992205927598,1.0,0.8287996102963799,43.83320625280255,28.392568732374276,-0.3424007794072403,103.48481708206236,thyroid nodule,0.80859375
1080,,,,,,,581,807,[],0.0,0.0,0.0,0.0,0.9637765595897001,0.48188827979485005,273.08853870693275,199.58751245364186,0.04315220845249444,102.68971277400851,thyroid nodule,0.7734375
1082,,,,,,,622,927,[],0.7775242245284101,0.6360242387858094,0.9808896925858951,0.6440043690934131,0.9971971678877339,0.8206007684905735,138.00398435687686,47.94451863133068,-0.3434487343876146,105.2376888692379,thyroid nodule,0.7890625
1084,,,,,,,525,925,[],0.3940852581639367,0.24539612714020786,0.9318702915165411,0.24987923235694523,0.9981094475360329,0.6239943399464891,74.02702209328699,28.78534419979675,-0.7318519169118616,103.77659182995558,thyroid nodule,0.609375
1086,,,,,,,629,1102,[],0.0,0.0,0.0,0.0,0.9869354537719706,0.4934677268859853,365.6359516571389,183.9712954912543,-0.8642086922217108,105.32040102407336,thyroid nodule,0.56640625
1088,,,,,,,350,744,[],0.0006966017132636732,0.00034842221238688047,1.0,0.00034842221238688047,1.0,0.5001742111061934,213.164168177477,145.03446053724747,-0.9996515777876132,103.37280482053757,thyroid nodule,0.62109375
109,,,,,,,601,763,[],0.0,0.0,0.0,0.0,0.9706813123991915,0.48534065619959577,190.64626665290302,106.10583966099021,-0.27196935556557006,102.9258668422699,thyroid nodule,0.75390625
1090,,,,,,,384,617,[],0.0,0.0,0.0,0.0,0.9506092168829529,0.47530460844147643,138.6017676116273,95.33400627446906,0.5381902048568715,103.62088913097978,thyroid nodule,0.65234375
1092,,,,,,,500,926,[],0.0,0.0,0.0,0.0,0.978685716419443,0.4893428582097215,296.8537078136782,133.0722973336523,-0.7353367335110699,103.33279403857887,thyroid nodule,0.62890625
1094,,,,,,,206,313,[],0.4994329779995464,0.33282950423216445,1.0,0.33282950423216445,1.0,0.6664147521160823,30.072411561428705,12.807269003912094,-0.6671704957678356,103.1209989450872,thyroid nodule,0.5546875
1100,,,,,,,501,559,[],0.0,0.0,0.0,0.0,0.9819803328934485,0.4909901664467243,337.37908944522303,162.71656171109964,-0.906243770626149,101.22289485298097,thyroid nodule,0.67578125
1102,,,,,,,501,621,[],0.4246528088308569,0.26956140920002597,1.0,0.26956140920002597,1.0,0.634780704600013,90.79977922758499,40.35866159989116,-0.7304385907999741,103.09213004074991,thyroid nodule,0.66015625
1104,,,,,,,571,858,[],0.8684372831701488,0.767467211718617,0.8016296612581839,0.9473927670311186,0.9880400224826125,0.9677163947568655,38.21563417460426,12.31594051860933,0.18183347350714887,103.46862580627203,thyroid nodule,0.5859375
1108,,,,,,,580,1024,[],0.7195652395359023,0.5619694667419789,0.9964874167701162,0.5630848943802311,0.9994684825068841,0.7812766884435576,147.1257963574209,54.216754693462406,-0.4349302510960542,103.5831980407238,thyroid nodule,0.75390625
111,,,,,,,602,460,[],0.5164386598677604,0.34810738585418166,0.9568915522907404,0.35365352671155803,0.9959625768898264,0.6748080518006923,105.0,50.59565430536918,-0.630414203297194,104.06265803612769,thyroid nodule,0.6171875
1110,,,,,,,578,1024,[],0.36985083044707484,0.22688158688478052,0.9926256549582767,0.22726464890610837,0.9996036199925731,0.6134341344493407,101.01188002363892,33.83749225669284,-0.7710469724705422,103.99072687141597,thyroid nodule,0.7421875
1120,,,,,,,467,1024,[],0.46905241800926356,0.3063804558215774,1.0,0.3063804558215774,1.0,0.6531902279107887,150.33296378372907,51.375432712908754,-0.6936195441784225,106.06710496358573,thyroid nodule,0.5625
1122,,,,,,,465,1024,[],0.3531440185432581,0.21443527698814394,0.8216790648246546,0.22490146744426184,0.9917624158998137,0.6083319416720377,176.35583439987406,61.034692815958216,-0.7262903765325267,103.81870297715068,thyroid nodule,0.474609375
1124,,,,,,,522,1024,[],0.12908285032390043,0.06899442358858476,1.0,0.06899442358858476,1.0,0.5344972117942923,317.60875478077975,140.77181304737482,-0.9310055764114152,104.48348498903215,thyroid nodule,0.61328125
1125,,,,,,,522,1024,[],0.14883380877466693,0.0804000253894817,0.37032224532224534,0.09313192872956612,0.9529652699085948,0.5230485993190804,170.1763790894612,69.10195704284929,-0.7485111145604418,104.5547560788691,thyroid nodule,0.59765625
1126,,,,,,,465,1024,[],0.0,0.0,0.0,0.0,0.9812547619047619,0.49062738095238095,341.74604179304436,164.27073723533528,-0.8598112535612535,104.60449801757932,thyroid nodule,0.59765625
1128,,,,,,,521,1024,[],0.5403318971961346,0.3701744911450865,0.9461659288876196,0.37813879166032566,0.9976483357452967,0.6878935637028112,63.08525519575107,19.305208955384597,-0.6003462182316238,106.09882487915456,thyroid nodule,0.69140625
113,,,,,,,660,502,[],0.06452843518191452,0.03333990349167415,1.0,0.03333990349167415,1.0,0.5166699517458371,225.12662781128486,156.0720680946057,-0.9666600965083259,103.92526490613818,thyroid nodule,0.478515625
1130,,,,,,,581,1024,[],0.7020435306170133,0.5408837254386086,0.9991431019708654,0.5411347468604321,0.9998513017752793,0.7704930243178556,149.0385855984492,67.39048265994138,-0.4584011581594132,104.82586198486388,thyroid nodule,0.73828125
1132,,,,,,,581,1024,[],0.06945006993611241,0.03597424177152161,1.0,0.03597424177152161,1.0,0.5179871208857608,277.94630649185297,185.90758020306038,-0.9640257582284784,104.55143707804382,thyroid nodule,0.7890625
1134,,,,,,,447,494,[],0.0,0.0,0.0,0.0,0.9606201876971346,0.4803100938485673,278.8478667770449,147.31276017616722,-0.8242497711585562,103.03952801041305,thyroid nodule,0.71484375
1136,,,,,,,447,578,[],0.0,0.0,0.0,0.0,0.9615361657932121,0.48076808289660605,218.0,148.09219524942523,0.3681528662420382,102.84574492834508,thyroid nodule,0.66015625
1141,,,,,,,490,962,[],0.0,0.0,0.0,0.0,0.9760416000681968,0.4880208000340984,249.31633841288416,177.77813562084862,4.228837209302325,103.29871415160596,thyroid nodule,0.57421875
1142,,,,,,,609,1246,[],0.007578916021441334,0.0038038726263162222,1.0,0.0038038726263162222,1.0,0.5019019363131582,212.69648942853863,128.42647241642015,-0.9961961273736838,105.5451650172472,thyroid nodule,0.42578125
1144,,,,,,,546,922,[],0.0,0.0,0.0,0.0,0.9535530349789034,0.4767765174894517,353.9629921561248,218.4229981421466,1.4794209787188073,104.27203099243343,thyroid nodule,0.55078125
1148,,,,,,,500,720,[],0.4372615940574182,0.27980472764645425,0.971107544141252,0.2821535910457042,0.9995245111563771,0.6408390511010407,28.29840896642823,9.55447078058053,-0.7094517566587211,103.2553119584918,thyroid nodule,0.63671875
1150,,,,,,,512,846,[],0.0,0.0,0.0,0.0,0.8928861881020574,0.4464430940510287,238.07078624230283,139.81976598203568,0.13950239131602987,103.97979686968029,thyroid nodule,0.5859375
1152,,,,,,,499,560,[],0.40156813277187253,0.25122630560928433,1.0,0.25122630560928433,1.0,0.6256131528046421,121.16517651536682,66.59259252860274,-0.7487736943907156,103.62039902247488,thyroid nodule,0.6953125
1156,,,,,,,500,720,[],0.5690921753195696,0.3977140703990957,0.9640003044371718,0.4037100784088736,0.9968175151050287,0.7002637967569512,100.89226907227501,39.29320870934887,-0.5812137438643463,102.8262849431485,thyroid nodule,0.7734375
1158,,,,,,,500,504,[],0.23381689885628404,0.13238542408478074,1.0,0.13238542408478074,1.0,0.5661927120423904,146.7501262944582,87.75113258131528,-0.8676145759152193,102.71690296940506,thyroid nodule,0.5703125
1160,,,,,,,500,720,[],0.0,0.0,0.0,0.0,0.9406641548030918,0.4703320774015459,225.41073621280776,117.44259450698738,-0.45603976614793684,102.7776941191405,thyroid nodule,0.6640625
1162,,,,,,,500,720,[],0.0,0.0,0.0,0.0,0.92874945997142,0.46437472998571,403.02152545999905,165.59375766437148,-0.8561942450868603,103.79683296196163,thyroid nodule,0.5859375
1164,,,,,,,500,720,[],0.0,0.0,0.0,0.0,0.9765810968138191,0.48829054840690955,293.8322630887356,163.8633225039429,-0.7659347036007697,104.60675694048405,thyroid nodule,0.703125
1168,,,,,,,500,720,[],0.0,0.0,0.0,0.0,0.970361452261952,0.485180726130976,273.01427887961887,136.13696353996409,-0.6073534649938656,103.75572205521166,thyroid nodule,0.76953125
117,,,,,,,600,654,[],0.0,0.0,0.0,0.0,0.9836819634274053,0.49184098171370266,185.15398996510984,101.24353318288962,-0.6959979989994998,103.99899608455598,thyroid nodule,0.67578125
1172,,,,,,,500,720,[],0.1368081811459743,0.0734267828795639,1.0,0.0734267828795639,1.0,0.5367133914397819,144.0,99.52075024158097,-0.926573217120436,103.77140203490853,thyroid nodule,0.458984375
1174,,,,,,,499,630,[],0.8588539622147738,0.7526240584260941,1.0,0.7526240584260941,1.0,0.8763120292130471,37.21558813185679,23.176287133560844,-0.24737594157390583,103.69788995012641,thyroid nodule,0.80078125
1176,,,,,,,500,720,[],0.0,0.0,0.0,0.0,0.9458089155198525,0.47290445775992623,428.18844554059166,159.80457014741697,-0.8625921961088577,103.81437302567065,thyroid nodule,0.482421875
1181,,,,,,,500,720,[],0.0,0.0,0.0,0.0,0.9772233585198657,0.4886116792599329,282.0549479113462,158.7582005041616,-0.7400613729614178,101.82124585844576,thyroid nodule,0.73828125
1182,,,,,,,500,720,[],0.0,0.0,0.0,0.0,0.9730280924687084,0.4865140462343542,218.35926298768828,144.51117626413057,2.171277997364954,103.92519482411444,thyroid nodule,0.6640625
1184,,,,,,,500,720,[],0.0,0.0,0.0,0.0,0.96798612590136,0.48399306295068,191.00117800239855,94.53768276857649,-0.6641557612511969,103.86786400340497,thyroid nodule,0.72265625
1186,,,,,,,500,720,[],0.37589226008117815,0.23144539665820846,0.9992971721514801,0.23148307763029363,0.9999334851437112,0.6157082813870024,291.4947683913542,83.95251086776881,-0.7683541151908675,102.72533306851983,thyroid nodule,0.578125
1188,,,,,,,428,852,[],0.0,0.0,0.0,0.0,0.8964316599798687,0.44821582998993437,347.55862814782773,222.61294080301815,2.051290618995907,101.47301899269223,thyroid nodule,0.72265625
1190,,,,,,,500,720,[],0.0,0.0,0.0,0.0,0.9806168387445018,0.4903084193722509,187.23674687996777,122.33068669814116,-0.42338571916638196,104.5241360552609,thyroid nodule,0.65625
1192,,,,,,,500,720,[],0.02064465029787527,0.01042998686465374,0.041344827586206896,0.0137569415760246,0.8981066103707613,0.45593177597339296,364.88118762340326,126.57055817911335,-0.6672632979944009,102.76933293789625,thyroid nodule,0.55078125
1194,,,,,,,500,720,[],0.0,0.0,0.0,0.0,0.9779816091821864,0.4889908045910932,185.05404615949362,102.38425949957204,-0.36741266826327523,100.86633800528944,thyroid nodule,0.703125
1196,,,,,,,500,720,[],0.0,0.0,0.0,0.0,0.9725131124678686,0.4862565562339343,486.13861100481705,263.0950689377211,-0.9054239086187968,102.77953301556408,thyroid nodule,0.578125
12,,,,,,,603,573,[],0.38607690720231136,0.23921642172741842,0.9783154371775206,0.24049157568174417,0.9989170404212051,0.6197043080514746,173.62573585663768,46.15535807768741,-0.7541778790943215,102.67202206887305,thyroid nodule,0.7265625
1200,,,,,,,500,504,[],0.18636145547971708,0.10275556617540386,1.0,0.10275556617540386,1.0,0.5513777830877019,129.87589898975375,52.21091280528223,-0.8972444338245962,102.36954712308943,thyroid nodule,0.72265625
1202,,,,,,,499,630,[],0.0004534804625500718,0.00022679165406713032,0.002718622564567286,0.0002473716759431045,0.95949390384173,0.47987063775883654,363.79300433016886,182.5501868632459,-0.9090084518655948,102.17091301456094,thyroid nodule,0.66015625
1206,,,,,,,485,852,[],0.0,0.0,0.0,0.0,0.9526271144154483,0.47631355720772417,345.8996816569304,222.06861524886995,0.5312903225806451,103.75620191916823,thyroid nodule,0.609375
121,,,,,,,660,502,[],0.00030395136778115504,0.0001519987840097279,0.0007197351374694113,0.00019265595499556892,0.9772666987591979,0.48872967735709677,198.11612756158948,94.14436342563761,-0.7323238161291565,103.39263500645757,thyroid nodule,0.671875
1210,,,,,,,500,720,[],0.0,0.0,0.0,0.0,0.9679252960084632,0.4839626480042316,419.4755168695002,228.37263924965728,-0.9309901076774928,103.47655694931746,thyroid nodule,0.70703125
1212,,,,,,,500,504,[],0.14016090159204317,0.07536184270565259,1.0,0.07536184270565259,1.0,0.5376809213528263,135.89846624323667,52.674202059754364,-0.9246381572943474,103.62635017372668,thyroid nodule,0.66796875
1216,,,,,,,500,720,[],0.0,0.0,0.0,0.0,0.8656996981210224,0.4328498490605112,320.23815563728215,196.76090863597997,-0.6903568214790737,103.01221814006567,thyroid nodule,0.53125
1218,,,,,,,500,720,[],0.0,0.0,0.0,0.0,0.9781866789691904,0.4890933394845952,182.4636950190366,90.36768159582152,-0.6625491810778662,104.54141604714096,thyroid nodule,0.58203125
1220,,,,,,,499,630,[],0.0,0.0,0.0,0.0,0.9784590583134137,0.48922952915670687,360.5141767280273,183.8796596146888,-0.9527928366936712,105.36648100242019,thyroid nodule,0.59375
1222,,,,,,,500,720,[],0.0,0.0,0.0,0.0,0.9791218455302613,0.48956092276513063,244.27371829862895,135.20323084124303,-0.7813505847860034,102.38165594637394,thyroid nodule,0.41796875
1224,,,,,,,485,852,[],0.0,0.0,0.0,0.0,0.9737048293483848,0.4868524146741924,159.14646715505478,101.4307733616916,-0.15438934360455786,104.41144392825663,thyroid nodule,0.65234375
1226,,,,,,,500,720,[],0.9268897149938042,0.8637413394919169,0.9864603481624759,0.8741040822686195,0.9997822287333631,0.9369431555009913,9.433981132056603,2.881110826632501,-0.11389841071985042,103.91554492525756,thyroid nodule,0.578125
1228,,,,,,,499,630,[],0.07776571720876845,0.04045589962938683,0.8836121349588886,0.04067263520567968,0.9949044823177468,0.5177885587617133,324.5544081012822,175.56549920441807,-0.9539700354980163,100.54520308040082,thyroid nodule,0.466796875
1232,,,,,,,500,762,[],0.0,0.0,0.0,0.0,0.9603734458090006,0.4801867229045003,334.12572240747744,192.2228964045367,-0.6628147852347318,102.64259111136198,thyroid nodule,0.73828125
1236,,,,,,,500,720,[],0.0,0.0,0.0,0.0,0.9622292056224272,0.4811146028112136,396.77139042669154,195.37871154679775,-0.8649902157615187,103.8082530722022,thyroid nodule,0.671875
1238,,,,,,,500,720,[],0.0,0.0,0.0,0.0,0.9754569750948154,0.4877284875474077,330.7808925773911,148.38930473896488,-0.8815484956869346,102.84780501388013,thyroid nodule,0.6875
1241,,,,,,,499,560,[],0.14839195034794056,0.08014220416455053,1.0,0.08014220416455053,1.0,0.5400711020822753,185.23417462147353,100.06609323266805,-0.9198577958354495,101.20837506838143,thyroid nodule,0.78515625
1243,,,,,,,500,720,[],0.9616996022297741,0.9262248230811105,0.9791534787362606,0.9448570754258583,0.9949682083835413,0.9699126419046997,59.95914679780797,16.74742651962385,-0.03502658577556885,99.57842505536973,thyroid nodule,0.8046875
1244,,,,,,,415,1024,[],0.0,0.0,0.0,0.0,0.9876457173342048,0.4938228586671024,305.2208090861157,219.6981068532649,-0.417714350436063,104.33854209259152,thyroid nodule,0.65625
1248,,,,,,,440,490,[],0.8218333054206443,0.6975526546471131,1.0,0.6975526546471131,1.0,0.8487763273235566,130.63919757772203,62.65797800464318,-0.3024473453528868,101.1879041325301,thyroid nodule,0.82421875
125,,,,,,,342,614,[],0.8865579638099026,0.7962318064112868,0.8897425663540212,0.8833960768773529,0.9944720701972045,0.9389340735372786,42.188267799320876,15.287246284157384,-0.007132950267485635,100.21433606743813,thyroid nodule,0.703125
1250,,,,,,,579,1024,[],0.4771704505233352,0.313344622638377,1.0,0.313344622638377,1.0,0.6566723113191885,108.0,67.31876961457733,-0.686655377361623,102.32589510269463,thyroid nodule,0.75
1252,,,,,,,414,1024,[],0.0,0.0,0.0,0.0,1.0,0.5,1103.2216459080198,1103.2216459080198,-1.0,103.65614015609026,thyroid nodule,0.59375
1256,,,,,,,578,1024,[],0.0002646319410752878,0.00013233348037053374,0.00040064102564102563,0.00019756338491932828,0.9870206888658839,0.4936091261254016,171.5091805384055,79.2098346697357,-0.5068817912413566,103.80587307736278,thyroid nodule,0.703125
1258,,,,,,,434,622,[],0.0,0.0,0.0,0.0,0.9755745343366765,0.48778726716833826,215.61645060612753,168.9212217299805,0.6088679712657914,103.01670804619789,thyroid nodule,0.640625
1264,,,,,,,425,365,[],0.0,0.0,0.0,0.0,0.9669127968087954,0.4834563984043977,118.98019691122302,79.47748190474631,1.5936540429887411,101.85422701761127,thyroid nodule,0.77734375
1266,,,,,,,425,365,[],0.0,0.0,0.0,0.0,0.9382958576536597,0.4691479288268299,147.8402694296119,75.23595006867936,-0.35846006906178823,101.89418704248965,thyroid nodule,0.75
1268,,,,,,,508,772,[],0.0,0.0,0.0,0.0,0.9605203021430886,0.4802601510715443,341.78574849823,217.71041729753983,-0.5425132402503611,102.83158486708999,thyroid nodule,0.435546875
127,,,,,,,239,420,[],0.0,0.0,0.0,0.0,0.9647081464375065,0.48235407321875323,257.522393458834,116.15692637992521,-0.9273812787474489,101.45810898393393,thyroid nodule,0.482421875
1270,,,,,,,508,772,[],0.0,0.0,0.0,0.0,0.9667054780758471,0.48335273903792353,267.054675972498,187.33458612165856,2.2523905385002516,102.9071060474962,thyroid nodule,0.63671875
1273,,,,,,,512,676,[],0.0,0.0,0.0,0.0,0.97085986147065,0.485429930735325,179.46796307276986,114.35772478887955,2.2454545454545456,102.67344187013805,thyroid nodule,0.67578125
1274,,,,,,,501,698,[],0.8438490221220026,0.7298778777757948,0.9998952184694911,0.7299337072921979,0.9999903374796282,0.864962022385913,85.28166606508151,27.214052060558423,-0.2699898011218766,103.55832800269127,thyroid nodule,0.71875
1276,,,,,,,508,772,[],0.80778798801848,0.6775539752161138,0.9998952616364322,0.6776020668900119,0.9999844591150399,0.8387932630025259,92.89779034060852,23.753306731975528,-0.322326954744194,102.5822798255831,thyroid nodule,0.80859375
1277,,,,,,,564,624,[],0.0,0.0,0.0,0.0,0.9633381727544872,0.4816690863772436,273.0175760226917,134.89454511509263,-0.7188946901783075,103.17806107923388,thyroid nodule,0.63671875
1279,,,,,,,564,624,[],0.0,0.0,0.0,0.0,0.9687298859737699,0.4843649429868849,237.96301043621003,164.9219957732161,-0.20019634496299651,102.50307898968458,thyroid nodule,0.73046875
1282,,,,,,,564,624,[],0.0,0.0,0.0,0.0,0.9809889986367186,0.4904944993183593,303.63133714839694,254.88105593136913,0.32476400883711587,103.88949397020042,thyroid nodule,0.66796875
1283,,,,,,,571,681,[],0.5245416078984485,0.3555109454163082,0.4696300037883571,0.5939945695575787,0.9776791052509904,0.7858368374042846,148.3096022283408,42.087755322554976,0.2648139274876218,102.20352304168046,thyroid nodule,0.53515625
1285,,,,,,,564,712,[],0.0,0.0,0.0,0.0,0.9332910124337731,0.46664550621688655,247.13553547558195,145.55908407048952,-0.11778250088558272,103.57231786474586,thyroid nodule,0.498046875
1287,,,,,,,564,712,[],0.0,0.0,0.0,0.0,0.9800166149448651,0.49000830747243257,216.70001647154592,162.9778722237358,0.42877775771799964,103.42124593444169,thyroid nodule,0.71484375
1289,,,,,,,485,680,[],0.7824620573355818,0.6426592797783933,0.9866342648845686,0.6483033932135729,0.9995806461861041,0.8239420196998385,31.21212873162328,11.992733987716369,-0.34291417165668664,101.90036706626415,thyroid nodule,0.58203125
129,,,,,,,499,720,[],0.0,0.0,0.0,0.0,0.9733431453802406,0.4866715726901203,468.9764687925302,230.0217854430794,-0.9059633027522935,100.9381499607116,thyroid nodule,0.625
1291,,,,,,,564,624,[],0.003928196227104554,0.0019679633867276886,0.005157730598536644,0.0031720271466509297,0.9754890951001832,0.48933056112341705,141.94855741073127,70.98648364390245,-0.38499557391560935,103.81093295291066,thyroid nodule,0.64453125
1295,,,,,,,552,712,[],0.0,0.0,0.0,0.0,0.9706798814668217,0.48533994073341086,210.57727390632374,148.11601958089685,-0.1460217691246359,102.83815511502326,thyroid nodule,0.73046875
1296,,,,,,,692,991,[],0.0,0.0,0.0,0.0,0.9488430226265544,0.4744215113132772,227.10679179689177,114.51130922036178,2.0537215682803787,102.725193137303,thyroid nodule,0.8203125
1298,,,,,,,564,712,[],0.01362993442201363,0.006861729673744174,0.011432269197584125,0.01687360713148679,0.9768117261931867,0.49684266666233673,110.1410431347266,52.34279741607282,0.4759630690862783,104.01706607080996,thyroid nodule,0.69921875
1300,,,,,,,616,772,[],0.0,0.0,0.0,0.0,0.9583100573548539,0.47915502867742693,214.8529692801448,111.56027441204975,1.9888413329257109,103.1947520095855,thyroid nodule,0.7109375
1302,,,,,,,564,624,[],0.0,0.0,0.0,0.0,0.9412287317312856,0.4706143658656428,342.0573781287219,171.1479928043681,9.919851380042463,104.01852591894567,thyroid nodule,0.609375
1304,,,,,,,616,936,[],0.0,0.0,0.0,0.0,0.9421675673281361,0.47108378366406806,390.87798585596215,214.05659219313083,-0.09832527624309392,104.95084384456277,thyroid nodule,0.5703125
1306,,,,,,,564,712,[],0.0030269381040509973,0.0015157631125866002,0.8761904761904762,0.001516087834219091,0.9999072101297988,0.5007116489820089,153.94368702737617,55.21576020192946,-0.9982696823631195,104.0811981074512,thyroid nodule,0.7109375
1309,,,,,,,693,866,[],0.0,0.0,0.0,0.0,0.9761909657256821,0.48809548286284105,166.0203299113622,105.59665137676882,-0.15751182248090215,107.05821309238672,thyroid nodule,0.44921875
1311,,,,,,,564,624,[],0.0,0.0,0.0,0.0,0.9611692967404587,0.48058464837022935,343.23860675036974,217.3814310935013,-0.6115436325547947,103.41793508268893,thyroid nodule,0.7265625
1314,,,,,,,565,833,[],0.0,0.0,0.0,0.0,0.9638306537633574,0.4819153268816787,353.17417655275335,269.5182068229265,1.5516874429917908,103.99456694722176,thyroid nodule,0.77734375
1315,,,,,,,565,833,[],0.0,0.0,0.0,0.0,0.9960576042922267,0.49802880214611334,287.265990972238,173.29573285861636,-0.9405920311379699,104.40354398451746,thyroid nodule,0.59765625
1317,,,,,,,548,772,[],0.0,0.0,0.0,0.0,0.9731960333080278,0.4865980166540139,312.693935501399,239.56240797488923,2.9422471123556178,103.1004898250103,thyroid nodule,0.68359375
1319,,,,,,,693,866,[],0.9139969022580908,0.841615373067107,0.9687229998271989,0.8651234567901235,0.9993834918883201,0.9322534743392218,15.782666940383702,4.941190006761692,-0.10694444444444444,105.02413590438664,thyroid nodule,0.5
1325,,,,,,,616,680,[],0.0,0.0,0.0,0.0,0.9731157585419988,0.4865578792709994,205.80488310278014,139.2234638679344,2.6983129341713528,103.94906508736312,thyroid nodule,0.78125
1329,,,,,,,564,712,[],0.0,0.0,0.0,0.0,0.9593954248366013,0.47969771241830067,275.27640650071714,142.14876773990278,-0.30373282718727407,104.76994095370173,thyroid nodule,0.54296875
133,,,,,,,499,630,[],0.10158988164778789,0.053513137475250175,1.0,0.053513137475250175,1.0,0.5267565687376251,343.82301585997806,165.03788213542236,-0.9464868625247498,103.74174104072154,thyroid nodule,0.7578125
1331,,,,,,,564,712,[],0.9008882881143189,0.8196512496156718,0.9147549019607844,0.8874357998858665,0.9954301781678667,0.9414329890268667,16.64331697709324,7.336385937393587,-0.02986494198211908,103.54268806986511,thyroid nodule,0.54296875
1333,,,,,,,616,772,[],0.0,0.0,0.0,0.0,0.965971855592943,0.4829859277964715,318.6749123459397,237.91524695790747,3.1014566828520316,104.66552921570837,thyroid nodule,0.6015625
1335,,,,,,,430,824,[],0.0,0.0,0.0,0.0,0.9620076206388039,0.4810038103194019,297.8323301394815,178.99432980917533,4.615707685846283,104.43408391438425,thyroid nodule,0.5703125
1338,,,,,,,565,833,[],0.0,0.0,0.0,0.0,0.942763528277427,0.4713817641387135,185.31594359828,117.00182155463305,2.768105651803465,104.41914410330355,thyroid nodule,0.48828125
1339,,,,,,,446,712,[],0.9168245946515056,0.8464230171073095,0.9762331838565023,0.8642318380309647,0.9998317636565058,0.9320318008437353,4.123105625617661,2.0300854989705113,-0.1147280666931322,103.32097415812314,thyroid nodule,0.494140625
1345,,,,,,,616,680,[],0.0,0.0,0.0,0.0,0.9480956734532993,0.47404783672664963,299.66814800878853,154.50224484015425,-0.6459274750718901,103.36063499562442,thyroid nodule,0.68359375
1349,,,,,,,428,856,[],0.0,0.0,0.0,0.0,0.95421854103169,0.477109270515845,356.36974060264606,231.69497335299485,-0.11031790295593977,103.92165486700833,thyroid nodule,0.66796875
135,,,,,,,499,630,[],0.07027080855949529,0.0364148549294834,1.0,0.0364148549294834,1.0,0.5182074274647417,345.7751384929425,172.418838511119,-0.9635851450705166,103.26716303825378,thyroid nodule,0.52734375
1354,,,,,,,564,712,[],0.0060332939322301025,0.0030257746600634793,1.0,0.0030257746600634793,1.0,0.5015128873300317,142.34386584308717,67.83642078688807,-0.9969742253399365,103.7918129004538,thyroid nodule,0.55078125
1356,,,,,,,407,712,[],0.0,0.0,0.0,0.0,0.9780261565517518,0.4890130782758759,165.3438834349738,82.69794275536063,-0.6307673404189962,103.07936882600188,thyroid nodule,0.67578125
1359,,,,,,,506,837,[],0.0009028357249360492,0.0004516217325851923,0.0034150884818379386,0.0005201765447667088,0.973256091668009,0.4868881341063878,283.8599880548154,136.32377105660638,-0.8476828499369483,102.44827787391841,thyroid nodule,0.6796875
1360,,,,,,,589,998,[],0.4754235582068045,0.31183976426109195,0.9342661419618131,0.31883522464844277,0.992938797694429,0.6558870111714359,116.0,49.93134532438041,-0.6587319069714562,104.79937097989023,thyroid nodule,0.65625
1363,,,,,,,588,859,[],0.795173094471033,0.6599894896287366,1.0,0.6599894896287366,1.0,0.8299947448143683,74.30881430975025,41.0133040177675,-0.3400105103712634,104.85946293920279,thyroid nodule,0.8515625
1366,,,,,,,586,857,[],0.7893934887551762,0.652064466383442,1.0,0.652064466383442,1.0,0.8260322331917209,60.375905116268235,36.3145467733972,-0.34793553361655805,102.57889097556472,thyroid nodule,0.890625
137,,,,,,,483,852,[],0.5992761186948448,0.4278331559082551,0.9645662419270379,0.43466462155625035,0.99774859078974,0.7162066061729951,82.1023356168841,35.16070271248338,-0.5493677855780387,104.52655586414039,thyroid nodule,0.66796875
1370,,,,,,,668,836,[],0.8691625932378262,0.7686008510511004,1.0,0.7686008510511004,1.0,0.8843004255255502,42.15447781671598,24.79042791042649,-0.23139914894889954,103.65383001044393,thyroid nodule,0.87109375
1372,,,,,,,566,797,[],0.9684727883001678,0.9388727484020918,0.9930076615271158,0.9451210793807598,0.9986316343684271,0.9718763568745934,16.492422502470642,5.030052173583091,-0.04822377913249191,102.88303601555526,thyroid nodule,0.85546875
1376,,,,,,,565,631,[],0.2134345849153893,0.11946642597762432,1.0,0.11946642597762432,1.0,0.5597332129888122,152.0,107.15065917816567,-0.8805335740223756,103.13407983630896,thyroid nodule,0.74609375
1380,,,,,,,574,797,[],0.8351093620484942,0.7168993679244073,0.9998390701832812,0.7169820998102272,0.9999762839600517,0.8584791918851394,97.87540916877539,28.584180609199148,-0.28290249782017746,103.99745614267886,thyroid nodule,0.8359375
1382,,,,,,,574,797,[],0.8581779747351264,0.7515864607148832,0.9994364442598882,0.7519051178774253,0.9998966973040715,0.8759009075907485,90.80334565019042,27.022282539286227,-0.24767090274136142,102.75547299534082,thyroid nodule,0.81640625
1386,,,,,,,574,797,[],0.0,0.0,0.0,0.0,0.9870975295115573,0.49354876475577864,153.01111065743868,111.05323173109714,0.22350230414746544,103.8958749268204,thyroid nodule,0.6953125
1388,,,,,,,466,856,[],2.98538653292135e-05,1.4927155481251493e-05,0.00012683916793505834,1.6917897443705695e-05,0.9768001718723789,0.4884085448849113,275.82639450235905,118.31229316291409,-0.8666192965538243,104.64366897940636,thyroid nodule,0.474609375
1390,,,,,,,678,1024,[],0.4650861699391237,0.30300474256634846,1.0,0.30300474256634846,1.0,0.6515023712831742,124.63185500602134,57.105491511491216,-0.6969952574336515,104.21345988288522,thyroid nodule,0.7265625
1392,,,,,,,574,779,[],0.0,0.0,0.0,0.0,0.9743953753470144,0.4871976876735072,506.490374581007,240.52426480868894,-0.9257589367472769,103.26177207753062,thyroid nodule,0.6484375
1394,,,,,,,512,846,[],0.0,0.0,0.0,0.0,0.9661665591801734,0.4830832795900867,251.39417934730264,186.3131540399232,0.45504419384334044,104.37639406882226,thyroid nodule,0.71875
1396,,,,,,,499,630,[],0.49288758921490883,0.327041026062649,0.9929605591612581,0.32780103503972047,0.9994442167003027,0.6636226258700115,112.60550608207397,40.786213140998754,-0.669875070046478,103.53121696971357,thyroid nodule,0.69921875
1398,,,,,,,577,727,[],0.0,0.0,0.0,0.0,0.9858449645280691,0.49292248226403457,260.6702857659934,221.15315791417774,0.3044636908727515,103.2484530005604,thyroid nodule,0.625
140,,,,,,,499,630,[],0.5093744298130455,0.34171856434017805,1.0,0.34171856434017805,1.0,0.670859282170089,148.0,75.13724295212808,-0.658281435659822,103.904735064134,thyroid nodule,0.73828125
1400,,,,,,,500,504,[],0.0,0.0,0.0,0.0,1.0,0.5,708.5266402895519,708.5266402895519,-1.0,102.88560600019991,thyroid nodule,0.4375
1406,,,,,,,577,731,[],0.42201002746214505,0.26743517690637375,0.9758797483104171,0.26921469671156256,0.9994701518897916,0.6343424243006771,34.23010211960639,8.612738395101617,-0.72413128033688,102.4057068862021,thyroid nodule,0.6796875
1408,,,,,,,512,846,[],0.8414103148529481,0.7262366700132961,0.7566650646009443,0.9475323939672874,0.9787432144744707,0.963137804220879,89.7493016705289,17.910782394674147,0.2522481059265029,103.75320189632475,thyroid nodule,0.609375
1410,,,,,,,689,764,[],0.0,0.0,0.0,0.0,1.0,0.5,1027.3816233513232,1027.3816233513232,-1.0,106.22470686212182,thyroid nodule,0.5078125
1413,,,,,,,693,952,[],0.029457710332515062,0.014949037372593432,0.47725682295311406,0.015197884478250535,0.995732339005774,0.5054651117420123,99.92997548283498,37.51075447789363,-0.968155752317566,105.77456909231842,thyroid nodule,0.60546875
1415,,,,,,,532,810,[],0.0,0.0,0.0,0.0,0.9765639840435636,0.4882819920217818,294.3586238493567,152.9357789983277,-0.8288043478260869,103.44817605800927,thyroid nodule,0.69921875
1417,,,,,,,593,807,[],0.6586930239855293,0.491082977845053,0.9987126745585313,0.4913940295219211,0.9998866791319622,0.7456403543269416,102.45096237340779,28.505591073812937,-0.5079725710508922,103.70079101994634,thyroid nodule,0.83984375
1419,,,,,,,562,617,[],0.9549338672833413,0.9137544863318672,0.9943909315165042,0.9184885802636575,0.9986008453531218,0.9585447128083897,20.518284528683193,6.339242133548134,-0.07633049422231866,101.08549217693508,thyroid nodule,0.90234375
142,,,,,,,512,846,[],0.0,0.0,0.0,0.0,0.9744140763797098,0.4872070381898549,427.84780777044443,199.50101388680426,-0.8893641604287277,103.26860193163157,thyroid nodule,0.6875
1421,,,,,,,710,842,[],0.5636623511134128,0.3924302559014237,1.0,0.3924302559014237,1.0,0.6962151279507118,176.20528643099235,80.75255780179312,-0.6075697440985762,104.93665398098528,thyroid nodule,0.80078125
1423,,,,,,,514,629,[],0.0,0.0,0.0,0.0,0.9250419009727291,0.46252095048636455,326.3473529960765,229.82498636664835,4.83443062667642,103.94895495846868,thyroid nodule,0.765625
1426,,,,,,,664,838,[],0.0,0.0,0.0,0.0,0.9728273986613234,0.4864136993306617,555.8907486294643,271.31073663690415,-0.9175769612711023,104.13983906619251,thyroid nodule,0.65234375
1428,,,,,,,516,689,[],0.8363401019335005,0.7187152391546162,0.7897631779984721,0.8887551581843192,0.9960652887551901,0.9424102234697547,13.992320643162257,7.0791775434548345,0.12534387895460797,103.11216907575727,thyroid nodule,0.5390625
1430,,,,,,,504,696,[],0.0,0.0,0.0,0.0,0.9104481914651338,0.4552240957325669,230.78992235339055,131.46763955742256,6.963086388105614,103.04769803769886,thyroid nodule,0.87109375
1432,,,,,,,664,837,[],0.7229917886469118,0.5661606418966144,0.9999382784628869,0.5661804278994346,0.9999878845739126,0.7830841562366736,140.32032663672845,39.58145225273349,-0.43378462441724736,104.14842888712883,thyroid nodule,0.83203125
1434,,,,,,,587,860,[],0.10631814527073742,0.05614361515120373,1.0,0.05614361515120373,1.0,0.5280718075756019,402.9195940651856,180.1457919280017,-0.9438563848487963,104.48056599125266,thyroid nodule,0.53125
1436,,,,,,,586,857,[],0.7211014822181181,0.5638457408401681,0.9992781441742954,0.5640754940638254,0.9999509159748422,0.7820132050193338,86.7657446403881,30.733508091136496,-0.43551703061621383,106.21656710281968,thyroid nodule,0.66015625
1438,,,,,,,588,858,[],0.0,0.0,0.0,0.0,0.9825224971591663,0.49126124857958314,207.91704547963522,132.13759259653852,-0.4022050101179262,105.64750689081848,thyroid nodule,0.703125
1439,,,,,,,665,858,[],0.018592930600013623,0.009383700546523219,0.019048283561261512,0.018158839962751097,0.9746929091904035,0.49642587457657733,138.00362314084367,72.89168045717895,-0.04669415990421711,106.25853785313666,thyroid nodule,0.73828125
144,,,,,,,574,797,[],0.0,0.0,0.0,0.0,0.9787823486730722,0.4893911743365361,420.9298478009496,242.559796110829,-0.8196224220648404,105.42472312226892,thyroid nodule,0.62890625
1443,,,,,,,596,777,[],0.6924743240143735,0.5296066736833899,1.0,0.5296066736833899,1.0,0.7648033368416949,130.89288741308357,43.43145293885785,-0.4703933263166101,105.66505719907582,thyroid nodule,0.78125
1445,,,,,,,435,876,[],0.0,0.0,0.0,0.0,0.9769267232133636,0.4884633616066818,195.08946647233353,133.18549691695048,1.5350596450392784,104.41367421299219,thyroid nodule,0.6953125
1451,,,,,,,702,996,[],0.5053909929547312,0.3381426115943539,0.999230414037248,0.33823069709284154,0.9999848669196918,0.6691077820062666,112.0,43.50556953415946,-0.6615088048348442,105.82550009712577,thyroid nodule,0.53515625
1453,,,,,,,581,859,[],0.0,0.0,0.0,0.0,0.9770585858423411,0.48852929292117053,131.52104664681335,63.52584842226617,5.967032967032967,105.5957661010325,thyroid nodule,0.76171875
1457,,,,,,,478,482,[],0.0,0.0,0.0,0.0,0.9819370562392924,0.4909685281196462,117.42657280190033,62.415367457322255,-0.49831397527163734,103.21087203919888,thyroid nodule,0.65625
1459,,,,,,,478,482,[],0.0014023175142076907,0.0007016507256545662,0.0032351438787672398,0.000895170789163722,0.9720133288075307,0.48645424979834717,186.9374226801125,82.12184602730468,-0.7232979976442874,104.57512689754367,thyroid nodule,0.79296875
146,,,,,,,454,706,[],0.16030878347930014,0.08713896225611314,1.0,0.08713896225611314,1.0,0.5435694811280566,233.60409768346932,132.87206219456564,-0.9128610377438868,104.44124392233789,thyroid nodule,0.51953125
1461,,,,,,,693,680,[],0.0,0.0,0.0,0.0,0.9794653875457404,0.4897326937728702,156.11981581660626,102.67636068776096,0.8069877242681776,104.38841301947832,thyroid nodule,0.65625
1467,,,,,,,464,782,[],0.0,0.0,0.0,0.0,0.9630687521673268,0.4815343760836634,407.0904003288166,255.64319334904505,-0.6439798252301918,103.7484419066459,thyroid nodule,0.75390625
147,,,,,,,599,779,[],0.8439526192771403,0.7300328977428493,0.9915598721568871,0.7345977011494252,0.9993571578815517,0.8669774295154884,62.64982043070834,17.853841301689133,-0.2591494252873563,105.14217801392078,thyroid nodule,0.6328125
1470,,,,,,,480,616,[],0.0,0.0,0.0,0.0,0.9653347979948969,0.4826673989974484,180.88228199605044,126.94986029726951,0.24432243573745946,104.12455908954144,thyroid nodule,0.74609375
1471,,,,,,,495,732,[],0.7821330902461258,0.6422155688622755,0.9869287880372268,0.6477249330862672,0.997271874113359,0.8224984035998131,106.18657006752719,30.952799455612865,-0.34369638322695767,102.64920094050467,thyroid nodule,0.765625
1473,,,,,,,451,464,[],0.0009414036569911291,0.00047092349304482225,1.0,0.00047092349304482225,1.0,0.5002354617465224,208.06249061279644,126.30713464019455,-0.9995290765069552,103.78822195343673,thyroid nodule,0.55859375
1478,,,,,,,608,603,[],0.0,0.0,0.0,0.0,0.9717035859903608,0.4858517929951804,256.425037095913,189.032588371056,2.5452979676197036,103.19195105694234,thyroid nodule,0.828125
1479,,,,,,,608,604,[],0.0,0.0,0.0,0.0,0.9731082689783584,0.4865541344891792,228.60062792232588,184.0677569802173,0.4124763154059175,102.64859115704894,thyroid nodule,0.6171875
1480,,,,,,,547,837,[],0.0,0.0,0.0,0.0,0.9764971741339656,0.4882485870669828,130.31481016250558,78.6849452170951,0.1554727730908294,103.73015096411109,thyroid nodule,0.72265625
1482,,,,,,,617,779,[],0.0003525509195703152,0.00017630653830125978,1.0,0.00017630653830125978,1.0,0.5000881532691507,391.33553193100994,218.772815984616,-0.9998236934616987,104.9611340276897,thyroid nodule,0.4921875
1484,,,,,,,470,787,[],0.0,0.0,0.0,0.0,0.9643305291557828,0.4821652645778914,266.36202937439083,148.18263540913924,0.449949330030402,104.90336385555565,thyroid nodule,0.62890625
1486,,,,,,,466,783,[],0.0,0.0,0.0,0.0,0.9727982537150534,0.4863991268575267,250.15715274457648,146.15508889682195,-0.5171385991058122,103.59412804245949,thyroid nodule,0.69140625
1488,,,,,,,541,811,[],0.0,0.0,0.0,0.0,0.9838798878040191,0.49193994390200957,282.52431926086,139.60996808657657,-0.8170457104255798,104.6812201384455,thyroid nodule,0.56640625
1490,,,,,,,619,781,[],0.9668577764556345,0.935841895163929,0.9980110404700924,0.9375905589247664,0.9991387490405362,0.9683646539826514,22.627416997969522,9.636645113141721,-0.060540894935256516,104.94352388195693,thyroid nodule,0.875
1492,,,,,,,547,813,[],0.07172464739599721,0.03719626831258203,0.9150087260034904,0.03732522709798673,0.9983993058180468,0.5178622664580168,166.01280067883027,55.461988978992935,-0.9592077910983284,104.2344500310719,thyroid nodule,0.60546875
1496,,,,,,,548,813,[],0.7353789208638808,0.5815013943672588,0.9925171526586621,0.5840619755983698,0.9990471432042745,0.7915545594013221,102.71020655227409,24.288781399324982,-0.4115346278562146,104.11747894249856,thyroid nodule,0.85546875
1500,,,,,,,598,720,[],0.0,0.0,0.0,0.0,0.9771952651006237,0.48859763255031186,177.43096931203425,129.0006180121498,0.5342530922930543,103.18088089115918,thyroid nodule,0.75390625
1502,,,,,,,525,744,[],0.14329598613182415,0.07717761423550087,0.44522772277227723,0.08538919608677159,0.9784341014619486,0.5319116487743601,16.1245154965971,6.184406247863862,-0.8082123108707541,103.72827108949423,thyroid nodule,0.765625
1508,,,,,,,580,742,[],0.7971170211754415,0.6626721262232621,0.9590445247792065,0.6819712672664855,0.9951476970536491,0.8385594821600673,108.18964830333815,36.746719220179486,-0.2889055203943836,103.64119987934828,thyroid nodule,0.78125
1512,,,,,,,580,858,[],0.10712804119182996,0.05659550330033003,0.9959165154264973,0.056608639587362994,0.9999291923999842,0.5282689159936736,123.82244386275775,64.71551329629365,-0.9431592520954223,104.38448307104409,thyroid nodule,0.625
1514,,,,,,,589,859,[],0.7858884801388831,0.647295134987914,1.0,0.647295134987914,1.0,0.823647567493957,74.99066376115479,34.53657432350086,-0.3527048650120859,104.13357918150723,thyroid nodule,0.67578125
1516,,,,,,,582,858,[],0.0,0.0,0.0,0.0,0.9732288914055619,0.48661444570278095,282.16501164594985,176.083666744254,-0.4335729499467519,104.18821987695992,thyroid nodule,0.7421875
1518,,,,,,,590,998,[],0.0025442710975486027,0.0012737559389847462,0.015633991943218874,0.0013848179771462554,0.9782155100134786,0.48980016399531245,456.532857398715,212.51115296853655,-0.9114226243575039,105.35052209161222,thyroid nodule,0.64453125
1520,,,,,,,588,859,[],0.0,0.0,0.0,0.0,0.9762464019577362,0.4881232009788681,178.93364132070877,105.10708651800961,0.8060088455086167,104.66833901591599,thyroid nodule,0.64453125
1522,,,,,,,587,860,[],0.6189627228525122,0.448186832531393,0.9943240991460113,0.4493364081325301,0.9997642346060339,0.724550321369282,97.51095658454408,31.94169204023489,-0.5480986445783133,106.0422242153436,thyroid nodule,0.5234375
1526,,,,,,,598,736,[],0.04436011447098869,0.022683171272603206,0.20055618401206637,0.024938021251531155,0.9370661026697092,0.4810020619606202,458.6305990332407,152.3989233640005,-0.8756556853413666,104.1221390478313,thyroid nodule,0.64453125
1528,,,,,,,574,833,[],0.7378705266945282,0.5846234814262532,0.9897167464825333,0.5881963596249311,0.9993600066540824,0.7937781831395068,80.83622713163547,27.350040087956174,-0.40569222283508,103.93844498321414,thyroid nodule,0.640625
153,,,,,,,489,712,[],0.0,0.0,0.0,0.0,0.9540937979205262,0.4770468989602631,234.02969886967247,156.11899379460047,0.5989502933004014,104.42489408887923,thyroid nodule,0.66796875
1530,,,,,,,526,623,[],0.0,0.0,0.0,0.0,0.8623755477240141,0.4311877738620071,251.4358765172544,125.51348515528997,0.4073997944501542,101.80434584617615,thyroid nodule,0.765625
1532,,,,,,,537,483,[],0.047474358804251195,0.02431433308869499,1.0,0.02431433308869499,1.0,0.5121571665443475,224.51300675887893,126.04632125012843,-0.975685666911305,102.61864098720253,thyroid nodule,0.65625
1534,,,,,,,537,483,[],0.0,0.0,0.0,0.0,0.907095568190669,0.4535477840953345,219.77486403998358,142.11775887653113,8.207255885758395,102.51173912547529,thyroid nodule,0.6953125
1536,,,,,,,532,545,[],0.0,0.0,0.0,0.0,0.9766101956546906,0.4883050978273453,233.0,129.57442697884198,-0.8032781564427134,102.5170898064971,thyroid nodule,0.61328125
1538,,,,,,,537,483,[],0.0,0.0,0.0,0.0,1.0,0.5,720.8467243457516,720.8467243457516,-1.0,101.96623904630542,thyroid nodule,0.5390625
1540,,,,,,,547,363,[],0.44205081297607596,0.2837389156577722,1.0,0.2837389156577722,1.0,0.6418694578288862,129.29617150695782,74.94574608099185,-0.7162610843422278,101.11351311206818,thyroid nodule,0.46875
1543,,,,,,,537,483,[],0.8877454185031317,0.7981494823859543,1.0,0.7981494823859543,1.0,0.8990747411929771,21.540659228538015,9.001025224865746,-0.20185051761404574,101.41001804731786,thyroid nodule,0.88671875
1545,,,,,,,537,483,[],0.0,0.0,0.0,0.0,0.9760322217704955,0.48801611088524777,257.2663988942202,142.72514885341724,-0.8940150929197065,103.2640419434756,thyroid nodule,0.62109375
155,,,,,,,550,688,[],0.0,0.0,0.0,0.0,0.8810075700612277,0.4405037850306138,269.1115010548602,171.03594290896933,0.7085396541927105,103.08241005986929,thyroid nodule,0.6953125
1551,,,,,,,518,725,[],0.0,0.0,0.0,0.0,0.9153946794592237,0.45769733972961185,214.67766509389492,134.0106934814685,-0.4484222329008489,104.32747309096158,thyroid nodule,0.60546875
1553,,,,,,,538,831,[],0.0,0.0,0.0,0.0,0.9821489579774513,0.49107447898872564,294.17460281489247,163.46199545092188,-0.705978898007034,104.96517387218773,thyroid nodule,0.67578125
1555,,,,,,,607,674,[],0.1778403016149907,0.09759863626256887,1.0,0.09759863626256887,1.0,0.5487993181312845,227.3257390541062,99.82130383626061,-0.9024013637374312,104.2748810723424,thyroid nodule,0.5390625
1557,,,,,,,522,672,[],0.5084450012303975,0.3408825029246783,0.998067802564553,0.3411076091850518,0.9999307018953032,0.6705191555401775,72.5244743755109,34.5493583694979,-0.6582320276151884,102.68069198355079,thyroid nodule,0.62109375
1558,,,,,,,607,672,[],0.03457389372795426,0.01759104227710339,0.06058967704728951,0.02418809445012015,0.9229832716226319,0.47358568303637605,237.0625914292883,88.42838039833352,-0.6007885232456077,105.18588800914586,thyroid nodule,0.54296875
1560,,,,,,,603,672,[],0.0,0.0,0.0,0.0,0.9800098648636228,0.4900049324318114,386.6261590700952,198.20348097361713,-0.9172006852357084,104.88381306640804,thyroid nodule,0.6484375
1562,,,,,,,555,715,[],0.05334592411058899,0.027403905383762472,1.0,0.027403905383762472,1.0,0.5137019526918812,223.8261146254798,165.02787937472988,-0.9725960946162375,103.62009913660586,thyroid nodule,0.6328125
1568,,,,,,,603,671,[],0.00017098693659804392,8.550077805708032e-05,0.0007236937328122738,9.694619486185167e-05,0.9804440315206862,0.490270488857774,238.02982994326538,124.32354921272206,-0.8660397479398934,103.56293804943562,thyroid nodule,0.6640625
157,,,,,,,489,712,[],0.6807504844676728,0.5160134428345685,0.9322102046560251,0.536131344664123,0.994470735234797,0.76530103994946,84.99558747174879,32.871323422124476,-0.4248814891895017,103.85693283751607,thyroid nodule,0.70703125
1570,,,,,,,556,719,[],0.0,0.0,0.0,0.0,0.9869398480037181,0.4934699240018591,204.26856195566307,126.48422294082884,-0.6560213362511113,103.29179419204593,thyroid nodule,0.5546875
1572,,,,,,,604,672,[],0.0,0.0,0.0,0.0,0.9681218900112383,0.48406094500561914,397.12863124600307,201.96112439383342,-0.9077504580819079,103.86981396004558,thyroid nodule,0.6875
1573,,,,,,,604,673,[],0.8558614265922557,0.7480400071148083,0.9925565520496714,0.7522599997248097,0.998771774785435,0.8755158872551223,108.80463701008036,34.52028125175149,-0.24209860065770464,103.8604429922998,thyroid nodule,0.76953125
1575,,,,,,,604,672,[],0.8978865384428861,0.8146951922484577,0.9986623083810695,0.8155852165102859,0.9995758987355626,0.9075805576229243,39.81205847478876,17.51066853117265,-0.18332232060261663,103.20723196491599,thyroid nodule,0.87109375
1577,,,,,,,556,716,[],0.9653709956353455,0.9330600549210013,0.9916254282451465,0.9404709374623932,0.9988628466738265,0.9696668920681099,8.974922359499619,4.074282709038183,-0.05158650567612018,103.40491612441838,thyroid nodule,0.8359375
1579,,,,,,,559,720,[],0.8810666071627803,0.7874164921726992,0.9994431366593262,0.787762105221156,0.9999375633235611,0.8938498342723585,26.04586104365225,13.795543091962495,-0.2117989745226742,102.69522294402122,thyroid nodule,0.75
1581,,,,,,,560,716,[],0.0,0.0,0.0,0.0,0.9822701425066113,0.49113507125330563,179.84087942514122,97.1481192130714,-0.7161703571731569,103.91072486527264,thyroid nodule,0.63671875
1583,,,,,,,556,715,[],0.7560975609756098,0.6078431372549019,1.0,0.6078431372549019,1.0,0.803921568627451,26.248809496813376,21.30085622724489,-0.39215686274509803,102.98066795803607,thyroid nodule,0.85546875
1585,,,,,,,516,672,[],0.45085646239809474,0.2910359508041627,1.0,0.2910359508041627,1.0,0.6455179754020813,55.56797394085128,28.707731178781966,-0.7089640491958372,101.92297818139195,thyroid nodule,0.4921875
1587,,,,,,,556,712,[],0.681399065125063,0.5167591248444628,1.0,0.5167591248444628,1.0,0.7583795624222314,98.3114946938748,43.85465777703096,-0.4832408751555371,104.56123691983521,thyroid nodule,0.66796875
1589,,,,,,,559,713,[],0.6061149646891175,0.4348385622447936,0.9999861704628746,0.43484117724883636,0.9999956948695761,0.7174184360592062,174.0028735394907,86.86590537838455,-0.5651528090157921,103.75594184733927,thyroid nodule,0.82421875
1591,,,,,,,607,672,[],0.0,0.0,0.0,0.0,0.8650550776752234,0.4325275388376117,283.0070670495703,185.7006704460029,-0.4724756288362017,104.1807399597019,thyroid nodule,0.66796875
1593,,,,,,,557,718,[],0.0,0.0,0.0,0.0,0.9675541818527056,0.4837770909263528,225.20427999360797,106.32784061250976,-0.40679845708775314,104.82387198135257,thyroid nodule,0.71484375
1595,,,,,,,552,715,[],0.002543847904672647,0.001273543803203968,0.013534370176896593,0.0014038544424604396,0.9734938990350107,0.4874488767387356,351.58462193806946,165.8070773111407,-0.8962748599224186,102.96227713115513,thyroid nodule,0.7109375
1597,,,,,,,603,673,[],0.0,0.0,0.0,0.0,0.9838200908810164,0.4919100454405082,234.32754851584124,113.05892105814928,-0.863999814587341,103.08028990402818,thyroid nodule,0.6875
1599,,,,,,,603,672,[],0.7576318363048221,0.6098287596580038,1.0,0.6098287596580038,1.0,0.8049143798290019,182.0,94.88070916040188,-0.3901712403419963,104.65678898617625,thyroid nodule,0.81640625
1603,,,,,,,634,592,[],0.7788189393683118,0.6377587767087112,0.8137134778510838,0.7467941093787168,0.9759758117203762,0.8613849605495465,48.46183642548956,25.985592569515596,-0.08223947408256385,103.68890105746686,thyroid nodule,0.6328125
1605,,,,,,,605,672,[],0.8618467897396711,0.757232666015625,0.8274309723889556,0.8992498097343529,0.9863444574329691,0.9427971335836609,40.42266357417699,12.964090431372293,0.08679737614612401,104.059386998415,thyroid nodule,0.734375
1607,,,,,,,606,464,[],0.017631128848346635,0.008893969787824536,0.9817460317460317,0.008895440816913562,0.9998381694858012,0.5043668051513573,263.3965357688106,109.84941946850567,-0.9909391629512441,103.26216300018132,thyroid nodule,0.62109375
1609,,,,,,,410,674,[],0.0,0.0,0.0,0.0,0.9738379336120262,0.4869189668060131,231.080072215792,109.66674226285363,-0.7184267654194867,103.80706307478249,thyroid nodule,0.58203125
161,,,,,,,581,857,[],0.3138106050487512,0.18610638045071093,0.775732562938506,0.19668906050522175,0.9939640464215259,0.5953265534633738,56.236017000097796,18.017625498778333,-0.7464473326217534,103.62351895309985,thyroid nodule,0.75390625
1611,,,,,,,592,748,[],0.21316052794587126,0.11929472752290642,0.9899097185342538,0.11943996497111185,0.9996735198852165,0.5595567424281641,134.47656718644964,57.352766110280676,-0.8793425675747835,104.22942996956408,thyroid nodule,0.6328125
1613,,,,,,,557,715,[],0.13985579811736432,0.07518546034001959,1.0,0.07518546034001959,1.0,0.5375927301700097,142.64992044663097,94.00199639175538,-0.9248145396599804,103.28607307747006,thyroid nodule,0.494140625
1615,,,,,,,556,713,[],0.37008520685761215,0.22705800843988158,1.0,0.22705800843988158,1.0,0.6135290042199408,72.77627847938827,47.75992142317256,-0.7729419915601184,103.66906109265983,thyroid nodule,0.466796875
1617,,,,,,,556,714,[],0.8175190668461193,0.6913591956748554,0.9682947349776381,0.7073723029146314,0.9980440952711359,0.8527081990928836,76.94020169094534,25.09774960515488,-0.2694659204865267,104.59780809469521,thyroid nodule,0.6015625
1625,,,,,,,553,716,[],0.0,0.0,0.0,0.0,0.9765393926856133,0.48826969634280665,296.0,167.1699250523409,-0.780555410281889,103.036317974329,thyroid nodule,0.765625
1627,,,,,,,556,721,[],0.01874212167451735,0.0094597083396119,0.060962451445835134,0.011073220445280653,0.9751237666213142,0.49309849353329743,274.23530042647684,126.33552193872757,-0.818359987456883,104.64159795083106,thyroid nodule,0.52734375
1629,,,,,,,557,716,[],0.0,0.0,0.0,0.0,0.9851388395350018,0.4925694197675009,171.41718054541093,127.08018252570147,0.2117135761589404,104.91198301315308,thyroid nodule,0.66796875
163,,,,,,,580,858,[],0.5669067952516509,0.39558264136155724,1.0,0.39558264136155724,1.0,0.6977913206807786,150.99006578945458,69.1168677568784,-0.6044173586384428,103.86723396368325,thyroid nodule,0.76171875
1633,,,,,,,604,672,[],0.29482290555314944,0.17289870155615025,0.9963587034128231,0.1730080212246315,0.9998431864513094,0.5864256038379705,108.45666475737629,49.94931055166475,-0.8263597029543398,105.28680006973445,thyroid nodule,0.58203125
1635,,,,,,,555,714,[],0.0,0.0,0.0,0.0,0.9799121384864808,0.4899560692432404,159.15148370760443,100.43167616912024,-0.44534296028880865,104.91603286936879,thyroid nodule,0.6328125
1637,,,,,,,554,568,[],0.0,0.0,0.0,0.0,0.8701506200255977,0.43507531001279887,291.9785828012766,160.88035841560853,-0.6107553929415351,102.83275507390499,thyroid nodule,0.6328125
1639,,,,,,,500,720,[],0.0,0.0,0.0,0.0,0.9705635789125431,0.48528178945627154,260.42369022850994,188.99219689851412,2.15001500150015,104.62897783145308,thyroid nodule,0.68359375
1641,,,,,,,541,581,[],0.22759906165174806,0.12841285328129748,0.9953508554425986,0.12848992133923356,0.999603916473906,0.5640469189065698,126.48932754216314,35.30890597250562,-0.8709099202189378,103.4396959003061,thyroid nodule,0.72265625
1646,,,,,,,597,831,[],0.0,0.0,0.0,0.0,0.9789763417777615,0.48948817088888075,171.30357161546726,107.17793051676242,1.4712066905615293,102.87214512936771,thyroid nodule,0.74609375
1647,,,,,,,532,808,[],0.0,0.0,0.0,0.0,0.9819169674636213,0.49095848373181067,233.83624700078715,110.10479739567404,-0.7774372310454785,104.0389770641923,thyroid nodule,0.76953125
1649,,,,,,,541,807,[],0.392143331579356,0.24389197077159136,0.9885617361805767,0.24458217659844622,0.9992346931352265,0.6219084348668363,122.79271137185896,49.122599911749504,-0.7525878580497988,105.85182113572955,thyroid nodule,0.66015625
1651,,,,,,,547,809,[],0.9200155135893076,0.851878453038674,0.8907567879838244,0.9512616447652539,0.9955643023686767,0.9734129735669652,18.968380776165414,5.344520255783601,0.06792522672589302,104.76298001594841,thyroid nodule,0.6640625
1653,,,,,,,700,883,[],0.8764959806611284,0.7801449443651342,0.9991514377443991,0.7806621828521435,0.9997944026655589,0.8902282927588512,83.12326578442554,26.428642089808953,-0.21867481408573927,105.1070571411401,thyroid nodule,0.84765625
1655,,,,,,,364,534,[],0.0,0.0,0.0,0.0,0.9255724170382966,0.4627862085191483,150.4958154424125,75.17178168435964,0.8906547133930997,103.2569520175457,thyroid nodule,0.67578125
1658,,,,,,,501,699,[],0.0,0.0,0.0,0.0,0.9754624440666986,0.4877312220333493,154.96207702377674,91.74881249617097,5.359583952451708,102.87354607135057,thyroid nodule,0.78125
1660,,,,,,,478,505,[],0.0,0.0,0.0,0.0,0.9733654816642369,0.48668274083211843,147.26492222722413,79.54840926692344,-0.3532677000418936,102.88207605481148,thyroid nodule,0.796875
1661,,,,,,,538,826,[],0.06447904481465047,0.03331353486094178,0.9993748046264458,0.03331422914604283,0.9999942598508135,0.5166542444984281,149.164338901763,53.87518623714735,-0.9666649299223675,104.26555201411247,thyroid nodule,0.61328125
1663,,,,,,,538,826,[],0.9663977551736233,0.9349803176326863,0.9919354838709677,0.9421419778416086,0.9996023245079357,0.9708721511747722,5.940833163195851,2.510064552668968,-0.05019833128163042,105.22512905299664,thyroid nodule,0.7265625
1665,,,,,,,538,831,[],0.8270060886336501,0.7050386882829771,0.9971208963001563,0.706476891977958,0.9993475802904301,0.8529122361341941,139.7390383361978,54.271989195857,-0.2914832147241529,105.00140488147736,thyroid nodule,0.8125
167,,,,,,,547,809,[],0.9554536865311264,0.9147068676716917,0.9341727110989462,0.977726849530903,0.9977552734739593,0.9877410615024311,6.0,3.2310825932531917,0.04662321850605171,104.86738197505474,thyroid nodule,0.6796875
1670,,,,,,,537,487,[],0.0,0.0,0.0,0.0,0.9793663630093,0.48968318150465,185.2474006973185,134.83912110358847,-0.43796566245545837,103.7297009024769,thyroid nodule,0.7109375
1671,,,,,,,501,699,[],0.0,0.0,0.0,0.0,0.9772143473064763,0.48860717365323814,223.86015661975966,120.4459021891219,-0.6174049989839464,104.0890880394727,thyroid nodule,0.64453125
1673,,,,,,,537,487,[],0.0,0.0,0.0,0.0,0.9017491439579063,0.45087457197895314,307.06285989729764,247.47699566300346,9.270782889426957,101.80169600062072,thyroid nodule,0.5390625
1677,,,,,,,537,487,[],0.0,0.0,0.0,0.0,0.9808838430837314,0.4904419215418657,193.37320399047928,104.33398314960644,-0.7657849396979832,102.56018000654876,thyroid nodule,0.7109375
1679,,,,,,,478,505,[],0.27770989839112714,0.16124455347662114,1.0,0.16124455347662114,1.0,0.5806222767383106,134.6900090638736,80.26984303407268,-0.8387554465233789,102.16211201623082,thyroid nodule,0.578125
1681,,,,,,,537,487,[],0.9285693409323397,0.8666630295425407,0.9955192078711538,0.8700569613320188,0.9993644529184055,0.9347107071252121,25.298221281347036,8.360219526352259,-0.12602694709168583,104.01347582228482,thyroid nodule,0.828125
1682,,,,,,,501,699,[],0.0,0.0,0.0,0.0,0.9807937495845745,0.4903968747922873,225.30465791147,122.93033974743162,-0.6691302763753708,104.25405204296112,thyroid nodule,0.72265625
1684,,,,,,,501,559,[],0.7858623808529882,0.6472597244825452,1.0,0.6472597244825452,1.0,0.8236298622412725,161.13038163065974,63.17845769190444,-0.3527402755174548,103.1466699205339,thyroid nodule,0.82421875
1686,,,,,,,501,699,[],0.7062298324138649,0.5458696220608645,1.0,0.5458696220608645,1.0,0.7729348110304323,71.51811407225277,28.489766320983076,-0.4541303779391355,103.87541400268674,thyroid nodule,0.74609375
1688,,,,,,,357,347,[],0.0,0.0,0.0,0.0,0.9654146644437906,0.4827073322218953,138.0021738845062,76.073953476856,1.7933993399339934,103.32155413925648,thyroid nodule,0.4765625
1690,,,,,,,600,632,[],0.9253638608863138,0.8610950508788159,0.9805128542743342,0.8760882352941176,0.9982850521436848,0.9371866437189011,23.39943067821774,7.640163254869183,-0.1065,101.37373791076243,thyroid nodule,0.703125
1692,,,,,,,600,554,[],0.0,0.0,0.0,0.0,0.937098583416555,0.4685492917082775,449.60693241269865,204.31260032517525,-0.8902713904736742,103.9793761447072,thyroid nodule,0.6171875
1694,,,,,,,602,819,[],0.85408494832239,0.7453300723051126,1.0,0.7453300723051126,1.0,0.8726650361525563,88.86506625215557,25.123711192399565,-0.2546699276948874,104.83385203406215,thyroid nodule,0.77734375
1696,,,,,,,600,750,[],0.0,0.0,0.0,0.0,0.9355041527780777,0.4677520763890389,228.2805291740844,140.193302939719,-0.1926947222973176,104.8882829491049,thyroid nodule,0.7890625
1698,,,,,,,600,632,[],0.0,0.0,0.0,0.0,0.9645044707138839,0.48225223535694195,390.4138773914225,196.32286076914966,-0.8271281948078084,104.9272429663688,thyroid nodule,0.578125
1702,,,,,,,574,796,[],0.0,0.0,0.0,0.0,0.9804248220280827,0.49021241101404134,231.680791849339,109.55915946079564,-0.6486251088714694,105.29222013428807,thyroid nodule,0.7265625
1704,,,,,,,562,527,[],5.363152461016586e-05,2.6816481409474264e-05,0.00015871756209824618,3.226743248039754e-05,0.9462022613923619,0.47311726441242113,317.78757416230417,136.67294960265832,-0.7966990416572554,104.91533391177654,thyroid nodule,0.76171875
1706,,,,,,,399,850,[],0.0,0.0,0.0,0.0,0.979447676849739,0.4897238384248695,217.18792270278604,170.44061292926517,0.5832949838932352,103.55604789219797,thyroid nodule,0.58984375
171,,,,,,,582,858,[],0.0,0.0,0.0,0.0,0.9702374464938657,0.48511872324693284,218.64398715904198,116.66439476615062,-0.556733186925109,105.40005308575928,thyroid nodule,0.671875
1710,,,,,,,616,1019,[],0.0,0.0,0.0,0.0,0.9712998214162812,0.4856499107081406,401.5445115868408,201.37751654822503,-0.7903469079939668,106.63104499690235,thyroid nodule,0.61328125
1714,,,,,,,477,616,[],0.4018448105900577,0.2514429219720668,0.3416342412451362,0.4878194717497222,0.961018384946107,0.7244189283479145,151.05760462192,50.3714517841079,0.42789982049747843,104.72052916884422,thyroid nodule,0.474609375
1720,,,,,,,695,1061,[],0.0,0.0,0.0,0.0,0.9687527494955351,0.48437637474776757,309.9367670101051,175.1316531163548,-0.50859683346187,106.85299895703793,thyroid nodule,0.74609375
1723,,,,,,,478,505,[],0.656409858936599,0.4885491779636573,1.0,0.4885491779636573,1.0,0.7442745889818286,97.00463880552377,46.571380983249256,-0.5114508220363426,104.15077907964587,thyroid nodule,0.78515625
1724,,,,,,,319,636,[],0.09175773740452726,0.04808495189689599,1.0,0.04808495189689599,1.0,0.524042475948448,171.31899699126623,102.21171687574845,-0.951915048103104,103.90959517098963,thyroid nodule,0.5546875
1726,,,,,,,609,525,[],0.779406782631044,0.6385475288082386,1.0,0.6385475288082386,1.0,0.8192737644041193,133.68694771506316,62.1558797438329,-0.36145247119176144,104.21080002561212,thyroid nodule,0.7890625
1728,,,,,,,477,609,[],0.0,0.0,0.0,0.0,0.9760158596468924,0.4880079298234462,303.2329018531382,137.35698485391555,-0.8443470413819776,105.16359796747565,thyroid nodule,0.6875
173,,,,,,,582,858,[],0.11905117948334518,0.0632931519373528,1.0,0.0632931519373528,1.0,0.5316465759686764,269.45472209845406,127.18340934353782,-0.9367068480626473,105.17621808685362,thyroid nodule,0.54296875
1730,,,,,,,588,690,[],0.8682737244926504,0.7672117748643821,1.0,0.7672117748643821,1.0,0.883605887432191,144.81142616259112,42.96487462753139,-0.23278822513561792,104.40383409149945,thyroid nodule,0.84375
1734,,,,,,,554,713,[],0.0037888442647231045,0.0018980177792501795,1.0,0.0018980177792501795,1.0,0.5009490088896251,240.01291624533224,148.00043879726724,-0.9981019822207499,105.23547884076834,thyroid nodule,0.55859375
1736,,,,,,,478,505,[],0.8457909616439512,0.7327883715489003,1.0,0.7327883715489003,1.0,0.8663941857744502,67.99484903935357,24.898749908657486,-0.2672116284510997,103.53992786258459,thyroid nodule,0.7578125
1738,,,,,,,669,837,[],0.685085293964213,0.5210112038594598,0.9973873682291825,0.5217232392575643,0.9998269704743222,0.7607751048659432,85.30556425092047,40.315252143678144,-0.4769101195016527,105.95065308734775,thyroid nodule,0.59765625
1744,,,,,,,697,780,[],0.016003528693252504,0.008066309050797795,0.9751895244658856,0.008067964763235168,0.9999022469621885,0.5039851058627118,148.12157169028418,37.4519520511245,-0.9917267725290076,105.10681802406907,thyroid nodule,0.6796875
1746,,,,,,,499,623,[],0.625205176996935,0.45476253367848274,0.9782045454545455,0.4594176291014666,0.9955845315874047,0.7275010803444356,107.70329614269008,38.13057901266708,-0.5303460495698397,106.37634107843041,thyroid nodule,0.68359375
1748,,,,,,,573,739,[],0.0016072410438607622,0.0008042668472739587,0.0021376336021001314,0.0012877281763961684,0.9298280777355525,0.4655579029559744,197.58593066738007,95.20098111148164,-0.39759172239291524,105.03765591420233,thyroid nodule,0.5390625
175,,,,,,,580,857,[],0.0,0.0,0.0,0.0,0.9411124193123436,0.4705562096561718,285.48870376070863,162.08574581511098,1.546190815236739,104.80643110349774,thyroid nodule,0.56640625
1752,,,,,,,477,609,[],0.6825384015279907,0.5180708130844938,0.7305499568096746,0.6404483037156704,0.9827142250217042,0.8115812643686873,85.48389037015824,35.8098518748731,-0.12333400646203554,104.00659590959549,thyroid nodule,0.5703125
1754,,,,,,,567,838,[],0.0,0.0,0.0,0.0,0.9739435755150146,0.4869717877575073,435.1883836037812,196.14565310753713,-0.843656078731805,105.12466705404222,thyroid nodule,0.54296875
1756,,,,,,,479,505,[],0.0,0.0,0.0,0.0,0.9763596752221659,0.48817983761108297,263.62007207889707,131.0679733746699,-0.8753242037555763,104.01110700331628,thyroid nodule,0.62109375
1758,,,,,,,499,534,[],0.4603173018361173,0.29896893846054085,0.9973607926275256,0.2992056487202118,0.9996779677123038,0.6494418082162579,79.0,37.11597634589039,-0.700002595919215,102.5302791967988,thyroid nodule,0.62890625
1760,,,,,,,663,738,[],0.857813820960015,0.7510280168868907,0.997984311630279,0.752168979024051,0.9992347691399911,0.875701874082021,122.95882923360858,38.68092628360834,-0.24631182047809055,102.73549309931695,thyroid nodule,0.8046875
1762,,,,,,,544,739,[],0.0,0.0,0.0,0.0,0.9797669697728094,0.4898834848864047,252.9391026084564,108.12658841163285,-0.8284205065320945,104.35018199495971,thyroid nodule,0.59765625
1764,,,,,,,499,467,[],0.5661769521273112,0.39487226332937486,0.999922893052664,0.39488428745432397,0.9999950048203483,0.6974396461373361,63.61915439169505,26.573447114247905,-0.6050852618757613,102.30653500184417,thyroid nodule,0.62890625
1766,,,,,,,427,384,[],0.012268948260553717,0.006172338179160237,1.0,0.006172338179160237,1.0,0.5030861690895801,99.55650264617879,53.59652519558388,-0.9938276618208398,103.9477561134845,thyroid nodule,0.6640625
1768,,,,,,,662,557,[],1.159541285467469e-05,5.7977400409320445e-06,1.0,5.7977400409320445e-06,1.0,0.5000028988700205,387.26088455708197,262.908368508802,-0.999994202259959,102.79138409532607,thyroid nodule,0.451171875
177,,,,,,,620,780,[],0.2401718622830428,0.1364746120008174,0.9278297747879497,0.13793890640286988,0.9974796353514976,0.5677092708771838,87.31781028020933,33.563871458389976,-0.8513316664854875,103.10808010399342,thyroid nodule,0.66796875
1770,,,,,,,477,609,[],0.0,0.0,0.0,0.0,0.9743155298978501,0.48715776494892504,295.5098977311199,159.7454029599408,-0.8619153185978621,104.83152186498046,thyroid nodule,0.5546875
1772,,,,,,,669,837,[],0.04417045255202683,0.022583999004239304,0.9987048729156548,0.022584660442980048,0.9999721062889858,0.511278383365983,253.0007905107465,135.76073318683922,-0.977386051619989,104.81830197386444,thyroid nodule,0.55859375
1774,,,,,,,523,712,[],0.8989984444505089,0.8165278604005552,0.8603290676416819,0.9413075780089153,0.9924650161463939,0.9668862970776546,25.45584412271571,8.159343048017666,0.09412504286204137,104.33325194753706,thyroid nodule,0.61328125
1776,,,,,,,584,838,[],0.002687399149185859,0.0013455075324919504,1.0,0.0013455075324919504,1.0,0.500672753766246,224.44520106913274,147.5983380342603,-0.998654492467508,105.19860801286995,thyroid nodule,0.58203125
1778,,,,,,,664,839,[],0.2822278331446094,0.16429875776906133,0.9971671388101983,0.16437548131277546,0.9998689757582166,0.5821222285354961,114.48318648514629,44.89130270972572,-0.8351575428880404,106.53419396840036,thyroid nodule,0.63671875
1784,,,,,,,582,739,[],0.739822608892153,0.587078147975469,1.0,0.587078147975469,1.0,0.7935390739877345,101.18547299420166,40.916696178866246,-0.4129218520245311,105.74054904282093,thyroid nodule,0.73828125
1786,,,,,,,552,711,[],0.00010292142463835985,5.146336066037784e-05,1.0,5.146336066037784e-05,1.0,0.5000257316803302,373.7428890141973,254.34235664497928,-0.9999485366393396,103.38546498678625,thyroid nodule,0.578125
1788,,,,,,,479,505,[],0.0,0.0,0.0,0.0,0.9688596036110823,0.4844298018055411,263.1125182279911,115.73921533824411,-0.877896450005086,104.37412303872406,thyroid nodule,0.609375
179,,,,,,,580,857,[],0.0,0.0,0.0,0.0,0.91819559833343,0.459097799166715,399.0,246.7687456235825,1.791407574901074,102.01178002171218,thyroid nodule,0.6796875
1790,,,,,,,499,468,[],0.8966419976841363,0.8126482934842124,0.910345532610918,0.8833449062592996,0.9960752021696032,0.9397100542144514,12.328626561573161,5.390843851634646,-0.029659755976589625,104.36968295834959,thyroid nodule,0.70703125
1792,,,,,,,666,839,[],0.9414324451588809,0.8893456453047827,0.9834119203500797,0.9028902454217017,0.9990715178120478,0.9509808816168748,17.09967179498007,5.436480225069991,-0.08187990531954653,103.34540484473109,thyroid nodule,0.828125
1795,,,,,,,427,384,[],0.05185185185185185,0.026615969581749048,1.0,0.026615969581749048,1.0,0.5133079847908745,147.65009163268016,92.5349386153766,-0.973384030418251,102.52689919434488,thyroid nodule,0.67578125
1799,,,,,,,225,288,[],0.6097075350648201,0.43854624148685634,1.0,0.43854624148685634,1.0,0.7192731207434282,41.81863603129807,21.528383636110483,-0.5614537585131436,101.73706500791013,thyroid nodule,0.703125
18,,,,,,,660,598,[],0.867660953702264,0.766255439604546,0.9889040348964013,0.7729006413671135,0.9988296156135603,0.8858651284903369,64.90374365131652,11.2970413971395,-0.21842705248130234,102.97413682565093,thyroid nodule,0.82421875
1801,,,,,,,499,626,[],0.0,0.0,0.0,0.0,0.9639108960121988,0.4819554480060994,150.0,91.648622926891,0.017096412556053812,102.9097659047693,thyroid nodule,0.74609375
1803,,,,,,,663,837,[],0.7725704237680461,0.6294213849235528,1.0,0.6294213849235528,1.0,0.8147106924617764,135.14211105023853,38.761990662833185,-0.3705786150764472,105.0185461062938,thyroid nodule,0.79296875
1807,,,,,,,479,505,[],0.18316200832554583,0.10081361638455064,1.0,0.10081361638455064,1.0,0.5504068081922753,140.90422207488768,75.45155497356676,-0.8991863836154493,103.34517410956323,thyroid nodule,0.5078125
1809,,,,,,,611,615,[],0.0,0.0,0.0,0.0,0.9764298846015725,0.48821494230078627,186.44299847400669,125.18341586303832,2.353030880670987,111.01298686116934,thyroid nodule,0.73828125
1811,,,,,,,662,837,[],0.710766064914414,0.5513088397469383,1.0,0.5513088397469383,1.0,0.7756544198734692,105.39520665249015,51.36160979207918,-0.4486911602530617,105.33199110068381,thyroid nodule,0.73046875
1813,,,,,,,656,556,[],0.8555356720802242,0.7475424538878203,1.0,0.7475424538878203,1.0,0.8737712269439102,148.50789377349565,50.32353525306759,-0.25245754611217974,109.28397509269416,thyroid nodule,0.8125
1815,,,,,,,664,738,[],0.020325979868813893,0.010267336774701404,1.0,0.010267336774701404,1.0,0.5051336683873507,430.26968275417744,256.2047984646174,-0.9897326632252986,105.68731813691556,thyroid nodule,0.482421875
1817,,,,,,,695,1020,[],0.04175438596491228,0.021322343666009675,0.07797654151104122,0.028510505761997172,0.9789091388735253,0.5037098223177612,211.61049052097934,100.58528305819746,-0.6343707324085388,106.11026617698371,thyroid nodule,0.65234375
1819,,,,,,,233,442,[],0.9055022715800101,0.827322202748824,0.9995542182101861,0.8276275722063302,0.9999565920411507,0.9137920821237404,13.601470508735444,5.619451615296815,-0.1720033219525699,104.63030799292028,thyroid nodule,0.71875
1821,,,,,,,664,838,[],0.7593737353486075,0.6120890367914196,0.99988267271554,0.6121330021249214,0.9999691807472127,0.806051091436067,176.6872935855798,85.67562724468874,-0.38779516954478793,104.74077006801963,thyroid nodule,0.79296875
1823,,,,,,,500,762,[],0.0,0.0,0.0,0.0,0.9651904042945815,0.48259520214729074,520.927032666595,258.1372515192758,-0.9106223196059704,104.19382015243173,thyroid nodule,0.51171875
1825,,,,,,,609,677,[],0.5917598626643777,0.42021232528138425,1.0,0.42021232528138425,1.0,0.7101061626406922,113.21704816985189,54.74024385875421,-0.5797876747186157,104.1033489163965,thyroid nodule,0.6171875
1827,,,,,,,499,630,[],0.946580244827745,0.8985784063570752,0.996491284804191,0.9014304937982682,0.9991178933504605,0.9502741935743644,66.30987860040162,14.644546081590343,-0.09539550666978704,103.09151001274586,thyroid nodule,0.84375
1829,,,,,,,695,1019,[],0.0,0.0,0.0,0.0,0.9726299108757153,0.48631495543785763,482.05284646988054,220.31486551709415,-0.8928073086241487,105.62176699750125,thyroid nodule,0.4765625
183,,,,,,,611,622,[],0.7298238711319925,0.5745847796576198,0.9996354414328736,0.5747052069474566,0.9999149106191547,0.7873100587833057,109.17164943968282,46.41170228547729,-0.42508520293790664,104.62069814093411,thyroid nodule,0.7421875
1831,,,,,,,499,468,[],0.9114285714285715,0.8372703412073491,1.0,0.8372703412073491,1.0,0.9186351706036746,28.82003911255571,12.69532156548717,-0.16272965879265092,102.93575702235103,thyroid nodule,0.89453125
1835,,,,,,,669,837,[],0.7511601441917832,0.6014863640828086,1.0,0.6014863640828086,1.0,0.8007431820414044,179.64075062802726,87.1503904529794,-0.3985136359171914,104.38984306529164,thyroid nodule,0.82421875
1837,,,,,,,498,720,[],0.8575314293296182,0.7505952035305732,0.9951752810142175,0.7533365711510442,0.9993877916537767,0.8763621814024105,66.16643471612733,16.410812029125527,-0.2430111704711025,104.13832892663777,thyroid nodule,0.8203125
1839,,,,,,,311,470,[],0.6363109048723898,0.4666099532113994,1.0,0.4666099532113994,1.0,0.7333049766056997,75.02666192761077,40.37664495256157,-0.5333900467886006,102.53618913702667,thyroid nodule,0.66015625
1841,,,,,,,665,739,[],0.3542402013443418,0.21524416967391202,0.9430100498406733,0.21808098558282787,0.9963821582047205,0.6072315718937742,100.49003907844879,45.56744395717352,-0.7687394894469324,104.84858206473291,thyroid nodule,0.66015625
1849,,,,,,,499,534,[],0.945745259509443,0.89707470423076,0.9806143595393615,0.9132707905794977,0.9967233321805138,0.9549970613800057,13.0,5.539320025041252,-0.0686748754031076,103.83413312956691,thyroid nodule,0.76953125
1851,,,,,,,231,439,[],0.5626981839146729,0.39149618933012437,0.9949031600407747,0.39228295819935693,0.9998403321092129,0.6960616451542849,25.942243542145693,9.773288297711986,-0.6057073954983923,101.71806393191218,thyroid nodule,0.58984375
1853,,,,,,,669,837,[],0.00124749040017153,0.0006241345009849622,0.0032122063842601888,0.0007740499746014852,0.9808527376921475,0.4908133938333745,262.78603373254066,119.02473689608392,-0.7590285672818752,105.51177500747144,thyroid nodule,0.6953125
1855,,,,,,,609,614,[],0.0,0.0,0.0,0.0,0.9612602317277882,0.4806301158638941,184.91078930121952,128.3136609240262,0.7382237487733072,104.57082698121667,thyroid nodule,0.4375
1857,,,,,,,662,837,[],0.08710906974147968,0.045537917694924296,0.9914685060809584,0.04555576870146876,0.999891754203737,0.5227237614526029,129.39164944334516,47.62566079877644,-0.9540522281625061,104.79020094498992,thyroid nodule,0.62109375
1859,,,,,,,612,739,[],0.6436439309676725,0.47453905774673966,0.9986917188587334,0.47483423549808756,0.9998752352611697,0.7373547353796286,91.03295211755422,32.15990977144572,-0.5245437340356542,104.41030515357852,thyroid nodule,0.625
186,,,,,,,666,835,[],0.09846601789163278,0.051782412945603234,1.0,0.051782412945603234,1.0,0.5258912064728016,435.27003113010204,221.64720326160503,-0.9482175870543967,104.51533598825336,thyroid nodule,0.5859375
1863,,,,,,,664,739,[],0.7686951364782029,0.6242931050232102,1.0,0.6242931050232102,1.0,0.8121465525116052,74.68464283009936,39.956610709400344,-0.3757068949767898,105.77128897421062,thyroid nodule,0.8359375
1865,,,,,,,668,837,[],0.0028455033094440664,0.001424778761061947,0.011731273681142525,0.0016191156209459255,0.9704946277728589,0.4860568716969024,404.35775894908437,193.35156735939418,-0.8619829640878144,103.96777582354844,thyroid nodule,0.69921875
1867,,,,,,,582,738,[],0.025359461263119578,0.012842570972102741,0.14476190476190476,0.013896969596223215,0.9866281855863808,0.500262577591302,299.4612393702587,110.53338285326356,-0.9040011968681949,104.42518396303058,thyroid nodule,0.57421875
1869,,,,,,,499,534,[],0.0,0.0,0.0,0.0,0.9745567985508948,0.4872783992754474,242.1823675504041,113.76077807287997,-0.7830842925573747,103.1032798346132,thyroid nodule,0.6640625
1871,,,,,,,226,264,[],0.8465209315616516,0.733884952682951,0.9822281167108753,0.7437609841827768,0.9932576920174092,0.868509338100093,45.88572730507646,15.20225297031422,-0.24278182274667337,100.64683388918638,thyroid nodule,0.76953125
1876,,,,,,,499,630,[],0.0,0.0,0.0,0.0,0.9735107076753733,0.48675535383768664,331.7816276657762,174.97500661524052,-0.8568635039618683,102.76911384426057,thyroid nodule,0.56640625
1879,,,,,,,608,738,[],0.0,0.0,0.0,0.0,0.9120607305546209,0.45603036527731045,238.3492184894997,141.86605723884946,-0.3063621598066791,103.51753793656826,thyroid nodule,0.6171875
1880,,,,,,,319,538,[],0.36149638601289313,0.22062593144560358,1.0,0.22062593144560358,1.0,0.6103129657228018,83.4281059498021,52.46142065269051,-0.7793740685543964,102.75931400246918,thyroid nodule,0.7890625
1883,,,,,,,499,534,[],0.3172041335618217,0.18849828424716716,0.9810484389053065,0.1891871802177926,0.9984118182258663,0.5937994992218295,112.80248164626282,50.43666772109832,-0.8071581659832258,104.38491380773485,thyroid nodule,0.5859375
1885,,,,,,,664,834,[],0.0,0.0,0.0,0.0,0.9830392733585365,0.49151963667926823,277.92489944658473,146.31580099496384,-0.878006923691452,104.12732907570899,thyroid nodule,0.6640625
1889,,,,,,,663,859,[],0.0,0.0,0.0,0.0,0.9776810455687621,0.48884052278438106,250.64265267662526,188.64049327366635,0.04012036108324975,105.23525904864073,thyroid nodule,0.6484375
189,,,,,,,600,650,[],0.26314773448057144,0.1515084153699587,0.5371537941904977,0.17425764271887212,0.9886630945256893,0.5814603686222808,13.892443989449804,6.00291788835487,-0.6755907812557069,104.96672405861318,thyroid nodule,0.70703125
1892,,,,,,,694,1056,[],0.7609486807485184,0.6141381466009109,0.9987735407555635,0.6146016424861719,0.9998797778421071,0.8072407101641395,99.02019995940222,38.4284771374775,-0.3846436480273284,105.64913717098534,thyroid nodule,0.6953125
1893,,,,,,,477,609,[],0.0007284150144544854,0.0003643402026642377,0.0016614745586708203,0.00046645870382787673,0.9624734574069448,0.48146995805538634,233.31998759860824,104.44345589895131,-0.7192501676335967,104.06725690700114,thyroid nodule,0.68359375
1896,,,,,,,499,626,[],0.0,0.0,0.0,0.0,0.9587832979495585,0.47939164897477926,201.9062236464688,120.2555250957894,-0.3608982826948481,104.80562085285783,thyroid nodule,0.6953125
1897,,,,,,,668,837,[],0.0,0.0,0.0,0.0,1.0,0.5,1069.4788450455671,1069.4788450455671,-1.0,104.58965809084475,thyroid nodule,0.478515625
1900,,,,,,,477,616,[],0.0,0.0,0.0,0.0,0.9816136556255209,0.49080682781276047,297.6241748717475,249.16730770286262,-0.3670122980467808,103.42735587619245,thyroid nodule,0.56640625
1901,,,,,,,585,739,[],0.0,0.0,0.0,0.0,0.969336656293178,0.484668328146589,320.2089066303778,157.31439292253089,-0.7367989359343826,104.46307482197881,thyroid nodule,0.68359375
1905,,,,,,,663,738,[],0.5848451937970695,0.4132729445807385,0.9953035995636893,0.41408042354720787,0.9990624073749221,0.7065714154610649,160.54220582453345,62.7210512967802,-0.5839657128450775,104.09077815711498,thyroid nodule,0.74609375
1909,,,,,,,499,630,[],0.00023625651551171685,0.000118142213689729,1.0,0.000118142213689729,1.0,0.5000590711068449,262.96663278769716,171.53531796218203,-0.9998818577863102,103.85147389024496,thyroid nodule,0.60546875
1911,,,,,,,427,427,[],0.4064590626661046,0.2550665961215523,1.0,0.2550665961215523,1.0,0.6275332980607762,121.41663778977534,64.82585010181991,-0.7449334038784478,104.09765806980431,thyroid nodule,0.7265625
1913,,,,,,,669,837,[],0.19214655087797242,0.10628436224810543,1.0,0.10628436224810543,1.0,0.5531421811240527,191.5313253982037,103.8617832739306,-0.8937156377518946,103.95482601597905,thyroid nodule,0.6171875
1915,,,,,,,479,505,[],0.0,0.0,0.0,0.0,0.9783918042245395,0.48919590211226976,467.69834545736535,222.3206400525908,-0.9692201296944063,104.10294798202813,thyroid nodule,0.57421875
1917,,,,,,,586,738,[],0.0,0.0,0.0,0.0,0.9746061658503158,0.4873030829251579,337.8325403877317,177.86637842160724,-0.7928076752017282,104.76746107451618,thyroid nodule,0.65234375
1919,,,,,,,582,837,[],0.6934397952370354,0.5307369631411962,0.9725690650850632,0.5388024210981409,0.998405440103068,0.7686039306006045,52.35429211006092,20.389657498287658,-0.4460008646779075,104.41541415639222,thyroid nodule,0.6328125
1921,,,,,,,477,609,[],0.058158830501777954,0.029950354032717508,1.0,0.029950354032717508,1.0,0.5149751770163588,199.5933285975163,91.03496584425288,-0.9700496459672825,103.50939794443548,thyroid nodule,0.47265625
1925,,,,,,,608,614,[],0.20766560078787766,0.11586320101827186,1.0,0.11586320101827186,1.0,0.5579316005091359,204.4749369447116,118.38372262376507,-0.8841367989817281,102.93579683639109,thyroid nodule,0.54296875
1927,,,,,,,477,611,[],0.8731340877583261,0.7748340581368734,0.9958082070892779,0.777369539009128,0.9995557443425601,0.8884626416758441,52.89680302051723,11.197581045999648,-0.21935817211091338,102.74340305477381,thyroid nodule,0.78125
1928,,,,,,,427,479,[],0.5219364728652296,0.35312181329377956,1.0,0.35312181329377956,1.0,0.6765609066468898,133.7716237712947,61.72955827410084,-0.6468781867062204,102.77367406524718,thyroid nodule,0.734375
193,,,,,,,581,858,[],0.0,0.0,0.0,0.0,0.9464627031488727,0.47323135157443635,303.2639114698615,166.50602430080815,0.37067079353220556,104.7679299954325,thyroid nodule,0.60546875
1930,,,,,,,688,838,[],0.06845484872442585,0.03544046002715438,0.7190601579906826,0.035938085259311,0.9970968869502242,0.5165174861047677,436.8684127451636,145.53846703224679,-0.9500207529788117,103.69570995680988,thyroid nodule,0.4765625
1932,,,,,,,427,479,[],0.7220094524119948,0.5649568017343067,0.9900553103525337,0.568181089486678,0.9989731401144545,0.7835771148005662,57.13200110491132,12.58710667416016,-0.4261117701753823,103.42588601633906,thyroid nodule,0.77734375
1934,,,,,,,609,812,[],0.17784419951429106,0.0976009842116055,0.6067558954748248,0.10419174783845901,0.998728807448323,0.551460277643391,232.81427093386793,55.2836578427414,-0.8282806172704389,103.92481507733464,thyroid nodule,0.48828125
1936,,,,,,,227,299,[],0.033642959471324924,0.01710928319623972,1.0,0.01710928319623972,1.0,0.5085546415981198,101.50861960650631,53.48603037579137,-0.9828907168037603,101.75767401233315,thyroid nodule,0.578125
1938,,,,,,,233,443,[],0.3649686646312068,0.22321814679404017,0.9998239126606797,0.2232269224720868,0.9999871437203502,0.6116070330962186,61.326992425847855,24.829956095012008,-0.7767337631703098,101.09989205375314,thyroid nodule,0.67578125
1940,,,,,,,311,538,[],4.5222267444489665e-05,2.2611644997173544e-05,0.0002549069589599796,2.4812048730863707e-05,0.9691217572727631,0.48457328466074695,262.67213170098086,122.33237649059416,-0.9026623328288217,101.62311187013984,thyroid nodule,0.65234375
1942,,,,,,,500,720,[],0.0,0.0,0.0,0.0,0.9766282277548363,0.48831411387741813,219.49419126462158,164.90750587189154,-0.16778523489932887,103.5605389624834,thyroid nodule,0.734375
1946,,,,,,,476,852,[],0.8634161271879927,0.759658963884316,0.998064085447263,0.7607799635664201,0.9995281345695123,0.8801540490679662,89.45389874119518,26.927574980192112,-0.23774437467560883,104.35401299037039,thyroid nodule,0.8203125
1948,,,,,,,455,852,[],0.0,0.0,0.0,0.0,0.9322681197354019,0.46613405986770096,183.02185653671324,83.31917471053143,-0.557412734198865,105.43915303424001,thyroid nodule,0.443359375
195,,,,,,,581,857,[],0.9482824025289779,0.901651170246874,0.9438268238452825,0.9527802481683818,0.9971769160707057,0.9749785821195438,44.732532910891884,7.451005649623992,0.009486299919535849,105.4328428581357,thyroid nodule,0.76171875
1950,,,,,,,457,852,[],0.9573285625854551,0.9181497912317328,0.9949240731838362,0.9224708643043484,0.9988533392103691,0.9606621017573588,15.577153256814325,6.0862283205347625,-0.07282285234855337,103.89680485241115,thyroid nodule,0.87890625
1953,,,,,,,422,576,[],0.6665301590051742,0.49984644460193717,1.0,0.49984644460193717,1.0,0.7499232223009686,93.42510282082146,47.81365107699086,-0.5001535553980628,103.289833990857,thyroid nodule,0.6953125
1954,,,,,,,500,720,[],0.09835694050991502,0.0517220831843642,0.10123629577793329,0.09563684442485676,0.9666297136720307,0.5311332790484438,112.96902230257638,58.436856123323125,-0.055310709563684446,104.54130708239973,thyroid nodule,0.77734375
1956,,,,,,,458,852,[],0.39120299098306577,0.24316491688538933,0.9709606986899564,0.24494629578628477,0.9983249159309311,0.6216356058586079,146.89639183256733,69.6979265856545,-0.7477278986505095,102.70591196604073,thyroid nodule,0.8203125
1960,,,,,,,477,610,[],0.0,0.0,0.0,0.0,0.9666066136678781,0.4833033068339391,262.55018408581077,130.34863085440816,4.422234699606962,103.44127588905394,thyroid nodule,0.625
1961,,,,,,,582,1024,[],0.0,0.0,0.0,0.0,0.9851404149068799,0.49257020745343993,220.22953909965523,128.9527059988034,-0.5901395616517193,104.79911090806127,thyroid nodule,0.6796875
1963,,,,,,,477,610,[],0.637937463378256,0.46836136096988656,0.9415094339622642,0.48239748650608233,0.9986645462149578,0.7405310163605201,49.004079934095685,14.491403069024374,-0.48763393216788853,102.91163600049913,thyroid nodule,0.546875
1968,,,,,,,483,808,[],0.0,0.0,0.0,0.0,0.9227154329527976,0.4613577164763988,437.9776712654706,329.2560689328056,13.10296191819464,105.38726206868887,thyroid nodule,0.53515625
197,,,,,,,602,461,[],0.8161600111655671,0.6894175047838429,0.9976508878069266,0.6905384783082624,0.998930922034951,0.8447347001716068,71.31269094232023,30.35986959452405,-0.30783554974202454,103.27285318635404,thyroid nodule,0.7734375
1970,,,,,,,470,610,[],0.0,0.0,0.0,0.0,0.9799974744285894,0.4899987372142947,111.01427819487881,62.85134816892617,-0.4185631882538018,102.85593499429524,thyroid nodule,0.73046875
1972,,,,,,,477,610,[],0.0,0.0,0.0,0.0,0.9966535508006216,0.4983267754003108,169.6017287697436,143.57641895262913,-0.5181863477827603,103.27761294320226,thyroid nodule,0.59765625
1975,,,,,,,480,616,[],0.9314156544203492,0.8716351294806826,0.9965449423271142,0.8742771870919605,0.9997629778730728,0.9370200824825166,13.892443989449804,4.888686109729753,-0.12269166200335758,102.85711497999728,thyroid nodule,0.76171875
1977,,,,,,,477,610,[],0.0,0.0,0.0,0.0,0.9775182897523986,0.4887591448761993,240.68984188015008,176.71290870777415,-0.3732009925558313,105.13890697620809,thyroid nodule,0.671875
1978,,,,,,,477,610,[],0.0,0.0,0.0,0.0,0.9601472487818731,0.48007362439093654,132.0,90.51504960174682,4.214318078840054,103.23729203082621,thyroid nodule,0.6875
198,,,,,,,602,462,[],0.8115022362536175,0.6827966034160639,1.0,0.6827966034160639,1.0,0.841398301708032,69.00391916692928,30.65440300887037,-0.3172033965839362,102.77039394713938,thyroid nodule,0.7578125
1980,,,,,,,477,610,[],0.0,0.0,0.0,0.0,0.9720476442713777,0.48602382213568884,144.91026161749508,74.60247186813265,-0.32474494207158916,105.55079486221075,thyroid nodule,0.65234375
1982,,,,,,,453,610,[],0.0,0.0,0.0,0.0,0.9773462544133071,0.48867312720665357,161.82783597110136,123.60249157276108,0.10363440086362001,103.25032193213701,thyroid nodule,0.625
1985,,,,,,,478,504,[],0.299722479185939,0.176278563656148,0.9865602687946241,0.17670289991349156,0.9997013880788522,0.5882021439961719,99.41073565858235,49.79888455090161,-0.8208899086019483,103.94858615472913,thyroid nodule,0.47265625
1987,,,,,,,478,504,[],0.9152542372881356,0.84375,0.9877600979192166,0.8526649448227284,0.998746273646672,0.9257056092347002,43.00581002067472,12.787032103479461,-0.13676919464663068,102.90225595235825,thyroid nodule,0.7109375
1992,,,,,,,479,506,[],0.836752733193766,0.7193249080147176,0.9029116465863454,0.7796272214997833,0.9958109331612076,0.8877190773304955,40.037383539249426,11.964059675096367,-0.13654096228868662,103.85967418551445,thyroid nodule,0.55859375
1994,,,,,,,480,616,[],0.0,0.0,0.0,0.0,0.969383720850971,0.4846918604254855,239.48642803859366,173.26856736466675,2.950307827616535,105.12034688144922,thyroid nodule,0.7265625
1996,,,,,,,477,610,[],0.0,0.0,0.0,0.0,0.9793631825317136,0.4896815912658568,148.54460108874008,100.1457836618185,-0.2816884075806055,103.29224308952689,thyroid nodule,0.62890625
1997,,,,,,,478,506,[],0.4179178217550023,0.2641568355308813,0.9881879543094496,0.2649935605137666,0.9995730485739354,0.632283304543851,70.00714249274856,31.166599382729146,-0.7318389084200634,102.81524411402643,thyroid nodule,0.58203125
2,,,,,,,477,610,[],0.0,0.0,0.0,0.0,0.9583691106002271,0.47918455530011356,287.0341442076394,196.52423403132715,4.602982292637465,102.63697197660804,thyroid nodule,0.6171875
2000,,,,,,,477,610,[],0.9532689532689532,0.9107104984093319,0.964077233947014,0.9427003293084523,0.9994413700399769,0.9710708496742146,4.123105625617661,1.6910514191127852,-0.02217343578485181,103.01988921128213,thyroid nodule,0.65625
2004,,,,,,,477,610,[],0.7229792394948991,0.5661452513966481,0.5826146947223181,0.9524436090225564,0.9872921407316646,0.9698678748771106,53.376011428336454,15.440753877892588,0.6347744360902255,103.35915512405336,thyroid nodule,0.5703125
2006,,,,,,,411,610,[],0.9189380781909049,0.8500327868852459,0.9813020439061317,0.8640271945610878,0.9989520888221394,0.9314896416916136,33.93078200144985,6.536146744953076,-0.11950943144704393,103.5939990542829,thyroid nodule,0.73828125
2008,,,,,,,579,1024,[],0.6451534042293118,0.47618188379646337,0.5164888932380859,0.8591893211785773,0.982979969342588,0.9210846452605826,103.64215410021667,39.13513234483877,0.6635194530359759,104.78867101483047,thyroid nodule,0.447265625
2010,,,,,,,477,610,[],0.0,0.0,0.0,0.0,0.9819920956455223,0.49099604782276113,286.77037716570663,240.0957830865879,-0.4083081219455434,102.92722610756755,thyroid nodule,0.71484375
2013,,,,,,,478,616,[],0.5356427477318252,0.3657869327325394,0.9728457295035191,0.36956011200433564,0.997611807957573,0.6835859599809543,126.01302848658403,36.57007768397244,-0.6201246499864511,104.13235891610384,thyroid nodule,0.66796875
2016,,,,,,,477,610,[],0.0014782990321761025,0.000739696262222325,0.004430905566325118,0.0008871392531396413,0.9717927492850109,0.4863399442690753,216.998616079803,103.56562119365711,-0.7997837598070472,104.56668701954186,thyroid nodule,0.66796875
2018,,,,,,,477,610,[],0.0,0.0,0.0,0.0,0.9770061053848649,0.48850305269243244,220.20444957666544,174.09335373327718,-0.10472138347515783,103.18357194773853,thyroid nodule,0.625
2020,,,,,,,476,610,[],0.0,0.0,0.0,0.0,0.9809538240084852,0.4904769120042426,181.41471816392962,93.06861931104825,-0.8093287827076223,103.54216815903783,thyroid nodule,0.62109375
2027,,,,,,,477,610,[],0.5735840922562915,0.40211560256894596,0.43562249324711466,0.8394321766561514,0.9757755682816288,0.9076038724688902,88.18273046886989,20.93813262603512,0.9269716088328076,104.01103598996997,thyroid nodule,0.5703125
2029,,,,,,,477,610,[],0.0,0.0,0.0,0.0,0.9575655705089826,0.4787827852544913,234.08556111335554,152.9469309757336,-0.4827523684329813,104.03184685856104,thyroid nodule,0.7265625
203,,,,,,,664,998,[],0.0,0.0,0.0,0.0,0.982170931230513,0.4910854656152565,226.23581922570892,134.17328542926077,-0.3733020566253887,104.75343000143766,thyroid nodule,0.51953125
2031,,,,,,,391,609,[],0.0,0.0,0.0,0.0,0.9643717787096829,0.48218588935484147,151.8299856893217,105.21522753760122,0.6939857288481142,104.26928102970123,thyroid nodule,0.7421875
2035,,,,,,,582,1024,[],0.0,0.0,0.0,0.0,0.9732682477235682,0.4866341238617841,162.8376324660108,81.27930635529685,0.5548495979350739,105.58658605441451,thyroid nodule,0.5546875
2037,,,,,,,578,1024,[],0.9444487942373943,0.8947446500760301,0.9320789707530039,0.9571513588573696,0.996897648883736,0.9770245038705527,16.278820596099706,4.4248476703909345,0.02689942471731799,104.92777405306697,thyroid nodule,0.7265625
2040,,,,,,,477,610,[],0.0,0.0,0.0,0.0,0.976772468762853,0.4883862343814265,256.1161842209719,206.86851722495416,-0.266733825833893,103.3144339453429,thyroid nodule,0.69921875
2043,,,,,,,454,610,[],0.0,0.0,0.0,0.0,0.914216361319511,0.4571081806597555,256.0,163.8319574815168,4.048627620488437,103.35802496410906,thyroid nodule,0.55078125
2045,,,,,,,479,506,[],0.9604543542280185,0.9239174423310401,0.9768934531450578,0.9445593711212247,0.9993109989239675,0.9719351850225961,4.242640687119285,1.7113183927351958,-0.033098882912701695,104.41582393832505,thyroid nodule,0.71875
205,,,,,,,651,930,[],0.0,0.0,0.0,0.0,0.9706077538722907,0.48530387693614535,283.1090777607004,203.4702679156455,5.595681310498883,105.13114789500833,thyroid nodule,0.71484375
2050,,,,,,,478,616,[],0.012401290179067957,0.006239332978931759,0.06063077759651985,0.006907018521959983,0.9699403156484365,0.48842366708519824,296.44510452212774,144.18680082758024,-0.886080654153503,103.61291910521686,thyroid nodule,0.625
2052,,,,,,,438,610,[],0.0,0.0,0.0,0.0,0.9819429533893,0.49097147669465,192.3661656436398,146.47122403561312,0.33295995519462335,104.39805407077074,thyroid nodule,0.74609375
2054,,,,,,,477,610,[],0.0,0.0,0.0,0.0,0.9737434597602679,0.48687172988013394,264.87656213952977,202.34530496962827,-0.12617813383600376,105.26404017582536,thyroid nodule,0.73046875
2060,,,,,,,459,610,[],0.0,0.0,0.0,0.0,0.9785259923840295,0.48926299619201474,127.0,77.31425018732335,1.2236743838685586,103.75285218469799,thyroid nodule,0.75390625
2062,,,,,,,477,610,[],0.0,0.0,0.0,0.0,0.9805975646747844,0.4902987823373922,234.88878193633388,159.85631873375004,-0.6174711661683041,103.54092787019908,thyroid nodule,0.69921875
2066,,,,,,,420,610,[],0.0,0.0,0.0,0.0,0.9588994302770537,0.47944971513852686,226.0,171.15439855410003,-0.017879700709357692,104.04945793561637,thyroid nodule,0.6328125
2068,,,,,,,477,610,[],0.0,0.0,0.0,0.0,0.9786630570159678,0.4893315285079839,108.44791779411354,59.083222041451066,0.4121450011544678,104.38748402521014,thyroid nodule,0.76171875
207,,,,,,,677,925,[],0.0,0.0,0.0,0.0,0.9878844820522518,0.4939422410261259,503.6393535536964,254.74998678509394,-0.9481055269174632,104.9841248895973,thyroid nodule,0.546875
2070,,,,,,,477,610,[],0.0,0.0,0.0,0.0,0.9554106536650787,0.47770532683253936,183.05927966947496,112.83754425815177,1.7479552303056392,104.76234997622669,thyroid nodule,0.5078125
2072,,,,,,,422,612,[],0.6619288884903376,0.4946888717622223,0.9996614301191766,0.4947717675447416,0.9999781110731703,0.7473749393089559,56.07806725634253,21.16784190032633,-0.5050606609022052,104.51198602095246,thyroid nodule,0.625
2075,,,,,,,449,610,[],0.0,0.0,0.0,0.0,0.9654041773165002,0.4827020886582501,151.0305769255062,87.11515113911443,2.3997825299021383,103.86639414355159,thyroid nodule,0.7265625
2079,,,,,,,463,610,[],0.9048601147776184,0.8262507164496847,0.8994562795258044,0.9103292737934146,0.9958429305865227,0.9530861021899686,15.456039849615507,4.786784194784703,0.012088407758231844,103.63014903850853,thyroid nodule,0.66015625
2082,,,,,,,322,504,[],0.0,0.0,0.0,0.0,0.9558421258304025,0.47792106291520126,136.1884677642994,91.01856000720423,0.11375020197123929,103.42728602699935,thyroid nodule,0.78515625
2083,,,,,,,477,610,[],0.0,0.0,0.0,0.0,0.9734608030592734,0.4867304015296367,188.93348925603496,127.0847350258987,1.2993975903614459,103.93721587024629,thyroid nodule,0.55859375
209,,,,,,,581,827,[],0.0,0.0,0.0,0.0,0.9709513756093248,0.4854756878046624,196.11421564205259,112.73468340331354,-0.5330822258545945,105.69313704036176,thyroid nodule,0.78125
2090,,,,,,,477,610,[],0.7421202596715918,0.5899771145672785,0.6995237567836969,0.7902408507976227,0.9802680146189792,0.885254432708301,72.73238618387272,22.596651305126116,0.1296840788238974,105.68389808759093,thyroid nodule,0.462890625
2092,,,,,,,480,616,[],0.0,0.0,0.0,0.0,0.9698172341548996,0.4849086170774498,196.08901036955587,137.50491741307667,3.149882903981265,104.99332519248128,thyroid nodule,0.482421875
2095,,,,,,,478,611,[],0.0,0.0,0.0,0.0,0.9818364130153256,0.4909182065076628,178.31263991831844,96.03854082717199,-0.7747338472834068,104.25585089251399,thyroid nodule,0.65625
2096,,,,,,,477,610,[],0.9343055744854846,0.8767105768001023,0.8892203917499027,0.9842067480258435,0.9969930106864315,0.9905998793561375,27.06280514487248,5.111738423102082,0.10681981335247667,104.08795811235905,thyroid nodule,0.59375
2098,,,,,,,477,610,[],0.5513260475511677,0.3805729002162346,0.991141483168818,0.3818718155001341,0.9994398902184828,0.6906558528593084,76.02631123499285,32.45248640560884,-0.6147151320119945,103.68962096981704,thyroid nodule,0.6953125
2100,,,,,,,477,610,[],0.7773450048185031,0.6357844264179447,0.9581291759465479,0.6539539911495457,0.9967631720913505,0.8253585816204481,65.7419196555744,18.98323042254285,-0.31746782420700603,103.96378603763878,thyroid nodule,0.61328125
2104,,,,,,,477,610,[],0.0,0.0,0.0,0.0,0.9766101828867438,0.4883050914433719,179.51615168620876,119.84578926539464,-0.4832949765891596,103.94142498262227,thyroid nodule,0.734375
2105,,,,,,,450,610,[],0.0,0.0,0.0,0.0,0.9792349685544083,0.48961748427720414,152.6053717191125,96.75788273148008,-0.41688738213793836,103.54372812435031,thyroid nodule,0.65625
2111,,,,,,,477,610,[],0.0,0.0,0.0,0.0,0.9704522606073045,0.48522613030365225,241.1470410485555,182.4582589865932,1.424778761061947,104.19922997243702,thyroid nodule,0.76171875
2113,,,,,,,342,607,[],0.0008722832012793487,0.00043633190313431753,0.006514657980456026,0.00046743533811156125,0.9837656577126432,0.4921165465253774,219.37964418523308,108.38419324264774,-0.9282486755998753,103.90492505393922,thyroid nodule,0.71875
2117,,,,,,,376,610,[],0.0,0.0,0.0,0.0,0.9742795302949157,0.4871397651474578,152.8976432597373,112.891700136551,0.6936753133197319,103.21273119188845,thyroid nodule,0.671875
2119,,,,,,,478,610,[],0.0,0.0,0.0,0.0,0.9716408781907527,0.48582043909537637,174.94970702529855,121.57743549820232,0.13858312164832062,103.4688560757786,thyroid nodule,0.71484375
2124,,,,,,,477,610,[],0.0,0.0,0.0,0.0,0.9803182564772788,0.4901591282386394,147.2017805235097,105.80868627572127,-0.29154481881754607,104.70182006247342,thyroid nodule,0.6796875
2127,,,,,,,479,605,[],0.7407551438874355,0.5882534602318987,0.9851890163626105,0.5935021527305687,0.998762235206746,0.7961321939686574,69.11656816777308,23.60001147998052,-0.3975753455699071,103.93916605971754,thyroid nodule,0.79296875
2130,,,,,,,386,504,[],0.9581814282650654,0.9197200494030465,0.9438107308829742,0.9729965156794426,0.999308185260705,0.9861523504700738,2.23606797749979,1.0308217951599095,0.03092334494773519,102.42993710562587,thyroid nodule,0.5859375
2132,,,,,,,477,610,[],0.0,0.0,0.0,0.0,0.9762724678090007,0.48813623390450034,216.99617726661663,165.8336140776056,1.6184462303865288,102.93066594749689,thyroid nodule,0.58984375
2136,,,,,,,478,504,[],0.0,0.0,0.0,0.0,0.9840804879134577,0.49204024395672885,455.6174884603025,365.47532872916884,-0.7803709617983049,101.69543395750225,thyroid nodule,0.60546875
2141,,,,,,,478,616,[],0.0,0.0,0.0,0.0,0.8977503768359799,0.44887518841798996,330.334762574309,136.75181795461515,-0.6476778596448847,103.63059910014272,thyroid nodule,0.58984375
2143,,,,,,,477,610,[],0.9094809094809094,0.8339889850511408,0.9823911028730306,0.8466453674121406,0.9998682687041107,0.9232568180581257,5.0,2.212132520915527,-0.13817891373801916,103.70480106212199,thyroid nodule,0.5234375
2144,,,,,,,477,610,[],0.0,0.0,0.0,0.0,0.9647775255150757,0.48238876275753784,237.98319221093323,118.08860734546911,0.21522693997071743,103.79024199210107,thyroid nodule,0.6171875
2147,,,,,,,480,616,[],0.0,0.0,0.0,0.0,0.9196045711628289,0.45980228558141445,315.7231348972457,226.6041380262713,6.260963557751698,103.25832292437553,thyroid nodule,0.5390625
2149,,,,,,,478,504,[],0.0,0.0,0.0,0.0,0.9767721820465076,0.4883860910232538,175.7987375485866,105.37400575676426,-0.4626327389300741,103.82203315384686,thyroid nodule,0.65234375
215,,,,,,,582,857,[],0.0001312852829197847,6.564695069914002e-05,9.921619208254787e-05,0.00019398642095053346,0.9795834439111947,0.48988871516607263,120.7878302000971,63.361471161289494,0.9551891367604267,106.5580639988184,thyroid nodule,0.66796875
2152,,,,,,,402,610,[],0.0,0.0,0.0,0.0,0.9526698928733921,0.47633494643669605,195.19323660882233,107.00766846879604,2.3168115942028984,101.73671483062208,thyroid nodule,0.71875
2156,,,,,,,477,610,[],0.0,0.0,0.0,0.0,0.9511109057826804,0.4755554528913402,321.35150013097643,249.1016631042654,0.43631238254332844,104.88647292368114,thyroid nodule,0.640625
2160,,,,,,,471,611,[],0.0,0.0,0.0,0.0,0.9719892551753169,0.48599462758765843,231.21892530884628,166.66837548634388,0.05254691689008043,104.14281906560063,thyroid nodule,0.66796875
2162,,,,,,,382,611,[],0.0,0.0,0.0,0.0,0.9649080510574464,0.4824540255287232,172.46157808515662,123.5804582530038,-0.16551650918356514,101.51096992194653,thyroid nodule,0.7578125
2163,,,,,,,477,610,[],0.24101011592704719,0.13701620350936108,0.7716312056737589,0.14280714035701786,0.9963970549840739,0.5696020976705459,66.85244897239954,27.426458299257607,-0.8149282464123206,103.50844683125615,thyroid nodule,0.498046875
2166,,,,,,,477,611,[],0.0,0.0,0.0,0.0,0.973716692585025,0.4868583462925125,128.0,76.8508057232921,0.6214239621423963,105.33918091095984,thyroid nodule,0.66796875
217,,,,,,,664,832,[],0.9583418558669121,0.9200157088624166,0.9849574885546108,0.9331267979641513,0.9987304290913105,0.965928613527731,15.0,4.3992173164960535,-0.05262226156229254,106.67985607869923,thyroid nodule,0.7421875
2170,,,,,,,439,611,[],0.0,0.0,0.0,0.0,0.9759852335389797,0.48799261676948985,165.5398697812913,100.01802708439827,-0.2854849805090576,103.76094211824238,thyroid nodule,0.56640625
2172,,,,,,,477,610,[],0.0,0.0,0.0,0.0,0.9707524399202435,0.48537621996012176,218.58865478336244,169.07359434083457,0.6394117647058823,105.3428219165653,thyroid nodule,0.68359375
2174,,,,,,,477,610,[],0.0,0.0,0.0,0.0,0.9702516365257925,0.48512581826289625,279.1383131686302,217.25179015093894,1.1733265461949605,106.30923905409873,thyroid nodule,0.69921875
2176,,,,,,,478,506,[],0.0,0.0,0.0,0.0,0.9800123540263275,0.49000617701316374,145.04309654177484,100.52560183196333,1.1096916299559472,104.16705021634698,thyroid nodule,0.71875
2178,,,,,,,448,616,[],0.0,0.0,0.0,0.0,0.9794482550855833,0.48972412754279165,272.892267595998,241.67929367428096,0.48106963198305536,105.49493413418531,thyroid nodule,0.6953125
2180,,,,,,,477,610,[],0.0,0.0,0.0,0.0,0.9754763143192895,0.48773815715964475,226.08714797361534,109.24840916420713,-0.7974542561654734,105.77609902247787,thyroid nodule,0.640625
2182,,,,,,,477,610,[],0.0,0.0,0.0,0.0,0.9735346024765652,0.4867673012382826,136.11814584594825,78.3251846536933,-0.49384423848388437,107.1429350413382,thyroid nodule,0.68359375
2189,,,,,,,477,610,[],0.0,0.0,0.0,0.0,0.9486194101353588,0.4743097050676794,201.56199268252846,135.7332459601498,2.7286978508217445,104.3164529837668,thyroid nodule,0.6640625
2191,,,,,,,477,610,[],0.7228683154740745,0.5660092253857165,0.985870619199335,0.570638229634381,0.9992331576612812,0.7849356936478311,56.85328705392229,20.89337282740256,-0.4211834509300834,104.49896613135934,thyroid nodule,0.58984375
2194,,,,,,,579,1024,[],0.8515999152362789,0.741553337146864,0.9870560495161369,0.7488353892594939,0.9978293283686599,0.8733323588140769,126.9763706253629,64.48623629002165,-0.2413446129765587,105.72653799317777,thyroid nodule,0.83203125
2196,,,,,,,477,610,[],0.0,0.0,0.0,0.0,0.9712723447464734,0.4856361723732367,175.89058547456636,84.71926955907345,-0.5425197766402978,105.60662602074444,thyroid nodule,0.55078125
2200,,,,,,,558,809,[],0.0,0.0,0.0,0.0,0.9660944591740439,0.48304722958702195,179.7971074227475,116.95062971126934,1.3718956303049357,105.54591496475041,thyroid nodule,0.67578125
2202,,,,,,,579,1024,[],0.09272074715948524,0.048614143430436865,0.991518235793045,0.04863436856447486,0.9999632908302329,0.5242988296973539,63.798895499726726,32.02938876574849,-0.9509495974871549,106.49445303715765,thyroid nodule,0.5390625
2204,,,,,,,477,610,[],0.0,0.0,0.0,0.0,0.9758036244746136,0.4879018122373068,161.18467528049794,78.53402639359716,-0.6718053956654487,104.62379804812372,thyroid nodule,0.69921875
2206,,,,,,,477,610,[],0.0,0.0,0.0,0.0,0.9691919721841318,0.4845959860920659,142.9789617276687,73.5187179026972,-0.41602084905013376,104.65512913651764,thyroid nodule,0.66015625
2208,,,,,,,478,506,[],0.9200042721349995,0.8518591772151899,0.9393675027262813,0.9014231896190875,0.9988274494917542,0.9501253195554209,10.0,2.800004294464733,-0.04039347007115948,102.40952693857253,thyroid nodule,0.62890625
221,,,,,,,547,809,[],0.0017353035886793803,0.0008684052677284488,0.008778280542986426,0.0009628173823278344,0.9679527879289712,0.4844578026556495,429.12928930448373,191.38857029953115,-0.890318226033788,104.63617811910808,thyroid nodule,0.546875
2211,,,,,,,477,610,[],0.9280220783700968,0.865710067012456,0.992103436306838,0.8717166711143304,0.9993125304545232,0.9355146007844268,56.58769453336829,8.734601628499988,-0.12134497350463193,105.92478211037815,thyroid nodule,0.71484375
2213,,,,,,,477,610,[],0.7062207072858969,0.545858718919809,0.9930104842735896,0.5479640751556559,0.9997434215108074,0.7738537483332317,47.895689301682395,18.778143975917068,-0.44817896302826604,102.33809612691402,thyroid nodule,0.5859375
2215,,,,,,,416,610,[],0.0,0.0,0.0,0.0,0.9790087135913562,0.4895043567956781,163.0,121.19777143515732,0.13473638533304405,103.17002097144723,thyroid nodule,0.71484375
2220,,,,,,,449,616,[],0.0,0.0,0.0,0.0,0.9572308982364749,0.47861544911823745,155.95768274171823,85.46184561738417,0.6311023064949767,104.56529702059925,thyroid nodule,0.734375
2222,,,,,,,468,610,[],0.0,0.0,0.0,0.0,0.9572393749118868,0.4786196874559434,198.37677765899087,132.81916109129577,0.3370634113258732,104.15722895413637,thyroid nodule,0.578125
2224,,,,,,,477,610,[],0.0,0.0,0.0,0.0,0.9796457846974777,0.4898228923487388,154.0496671646417,111.62513954907287,-0.0518397383483238,103.62529894337058,thyroid nodule,0.64453125
2226,,,,,,,478,616,[],0.961317192538934,0.9255156488906918,0.9866932801064537,0.9372136379435649,0.9984779357765001,0.9678457868600325,13.92838827718412,4.340932630473857,-0.05014693335861219,104.12354907020926,thyroid nodule,0.76953125
2228,,,,,,,402,616,[],0.0,0.0,0.0,0.0,0.9545901202491589,0.47729506012457945,156.0,91.58041736964984,0.46114683815648444,106.27083806321025,thyroid nodule,0.7109375
223,,,,,,,499,829,[],0.0,0.0,0.0,0.0,0.9757509691131055,0.4878754845565528,214.99371967374051,153.3681596354091,-0.23989365861287043,103.4431871958077,thyroid nodule,0.640625
2231,,,,,,,477,610,[],0.0,0.0,0.0,0.0,0.9279179959602062,0.4639589979801031,189.25015258105466,106.24221740251387,-0.26864585328481133,104.86695193685591,thyroid nodule,0.55078125
2234,,,,,,,477,610,[],0.0009410959490097104,0.00047076949413677995,0.0017915309446254071,0.0006381620931716656,0.9776095684480862,0.48912386527062895,140.71744603339886,67.13219453855945,-0.6437895225387248,103.68718998506665,thyroid nodule,0.6640625
2235,,,,,,,444,610,[],0.0,0.0,0.0,0.0,0.9756429896903336,0.4878214948451668,114.0,69.41150878351776,0.2523708147861428,105.10257701389492,thyroid nodule,0.69140625
2236,,,,,,,477,610,[],0.0,0.0,0.0,0.0,0.982888761396548,0.491444380698274,231.0411218809327,125.65173419986442,2.041154791154791,104.31655286811292,thyroid nodule,0.60546875
2239,,,,,,,477,610,[],0.0,0.0,0.0,0.0,0.9668164388217924,0.4834082194108962,210.74154530850404,156.19084486844673,0.09729539866526168,103.52050792425871,thyroid nodule,0.828125
2241,,,,,,,428,610,[],0.013991449669646328,0.0070450097847358124,0.015270413573700955,0.012910166756320602,0.9818280020195458,0.4973690843879332,82.61350135524944,43.15728936528727,-0.1545633853326161,102.66067204065621,thyroid nodule,0.609375
2242,,,,,,,477,610,[],0.0,0.0,0.0,0.0,0.9735226700162511,0.4867613350081256,121.0,73.47994264437503,-0.18394575678040245,102.52019902691245,thyroid nodule,0.8046875
2244,,,,,,,476,610,[],0.0,0.0,0.0,0.0,0.9701209448974062,0.4850604724487031,193.80002154463997,141.5845824802878,0.3737259343148358,103.3220540266484,thyroid nodule,0.7109375
2246,,,,,,,478,610,[],0.0,0.0,0.0,0.0,0.9812261639202705,0.49061308196013526,156.56080572629307,79.79215544773244,-0.6174486803519061,103.90454507432878,thyroid nodule,0.61328125
2248,,,,,,,478,616,[],0.0,0.0,0.0,0.0,0.9607528803486386,0.4803764401743193,186.81637397175402,97.3468374880409,-0.37832427795253076,105.91121204197407,thyroid nodule,0.48828125
225,,,,,,,582,859,[],0.7199870301818476,0.5624841678628726,0.5681449893390191,0.9825945866214323,0.9791787885578942,0.9808866875896632,99.0,20.75055101666473,0.729478575116159,104.94260396808386,thyroid nodule,0.6796875
2252,,,,,,,478,616,[],0.0,0.0,0.0,0.0,0.9706794900900529,0.48533974504502647,151.66672617130416,89.63109709022548,1.285254691689008,103.13168098218739,thyroid nodule,0.859375
2256,,,,,,,407,610,[],0.0,0.0,0.0,0.0,0.9574904509675649,0.47874522548378246,227.49505489130968,142.91344714241308,-0.11142479047198942,102.3097550496459,thyroid nodule,0.46875
2258,,,,,,,477,610,[],0.9006365471200124,0.819234571388222,0.9917934689690545,0.8248258211289634,0.9998309484146131,0.9123283847717882,9.219544457292887,3.994980012297096,-0.16834921086307408,104.24461122602224,thyroid nodule,0.490234375
2260,,,,,,,477,610,[],0.0,0.0,0.0,0.0,0.9845018502103471,0.49225092510517354,123.96773773849388,81.22227769961744,-0.34022162324049116,105.05542601458728,thyroid nodule,0.59765625
2262,,,,,,,431,610,[],0.06577715355805243,0.03400701924240591,0.051835454713152554,0.08997758565481909,0.9802145603898579,0.5350960730223385,78.16009211867653,37.48780263240454,0.7358309317963496,103.33625390194356,thyroid nodule,0.7421875
2266,,,,,,,477,610,[],0.8706570836055794,0.7709412889269004,0.9663870845683294,0.7921836228287841,0.9980377430731963,0.8951106829509902,51.0,15.355345340775528,-0.18026261373035565,103.36446505971253,thyroid nodule,0.64453125
2268,,,,,,,414,610,[],0.0,0.0,0.0,0.0,0.9634314785264494,0.4817157392632247,204.01206947610137,123.90444296746297,-0.5609291306139267,103.01258810795844,thyroid nodule,0.65234375
227,,,,,,,547,813,[],0.0,0.0,0.0,0.0,0.9792238346930883,0.48961191734654413,237.2298227416086,180.36695156229405,-0.12539974803760054,106.29949904978275,thyroid nodule,0.6796875
2270,,,,,,,478,504,[],0.015398047464084451,0.00775875859862422,0.009792045225116092,0.036019309320460456,0.9588236034909055,0.49742145640568297,144.60063806565915,65.20991210183705,2.6784255477163015,104.4064941816032,thyroid nodule,0.447265625
2272,,,,,,,477,610,[],0.0,0.0,0.0,0.0,0.9740023552375224,0.4870011776187612,225.5096426829715,127.68043811593311,-0.456850500338575,103.38341491296887,thyroid nodule,0.703125
2274,,,,,,,478,610,[],0.0,0.0,0.0,0.0,0.9645544540785331,0.48227722703926657,235.3753153046598,164.32759575548857,4.497323340471092,104.37464294955134,thyroid nodule,0.765625
2280,,,,,,,429,504,[],0.7835535058234973,0.6441331448399948,0.9700958095422433,0.6571821936668196,0.9966722308976361,0.8269272122822279,59.88822140255305,26.424811134044322,-0.32255949649249327,103.96083607338369,thyroid nodule,0.73828125
2287,,,,,,,477,610,[],0.0,0.0,0.0,0.0,0.9738782005537636,0.4869391002768818,234.26155681901872,177.87228572306807,-0.3161778441995143,103.24467206373811,thyroid nodule,0.51953125
2289,,,,,,,477,610,[],0.0038365624400537117,0.0019219680953296175,0.01252871163082063,0.002265091169919589,0.9821196985794821,0.49219239487470084,158.1854245855003,80.29468521825981,-0.8192079731209181,103.34785399027169,thyroid nodule,0.68359375
229,,,,,,,580,858,[],0.6404209223150727,0.4710435257694409,0.5623437330144581,0.7436745255894192,0.983354281745113,0.8635144036672661,76.21679604916491,31.95426943553656,0.32245543415756184,104.99994503334165,thyroid nodule,0.494140625
2291,,,,,,,382,611,[],0.0,0.0,0.0,0.0,0.9708223272626164,0.4854111636313082,180.34244830391077,131.5538999602546,1.0818350898946063,105.55269522592425,thyroid nodule,0.72265625
2293,,,,,,,468,610,[],0.0,0.0,0.0,0.0,0.9787997885155045,0.48939989425775227,187.58464733220708,120.19992767244813,-0.6180134567983478,104.04243716038764,thyroid nodule,0.53125
2295,,,,,,,478,616,[],0.0,0.0,0.0,0.0,0.9446119455502584,0.4723059727751292,179.6254436123931,109.64061274551985,2.516425755584757,103.76098216511309,thyroid nodule,0.546875
2303,,,,,,,478,620,[],0.7232760945788007,0.5665094007464263,0.6096775415861468,0.888901165681454,0.9629805325254529,0.9259408491034535,80.0,24.11870799899202,0.45798574664383185,103.3211131580174,thyroid nodule,0.62109375
231,,,,,,,499,830,[],0.0,0.0,0.0,0.0,0.9748623019420045,0.48743115097100226,215.05184818782118,126.86201109513937,-0.2627416520210896,106.29475908353925,thyroid nodule,0.69921875
2316,,,,,,,476,610,[],0.7189495765674773,0.5612187962446326,0.9571369466280513,0.5756874455642653,0.9958588987708604,0.7857731721675629,73.99155073786679,29.015506943333587,-0.3985317904690805,103.72217209078372,thyroid nodule,0.8359375
2318,,,,,,,403,610,[],0.0,0.0,0.0,0.0,0.9772901428073841,0.48864507140369207,204.4940814896785,152.59219942729862,2.0874651810584957,104.0986489970237,thyroid nodule,0.54296875
2320,,,,,,,477,610,[],0.0,0.0,0.0,0.0,0.9343920102065809,0.46719600510329046,226.57066561814028,126.79333951440897,0.030193444693186383,105.00458511523902,thyroid nodule,0.63671875
2322,,,,,,,477,610,[],0.0,0.0,0.0,0.0,0.9764042530340458,0.4882021265170229,153.46725318432027,85.6748083178446,-0.43376288659793816,104.86718197353184,thyroid nodule,0.59375
2324,,,,,,,429,610,[],0.9647310295689348,0.9318651066758431,0.968353298766315,0.9611357586512866,0.9985863748901845,0.9798610667707356,5.7526079544364785,2.3597643032588103,-0.007453416149068323,103.19510218687356,thyroid nodule,0.73046875
2327,,,,,,,397,610,[],0.0,0.0,0.0,0.0,0.978073522247658,0.489036761123829,175.85505395068975,119.82582258506255,-0.5020072456672868,104.14618882350624,thyroid nodule,0.65625
2329,,,,,,,435,611,[],0.0,0.0,0.0,0.0,0.9706088694663818,0.4853044347331909,291.4918522067768,215.25475284877368,-0.29520676691729325,104.0886479895562,thyroid nodule,0.5859375
233,,,,,,,465,786,[],0.0,0.0,0.0,0.0,0.9686550437948472,0.4843275218974236,141.12759311520895,78.04092857259478,0.6603662138216184,104.05329801142216,thyroid nodule,0.81640625
2331,,,,,,,477,610,[],0.0,0.0,0.0,0.0,0.9776339064852417,0.48881695324262087,126.27509463790032,80.732536145302,-0.37216505145369166,103.84459304623306,thyroid nodule,0.7265625
2337,,,,,,,480,616,[],0.0,0.0,0.0,0.0,0.9716389465796685,0.48581947328983427,214.28030685674148,156.86300209791852,1.428655142103721,104.7868609894067,thyroid nodule,0.6171875
2341,,,,,,,477,610,[],0.0,0.0,0.0,0.0,0.9712396090253037,0.48561980451265185,254.43259214647242,167.70634641380576,-0.5448973691818445,104.97851483523846,thyroid nodule,0.5625
2343,,,,,,,477,610,[],0.0,0.0,0.0,0.0,0.966467312241929,0.4832336561209645,205.68420738796783,114.93669693896163,-0.5133809574581512,104.34979293495417,thyroid nodule,0.5234375
2345,,,,,,,477,610,[],0.0,0.0,0.0,0.0,0.9816112325611867,0.4908056162805933,141.96866027574902,94.2512937859738,4.578451882845188,102.84174489788711,thyroid nodule,0.76953125
235,,,,,,,616,695,[],0.0,0.0,0.0,0.0,0.9716418502880222,0.4858209251440111,191.64361961592886,89.71348004790677,-0.5432350355630144,104.38538319431245,thyroid nodule,0.82421875
2351,,,,,,,464,610,[],0.0,0.0,0.0,0.0,0.9693404037720329,0.48467020188601645,187.18172987767795,138.61975092293392,0.01726844583987441,104.20550988055766,thyroid nodule,0.640625
2353,,,,,,,425,610,[],0.0,0.0,0.0,0.0,0.956835462883123,0.4784177314415615,228.3041829179709,146.3179919683013,1.6795620437956205,104.6933198813349,thyroid nodule,0.5546875
2355,,,,,,,477,610,[],0.0,0.0,0.0,0.0,0.9475051735215088,0.4737525867607544,222.5151186497841,118.9604355134552,0.5993295122742511,105.71583802811801,thyroid nodule,0.5859375
2357,,,,,,,371,610,[],0.0,0.0,0.0,0.0,0.9861208007798964,0.4930604003899482,249.31105050412475,164.01984529390919,-0.6956741971431466,103.30580291338265,thyroid nodule,0.48046875
2359,,,,,,,477,610,[],0.0,0.0,0.0,0.0,0.9783804279388182,0.4891902139694091,106.0,57.18335349386566,0.7762217776507574,102.70537319593132,thyroid nodule,0.69140625
2362,,,,,,,469,504,[],0.0,0.0,0.0,0.0,0.9785025783850824,0.4892512891925412,87.36131867136622,54.529662526982946,-0.2493542014891354,100.97501007840037,thyroid nodule,0.70703125
2365,,,,,,,469,610,[],0.0,0.0,0.0,0.0,0.9799698524925529,0.48998492624627643,170.69445647313995,128.36388737987102,-0.25187667560321714,103.07225002907217,thyroid nodule,0.62109375
2369,,,,,,,479,504,[],0.0,0.0,0.0,0.0,0.9845631627989528,0.4922815813994764,159.56420969208796,84.75976699361624,-0.7831858407079646,101.55620193108916,thyroid nodule,0.703125
237,,,,,,,582,858,[],0.0,0.0,0.0,0.0,0.9780703130392224,0.4890351565196112,171.33606280785358,89.6157843033943,-0.5062861986156236,104.44159503094852,thyroid nodule,0.703125
2371,,,,,,,578,1024,[],0.0,0.0,0.0,0.0,0.9842504811643923,0.49212524058219614,159.18102394092432,100.15519589627125,1.1853600944510034,106.09165602363646,thyroid nodule,0.67578125
2373,,,,,,,434,611,[],0.0,0.0,0.0,0.0,0.9808592136819493,0.49042960684097464,115.74238622084233,72.11099494371261,3.090688259109312,103.7814118899405,thyroid nodule,0.73828125
2375,,,,,,,325,610,[],0.0,0.0,0.0,0.0,0.9738802375169239,0.48694011875846194,224.82947994830226,185.3335224762371,3.9386385426653883,253.10126901604235,thyroid nodule,0.474609375
2379,,,,,,,384,616,[],0.0,0.0,0.0,0.0,0.9809231329785157,0.49046156648925787,175.40524257349085,129.42681704186435,-0.2673663168415792,104.96253496967256,thyroid nodule,0.67578125
2383,,,,,,,477,610,[],0.9216524216524217,0.8546895640686922,0.9773413897280967,0.871967654986523,0.9996858836094067,0.9358267692979648,7.224904018598486,2.4231369756143204,-0.1078167115902965,104.84840185381472,thyroid nodule,0.625
2384,,,,,,,477,610,[],0.9113063854715876,0.8370641411967283,0.9688589935226707,0.8602079186020792,0.9995636221456524,0.9298857703738659,14.142135623730951,3.0169383196936663,-0.1121433311214333,103.54208783246577,thyroid nodule,0.59375
2388,,,,,,,477,610,[],0.0,0.0,0.0,0.0,0.9680696360312449,0.4840348180156224,171.98429515575194,96.95932362445993,3.2813370473537606,103.69548108428717,thyroid nodule,0.71875
2389,,,,,,,480,616,[],0.0,0.0,0.0,0.0,0.9658669941276549,0.48293349706382743,177.27196379360706,119.72714756225659,1.4013030888030888,104.04204716905951,thyroid nodule,0.7109375
239,,,,,,,586,998,[],0.792456892839302,0.6562555722773407,1.0,0.6562555722773407,1.0,0.8281277861386703,85.40135887427147,38.232124778164426,-0.3437444277226593,104.91880285553634,thyroid nodule,0.73828125
2393,,,,,,,477,610,[],0.0,0.0,0.0,0.0,0.9718232064679475,0.48591160323397375,172.00288486118808,94.43233260920594,-0.6416144089773209,105.10335699655116,thyroid nodule,0.77734375
2395,,,,,,,477,610,[],0.0,0.0,0.0,0.0,0.9752573557790144,0.4876286778895072,152.33203791196914,110.40607644155331,0.18401611820013433,103.4279849845916,thyroid nodule,0.7265625
2397,,,,,,,477,610,[],0.0,0.0,0.0,0.0,0.9701722708286513,0.48508613541432566,219.0,106.60500102064896,-0.7659328630503527,103.05346897803247,thyroid nodule,0.61328125
24,,,,,,,477,610,[],0.8041120650700406,0.6723975061401851,0.990537155580295,0.6767446282563225,0.9997575342661132,0.8382510812612178,36.242050830886285,9.77775518641972,-0.31679026430880397,103.83104300126433,thyroid nodule,0.62890625
2403,,,,,,,477,610,[],0.0,0.0,0.0,0.0,0.972785934065934,0.486392967032967,206.2356655125847,147.21874301574232,0.1734647460197119,103.70148112997413,thyroid nodule,0.671875
2405,,,,,,,452,504,[],0.0,0.0,0.0,0.0,0.9781581792722052,0.4890790896361026,152.85090739153512,108.79502487237869,1.3032710280373832,103.66262984462082,thyroid nodule,0.71875
2407,,,,,,,459,610,[],0.8647052835182735,0.7616571018651362,0.8299785030291186,0.9024649383765406,0.9968396274392991,0.9496522829079199,13.0,4.999465314603347,0.08733531661708457,104.41189398989081,thyroid nodule,0.55859375
2409,,,,,,,476,610,[],0.0,0.0,0.0,0.0,0.9783812769196174,0.4891906384598087,212.3162665917742,160.94039935126787,3.788505747126437,103.66596095263958,thyroid nodule,0.65625
241,,,,,,,663,832,[],0.0,0.0,0.0,0.0,0.9734660318347431,0.48673301591737156,490.07754304294514,275.87335361987243,-0.8571312832027407,105.09506706148386,thyroid nodule,0.6171875
2412,,,,,,,477,610,[],0.0,0.0,0.0,0.0,0.9751748861250692,0.4875874430625346,272.25943484699815,162.53882909388602,-0.758122876975336,104.3543228879571,thyroid nodule,0.70703125
2414,,,,,,,477,610,[],0.0,0.0,0.0,0.0,0.9808847028347377,0.49044235141736886,144.6298707402879,87.77577631971208,-0.20738470519556335,103.66555978544056,thyroid nodule,0.50390625
2418,,,,,,,582,1024,[],0.9015217094172855,0.820700524667676,0.8555831801967355,0.9526732625598806,0.987951524727331,0.9703123936436058,45.0,10.889793652917538,0.1134782504032161,103.59451803378761,thyroid nodule,0.80859375
2422,,,,,,,477,610,[],0.0,0.0,0.0,0.0,0.9765638437638379,0.48828192188191893,194.01912803424995,96.18536221898157,-0.6385392560817295,103.20091107860208,thyroid nodule,0.72265625
2426,,,,,,,478,616,[],0.9004153796996486,0.8188686555598605,0.9982681256396126,0.8200336264873254,0.9999211424311072,0.9099773844592163,50.427426300923926,9.879957830236206,-0.17854371443352302,104.28254120051861,thyroid nodule,0.75390625
2428,,,,,,,412,610,[],0.0,0.0,0.0,0.0,0.9733515845760988,0.4866757922880494,177.72619111272778,122.67925557077473,3.5169606512890095,104.29724189452827,thyroid nodule,0.79296875
2430,,,,,,,477,610,[],0.0,0.0,0.0,0.0,0.9781105455013754,0.4890552727506877,125.23241318969875,68.00652099186398,-0.4646075772158544,103.18500199355185,thyroid nodule,0.7734375
2434,,,,,,,477,610,[],0.0,0.0,0.0,0.0,0.9740000140521475,0.48700000702607377,275.9975405361701,225.578034512645,0.17178594046865103,102.44997800327837,thyroid nodule,0.73828125
2436,,,,,,,464,616,[],0.0,0.0,0.0,0.0,0.9846891949770193,0.49234459748850967,182.78345132268174,122.3376357211967,-0.4669840872071169,103.20844198577106,thyroid nodule,0.72265625
244,,,,,,,617,720,[],0.0,0.0,0.0,0.0,0.9758597754215736,0.4879298877107868,402.49223594996215,220.06149622022454,-0.9461652560858563,104.3561128899455,thyroid nodule,0.51953125
2442,,,,,,,479,616,[],0.31836678628457615,0.1893199918317337,0.9024627664752263,0.19327468312208138,0.9959448959109011,0.5946097895164912,157.4261730451762,58.336471979770735,-0.7858363909272849,102.54753893241286,thyroid nodule,0.53515625
2447,,,,,,,477,610,[],0.0,0.0,0.0,0.0,0.9713176427047655,0.48565882135238275,167.3927980287723,115.2961434049679,0.8027210884353742,103.94510603509843,thyroid nodule,0.6875
245,,,,,,,648,999,[],0.0,0.0,0.0,0.0,0.980400204112524,0.490200102056262,179.0,118.24014561326727,0.9237249195895236,105.74918915517628,thyroid nodule,0.6640625
2451,,,,,,,477,610,[],0.5124115417479131,0.34445786326548644,1.0,0.34445786326548644,1.0,0.6722289316327432,89.31982637884053,36.7613472188383,-0.6555421367345136,103.3525939565152,thyroid nodule,0.5234375
2453,,,,,,,480,610,[],0.0,0.0,0.0,0.0,0.9653669346715261,0.48268346733576306,245.02336613796876,156.60759759293393,-0.5223541298307653,103.82022289559245,thyroid nodule,0.71484375
2455,,,,,,,477,610,[],0.7615777975175858,0.6149581265508685,0.9745622119815668,0.6249901489479076,0.9984412181089792,0.8117156835284434,57.45770230019868,13.238429147440115,-0.3586965087871385,103.29360305331647,thyroid nodule,0.75
2459,,,,,,,477,610,[],0.49840816774618507,0.3319198713262173,0.979208006211716,0.33427578488543325,0.9990623151866032,0.6666690500360182,74.72717038863601,29.904915443067782,-0.6586263768628144,102.80811414122581,thyroid nodule,0.65625
2463,,,,,,,481,676,[],0.0,0.0,0.0,0.0,0.9721567926086311,0.48607839630431554,333.9674318445302,152.88276095328877,-0.8826708144252201,103.43251586891711,thyroid nodule,0.640625
2465,,,,,,,440,676,[],0.9142208529268688,0.8419952210274791,0.8676515851031087,0.9660726525017135,0.9985400071981041,0.9823063298499088,7.0710678118654755,2.3863941327211484,0.11343385880740232,103.61144901253283,thyroid nodule,0.55078125
2467,,,,,,,604,1024,[],0.9209669920966992,0.8535114174924602,0.9268920341560416,0.9151172190784155,0.9989751359789583,0.9570461775286869,8.48528137423857,3.902627561431688,-0.012703545444046657,104.48033502325416,thyroid nodule,0.59765625
2471,,,,,,,661,765,[],0.0,0.0,0.0,0.0,0.9759118367148565,0.48795591835742824,284.6546115504211,220.41952767423646,0.0034587481019065294,106.09104507602751,thyroid nodule,0.58203125
2473,,,,,,,660,896,[],0.0,0.0,0.0,0.0,0.8734132221225078,0.4367066110612539,332.7259112697339,195.24332734278445,2.1182488079757262,107.47455013915896,thyroid nodule,0.61328125
2475,,,,,,,660,1031,[],0.0,0.0,0.0,0.0,0.9796340478665513,0.48981702393327564,315.299460662262,211.59382774022575,-0.4736260701463684,106.4468608237803,thyroid nodule,0.54296875
2477,,,,,,,431,381,[],0.0,0.0,0.0,0.0,0.977992512718779,0.4889962563593895,92.0,47.366517285902106,-0.5672036244651397,101.33584798313677,thyroid nodule,0.67578125
2481,,,,,,,416,528,[],0.0,0.0,0.0,0.0,0.9582995846983259,0.47914979234916294,183.75526907112447,95.24484598379794,-0.686863208460853,99.83615996316075,thyroid nodule,0.7578125
2483,,,,,,,422,488,[],0.0,0.0,0.0,0.0,0.9751848302300109,0.48759241511500545,147.33974345029924,104.90319448936063,2.5639044943820224,101.85398696921766,thyroid nodule,0.73828125
2485,,,,,,,603,702,[],0.0,0.0,0.0,0.0,0.978018584198774,0.489009292099387,243.0,183.88002751918268,-0.4148123980424144,103.29252295196056,thyroid nodule,0.59765625
2487,,,,,,,604,610,[],0.0,0.0,0.0,0.0,0.9723593250015093,0.4861796625007547,393.7556304530494,195.65139733976562,-0.929180524402506,103.88313396833837,thyroid nodule,0.69140625
2489,,,,,,,575,880,[],0.0,0.0,0.0,0.0,0.906080170558539,0.4530400852792695,360.6537013585845,213.9180331784871,4.300340522133939,104.19697011820972,thyroid nodule,0.64453125
249,,,,,,,582,858,[],0.6796140865921437,0.5147086769792102,0.9996309282155379,0.5148065080209838,0.9999492555793491,0.7573778818001664,122.72318788135651,45.14366938948159,-0.48500342127271345,104.47320505045354,thyroid nodule,0.6875
2491,,,,,,,581,888,[],0.9403134689056563,0.8873505903057858,0.9491270177420114,0.9316620984878815,0.9928090894174099,0.9622355939526457,18.840078451493152,7.352513386458214,-0.01840103476948662,104.60503795184195,thyroid nodule,0.80859375
2493,,,,,,,577,936,[],0.0,0.0,0.0,0.0,0.9661084413940754,0.4830542206970377,224.58884656048278,132.43139616311072,-0.22179333599538578,103.5220071207732,thyroid nodule,0.6328125
2495,,,,,,,575,880,[],0.0023630686133850956,0.0011829319814110689,0.008204193254329991,0.001380322732600813,0.9632713392506215,0.48232583099161114,360.48550133328996,160.5005666334007,-0.831753995815212,106.39762110076845,thyroid nodule,0.70703125
2497,,,,,,,603,772,[],0.9091499729290742,0.8334325987691086,0.9977816510854064,0.8349797785586421,0.9999378375918283,0.9174588080752353,14.866068747318506,5.507099187768426,-0.16316382682490221,104.9866748508066,thyroid nodule,0.625
2501,,,,,,,575,966,[],0.0,0.0,0.0,0.0,0.976175974686741,0.4880879873433705,151.3056477921337,95.7028030540117,-0.2416361272017969,106.63389484398067,thyroid nodule,0.6484375
2503,,,,,,,578,1024,[],0.0,0.0,0.0,0.0,0.9806610541133158,0.4903305270566579,301.0,176.213763706227,-0.7161850782636332,105.3371918387711,thyroid nodule,0.60546875
2507,,,,,,,600,632,[],0.0,0.0,0.0,0.0,0.981045800244055,0.4905229001220275,179.83099627673215,107.93052490503484,-0.5743799096925837,102.32821595855057,thyroid nodule,0.62890625
2509,,,,,,,588,859,[],0.13136646737458318,0.07030081879672481,1.0,0.07030081879672481,1.0,0.5351504093983624,326.16176285226277,139.71038755008098,-0.9296991812032752,106.0953950509429,thyroid nodule,0.48828125
251,,,,,,,617,738,[],0.0,0.0,0.0,0.0,0.9808569687944223,0.49042848439721115,196.76063100629426,124.95425099075234,-0.3020730503455084,104.84902188181877,thyroid nodule,0.59765625
2511,,,,,,,698,998,[],0.0,0.0,0.0,0.0,0.964509297783308,0.482254648891654,263.85940829284726,170.21570682875853,-0.15094812164579607,105.43064284138381,thyroid nodule,0.69921875
2513,,,,,,,546,856,[],0.7688235117167525,0.6244624706802189,0.9951458830858686,0.6263703945756066,0.9995396027781402,0.8129549986768734,87.89936072461981,31.847396925534998,-0.37057429948533616,104.6995990909636,thyroid nodule,0.671875
2516,,,,,,,600,632,[],0.004150761590631138,0.0020796969584431983,0.005621925509486999,0.00328986018094231,0.9726515691179475,0.4879707146494449,136.02573256163657,73.48000738213659,-0.4148161203148866,105.53015512414277,thyroid nodule,0.7421875
2518,,,,,,,582,858,[],0.0,0.0,0.0,0.0,0.9704948202063647,0.48524741010318234,299.6280929842133,213.47017838977843,-0.09380160040645243,103.89331402257085,thyroid nodule,0.734375
2520,,,,,,,600,632,[],0.9256332320162107,0.8615616748396832,0.9639164380671028,0.8902748002338725,0.9995428650863878,0.9449088326601301,5.830951894845301,2.7848093545940085,-0.07639836289222374,103.62531011924148,thyroid nodule,0.68359375
2524,,,,,,,587,858,[],0.0,0.0,0.0,0.0,0.899178814027985,0.4495894070139925,330.9353367927728,182.07359861552362,0.9750623441396509,105.99230392836034,thyroid nodule,0.5859375
2526,,,,,,,591,631,[],0.0,0.0,0.0,0.0,0.9674409376449752,0.4837204688224876,263.53412496981497,163.2487286987429,-0.6303742961245445,103.76050206832588,thyroid nodule,0.69921875
2528,,,,,,,585,999,[],0.0,0.0,0.0,0.0,0.9783231877728473,0.48916159388642366,197.12059357611787,111.58076108744237,-0.5694652673663169,106.67893593199551,thyroid nodule,0.68359375
253,,,,,,,583,858,[],0.0,0.0,0.0,0.0,0.9743585992731801,0.48717929963659007,204.27432496094497,98.9600319336464,-0.43432760130929876,105.33662093803287,thyroid nodule,0.6953125
2530,,,,,,,549,1002,[],0.0,0.0,0.0,0.0,0.9846108629858981,0.49230543149294903,301.49891869462846,230.27042597008978,-0.33874190712173285,106.0996949672699,thyroid nodule,0.6875
2532,,,,,,,499,504,[],0.7006954467917597,0.5392849929307211,0.5434192672998643,0.9860888834174566,0.9723469735755405,0.9792179284964986,61.40032573203501,21.76167256785944,0.8146005170503509,103.99852599948645,thyroid nodule,0.640625
2534,,,,,,,547,813,[],0.8982168330955778,0.8152392050236292,0.9994444444444445,0.8156088082901555,0.9999661697649523,0.9077874890275539,22.41086615065875,9.124668157899547,-0.18393782383419688,103.4063461702317,thyroid nodule,0.7734375
2538,,,,,,,541,811,[],0.0,0.0,0.0,0.0,0.8494769265311564,0.4247384632655782,250.66629955794275,118.23446221326299,4.755589340010731,104.12444802932441,thyroid nodule,0.7890625
2541,,,,,,,353,852,[],0.0,0.0,0.0,0.0,1.0,0.5,920.9261642498817,920.9261642498817,-1.0,105.41869304142892,thyroid nodule,0.427734375
2542,,,,,,,500,762,[],0.0,0.0,0.0,0.0,0.9830840753544713,0.49154203767723564,114.75626344561765,57.09699435709881,-0.38294314381270905,102.92547708377242,thyroid nodule,0.5859375
2544,,,,,,,499,630,[],0.006505250466162883,0.003263239327660173,0.03798297314996726,0.0035572455879421642,0.9764159084250114,0.48998657700647674,312.2378898279739,141.1613983773416,-0.9063463101243503,103.63615001551807,thyroid nodule,0.6015625
2546,,,,,,,476,852,[],0.0,0.0,0.0,0.0,0.9052595200445545,0.4526297600222772,322.76043720244513,173.04934946440488,10.381421744324971,103.36479498073459,thyroid nodule,0.67578125
2548,,,,,,,499,630,[],0.0,0.0,0.0,0.0,0.9786123571592286,0.4893061785796143,153.37861650177967,105.46834280918897,-0.27098214285714284,104.07555801793933,thyroid nodule,0.6484375
255,,,,,,,582,858,[],0.9082687768061974,0.8319527348032647,0.9995974971641846,0.8322315308453923,0.9999764217168848,0.9161039762811385,35.0,9.041524691018722,-0.16743335872048742,103.10940002091229,thyroid nodule,0.73828125
2552,,,,,,,353,852,[],0.0,0.0,0.0,0.0,1.0,0.5,920.9261642498817,920.9261642498817,-1.0,103.55787794105709,thyroid nodule,0.427734375
2556,,,,,,,566,797,[],0.0,0.0,0.0,0.0,0.9838843860833735,0.49194219304168674,149.02751402057496,90.15146991467063,-0.5928384279475982,104.79761101305485,thyroid nodule,0.578125
2558,,,,,,,566,797,[],0.6676457419181517,0.5011022690611894,0.9485978930225457,0.5150887083402421,0.997565772349102,0.7563272403446721,65.0,23.938596164285542,-0.4569999447300061,105.59742501936853,thyroid nodule,0.53515625
2560,,,,,,,492,799,[],0.0,0.0,0.0,0.0,0.9792391331120227,0.48961956655601135,266.82512998624816,177.7794190704548,-0.7262261359125194,104.4486949685961,thyroid nodule,0.74609375
2562,,,,,,,673,914,[],0.0,0.0,0.0,0.0,0.9597094603123982,0.4798547301561991,317.0341433196324,226.88581686624775,0.85592960979342,105.66524812020361,thyroid nodule,0.78515625
2564,,,,,,,600,748,[],0.0,0.0,0.0,0.0,0.9690734999504871,0.48453674997524354,301.576522941512,157.03334374963194,-0.7783963757436821,105.1538079045713,thyroid nodule,0.67578125
2566,,,,,,,600,654,[],0.7454076030507166,0.594143249124799,0.995718702925553,0.5956649592107759,0.9996916329747139,0.7976782960927449,76.09335849274643,29.60944979250869,-0.40177385695313983,105.56989582255483,thyroid nodule,0.66796875
2568,,,,,,,527,908,[],0.005191838429988059,0.002602675550465879,0.00513347022587269,0.0052515492070160695,0.9793387989210972,0.49229517406405665,107.06493252019044,59.18149532783655,0.023001785526730385,104.6902087982744,thyroid nodule,0.5703125
2570,,,,,,,341,597,[],0.0,0.0,0.0,0.0,0.9127135209068036,0.4563567604534018,175.7741213428926,99.37776219256445,1.2397852278679937,103.30260405316949,thyroid nodule,0.6171875
2574,,,,,,,512,846,[],0.0,0.0,0.0,0.0,0.9727873579552795,0.48639367897763974,302.00049668738023,141.50298066496345,-0.7716689069071673,103.82788302376866,thyroid nodule,0.68359375
2577,,,,,,,476,854,[],0.8003952569169961,0.6672158154859967,0.7076089805189133,0.9211873080859775,0.9915843413936251,0.9563858247398013,33.24154027718932,11.175070554905636,0.3018310019333561,104.38153287395835,thyroid nodule,0.435546875
2579,,,,,,,498,720,[],0.7094238896715356,0.5496955072963347,0.7897647544366487,0.6439195100612424,0.9925894891199036,0.818254499590573,40.491971799601195,15.052423464014627,-0.18466922403930278,104.27511087618768,thyroid nodule,0.58203125
2581,,,,,,,500,763,[],0.0,0.0,0.0,0.0,0.9388293751502684,0.4694146875751342,316.4133318085184,219.7863021036517,2.193584379358438,103.86657412163913,thyroid nodule,0.64453125
2583,,,,,,,499,762,[],0.006368136813681368,0.0031942390825874466,0.5516569200779727,0.003202552989238064,0.9992119806352806,0.5012072668122594,226.11647257528512,108.24391520295839,-0.9941946654294024,105.06514692679048,thyroid nodule,0.50390625
2585,,,,,,,499,763,[],0.0,0.0,0.0,0.0,0.9608544256402576,0.4804272128201288,338.9271246579323,193.62302347038514,1.1446153846153846,102.96557703986764,thyroid nodule,0.578125
2587,,,,,,,500,720,[],0.005022174175810145,0.002517408519934462,1.0,0.002517408519934462,1.0,0.5012587042599672,157.24232310598748,110.69337862429632,-0.9974825914800656,103.96679607219994,thyroid nodule,0.5390625
2591,,,,,,,500,846,[],0.5383777417930222,0.3683425993070663,0.9943988253847409,0.3691084152520135,0.9997241999791142,0.6844163076155638,82.48023394492722,36.37735613965583,-0.6288124987384187,104.09015812911093,thyroid nodule,0.55859375
2595,,,,,,,500,763,[],0.0,0.0,0.0,0.0,0.9763101650764532,0.4881550825382266,351.0912673305222,207.2826260436599,-0.8350001043906716,103.39867486618459,thyroid nodule,0.69921875
2597,,,,,,,500,763,[],0.0,0.0,0.0,0.0,0.971158128203561,0.4855790641017805,442.11536955867075,264.21816790626013,-0.738803806310462,104.39247405156493,thyroid nodule,0.64453125
2599,,,,,,,500,720,[],0.6738741603402361,0.5081524997002758,0.9921969490070618,0.5101913894795972,0.9993551590500203,0.7547732742648088,55.0,16.475369921720297,-0.4857962524575693,102.13745222426951,thyroid nodule,0.8046875
260,,,,,,,620,779,[],0.0,0.0,0.0,0.0,0.9687730139481829,0.48438650697409147,418.1237854771815,230.3956226870578,-0.9073867275384692,103.40074519626796,thyroid nodule,0.62109375
2601,,,,,,,500,762,[],0.0,0.0,0.0,0.0,0.9768998244033857,0.48844991220169287,267.0,210.14503176611194,0.2623046589747335,103.7870931904763,thyroid nodule,0.70703125
2603,,,,,,,500,720,[],0.0,0.0,0.0,0.0,0.964958168259835,0.4824790841299175,185.52897347853784,99.68652510794274,-0.4417270247389709,105.6859081145376,thyroid nodule,0.609375
2605,,,,,,,500,776,[],0.0,0.0,0.0,0.0,0.9973869506476992,0.4986934753238496,609.8392304877143,342.77268393473844,-0.9888049029622064,103.66968996822834,thyroid nodule,0.546875
2607,,,,,,,512,846,[],0.0,0.0,0.0,0.0,0.9754421291208466,0.4877210645604233,187.92849978224928,104.71721114284226,0.03609532356167115,104.01469701901078,thyroid nodule,0.5859375
2611,,,,,,,530,797,[],0.0,0.0,0.0,0.0,0.9424077680473725,0.47120388402368624,230.28731665137332,137.35479910696534,0.27228994697425246,105.94835202209651,thyroid nodule,0.5546875
2613,,,,,,,661,717,[],0.0,0.0,0.0,0.0,0.9596854344155928,0.4798427172077964,566.9259207546849,482.6402386779718,0.41697810998398294,102.78461407870054,thyroid nodule,0.65625
2617,,,,,,,661,717,[],0.0,0.0,0.0,0.0,0.9778874108008105,0.48894370540040527,223.75432956704995,124.33476955093236,-0.7760980304701989,104.58422708325088,thyroid nodule,0.69140625
262,,,,,,,547,809,[],0.6414767394286539,0.47218679138321995,0.9991003823375065,0.47238763646675175,0.9999378397768448,0.7361627381217983,82.0,36.34903852656781,-0.5271870126187438,104.57864706404507,thyroid nodule,0.61328125
2621,,,,,,,661,537,[],0.8678780082542745,0.7665940725310103,0.98828125,0.7736263736263737,0.9997213287971854,0.8866738512117796,25.50194325136335,6.847119603934648,-0.2172001911132346,104.08154712058604,thyroid nodule,0.578125
2623,,,,,,,585,856,[],0.0,0.0,0.0,0.0,0.96724161172397,0.483620805861985,222.019363916035,134.3319991840496,3.368661121545479,105.1118669565767,thyroid nodule,0.5546875
2628,,,,,,,574,797,[],0.0,0.0,0.0,0.0,0.9789176266029124,0.4894588133014562,136.95035558737501,81.50085966406152,0.44468085106382976,104.43083406426013,thyroid nodule,0.734375
263,,,,,,,669,995,[],0.4688941129395288,0.3062453857059788,1.0,0.3062453857059788,1.0,0.6531226928529894,213.32311171256046,82.82204729306139,-0.6937546142940212,105.9543730225414,thyroid nodule,0.625
2631,,,,,,,600,632,[],0.0,0.0,0.0,0.0,0.9697614469766773,0.48488072348833866,271.4514220570112,200.3222828063817,2.080575149213239,105.17016798257828,thyroid nodule,0.76953125
2632,,,,,,,524,717,[],0.5731417347255247,0.401680915809303,1.0,0.401680915809303,1.0,0.7008404579046514,55.46440284484413,33.12548543535872,-0.598319084190697,103.2585718203336,thyroid nodule,0.546875
2634,,,,,,,534,728,[],0.0,0.0,0.0,0.0,0.9097391975592274,0.4548695987796137,273.0898174167109,141.90250055766955,3.357586512866016,104.25611096434295,thyroid nodule,0.78515625
2636,,,,,,,675,866,[],0.9501684083254167,0.9050674564001316,0.9645800455900403,0.9361810755616066,0.9985598328835782,0.9673704542225924,12.727922061357855,3.928264449590059,-0.029441797140912187,106.46348213776946,thyroid nodule,0.515625
2638,,,,,,,629,991,[],0.4257001003632617,0.2704059756730531,0.9704786587835101,0.27264866832770174,0.998638507998999,0.6356435881633504,124.03063923632655,35.8245721764109,-0.7190575332491439,105.15161813236773,thyroid nodule,0.68359375
2640,,,,,,,489,712,[],0.0,0.0,0.0,0.0,0.9815534037800788,0.4907767018900394,163.28027793380923,120.5357815511028,-0.28944381384790013,105.43974302709103,thyroid nodule,0.640625
2646,,,,,,,582,858,[],0.5558968058968059,0.3849425776265419,0.9958460565046353,0.3855616738915102,0.9996275899148389,0.6925946319031746,116.76899488512808,47.80749868153519,-0.6128300439881136,104.83629093505442,thyroid nodule,0.6171875
2648,,,,,,,582,859,[],0.30631474905736356,0.1808569501841509,0.9690554500393755,0.1819075114349815,0.9982646646230582,0.5900860880290199,120.15406776301833,52.81277994957996,-0.8122836918902937,105.46298301778734,thyroid nodule,0.60546875
2654,,,,,,,543,910,[],0.15891797217086698,0.08631770326836075,0.9348954358113265,0.08683969855302617,0.9975840963869071,0.5422118974699667,99.02019995940222,33.7081117438627,-0.9071129291826476,104.95549393817782,thyroid nodule,0.7109375
2658,,,,,,,548,809,[],0.0,0.0,0.0,0.0,0.9732849442678316,0.4866424721339158,229.08159499394054,163.98446005520833,-0.21467260884470346,104.01238594204187,thyroid nodule,0.80078125
2660,,,,,,,469,782,[],0.0,0.0,0.0,0.0,0.9255975746367076,0.4627987873183538,234.18443516582252,146.06150226567055,-0.46115468458547765,104.33399304747581,thyroid nodule,0.62109375
2662,,,,,,,602,764,[],0.0,0.0,0.0,0.0,0.9719300925853117,0.48596504629265586,151.36644028066743,89.52644887904611,-0.15723440134907252,104.34010298922658,thyroid nodule,0.7890625
2664,,,,,,,547,809,[],0.0,0.0,0.0,0.0,0.9802160031082328,0.4901080015541164,193.20507179816,104.67380893639505,-0.6390048712595685,105.46403401531279,thyroid nodule,0.58203125
2666,,,,,,,583,859,[],0.0,0.0,0.0,0.0,0.9735377829679105,0.48676889148395525,230.77207346969632,165.50184858174774,0.4037340815886035,104.43311394192278,thyroid nodule,0.7265625
2668,,,,,,,581,857,[],0.9261584454409566,0.8624721603563474,0.9146094584715739,0.9380028259177023,0.9934439748034488,0.9657234003605756,42.70581018561321,10.22397892657299,0.025577438795813028,104.351372923702,thyroid nodule,0.78515625
267,,,,,,,581,857,[],0.40668963648329526,0.2552482214360689,1.0,0.2552482214360689,1.0,0.6276241107180345,120.13469400422755,82.02935120778919,-0.7447517785639312,103.85061311535537,thyroid nodule,0.77734375
2670,,,,,,,548,809,[],0.0,0.0,0.0,0.0,0.9836535937886205,0.49182679689431025,264.7687627932726,134.22336986220498,-0.8739462773378397,105.50448391586542,thyroid nodule,0.55078125
2672,,,,,,,581,857,[],0.0,0.0,0.0,0.0,0.9525589816032605,0.47627949080163023,269.203037080496,158.4880424105444,3.4769201302432484,105.82478111609817,thyroid nodule,0.490234375
2674,,,,,,,547,809,[],0.800796066494966,0.6677730485376235,0.9186677410690304,0.7097323096078024,0.9963816952976379,0.8530570024527202,53.0,10.726823982688439,-0.22743307740195062,105.39572290144861,thyroid nodule,0.609375
2678,,,,,,,600,650,[],0.0001739458158783539,8.698047288383758e-05,0.0005004587538577029,0.00010526685146847258,0.964015231139753,0.48206024899561073,364.8907963139717,154.36400600655273,-0.789659286290747,104.46832492016256,thyroid nodule,0.75390625
2680,,,,,,,581,857,[],0.0,0.0,0.0,0.0,0.9203630942084496,0.4601815471042248,320.16370412512794,222.85956043839877,2.1407455534800617,104.49349507689476,thyroid nodule,0.62890625
2682,,,,,,,581,859,[],0.0,0.0,0.0,0.0,0.9771488473860743,0.48857442369303716,125.4029409239647,62.45105195308975,0.642043795620438,104.8222309909761,thyroid nodule,0.7265625
2684,,,,,,,581,857,[],0.0001547628259692022,7.738740133106331e-05,0.00018547713994250208,0.0001327756754962491,0.9776723398791353,0.4889025577773158,120.02124373199793,67.9054968949101,-0.28413994556197303,105.26914987713099,thyroid nodule,0.70703125
2687,,,,,,,583,859,[],0.9538434174250734,0.9117597052989516,0.9856836515878689,0.9239958647624152,0.9984372317823806,0.961216548272398,45.880278987817846,9.652281701824041,-0.06258375770570893,104.56659714691341,thyroid nodule,0.7109375
2688,,,,,,,580,858,[],0.0,0.0,0.0,0.0,0.9695609269665839,0.48478046348329196,148.13473460239297,85.89398667016442,-0.10027632790911882,105.70092801935971,thyroid nodule,0.75
269,,,,,,,581,858,[],0.9091664013950977,0.8334602111246447,0.9851825189717748,0.844040705144678,0.998925114886506,0.921482910015592,32.7566787083184,10.96061210725421,-0.14326463483579174,105.71378818713129,thyroid nodule,0.640625
2692,,,,,,,600,650,[],0.872697421111645,0.7741465667294235,0.9513270473197136,0.8060733836366326,0.9969280700014327,0.9015007268190327,42.443085689667136,9.456023530967006,-0.15268530847758544,104.33554300107062,thyroid nodule,0.74609375
2694,,,,,,,548,809,[],0.302695963846034,0.1783392706305777,0.24334143469219013,0.40034626324250794,0.9279385691752988,0.6641424162089034,109.54998743286056,36.240832430297516,0.6452038418731193,104.4027239549905,thyroid nodule,0.6875
2696,,,,,,,580,858,[],0.0,0.0,0.0,0.0,0.9624968866749689,0.48124844333748446,233.2017359878985,126.73340147885897,0.14071969696969697,104.87315198406577,thyroid nodule,0.5234375
2698,,,,,,,665,832,[],0.0,0.0,0.0,0.0,0.9213001906288871,0.46065009531444356,188.49270202918774,116.03064039440181,0.9112929025181664,106.61218501627445,thyroid nodule,0.546875
2700,,,,,,,583,858,[],0.9615651348687813,0.9259753954305799,0.9878506074696265,0.9366422527199033,0.999313687278643,0.9679779699992732,8.48528137423857,3.213727544735326,-0.05183815686553367,104.94149383157492,thyroid nodule,0.75390625
2702,,,,,,,498,829,[],0.0,0.0,0.0,0.0,0.9389992271926177,0.4694996135963089,268.0981951565604,146.4640986613964,0.15179388393932097,104.48606498539448,thyroid nodule,0.66796875
2704,,,,,,,583,858,[],0.0,0.0,0.0,0.0,0.9129295438694954,0.4564647719347477,228.61976658897456,116.86203148932266,1.7098638582070382,106.3479701988399,thyroid nodule,0.53515625
2706,,,,,,,547,809,[],0.5871499755249583,0.415578416218041,0.987628256555335,0.4177531702089659,0.9992419793394096,0.7084975747741877,88.97778974808799,33.94029823156803,-0.5770137524557957,104.70555885694921,thyroid nodule,0.78125
2709,,,,,,,665,690,[],0.015314195298372513,0.00771618120212978,1.0,0.00771618120212978,1.0,0.5038580906010649,339.43268463377797,97.64553434962761,-0.9922838187978702,104.93432404473424,thyroid nodule,0.5859375
271,,,,,,,600,570,[],0.39715797116481694,0.24778360188960072,0.9967645965042767,0.2479830502201991,0.9996280716154518,0.6238055609178255,128.77991463459222,50.502376726347585,-0.7512120202805226,104.29455200210214,thyroid nodule,0.7109375
2710,,,,,,,581,857,[],0.0,0.0,0.0,0.0,0.9221034562520544,0.4610517281260272,272.3875901025277,158.5354715293842,6.570696115164662,104.56055589020252,thyroid nodule,0.56640625
2712,,,,,,,547,809,[],0.0,0.0,0.0,0.0,0.9756413673925233,0.48782068369626164,272.80513041459955,127.55684294606348,0.44041309960592473,104.71274890005589,thyroid nodule,0.61328125
2714,,,,,,,547,809,[],0.0,0.0,0.0,0.0,0.9798378359885505,0.4899189179942752,312.985296607356,253.32303154982964,1.167729279058362,104.90359296090901,thyroid nodule,0.73046875
2716,,,,,,,581,857,[],0.0,0.0,0.0,0.0,0.9711615190128601,0.48558075950643004,183.13163836467538,116.70742388720092,-0.3675217611569106,106.50147288106382,thyroid nodule,0.5625
2720,,,,,,,663,832,[],0.03782332155477032,0.01927620584337002,1.0,0.01927620584337002,1.0,0.509638102921685,123.17852897001706,54.91013686337516,-0.98072379415663,105.58877605944872,thyroid nodule,0.63671875
2722,,,,,,,580,857,[],0.0,0.0,0.0,0.0,0.9788725468098796,0.4894362734049398,222.43077778599158,167.1575463552195,0.1428729771669253,104.76248012855649,thyroid nodule,0.69140625
2724,,,,,,,594,932,[],0.0,0.0,0.0,0.0,0.9758150099945484,0.4879075049972742,196.81145543799792,119.55544703758513,3.0232769044740024,105.8365199714899,thyroid nodule,0.75390625
2726,,,,,,,583,858,[],0.0,0.0,0.0,0.0,0.9748593505162412,0.4874296752581206,272.237029075767,209.29945143396202,0.30491803278688523,106.0629349667579,thyroid nodule,0.57421875
273,,,,,,,622,781,[],0.0033217003742168775,0.0016636131994019416,0.9813664596273292,0.0016636657505975508,0.9999923236551683,0.500827994702883,197.40236823614555,75.95907645631246,-0.9983047456592012,105.7122079655528,thyroid nodule,0.6328125
2730,,,,,,,583,859,[],0.0,0.0,0.0,0.0,0.9351638314628437,0.4675819157314218,205.91378857214033,102.39337542044811,-0.25036371845683036,105.2024788223207,thyroid nodule,0.59765625
2732,,,,,,,665,740,[],0.0,0.0,0.0,0.0,0.9776060607516369,0.48880303037581846,384.3102869145143,171.20771337330058,-0.8769760629173154,106.47968202829361,thyroid nodule,0.64453125
2736,,,,,,,664,832,[],0.29146793163948276,0.1705955287799609,1.0,0.1705955287799609,1.0,0.5852977643899805,192.327584981057,111.02551787408063,-0.8294044712200391,104.01543718762696,thyroid nodule,0.51171875
2740,,,,,,,582,858,[],0.0,0.0,0.0,0.0,0.8856951979917402,0.4428475989958701,330.1378493394147,157.17753685938504,9.463676797627873,104.66285888105631,thyroid nodule,0.62890625
2742,,,,,,,471,783,[],0.0,0.0,0.0,0.0,0.9783092738658088,0.4891546369329044,168.65971461651165,90.74970736944114,-0.6089469067643568,105.64171709120274,thyroid nodule,0.76171875
2744,,,,,,,661,630,[],0.10674235082375744,0.056380255941499084,0.2989241058447223,0.06497145385214992,0.9803964083119445,0.5226839310820472,85.44062263887137,34.27819917849029,-0.7826489982514168,104.83517218381166,thyroid nodule,0.408203125
2746,,,,,,,573,857,[],0.0,0.0,0.0,0.0,0.9790266913110891,0.48951334565554455,230.46858743177228,102.10879341712577,-0.7218656521360323,105.22276000119746,thyroid nodule,0.5859375
2748,,,,,,,581,857,[],0.0,0.0,0.0,0.0,0.9749008164202105,0.48745040821010527,148.27119148963925,87.01168314081946,0.23306151213127957,104.71033002249897,thyroid nodule,0.64453125
275,,,,,,,624,810,[],0.27517474471880965,0.15953775252087737,1.0,0.15953775252087737,1.0,0.5797688762604387,297.0269348055829,168.36823616045137,-0.8404622474791227,105.23145901970565,thyroid nodule,0.671875
2750,,,,,,,581,858,[],0.0,0.0,0.0,0.0,0.9721152613315356,0.4860576306657678,162.89398077180175,89.59296535024741,-0.09721478307445099,105.53429508581758,thyroid nodule,0.73046875
2752,,,,,,,581,857,[],0.0,0.0,0.0,0.0,0.9841058435664217,0.49205292178321086,243.04103319795317,181.2420178123192,-0.21456055083029565,106.01794393733144,thyroid nodule,0.6328125
2754,,,,,,,464,783,[],0.0,0.0,0.0,0.0,0.9707359878444514,0.4853679939222257,154.7384890710776,89.7429524123628,-0.5809226617188159,105.02255498431623,thyroid nodule,0.6015625
2756,,,,,,,583,998,[],0.05363711433075595,0.027557612573522322,0.03762110362257793,0.09339869281045751,0.9354760702799831,0.5144373815452203,272.1115579498911,129.244717187898,1.4826143790849673,105.30655109323561,thyroid nodule,0.671875
2758,,,,,,,602,767,[],0.0,0.0,0.0,0.0,0.9706774010668733,0.48533870053343664,216.32151952060764,142.27830861945597,1.742272262026612,104.74954987876117,thyroid nodule,0.67578125
2760,,,,,,,611,805,[],0.6026632913667718,0.43129425259016674,1.0,0.43129425259016674,1.0,0.7156471262950834,143.7595149517915,79.08008998920008,-0.5687057474098333,104.50835479423404,thyroid nodule,0.83203125
2762,,,,,,,580,831,[],0.9064723590585659,0.8289432522054683,0.9220544227155683,0.8914081948462625,0.9976023137672146,0.9445052543067386,22.099766351735347,5.802472498689426,-0.03323689699253179,107.13204508647323,thyroid nodule,0.66796875
2764,,,,,,,581,857,[],0.0,0.0,0.0,0.0,0.977544002856997,0.4887720014284985,161.2862349814736,103.14002259933508,0.3943233654333502,104.92286295630038,thyroid nodule,0.7109375
2766,,,,,,,471,787,[],0.0,0.0,0.0,0.0,0.9301824956406659,0.46509124782033295,189.31911264193693,110.27002574006006,0.32464033622501215,102.75401407852769,thyroid nodule,0.5
2770,,,,,,,582,857,[],0.0,0.0,0.0,0.0,0.9805852293235225,0.4902926146617613,208.153789300123,112.27062034773813,-0.6322418136020151,105.21419788710773,thyroid nodule,0.51171875
2772,,,,,,,581,857,[],0.0,0.0,0.0,0.0,0.9253220091945622,0.4626610045972811,380.4331741548213,212.7609222311318,0.6336488100707526,105.4374729283154,thyroid nodule,0.625
2776,,,,,,,469,783,[],0.0,0.0,0.0,0.0,0.975618437935459,0.4878092189677295,174.74624452016837,109.81909326955258,0.8324346744089589,103.95277594216168,thyroid nodule,0.546875
2780,,,,,,,581,858,[],0.0,0.0,0.0,0.0,0.9778516057585825,0.48892580287929127,162.0,101.70354818437814,0.08471177944862156,105.70171801373363,thyroid nodule,0.58984375
2782,,,,,,,580,857,[],0.0,0.0,0.0,0.0,0.984854958520848,0.492427479260424,277.5992417277685,148.76322792650416,-0.8059469223287481,105.00179487280548,thyroid nodule,0.59765625
2784,,,,,,,600,976,[],0.3637702503681885,0.2223222322232223,0.999135402192373,0.22236501206077808,0.9999363762165209,0.6111506941386495,240.39852302421053,62.75131937851629,-0.7774425652690825,104.87317317165434,thyroid nodule,0.5625
2786,,,,,,,581,857,[],0.0,0.0,0.0,0.0,0.9359623172703784,0.4679811586351892,297.94026169456254,183.47658526739107,22.554814814814815,107.80299711041152,thyroid nodule,0.65234375
2788,,,,,,,600,760,[],0.0,0.0,0.0,0.0,0.974105949596001,0.4870529747980005,137.73376149997662,76.29270624772815,-0.2531902362410837,105.40003189817071,thyroid nodule,0.7109375
279,,,,,,,580,857,[],0.7984163367368202,0.6644700332963374,0.9894230173322041,0.6692236753856472,0.9987966871292527,0.83401018125745,118.84864324004712,46.42102785979321,-0.3236222892913034,104.79368106462061,thyroid nodule,0.71875
2790,,,,,,,547,809,[],0.0,0.0,0.0,0.0,0.9797443456276248,0.4898721728138124,227.85785038249577,117.29364249060058,-0.7954351642839228,104.64119794778526,thyroid nodule,0.6015625
2796,,,,,,,580,857,[],0.0,0.0,0.0,0.0,0.9599752580153721,0.47998762900768605,391.17381022171094,210.34322945119143,-0.7114854264718025,105.56975496001542,thyroid nodule,0.45703125
2798,,,,,,,548,813,[],0.0,0.0,0.0,0.0,0.9757690254219886,0.4878845127109943,226.1981375904805,110.5057013471709,-0.6825045107783863,103.19394106045365,thyroid nodule,0.74609375
2800,,,,,,,393,782,[],0.0,0.0,0.0,0.0,0.9053920593541813,0.45269602967709066,276.19412481458744,169.38915236253183,0.3049338146811071,103.90627500601113,thyroid nodule,0.70703125
2804,,,,,,,617,720,[],0.026244605622061802,0.013296787280134692,1.0,0.013296787280134692,1.0,0.5066483936400673,233.80622318270227,188.76683595331042,-0.9867032127198653,104.29432312957942,thyroid nodule,0.494140625
2806,,,,,,,498,831,[],0.0,0.0,0.0,0.0,0.9643536918869644,0.4821768459434822,308.0,185.98135757376411,4.953714981729598,104.88059208728373,thyroid nodule,0.546875
2808,,,,,,,581,857,[],0.0,0.0,0.0,0.0,0.9260330239922184,0.4630165119961092,312.0664969606618,145.42645411037847,-0.765992674727811,104.72506005316973,thyroid nodule,0.55859375
281,,,,,,,581,858,[],0.7294971063433048,0.5741798070555386,0.9407624633431085,0.5957178139681715,0.9954570704401469,0.7955874422041591,92.00543398021355,31.487154879908715,-0.36677127629941875,104.73381099291146,thyroid nodule,0.65234375
2810,,,,,,,581,857,[],0.0,0.0,0.0,0.0,0.9789209774543408,0.4894604887271704,302.53085456767445,240.75585135132619,-0.29714443371499516,104.61445804685354,thyroid nodule,0.66015625
2812,,,,,,,582,858,[],0.0,0.0,0.0,0.0,0.9770022308168446,0.4885011154084223,244.59761564811194,135.88747514646872,-0.382073892175466,104.74686091765761,thyroid nodule,0.61328125
2816,,,,,,,600,650,[],0.9280927128529431,0.8658330099827154,0.9805257060679903,0.8809827180876837,0.9970832572985877,0.9390329876931357,31.0,8.558835460546875,-0.10152001866374746,104.48676603846252,thyroid nodule,0.74609375
2818,,,,,,,600,650,[],0.7244075885368677,0.5678989479922951,0.6261896009475962,0.8591683479040574,0.975408162168553,0.9172882550363052,102.30402984317988,23.804307496189047,0.37205783456624075,104.03569717891514,thyroid nodule,0.62109375
2820,,,,,,,601,653,[],0.6388013795780642,0.4692932904825105,0.9629754670267837,0.477916536347795,0.994569684645577,0.736243110496686,124.78781991845197,57.65389634834736,-0.5037085027478665,105.15030799433589,thyroid nodule,0.7265625
2822,,,,,,,581,857,[],0.9422127020157616,0.8907392854983981,0.9581883798810027,0.9267610062893081,0.997241036048889,0.9620010211690986,11.661903789690601,5.1595994255965385,-0.03279874213836478,106.1949071008712,thyroid nodule,0.71875
2824,,,,,,,581,857,[],0.0,0.0,0.0,0.0,0.9804056244428235,0.49020281222141177,281.83327902736585,222.7466847422999,1.2196465457883865,105.66089791245759,thyroid nodule,0.7109375
2826,,,,,,,581,857,[],0.9513415411782018,0.9071986528836709,0.9970184547370585,0.9096665259603208,0.999878303636623,0.954772414798472,8.94427190999916,4.063079518975013,-0.08761315135312603,106.0589540284127,thyroid nodule,0.6953125
283,,,,,,,618,721,[],0.8510050988591761,0.7406517626964427,0.9965848681737636,0.7425363878597777,0.9990081252631743,0.8707722565614759,72.4223603772049,26.143948428042115,-0.2549190625175038,105.07713607512414,thyroid nodule,0.83203125
2830,,,,,,,581,857,[],0.9145636971723928,0.8425770308123249,0.9692803437164339,0.8656945510360706,0.9994133249092807,0.9325539379726757,8.0,4.208479577468275,-0.10686876438986953,104.91716396063566,thyroid nodule,0.55078125
2838,,,,,,,581,857,[],0.0,0.0,0.0,0.0,0.9496663783265715,0.47483318916328576,307.47162270011984,217.43379168573776,3.554106191438545,104.26966194063425,thyroid nodule,0.5703125
2840,,,,,,,577,858,[],0.0,0.0,0.0,0.0,0.9358951827829823,0.46794759139149117,326.13376171381157,186.97273343892158,1.7185444980271811,104.90287304855883,thyroid nodule,0.6484375
2842,,,,,,,547,809,[],0.9059904999487407,0.8281376897607297,0.9132306844407702,0.8988642142736057,0.9939011398742942,0.94638267707395,23.811724765881277,8.813099283215104,-0.015731479911849467,104.4236239977181,thyroid nodule,0.65234375
2844,,,,,,,631,928,[],0.05315498836249279,0.027303143313798614,0.3819916517590936,0.028564931040171944,0.971315252679854,0.499940091860013,329.79568638382415,108.76408836916195,-0.9252210593906207,105.53887393325567,thyroid nodule,0.5078125
2846,,,,,,,601,767,[],0.8086002239641658,0.678697646439582,0.9976787885486902,0.6797710498569062,0.9999530924369372,0.8398620711469217,27.65863337187866,10.828925831759856,-0.31864738665461667,105.9578328859061,thyroid nodule,0.462890625
2848,,,,,,,580,856,[],0.7235668582671404,0.5668662420382166,0.990517529215359,0.5699592694110716,0.9989818501646726,0.7844705597878721,88.8051209711694,31.47587025472818,-0.4245843686758716,105.64729711040854,thyroid nodule,0.65625
285,,,,,,,663,832,[],0.1449721918378037,0.0781509534250216,0.9322369724588865,0.07859744078046173,0.9984162707343502,0.538506855757406,325.58924368913245,80.93053251500412,-0.9156894189970265,105.31887086108327,thyroid nodule,0.458984375
2850,,,,,,,618,781,[],0.4882462615577794,0.3229667962064314,0.8608345632631155,0.34075844486934354,0.9866518410987393,0.6637051429840414,82.51908517680472,24.94103724905534,-0.6041533885702146,105.54778599180281,thyroid nodule,0.75
2854,,,,,,,548,809,[],0.0,0.0,0.0,0.0,0.903474636763453,0.4517373183817265,258.29372537252556,123.26070866464842,3.6361424463614243,105.38890189491212,thyroid nodule,0.609375
2856,,,,,,,580,856,[],0.0,0.0,0.0,0.0,0.9165514033054625,0.45827570165273124,276.48426571836274,156.71366045925015,1.6833845331908641,104.87544210627675,thyroid nodule,0.5859375
2860,,,,,,,600,570,[],0.0,0.0,0.0,0.0,0.9694674737568002,0.4847337368784001,203.04124085722708,127.08790410469828,-0.36648648648648646,104.2600420769304,thyroid nodule,0.828125
2862,,,,,,,580,857,[],0.9138261610566681,0.8413258801608317,0.9086961126999259,0.9190144617032673,0.9963962457409227,0.957705353722095,18.027756377319946,5.926402724682841,0.011355115158007498,105.96762294881046,thyroid nodule,0.62890625
2864,,,,,,,581,858,[],0.0,0.0,0.0,0.0,0.973787478054158,0.486893739027079,267.5913388025274,131.88334574719505,-0.7995142262317835,104.92550395429134,thyroid nodule,0.57421875
2867,,,,,,,602,654,[],0.013471305575925473,0.006781329468704711,1.0,0.006781329468704711,1.0,0.5033906647343523,316.433483258403,216.94982581510897,-0.9932186705312953,104.6957888174802,thyroid nodule,0.61328125
287,,,,,,,581,858,[],0.04458838824823639,0.022802558796452935,1.0,0.022802558796452935,1.0,0.5114012793982264,249.09837414162303,166.90168113376484,-0.977197441203547,105.79125885851681,thyroid nodule,0.6640625
2873,,,,,,,581,856,[],0.0,0.0,0.0,0.0,0.9734911463510985,0.48674557317554923,257.45832813574657,127.84497073942758,-0.6665119327180383,105.41598196141422,thyroid nodule,0.578125
2876,,,,,,,600,650,[],0.010457033893092207,0.005255998021271333,0.017691747320220625,0.007421960270683257,0.9742873098244323,0.4908546350475578,189.09891555501966,85.5290626912882,-0.5804846103470858,106.01400397717953,thyroid nodule,0.76953125
2878,,,,,,,548,809,[],0.0006437257728207783,0.0003219665154823898,0.0027351647044832916,0.0003647898493259318,0.977947943894268,0.489156366871797,309.4352918450674,140.26141735738065,-0.866629659000793,104.98479497618973,thyroid nodule,0.68359375
2882,,,,,,,541,811,[],0.0,0.0,0.0,0.0,0.9784187497333453,0.48920937486667265,172.19030164625147,122.39649109918275,-0.4598683039686777,105.9871232137084,thyroid nodule,0.703125
2884,,,,,,,583,858,[],0.00972200158856235,0.004884745546261414,0.014022546054440473,0.007440186734098424,0.9775711456270197,0.4925056661805591,153.20411151224937,76.47150734051779,-0.4694125656487065,104.62904698215425,thyroid nodule,0.63671875
2886,,,,,,,602,763,[],0.7840919800207332,0.6448612618198729,0.8945274701644984,0.697928026172301,0.9954946680015798,0.8467113470869404,45.280236215903656,16.36551388683496,-0.21978021978021978,106.64186510257423,thyroid nodule,0.58203125
2888,,,,,,,591,781,[],0.0,0.0,0.0,0.0,0.9805951648430046,0.4902975824215023,337.64300033568725,269.73684189040097,-0.33164401443599784,106.47469200193882,thyroid nodule,0.64453125
289,,,,,,,581,856,[],0.7452875227557696,0.5939906841387846,0.9953895093821382,0.5956294234058968,0.9991298230022958,0.7973796232040963,123.82971762438119,45.30402754162276,-0.40161171301110254,105.2040180657059,thyroid nodule,0.71875
2890,,,,,,,583,859,[],0.0,0.0,0.0,0.0,0.9745373790846734,0.4872686895423367,229.73636280124936,129.0266008905361,-0.6486198947928364,105.80370994284749,thyroid nodule,0.69140625
2896,,,,,,,664,832,[],0.0,0.0,0.0,0.0,0.9654508127831803,0.4827254063915902,260.9084875745565,152.141528419343,-0.2036480780114057,105.87324993684888,thyroid nodule,0.76171875
2898,,,,,,,548,813,[],0.0,0.0,0.0,0.0,0.979857719722021,0.4899288598610105,251.80597685821192,196.36845227332807,0.11049514930074335,105.54363508708775,thyroid nodule,0.53515625
2900,,,,,,,547,809,[],0.0,0.0,0.0,0.0,0.9788127339505521,0.48940636697527606,153.05423874378224,96.55386129011394,-0.450115726641491,104.8441817983985,thyroid nodule,0.5078125
2902,,,,,,,603,767,[],0.7042257614508254,0.5434787484580016,0.9361381548446917,0.5644041740426722,0.9960602427729408,0.7802322084078065,72.0,23.407372095220744,-0.39709307742476474,103.61418989486992,thyroid nodule,0.765625
2906,,,,,,,580,857,[],0.0,0.0,0.0,0.0,0.9704311704563724,0.4852155852281862,250.5047324353099,132.2544478367406,-0.6299418130404046,105.16210785135627,thyroid nodule,0.5625
2908,,,,,,,548,809,[],0.004444392463246044,0.0022271453857064154,1.0,0.0022271453857064154,1.0,0.5011135726928532,159.2064689123106,66.09069925524135,-0.9977728546142935,105.0495260860771,thyroid nodule,0.546875
291,,,,,,,600,570,[],0.15766912477211883,0.0855813290067217,1.0,0.0855813290067217,1.0,0.5427906645033609,166.1872435722524,123.73504134402765,-0.9144186709932783,103.87337394058704,thyroid nodule,0.78125
2913,,,,,,,580,857,[],0.000403737455300496,0.00020190948686146126,0.0007427843803056027,0.0002772057658799303,0.9800406097395551,0.49015890775271753,183.273020382161,93.3085955603161,-0.6268018374782195,105.93769187107682,thyroid nodule,0.625
2914,,,,,,,583,858,[],0.6860630793857412,0.5221430866445325,0.6098827208756842,0.7839913162338185,0.9737577313081163,0.8788745237709674,59.53491439067606,20.20736011444472,0.28547881321862184,104.85155205242336,thyroid nodule,0.58203125
2917,,,,,,,537,807,[],0.0,0.0,0.0,0.0,0.9814457605580684,0.4907228802790342,126.0,63.34911212034877,-0.5474041954763857,107.19717619940639,thyroid nodule,0.69921875
2920,,,,,,,601,765,[],0.9284403669724771,0.8664383561643836,0.8902751119641714,0.9700243987452074,0.9961497014054151,0.9830870500753113,17.0,4.684739026392267,0.08957825026141512,104.38453289680183,thyroid nodule,0.609375
2922,,,,,,,581,857,[],0.0,0.0,0.0,0.0,0.9007813232909391,0.45039066164546954,246.8885370574153,140.598808825731,-0.7034654575749808,105.47772399149835,thyroid nodule,0.6171875
2925,,,,,,,581,858,[],0.0,0.0,0.0,0.0,0.9725025502184527,0.48625127510922633,228.54211130284466,113.03911645172032,-0.5837622608526756,104.88213296048343,thyroid nodule,0.58203125
2926,,,,,,,602,922,[],0.0,0.0,0.0,0.0,0.9453508400071798,0.4726754200035899,258.09917715064336,144.18129372480402,-0.08734613176860768,103.93285495229065,thyroid nodule,0.8359375
2928,,,,,,,602,928,[],0.0,0.0,0.0,0.0,0.9526456965519392,0.4763228482759696,242.6062600150867,149.40884477382363,-0.4681205114731126,105.82158016040921,thyroid nodule,0.51171875
2930,,,,,,,529,857,[],0.0,0.0,0.0,0.0,0.9773327320154197,0.48866636600770985,246.166508545064,190.66414601967162,-0.17338842975206611,105.55235482752323,thyroid nodule,0.65625
2933,,,,,,,581,858,[],0.8978216102907906,0.8145882904923087,0.9831533389960765,0.8261194663947659,0.9981053239714047,0.9121123951830853,101.52659335937051,24.90646545939557,-0.15972470048432322,106.2413479667157,thyroid nodule,0.74609375
2934,,,,,,,664,738,[],0.0,0.0,0.0,0.0,0.932104036985337,0.4660520184926685,296.4295830177394,144.77489338674087,-0.6339936618891744,105.75811890885234,thyroid nodule,0.6171875
2936,,,,,,,580,857,[],0.01940451745379877,0.009797314810015032,0.021613585682428955,0.01760514181919799,0.9640214555004426,0.4908132986598203,152.63931220499012,79.96674733873677,-0.18545945694192167,105.27286981232464,thyroid nodule,0.64453125
2939,,,,,,,580,857,[],0.6212853663106614,0.45062651191867575,1.0,0.45062651191867575,1.0,0.7253132559593378,83.20456457753139,33.74738663543107,-0.5493734880813242,106.47105216048658,thyroid nodule,0.625
294,,,,,,,582,496,[],0.7968480995894583,0.6623004953219592,0.9223152150587081,0.7014292042619664,0.9896900085848784,0.8455596064234224,73.348483283569,28.93695954900357,-0.2394908022662097,103.95236616022885,thyroid nodule,0.73046875
2942,,,,,,,581,857,[],0.0,0.0,0.0,0.0,0.9809261719491364,0.4904630859745682,137.79929852193203,77.83904197606542,-0.2978965752904549,104.78069097734988,thyroid nodule,0.72265625
2944,,,,,,,547,813,[],0.5507069059271343,0.37998311603039114,0.6860287891617274,0.4599750198705575,0.9716129624951195,0.7157939911828385,91.72726666785309,28.782301477950615,-0.32951061655501307,104.15164893493056,thyroid nodule,0.5625
295,,,,,,,580,858,[],0.7103206061835143,0.5507730135018262,1.0,0.5507730135018262,1.0,0.7753865067509131,115.73264930582653,52.04261672924543,-0.4492269864981738,104.11588894203305,thyroid nodule,0.84765625
2951,,,,,,,664,831,[],0.9501605259134689,0.9050531527595748,0.9983935742971888,0.9063730494385299,0.9999816489181119,0.9531773491783209,4.0,2.140358216820544,-0.09216858684555929,107.01371217146516,thyroid nodule,0.64453125
2952,,,,,,,601,654,[],0.9187925843764855,0.849783835275152,0.9748655010087425,0.8688192987713516,0.9992125486560655,0.9340159237137085,31.312927481792386,7.080406374930778,-0.10878034162421336,105.57484510354698,thyroid nodule,0.57421875
2954,,,,,,,665,832,[],0.0,0.0,0.0,0.0,0.8790460260035219,0.43952301300176094,335.106318077343,202.1781608187818,0.9725645998873803,105.96721293404698,thyroid nodule,0.67578125
2956,,,,,,,581,857,[],0.6796836429463413,0.5147884742283159,0.9824806895779693,0.51955778537495,0.998545363287386,0.759051574331168,129.9994230513177,36.575248369984386,-0.47117761103464606,105.37203215062618,thyroid nodule,0.60546875
2958,,,,,,,582,858,[],0.0,0.0,0.0,0.0,0.9717221157238985,0.4858610578619493,384.37955382299964,307.8903440807996,-0.070095677546312,103.27442199923098,thyroid nodule,0.70703125
2960,,,,,,,602,765,[],0.0,0.0,0.0,0.0,0.968092918764713,0.4840464593823565,180.10625511578388,107.9542269604583,-0.40440705470384763,102.77611296623945,thyroid nodule,0.79296875
2962,,,,,,,469,782,[],0.0,0.0,0.0,0.0,0.945177368215401,0.4725886841077005,276.3450734464379,178.1811331255352,-0.41641530401651056,103.79322292283177,thyroid nodule,0.70703125
2966,,,,,,,547,809,[],0.0,0.0,0.0,0.0,0.9756478438219043,0.48782392191095214,184.0401957420361,135.01581840165528,0.2659243295019157,105.05303600803018,thyroid nodule,0.68359375
2968,,,,,,,580,857,[],0.0,0.0,0.0,0.0,0.9745672827847286,0.4872836413923643,260.0474954335704,194.70084891113677,0.8374594753905099,104.09469809383154,thyroid nodule,0.578125
2970,,,,,,,581,858,[],0.0,0.0,0.0,0.0,0.9823276200066859,0.49116381000334297,183.18404987631757,96.05944166856834,-0.3838848920863309,104.63159787468612,thyroid nodule,0.73828125
2972,,,,,,,582,858,[],0.66351127489097,0.49645856521299203,0.8785925329035724,0.5330255296034764,0.9971805566529298,0.7651030431282031,37.714448359549955,9.695969184209979,-0.3933188484519283,104.78538111783564,thyroid nodule,0.6328125
2977,,,,,,,600,650,[],0.9446860978867692,0.895170712709334,0.951497171243273,0.9379718424811263,0.998126816894353,0.9680493296877397,8.172629850060595,3.6084126024532255,-0.014214786098075223,104.51259603723884,thyroid nodule,0.5703125
2978,,,,,,,600,650,[],0.0,0.0,0.0,0.0,0.9741122286951724,0.4870561143475862,294.56035000773494,227.70524543305623,1.5307672828564194,105.68824806250632,thyroid nodule,0.703125
298,,,,,,,498,829,[],0.0,0.0,0.0,0.0,0.9724079979950958,0.4862039989975479,271.0885464197999,167.5318089644365,0.922945205479452,102.50747879035771,thyroid nodule,0.64453125
2980,,,,,,,581,857,[],0.0,0.0,0.0,0.0,0.973150282481187,0.4865751412405935,171.52796636403025,104.06555975764665,-0.18804115949303551,104.14684913121164,thyroid nodule,0.765625
2982,,,,,,,580,857,[],0.0,0.0,0.0,0.0,0.9683100384429338,0.4841550192214669,190.26980731503966,113.4604391357476,-0.4190650280024891,104.91029289551079,thyroid nodule,0.74609375
2984,,,,,,,565,781,[],0.9347518909483833,0.8774968789013733,0.9416394540735159,0.9279643534945128,0.9983758441183187,0.9631700988064158,9.337484628412922,3.6408407267499916,-0.014522650383695025,104.2568210978061,thyroid nodule,0.54296875
2987,,,,,,,498,829,[],0.0,0.0,0.0,0.0,0.9651757986617945,0.48258789933089724,180.23595645708434,98.63391833454061,2.136082928981032,104.94509409181774,thyroid nodule,0.69921875
299,,,,,,,547,809,[],0.29310118029728666,0.1717156148413855,0.9969899121379759,0.17180468519998318,0.9999003211276105,0.5858525031637969,190.37830758437107,81.96498851820294,-0.8276766062441295,105.32695101574063,thyroid nodule,0.65625
2990,,,,,,,507,808,[],0.0,0.0,0.0,0.0,0.9774703685017608,0.4887351842508804,166.20770138594662,115.51288025141658,0.24229135261066193,104.37037283554673,thyroid nodule,0.734375
2993,,,,,,,580,856,[],0.9160950277099562,0.8451802059496567,0.9954518655773604,0.8484565685570711,0.9998880944979794,0.9241723315275252,13.0,4.993008048190908,-0.14766690595836324,102.89636603556573,thyroid nodule,0.60546875
2994,,,,,,,581,857,[],0.0,0.0,0.0,0.0,0.9749942423682851,0.48749712118414257,205.40735229558652,135.1105172987263,-0.24429395535490345,105.09957722388208,thyroid nodule,0.625
2997,,,,,,,602,765,[],0.0,0.0,0.0,0.0,0.9661845825275296,0.4830922912637648,231.41085694345048,133.52540849717056,-0.23351662469808315,104.85618188977242,thyroid nodule,0.7421875
2998,,,,,,,591,746,[],0.0,0.0,0.0,0.0,0.9184302132482132,0.4592151066241066,231.56208670678367,132.70756931340713,-0.3075565503734154,103.58855803497136,thyroid nodule,0.53125
30,,,,,,,457,514,[],0.0,0.0,0.0,0.0,0.9788560233025869,0.48942801165129346,94.28016129577941,57.20740396109625,0.1630901287553648,104.08816812559962,thyroid nodule,0.64453125
3000,,,,,,,581,856,[],0.0,0.0,0.0,0.0,0.9835111961014126,0.4917555980507063,239.78573659437134,182.87585752790676,-0.2713974195893149,104.82225194573402,thyroid nodule,0.63671875
3002,,,,,,,469,782,[],0.0,0.0,0.0,0.0,0.9585329620865629,0.47926648104328146,185.18422775232202,103.84294906709462,0.8674532446341158,105.8642310090363,thyroid nodule,0.75390625
3004,,,,,,,601,654,[],0.0,0.0,0.0,0.0,0.9806361977875966,0.4903180988937983,300.7648023760734,237.3072884935369,-0.46535157956034356,104.87288306467235,thyroid nodule,0.578125
3006,,,,,,,519,806,[],0.0,0.0,0.0,0.0,0.9791639482904434,0.4895819741452217,286.8171860370497,231.7916619590821,0.9316756272401434,104.59471680223942,thyroid nodule,0.7109375
3008,,,,,,,547,809,[],0.0,0.0,0.0,0.0,0.9743929440779672,0.4871964720389836,238.18522119105097,141.9552415903857,0.7912457912457912,105.95887200906873,thyroid nodule,0.59375
301,,,,,,,547,808,[],0.0,0.0,0.0,0.0,0.9155706890400619,0.45778534452003095,249.72264614775702,141.1529328013628,0.1619626574033869,105.85634992457926,thyroid nodule,0.61328125
3012,,,,,,,582,859,[],0.0,0.0,0.0,0.0,0.9766707184016528,0.4883353592008264,222.1837108484346,129.17724314756072,-0.3695627802690583,105.0844460260123,thyroid nodule,0.734375
3014,,,,,,,611,781,[],0.0005050357895554714,0.0002525816761708618,0.0009286709290281101,0.0003468238934983859,0.9304593200323202,0.4654030719629093,253.3436376495597,117.2890572789426,-0.6265373636048341,106.28842888399959,thyroid nodule,0.46484375
3016,,,,,,,581,858,[],0.0,0.0,0.0,0.0,0.8977504326868642,0.4488752163434321,343.056263523291,222.6580780216631,11.920541645375575,105.86960101500154,thyroid nodule,0.68359375
3018,,,,,,,547,812,[],0.02767860724457459,0.014033517735112268,0.043429003021148035,0.020312040035325288,0.9822112042024538,0.5012616221188896,152.11475892338194,70.85317032728256,-0.532293199882249,105.60066602192819,thyroid nodule,0.5390625
3020,,,,,,,412,806,[],0.0,0.0,0.0,0.0,0.9763866562562195,0.4881933281281097,115.55971507219327,61.08658400561377,0.4080701113748402,104.5952970162034,thyroid nodule,0.58203125
3024,,,,,,,413,742,[],0.610111942278105,0.4389648064737766,0.5906522855675398,0.6308975202984419,0.9723473204310626,0.8016224203647523,88.09648211901742,29.553418047002594,0.06813693219223173,103.64783997647464,thyroid nodule,0.51171875
3026,,,,,,,600,760,[],0.0,0.0,0.0,0.0,0.9703647752996277,0.48518238764981386,230.0,136.246301019409,-0.5300728254038668,104.49413512833416,thyroid nodule,0.77734375
3030,,,,,,,601,653,[],0.0,0.0,0.0,0.0,0.9673252974647935,0.4836626487323967,280.87541639347637,177.4569670473175,-0.6275668162001643,103.56715903617442,thyroid nodule,0.69921875
3032,,,,,,,547,809,[],0.0,0.0,0.0,0.0,0.9797540812325521,0.48987704061627607,245.978452137623,161.47753159745915,-0.48085490668272124,102.4355769623071,thyroid nodule,0.72265625
3034,,,,,,,548,809,[],0.0,0.0,0.0,0.0,0.9781204993072785,0.48906024965363926,240.41755337416257,180.65383736087185,0.8416906820365033,105.78482900746167,thyroid nodule,0.73828125
3036,,,,,,,548,809,[],0.0,0.0,0.0,0.0,0.9769948585536001,0.48849742927680007,215.55277708592763,147.36749841097648,4.574643249176729,104.3906940612942,thyroid nodule,0.7890625
3038,,,,,,,663,832,[],0.0,0.0,0.0,0.0,0.9784758646046717,0.48923793230233587,176.81824062932594,95.24698207427744,-0.38112189859762674,104.93090399540961,thyroid nodule,0.6640625
304,,,,,,,498,830,[],0.0,0.0,0.0,0.0,0.9342469233740612,0.4671234616870306,203.48537848166245,121.15963723762417,-0.08135028432757434,105.48841394484043,thyroid nodule,0.53125
3046,,,,,,,641,834,[],0.9557719942519559,0.9152905198776758,0.9797054009819968,0.9329800498753117,0.9998833239867064,0.966431686931009,3.0,1.3630401494221476,-0.047693266832917705,104.63203815743327,thyroid nodule,0.63671875
3048,,,,,,,547,808,[],0.0,0.0,0.0,0.0,0.955169763041328,0.477584881520664,421.4201434323154,218.42077503725946,-0.7614832399039012,105.44604295864701,thyroid nodule,0.640625
3050,,,,,,,541,807,[],0.0,0.0,0.0,0.0,0.9772103074099031,0.48860515370495156,141.96830160279796,87.59510336180001,0.5776097796364806,104.86799315549433,thyroid nodule,0.609375
3052,,,,,,,581,858,[],0.0,0.0,0.0,0.0,0.9917785371409975,0.49588926857049875,183.2080492776643,87.43036044069662,-0.410615339749198,104.69049983657897,thyroid nodule,0.52734375
3054,,,,,,,392,513,[],0.5219158491607497,0.3531029331884845,0.8386550556361877,0.37883809870697505,0.9884762239332876,0.6836571613201313,75.58538214774804,31.315652215015433,-0.5482790020032781,104.38537318259478,thyroid nodule,0.640625
3058,,,,,,,589,901,[],0.0,0.0,0.0,0.0,0.9768627227478248,0.4884313613739124,242.92830326973714,169.0708938881698,1.8264098398700395,103.15741109661758,thyroid nodule,0.63671875
3061,,,,,,,543,809,[],0.0,0.0,0.0,0.0,0.9744636953032656,0.4872318476516328,191.04515073288994,109.2141006398293,-0.2088672102504368,105.14119709841907,thyroid nodule,0.423828125
3062,,,,,,,548,809,[],0.0,0.0,0.0,0.0,0.8864695639938793,0.44323478199693966,229.69360006905558,127.10225808839522,-0.003264729887719763,106.2059379182756,thyroid nodule,0.59375
3064,,,,,,,600,765,[],0.0,0.0,0.0,0.0,0.9708111381290744,0.4854055690645372,224.393961480074,140.85778574814816,-0.6594546859476763,104.97386404313147,thyroid nodule,0.5625
3068,,,,,,,600,711,[],0.7055464821697252,0.5450535476564208,0.9246949369648756,0.5703711404511903,0.9940978322611326,0.7822344863561614,89.0,35.33906359698147,-0.38317912464913195,105.81501992419362,thyroid nodule,0.50390625
307,,,,,,,471,783,[],0.777676865149193,0.636228541353849,0.9944592305831116,0.6384918908842354,0.9992477522904136,0.8188698215873245,96.23926492419233,21.336370763895786,-0.35795066177841295,105.64643586985767,thyroid nodule,0.84765625
3070,,,,,,,600,760,[],0.9295533565124365,0.8683789726164302,0.9994248907292386,0.8688131186881312,0.9999887892125319,0.9344009539503315,7.615773105863909,3.5895706388541018,-0.13068693130686931,104.04820693656802,thyroid nodule,0.63671875
3073,,,,,,,600,650,[],0.0,0.0,0.0,0.0,0.9517598092698105,0.47587990463490526,298.03648428968717,210.46133463059238,-0.04724660814046289,104.14245910942554,thyroid nodule,0.7734375
3076,,,,,,,498,831,[],0.0,0.0,0.0,0.0,0.989017225510831,0.4945086127554155,196.78920608998365,113.1032558060305,-0.4804482315863196,103.05340797640383,thyroid nodule,0.408203125
3078,,,,,,,532,858,[],0.004442250740375123,0.002226069750185506,0.011042944785276074,0.0027803521779425394,0.9789330615018689,0.49085670683990573,229.65191050805564,108.16153846760069,-0.7482236638863144,103.84095413610339,thyroid nodule,0.68359375
3080,,,,,,,588,858,[],0.0,0.0,0.0,0.0,0.9725525449859389,0.48627627249296945,234.6129474006681,118.22531036647264,-0.6448288248459562,105.85117083974183,thyroid nodule,0.79296875
3082,,,,,,,581,858,[],0.0,0.0,0.0,0.0,0.9666574370793243,0.48332871853966214,233.4360566441071,152.37050819438758,1.2360731840524304,104.68422900885344,thyroid nodule,0.76171875
3084,,,,,,,669,831,[],0.0,0.0,0.0,0.0,0.97739791459176,0.48869895729588,234.14395932063186,171.0591024725384,-0.17071186440677966,106.31500906310976,thyroid nodule,0.55859375
3086,,,,,,,587,857,[],0.006666419762231028,0.00334435732600052,0.007473220958232998,0.006016847172081829,0.975511215916378,0.49076403154422993,127.97294544975527,64.78278686076365,-0.19487899451798368,106.80223884992301,thyroid nodule,0.6875
3088,,,,,,,586,857,[],0.0,0.0,0.0,0.0,0.964691795149759,0.4823458975748795,219.61328144318048,146.372376920174,0.008417211136617812,105.92012200504541,thyroid nodule,0.6875
3090,,,,,,,546,856,[],0.8806692477876106,0.7867819641754169,0.9765409383624655,0.8019390581717452,0.9996669815468598,0.9008030198593024,17.204650534085253,5.212315587692565,-0.17879627297909848,105.70911807008088,thyroid nodule,0.43359375
3091,,,,,,,587,857,[],0.0,0.0,0.0,0.0,0.9778600196373419,0.48893000981867096,132.1377980646518,79.0146583779149,-0.17683667273831208,106.78265802562237,thyroid nodule,0.62890625
3093,,,,,,,582,858,[],0.015117754900578198,0.0076164492568278055,0.01893190166713761,0.012582750363866848,0.9709490709266887,0.49176591064527775,146.28051982013588,73.49473066201618,-0.3353678576458989,106.01395415142179,thyroid nodule,0.64453125
3097,,,,,,,587,858,[],0.0,0.0,0.0,0.0,0.9667250821904426,0.4833625410952213,278.0346201134067,194.38085803844757,7.0745041122399615,106.18798690848053,thyroid nodule,0.7578125
3099,,,,,,,588,858,[],0.0,0.0,0.0,0.0,0.9782117566234498,0.4891058783117249,309.0724771837532,157.48466583595135,-0.8035146942017474,105.75008881278336,thyroid nodule,0.7109375
3102,,,,,,,588,857,[],0.0,0.0,0.0,0.0,0.9741281621578486,0.4870640810789243,150.6464398186113,83.05796375812908,3.8460388639760836,105.17195798456669,thyroid nodule,0.8046875
3103,,,,,,,582,858,[],0.0005961029767892404,0.0002981403495695599,0.0017014036580178648,0.0003613532679886174,0.9793705694408431,0.48986596135441585,214.86809457612185,114.47144116422717,-0.7876146167396901,105.69168790243566,thyroid nodule,0.5546875
3105,,,,,,,568,857,[],0.9360387102020901,0.8797676373920355,0.9755477391193795,0.8996052991519794,0.9987488806059147,0.9491770898789471,48.25139230219831,10.513523430717157,-0.0778459494313963,105.74609809555113,thyroid nodule,0.68359375
3107,,,,,,,586,856,[],0.0,0.0,0.0,0.0,0.9811909341979111,0.4905954670989556,406.2597040715257,318.5085632568214,-0.2601913644769639,105.35461106337607,thyroid nodule,0.515625
311,,,,,,,656,919,[],0.2964896014343696,0.17404625277545488,1.0,0.17404625277545488,1.0,0.5870231263877275,209.7969251919685,116.01318970993479,-0.8259537472245451,105.13016814365983,thyroid nodule,0.65234375
3111,,,,,,,588,857,[],0.006430691436737386,0.003225717515370406,0.018651362984218076,0.003885107089490287,0.972250645726933,0.48806787640821164,264.15336280773437,121.48682444103562,-0.7916984891250207,106.46174196153879,thyroid nodule,0.703125
3113,,,,,,,588,858,[],0.0,0.0,0.0,0.0,0.9773354668122893,0.48866773340614467,260.2412298539171,201.36939943015352,0.7603305785123967,105.53032485768199,thyroid nodule,0.828125
3115,,,,,,,586,856,[],0.0,0.0,0.0,0.0,0.9179832193022849,0.45899160965114244,430.2911789248245,328.1017144654946,2.72239689291659,106.5454832278192,thyroid nodule,0.53125
3117,,,,,,,588,858,[],0.0,0.0,0.0,0.0,0.9757056235243614,0.4878528117621807,274.00912276922196,140.53918644854284,-0.810167714884696,105.08795594796538,thyroid nodule,0.51171875
3121,,,,,,,587,858,[],0.0,0.0,0.0,0.0,0.9725055691164071,0.48625278455820353,335.4224934013142,254.52242031142177,1.0365181100014906,105.26804020628333,thyroid nodule,0.69921875
3124,,,,,,,586,856,[],0.004012469520664218,0.002010267829529288,0.005504276399356423,0.0031568722680913063,0.9755855192858598,0.4893711957769756,163.22836398860107,81.37373031632701,-0.426469159786304,105.53881502710283,thyroid nodule,0.609375
3127,,,,,,,580,856,[],0.10672228969741776,0.056369062561013025,0.12224776191628357,0.0946959047886796,0.9694593991640323,0.5320776519763559,217.63132324191253,76.31912911922414,-0.22537719051635274,104.82160211540759,thyroid nodule,0.45703125
313,,,,,,,581,857,[],0.8847474837977481,0.7933158373948904,0.9998649925745916,0.7934008248968879,0.9999958267953126,0.8966983258461003,15.231546211727817,7.673380655948294,-0.2064920456371525,105.16025801189244,thyroid nodule,0.59765625
3133,,,,,,,618,724,[],0.0019296172121855326,0.0009657403607040247,0.11494252873563218,0.0009729756026367639,0.9992419786326574,0.5001074771176471,225.5384931630446,114.9387334228153,-0.9915351122570601,104.46316609159112,thyroid nodule,0.53125
3141,,,,,,,660,896,[],0.0,0.0,0.0,0.0,0.9054288511655364,0.4527144255827682,314.9514248139522,196.07063932445988,0.4703940004477278,106.01290385238826,thyroid nodule,0.6484375
3143,,,,,,,660,896,[],0.0,0.0,0.0,0.0,0.9295462055480043,0.46477310277400213,408.1819446884136,320.23039147419814,8.695968120018753,106.79726814851165,thyroid nodule,0.64453125
3149,,,,,,,660,720,[],0.26971158804184664,0.1558766655187942,1.0,0.1558766655187942,1.0,0.5779383327593971,105.8909725590661,41.33153129308992,-0.8441233344812058,104.92019285447896,thyroid nodule,0.65234375
3151,,,,,,,679,1024,[],0.5798808865167442,0.40833256943807866,0.4316166852381183,0.8833035891334523,0.982878241706922,0.9330909154201872,70.21395872616783,24.610355389424495,1.046500099147333,104.6552979387343,thyroid nodule,0.72265625
3153,,,,,,,600,814,[],0.0,0.0,0.0,0.0,0.9635386705758886,0.4817693352879443,222.5025216741844,145.05226597772997,4.211906867079281,105.53073487244546,thyroid nodule,0.54296875
3155,,,,,,,660,1031,[],0.0,0.0,0.0,0.0,0.9828260972379871,0.49141304861899354,171.0555384383605,99.28316298244124,2.016614745586708,106.57081310637295,thyroid nodule,0.66015625
3157,,,,,,,660,896,[],0.0007211394002523988,0.0003606997575296074,0.0011440193212152027,0.000526515927106795,0.9717933209254577,0.48615991842628226,212.90466877576765,102.76731192027452,-0.5397665779389826,107.3354477994144,thyroid nodule,0.6953125
3159,,,,,,,660,896,[],0.2945464259817578,0.17270855710705335,0.9930008748906387,0.17291905649555492,0.9997165343827119,0.5863177954391334,126.83039733605978,62.02993321971001,-0.8258621307714368,105.27665005065501,thyroid nodule,0.62890625
316,,,,,,,580,857,[],0.9077994942863034,0.8311656051588288,0.9988656174623266,0.8319509090185782,0.9997604107820192,0.9158556599002987,119.0,35.07457590208315,-0.16710426860802802,104.09168805927038,thyroid nodule,0.859375
3161,,,,,,,660,896,[],0.0,0.0,0.0,0.0,0.9733804137326956,0.4866902068663478,253.001581021493,170.8112697590658,1.2788517867603983,103.22554199956357,thyroid nodule,0.73046875
3163,,,,,,,660,896,[],0.0005438805879953468,0.0002720142656370423,0.002161383285302594,0.00031107961910028863,0.9844235300292223,0.4923673048241613,294.69662349242054,131.38679732259573,-0.8560738295629331,106.7178170196712,thyroid nodule,0.63671875
3165,,,,,,,660,896,[],0.0,0.0,0.0,0.0,0.9768351291522984,0.4884175645761492,151.55327784656944,81.9715744695028,1.717687074829932,105.48560391180217,thyroid nodule,0.73828125
3167,,,,,,,679,1024,[],0.0003523342141688688,0.00017619814740233588,0.0002455623377534554,0.0006233858758571555,0.9583388761627151,0.47948113101928613,211.06029443559265,115.88299981221503,1.5386053967405824,106.55911406502128,thyroid nodule,0.490234375
3169,,,,,,,660,716,[],0.0011861117101574293,0.0005934077790365216,0.0010153221340225217,0.0014259787399533315,0.9767170202604734,0.48907149950021334,115.3819743287486,61.097648852296224,0.40445942442312677,105.92998191714287,thyroid nodule,0.70703125
317,,,,,,,601,766,[],0.013293999029089959,0.006691477763993835,0.010439882697947215,0.018295816630691745,0.9625596655401132,0.4904277410854025,148.2895427072566,67.33580465248018,0.752492548052215,105.17764906398952,thyroid nodule,0.76953125
3171,,,,,,,660,898,[],0.0,0.0,0.0,0.0,0.9597216485770967,0.47986082428854837,404.10963615802876,285.1400560214084,11.419102296450939,105.30177014879882,thyroid nodule,0.609375
3173,,,,,,,660,1031,[],0.0,0.0,0.0,0.0,0.9853284916542064,0.4926642458271032,287.0,163.8106122617644,-0.6159744408945687,106.02548392489552,thyroid nodule,0.671875
3175,,,,,,,660,896,[],0.006863905325443787,0.0034437715235720225,0.005653021442495127,0.008734939759036145,0.982552332740457,0.49564363624974656,110.16351483136329,54.268579062788504,0.5451807228915663,106.21739784255624,thyroid nodule,0.5625
3179,,,,,,,679,1024,[],0.0,0.0,0.0,0.0,0.9833448810777634,0.4916724405388817,157.8020711646666,102.81594438068988,-0.09926324962370277,105.9992138762027,thyroid nodule,0.69921875
3181,,,,,,,679,1024,[],0.007513148009015778,0.003770739064856712,0.006067961165048544,0.009861932938856016,0.9833390971784283,0.49660051505864217,121.0,61.18331074385625,0.6252465483234714,105.28942081145942,thyroid nodule,0.734375
3183,,,,,,,580,745,[],0.0,0.0,0.0,0.0,0.9712460063897763,0.48562300319488816,167.2883737357049,104.63637742894792,0.36351411922904525,104.02816697023809,thyroid nodule,0.77734375
3185,,,,,,,507,751,[],0.0,0.0,0.0,0.0,0.9742781686829853,0.48713908434149267,124.90451896330337,65.4116352629066,0.12055243445692884,104.17012893594801,thyroid nodule,0.66015625
3187,,,,,,,589,743,[],0.0,0.0,0.0,0.0,0.976216081779096,0.488108040889548,344.67470031461113,281.2852364476148,2.0520094562647753,106.07404494658113,thyroid nodule,0.6640625
3189,,,,,,,531,745,[],0.0,0.0,0.0,0.0,0.9733971686024042,0.4866985843012021,196.63579274642188,130.55587526500574,3.5670013094718462,103.56450802646577,thyroid nodule,0.69921875
3191,,,,,,,589,752,[],0.0,0.0,0.0,0.0,0.9763230906748082,0.4881615453374041,246.31111517310552,173.6428537279553,-0.16498812740522395,104.24791183322668,thyroid nodule,0.62890625
3193,,,,,,,589,745,[],0.0,0.0,0.0,0.0,0.975483147822332,0.487741573911166,161.78378642207386,94.88378124355276,2.1110463421742933,105.11920717544854,thyroid nodule,0.7421875
3195,,,,,,,582,592,[],0.11779225489780441,0.06258196270008909,1.0,0.06258196270008909,1.0,0.5312909813500446,272.1325039926256,181.4935069150937,-0.9374180372999109,103.28923305496573,thyroid nodule,0.53125
3197,,,,,,,587,745,[],0.0,0.0,0.0,0.0,0.9713506551477221,0.48567532757386106,316.2376475169708,220.5506907522467,0.7155784491159682,104.33979285880923,thyroid nodule,0.6484375
3199,,,,,,,420,743,[],0.0,0.0,0.0,0.0,0.9751516580847189,0.48757582904235947,129.66494821821988,80.1411418038583,0.1208628841607565,104.21294998377562,thyroid nodule,0.5546875
32,,,,,,,416,523,[],0.8820942134436469,0.7890595290332016,0.9995182865824286,0.789359709703851,0.9999291151388253,0.8946444124213382,30.0,10.587112328050896,-0.21025986187521947,102.54507907666266,thyroid nodule,0.8125
3201,,,,,,,464,745,[],0.011090342679127726,0.005576091723576217,0.011457260556127703,0.010746196570876599,0.977240528989502,0.4939933627801893,100.8863075196321,56.67182294055114,-0.062062303791354745,103.39323501102626,thyroid nodule,0.65625
3203,,,,,,,526,754,[],0.8255098180817773,0.702866512458642,0.983730841734284,0.7111328356440336,0.9989058779433813,0.8550193567937074,60.41522986797286,20.62466667051053,-0.2771062922147174,105.42044299654663,thyroid nodule,0.67578125
3205,,,,,,,582,752,[],0.0,0.0,0.0,0.0,0.9775286667008909,0.48876433335044545,199.1722755701693,137.95484187358522,0.056152665058126786,105.99005385302007,thyroid nodule,0.7578125
3208,,,,,,,582,743,[],0.5956734294793449,0.424170162399262,0.9781640107574359,0.4282249986820602,0.9985513382811522,0.7133881684816061,67.0,23.29963468664427,-0.5622155446605865,103.11841988004744,thyroid nodule,0.69921875
3209,,,,,,,582,752,[],0.5550058046326497,0.384088604931423,0.9809947234707836,0.386968085106383,0.9989916428186305,0.6929798639625068,100.4160313733626,37.079021049211754,-0.6055349984582177,104.74602994509041,thyroid nodule,0.62890625
3211,,,,,,,589,751,[],0.0,0.0,0.0,0.0,0.9846088516679135,0.4923044258339567,260.0483607893842,142.17006227785026,-0.9369070263415759,104.05356786213815,thyroid nodule,0.6953125
3213,,,,,,,582,744,[],0.0,0.0,0.0,0.0,0.9758175547331134,0.4879087773665567,246.87546705266024,185.07615638703282,1.3162717925793472,104.30675209499896,thyroid nodule,0.734375
3215,,,,,,,520,745,[],0.0,0.0,0.0,0.0,0.9729376518348465,0.48646882591742324,180.42033974066425,123.58637286493554,-0.23444469645422242,106.25908803194761,thyroid nodule,0.69921875
3217,,,,,,,589,743,[],0.0,0.0,0.0,0.0,0.9786444542770789,0.48932222713853946,259.26241532470533,210.83260136893196,-0.12941401030731056,103.0357088893652,thyroid nodule,0.625
3219,,,,,,,633,592,[],0.002443632414331452,0.001223310868210908,0.0068641159272912165,0.0014863953536382278,0.9482714672086918,0.47487893128116504,263.21151190485995,133.43319308950268,-0.783454217646816,104.2378309648484,thyroid nodule,0.71484375
3222,,,,,,,632,592,[],0.774068649731495,0.6314127210809624,0.9535877229365408,0.6514322953560197,0.9966976635748456,0.8240649794654327,55.0,19.238095680957084,-0.31686170062051966,104.8514530993998,thyroid nodule,0.60546875
3223,,,,,,,548,795,[],0.0,0.0,0.0,0.0,0.9723080121504718,0.4861540060752359,365.0752529120661,292.05828959222913,3.3513611615245007,104.00590696372092,thyroid nodule,0.6796875
3225,,,,,,,625,847,[],0.7424934138399358,0.5904489264801561,0.7586437504179764,0.7270163745313551,0.9855109119815002,0.8562636432564277,81.85322182782448,30.264462854300934,-0.041689364565642324,105.17847794108093,thyroid nodule,0.6015625
3227,,,,,,,631,847,[],0.0,0.0,0.0,0.0,0.9703480424801093,0.48517402124005465,268.29787486215525,138.72830835275246,-0.7090430912401375,105.92360212467611,thyroid nodule,0.6953125
3229,,,,,,,426,364,[],0.9525131907803388,0.9093319194061505,0.997093023255814,0.9117490696438065,0.9999673593022724,0.9558582144730394,2.8284271247461903,1.0796346006541586,-0.08559276980329612,103.21286087855697,thyroid nodule,0.57421875
323,,,,,,,600,650,[],0.0,0.0,0.0,0.0,0.9150056677351297,0.45750283386756485,344.83109375005256,251.36917284598195,0.4751953308858138,102.09143091924489,thyroid nodule,0.5703125
3231,,,,,,,625,847,[],0.0,0.0,0.0,0.0,0.972242811203259,0.4861214056016295,258.7979906447811,202.0846967355106,-0.07024631825882967,104.79688108898699,thyroid nodule,0.78515625
3233,,,,,,,540,805,[],0.0,0.0,0.0,0.0,0.9755092092893701,0.48775460464468506,322.0,259.3818427553894,1.715830115830116,104.37263292260468,thyroid nodule,0.578125
3235,,,,,,,631,847,[],0.0,0.0,0.0,0.0,0.9802498713784392,0.4901249356892196,246.33716731342025,177.0399347080402,-0.24068196914901469,105.72888818569481,thyroid nodule,0.65234375
3237,,,,,,,404,742,[],0.0,0.0,0.0,0.0,0.9721199461248202,0.4860599730624101,136.00165438940357,80.39059351917506,-0.4854287012396962,104.19364995323122,thyroid nodule,0.69140625
3239,,,,,,,589,745,[],0.9329499090596274,0.8743262542037131,0.9014010923771075,0.9667872242881157,0.9950474027492163,0.980917313518666,28.609370648797096,6.669104232214742,0.07253833222963679,107.02745197340846,thyroid nodule,0.74609375
3241,,,,,,,433,590,[],0.0002737375173060017,0.0001368874942744173,1.0,0.0001368874942744173,1.0,0.5000684437471372,416.56139965629836,246.59785673296443,-0.9998631125057256,104.48673507198691,thyroid nodule,0.486328125
3243,,,,,,,426,415,[],0.5921722552427947,0.42062834565383633,0.9972050158634235,0.42112482853223593,0.9997456048073816,0.7104352166698088,63.06346010171025,24.831417057595143,-0.5776948352314416,101.74526390619576,thyroid nodule,0.6796875
3246,,,,,,,426,415,[],0.0,0.0,0.0,0.0,0.9431839254019974,0.4715919627009987,220.50587458073207,116.41975041188161,-0.667403272078778,103.20427198894322,thyroid nodule,0.4609375
3249,,,,,,,619,772,[],0.0,0.0,0.0,0.0,0.9639762679697408,0.4819881339848704,238.06598859394475,138.30444219615964,-0.3944543828264758,102.26785484701395,thyroid nodule,0.6015625
325,,,,,,,665,834,[],0.9323586423585156,0.8732882401803727,0.9461558241193109,0.9189580679803202,0.9911743880234676,0.9550662280018939,35.90264614203248,9.91598004552167,-0.028745535825778577,104.5143271330744,thyroid nodule,0.7890625
3250,,,,,,,426,415,[],0.0,0.0,0.0,0.0,0.9680344540214814,0.4840172270107407,97.11745354799099,58.6632677606622,0.055010578957491826,104.04480691067874,thyroid nodule,0.69140625
3252,,,,,,,581,883,[],0.0,0.0,0.0,0.0,0.9801855603719061,0.49009278018595304,292.12991787523663,219.11536840349822,1.7674801206471071,105.55680491961539,thyroid nodule,0.7265625
3254,,,,,,,580,743,[],0.0,0.0,0.0,0.0,0.9407882214100807,0.47039411070504034,332.933926511785,207.75232140479105,1.3362748779571911,104.84227212145925,thyroid nodule,0.640625
3256,,,,,,,566,745,[],0.0,0.0,0.0,0.0,0.9702329947528041,0.48511649737640206,294.8630158800251,161.23440588603492,0.9914653784219002,105.60031584464014,thyroid nodule,0.65625
3258,,,,,,,585,746,[],0.6683921798440526,0.501943717757512,0.5524163168657841,0.8460048625705691,0.9596402219617948,0.902822542266182,126.62738945843978,28.845485658498312,0.5314624799109903,104.8635218758136,thyroid nodule,0.703125
3260,,,,,,,610,590,[],0.0,0.0,0.0,0.0,0.9716316532924594,0.4858158266462297,198.61016749133395,100.4249158685919,-0.6525947736474053,104.17125979438424,thyroid nodule,0.73046875
3262,,,,,,,528,742,[],0.0,0.0,0.0,0.0,0.9776472228726582,0.4888236114363291,143.21486883761762,85.2134511895059,-0.27316280263495596,105.85421114228666,thyroid nodule,0.7421875
3264,,,,,,,589,745,[],0.0,0.0,0.0,0.0,0.9560674980310395,0.47803374901551976,281.61976192244776,142.52133534558766,4.804915048543689,101.91917698830366,thyroid nodule,0.6796875
3266,,,,,,,582,744,[],0.0014240667276980978,0.0007125407166123778,0.00635830072666294,0.0008018256954295935,0.9554921960333879,0.47814701086440875,391.25525019835226,123.15816383744354,-0.8738930840330952,104.08855811692774,thyroid nodule,0.5625
3269,,,,,,,582,744,[],0.0,0.0,0.0,0.0,0.9455352471685448,0.4727676235842724,187.87893715461036,103.70049197183798,0.5824946206705074,105.13209691271186,thyroid nodule,0.59765625
327,,,,,,,581,858,[],0.7038545599046294,0.5430367134207097,0.8501727944705769,0.6005051532411174,0.9857954157622422,0.7931502845016798,99.08832754865905,33.46820271433478,-0.29366693788988335,105.09037598967552,thyroid nodule,0.640625
3272,,,,,,,587,752,[],0.0,0.0,0.0,0.0,0.9834085959885387,0.49170429799426935,241.10279495018895,185.99876792949368,0.39891766524932354,104.77866092696786,thyroid nodule,0.70703125
3274,,,,,,,589,743,[],0.0,0.0,0.0,0.0,0.9581177273729298,0.4790588636864649,210.29276648165614,95.01487691004199,0.12155643011298718,104.8807529732585,thyroid nodule,0.66796875
3282,,,,,,,589,743,[],0.0063700597255209835,0.0031952066914905813,0.9289855072463769,0.00319598731576953,0.9997933038896833,0.5014946456027264,249.61870006968815,161.3585854036233,-0.9965597016413713,105.77316908165812,thyroid nodule,0.51953125
3284,,,,,,,548,806,[],0.0,0.0,0.0,0.0,0.97361419834844,0.48680709917422,293.7771264070775,230.89132638701156,0.5166159142062756,105.61387590132654,thyroid nodule,0.6640625
3286,,,,,,,526,806,[],0.0,0.0,0.0,0.0,0.9829305157558968,0.4914652578779484,222.10908280204143,172.38099542150545,0.5932354250111259,106.27480898983777,thyroid nodule,0.640625
3288,,,,,,,589,746,[],0.8933680795617721,0.807285659361784,0.979018533628628,0.821498435054773,0.999580585781858,0.9105395104183156,33.001127112641086,7.697416250087005,-0.16089593114241002,104.03358703479171,thyroid nodule,0.49609375
329,,,,,,,594,739,[],0.09526194611624995,0.05001314796121776,1.0,0.05001314796121776,1.0,0.5250065739806089,234.34717824925394,144.39752619396518,-0.9499868520387822,104.97476486489177,thyroid nodule,0.625
3290,,,,,,,431,743,[],0.0,0.0,0.0,0.0,0.9738575721096883,0.48692878605484413,198.531594355005,141.36201831441247,1.2146680942184154,104.36986410059035,thyroid nodule,0.64453125
3292,,,,,,,589,746,[],0.0,0.0,0.0,0.0,0.9953493069870579,0.49767465349352896,117.87535321010564,83.37697038483269,-0.46117021276595743,104.49438611976802,thyroid nodule,0.625
3296,,,,,,,589,752,[],0.0,0.0,0.0,0.0,0.9743338399832091,0.48716691999160455,183.63196824588806,123.14775806204773,0.18876188441405833,105.88858090341091,thyroid nodule,0.5859375
3298,,,,,,,591,752,[],0.0,0.0,0.0,0.0,0.9623965372877556,0.4811982686438778,244.39450416216087,135.53687806366773,1.2461054933041815,104.91919284686446,thyroid nodule,0.498046875
3300,,,,,,,510,743,[],0.0,0.0,0.0,0.0,0.9782204030980749,0.48911020154903745,196.63543963120122,136.55924664524778,-0.3026315789473684,103.4010760486126,thyroid nodule,0.68359375
3302,,,,,,,500,745,[],0.0,0.0,0.0,0.0,0.9718251738706739,0.48591258693533695,321.63022131799335,163.16010395317602,-0.8455461395235526,104.33369292877614,thyroid nodule,0.51953125
3304,,,,,,,577,770,[],0.0,0.0,0.0,0.0,0.980526375496313,0.4902631877481565,218.09229284327986,161.2310302746965,1.4245762711864407,105.91520206071436,thyroid nodule,0.68359375
3306,,,,,,,584,659,[],0.0125956811251478,0.006337754731396936,0.7790608160123171,0.006349166515047901,0.9987270751557892,0.5025381208354185,167.22379287746801,63.030828344130455,-0.9918502299377003,104.85631204210222,thyroid nodule,0.70703125
3308,,,,,,,489,745,[],0.0,0.0,0.0,0.0,0.9437452315691317,0.47187261578456585,304.0070722785484,210.98514532460362,0.9114738358137302,105.21387914195657,thyroid nodule,0.59765625
331,,,,,,,547,813,[],0.888750287721174,0.7997754941134022,0.9989817890467209,0.8004279791360172,0.9998351088416801,0.9001315439888486,88.89259120278311,28.424632386981532,-0.19875618563595024,103.34170400165021,thyroid nodule,0.8046875
3310,,,,,,,587,749,[],0.0,0.0,0.0,0.0,0.9820426357217082,0.4910213178608541,161.1184327547585,113.91045814286085,0.02307489451476793,104.55345618538558,thyroid nodule,0.73046875
3312,,,,,,,470,783,[],0.0,0.0,0.0,0.0,0.9635961647913839,0.48179808239569194,266.62941604510456,192.26797253998643,4.209083790133125,105.70017783902586,thyroid nodule,0.76953125
3314,,,,,,,587,750,[],0.0,0.0,0.0,0.0,0.9806811145510836,0.4903405572755418,119.44140216661609,60.18619786131672,1.0057142857142858,102.69312304444611,thyroid nodule,0.77734375
3316,,,,,,,563,750,[],0.0,0.0,0.0,0.0,0.9728468964029553,0.48642344820147765,175.93223126809423,120.59612956190065,-0.22560123042505592,103.81803312338889,thyroid nodule,0.6328125
3321,,,,,,,582,743,[],0.0,0.0,0.0,0.0,0.9749458524638899,0.48747292623194494,189.69343370233307,128.49643140795308,0.23706896551724138,106.5056431107223,thyroid nodule,0.6796875
3322,,,,,,,557,661,[],0.9239922369635074,0.858722649319929,0.9563356164383562,0.8937650027697421,0.9981161026340466,0.9459405527018944,12.36931687685298,4.873531647625583,-0.06542746353172893,103.7193899974227,thyroid nodule,0.53515625
3326,,,,,,,589,743,[],0.0,0.0,0.0,0.0,0.9346794369966339,0.46733971849831696,310.8530197149243,211.69363887946696,2.9327272727272726,104.66910898685455,thyroid nodule,0.64453125
3328,,,,,,,471,808,[],0.0,0.0,0.0,0.0,0.9871763615973475,0.4935881807986737,227.6735522385258,131.92287450412007,-0.5849552866912151,102.9370769392699,thyroid nodule,0.46875
333,,,,,,,602,575,[],0.023636786548962705,0.011959738163558106,0.4252690314866481,0.012156219381593638,0.9830951571493887,0.49762568826549114,510.2886924463273,237.24047492421005,-0.9714152254653998,103.36434398777783,thyroid nodule,0.482421875
3332,,,,,,,582,743,[],0.0,0.0,0.0,0.0,0.9553052325581395,0.47765261627906974,338.8594630791233,272.4097246365587,5.161849710982659,104.26932107657194,thyroid nodule,0.68359375
3334,,,,,,,587,750,[],0.916615055458589,0.8460658975158507,0.9720563649390972,0.8671567060828805,0.9994569039346614,0.933306805008771,9.848857801796104,4.013505368757183,-0.10791520187493342,106.21396801434457,thyroid nodule,0.484375
3336,,,,,,,461,743,[],0.0,0.0,0.0,0.0,0.9713756153018154,0.4856878076509077,257.74608701516905,192.92651823323337,-0.19709948265626326,104.62074703536928,thyroid nodule,0.5859375
3338,,,,,,,580,745,[],0.8725755690551124,0.7739548169306674,0.9829064526767066,0.7845141478394385,0.9992401754193083,0.8918771616293735,53.144143184995045,13.739168460216622,-0.20184250932221978,102.4375178385526,thyroid nodule,0.6484375
3340,,,,,,,610,589,[],0.9453051326956756,0.8962830501979818,0.9460698395577727,0.9445416610580158,0.9988631874518631,0.9717024242549395,5.0,2.1655763700395227,-0.001615291425494683,104.7329711727798,thyroid nodule,0.6796875
3342,,,,,,,582,745,[],0.8948991566824049,0.8097895880667786,0.8454953328863906,0.9504347826086956,0.9928039583033098,0.9716193704560028,27.064382526571706,8.037376082365887,0.1241159420289855,103.40907494537532,thyroid nodule,0.67578125
3344,,,,,,,608,586,[],0.5565385783718104,0.38555833223727476,0.999658982403492,0.38560905024993425,0.9999842904630543,0.6927966703564943,76.3400255146801,35.62235277226988,-0.6142594054196264,104.51915580779314,thyroid nodule,0.5234375
3348,,,,,,,589,745,[],0.0,0.0,0.0,0.0,0.9761015173452932,0.4880507586726466,192.7813351979276,129.60594230298304,-0.277508896797153,102.52255899831653,thyroid nodule,0.625
335,,,,,,,510,857,[],0.05794735768210569,0.029838201302794704,0.9994972347913524,0.029838649155722326,0.9999973005439404,0.5149179748498314,101.54924535436741,31.754706923504425,-0.9701463414634146,103.47560700029135,thyroid nodule,0.6484375
3350,,,,,,,580,743,[],0.0,0.0,0.0,0.0,0.9176727565407964,0.4588363782703982,322.1238063454002,199.59749829868647,0.8403967049642315,104.37984298914671,thyroid nodule,0.609375
3352,,,,,,,528,752,[],0.0,0.0,0.0,0.0,0.9417630861117215,0.4708815430558608,254.12829667481097,151.18129416954375,1.1887085803128947,102.76322299614549,thyroid nodule,0.63671875
3354,,,,,,,589,743,[],0.6769895401664652,0.5117038456760545,0.9406890251859585,0.5287634556490803,0.9952544531918892,0.7620089544204848,71.0,32.76693027427404,-0.4378977095597,104.05041696503758,thyroid nodule,0.62109375
3356,,,,,,,587,745,[],0.0,0.0,0.0,0.0,0.9768329710002928,0.4884164855001464,150.0,84.94342655776325,1.8291103603603605,104.94322399608791,thyroid nodule,0.65234375
3358,,,,,,,497,743,[],0.0,0.0,0.0,0.0,0.9688901969737396,0.4844450984868698,124.74333602604435,58.38693736684254,0.9772727272727273,103.88246504589915,thyroid nodule,0.58984375
3360,,,,,,,582,743,[],0.33467496359062626,0.20096675199949118,0.87207617470503,0.207071120795583,0.995007929690971,0.601039525243277,112.84146563048269,57.07646565689812,-0.7625538607729738,105.08827702142298,thyroid nodule,0.51171875
3362,,,,,,,580,744,[],0.6519882367983634,0.4836665781386349,0.9921008599556403,0.48553636380948756,0.9994643926661372,0.7425003782378123,93.60208208574689,41.846460944663534,-0.510597779512864,104.69841887243092,thyroid nodule,0.5234375
3364,,,,,,,579,1024,[],0.0,0.0,0.0,0.0,0.9924151553363885,0.49620757766819423,144.55540866288825,64.7851757384911,-0.4197385620915033,107.33026801608503,thyroid nodule,0.470703125
3366,,,,,,,479,502,[],0.003502129673450071,0.0017541364433698383,1.0,0.0017541364433698383,1.0,0.5008770682216849,162.9565765007417,92.68282577347752,-0.9982458635566301,104.44077383726835,thyroid nodule,0.6328125
337,,,,,,,581,857,[],0.03933574007220217,0.0200624558095687,1.0,0.0200624558095687,1.0,0.5100312279047844,238.93427214025198,62.91184926983815,-0.9799375441904313,105.23814894258976,thyroid nodule,0.62109375
3376,,,,,,,377,526,[],0.0,0.0,0.0,0.0,0.9645536671260144,0.4822768335630072,224.01841438622955,154.9854804511537,1.9279089376053964,102.68418211489916,thyroid nodule,0.62109375
3378,,,,,,,377,526,[],0.559924247315299,0.3888158288002869,0.9826270866379636,0.3915071626339232,0.9986066854865091,0.6950569240602161,47.42730072197278,12.677395621668351,-0.6015709642470206,102.77415392920375,thyroid nodule,0.74609375
338,,,,,,,664,834,[],0.0035694455461251686,0.001787913703365251,0.009675685361046408,0.002188378897543342,0.9357918386977604,0.46899010879765185,373.44879167029046,141.56697793316908,-0.7738269883853817,104.44330493919551,thyroid nodule,0.51953125
3380,,,,,,,374,530,[],0.0,0.0,0.0,0.0,0.9903503721780953,0.49517518608904765,257.63102562584277,232.53688986769646,-0.025218733916623777,102.99338679760695,thyroid nodule,0.66015625
3382,,,,,,,337,515,[],0.0,0.0,0.0,0.0,0.9911937264013941,0.49559686320069707,66.09841147864296,44.54052728990558,0.07900355871886121,102.20571304671466,thyroid nodule,0.65625
3386,,,,,,,327,524,[],0.0,0.0,0.0,0.0,0.9777848340153253,0.48889241700766267,75.32595834106593,40.01189613780029,-0.16392333709131907,101.91715811379254,thyroid nodule,0.6484375
3388,,,,,,,359,513,[],0.009663957830002196,0.0048554403001544915,0.010268378063010501,0.009126737191454055,0.9763529713514659,0.49273985427146,73.84563645961924,36.49394955903922,-0.11118025305953122,102.51046810299158,thyroid nodule,0.72265625
3390,,,,,,,377,526,[],0.0,0.0,0.0,0.0,0.9387587201767139,0.46937936008835696,211.8048621592172,111.37394143991756,-0.4785028790786948,103.99266611784697,thyroid nodule,0.56640625
3392,,,,,,,310,518,[],0.0,0.0,0.0,0.0,0.9552710565054199,0.47763552825270994,151.0,80.57171961784778,0.9193327864369701,102.4633978959173,thyroid nodule,0.546875
3394,,,,,,,377,526,[],0.8084353548934966,0.6784653759353843,0.7797952218430034,0.8392594769321187,0.9915768475581735,0.915418162245146,21.596288046495108,8.591443475999137,0.07625624449015575,102.40576695650816,thyroid nodule,0.5234375
3396,,,,,,,367,534,[],0.0,0.0,0.0,0.0,0.9318325667749694,0.4659162833874847,135.2367613195196,71.65873701681363,1.0238020670216097,102.3881658911705,thyroid nodule,0.65625
3398,,,,,,,270,486,[],0.0,0.0,0.0,0.0,0.9342398728169351,0.46711993640846755,214.2878898604566,150.43279502385138,4.186244674376141,101.62535309791565,thyroid nodule,0.62890625
34,,,,,,,406,408,[],0.0,0.0,0.0,0.0,1.0,0.5,574.1724479631533,574.1724479631533,-1.0,99.94094213470817,thyroid nodule,0.427734375
340,,,,,,,655,685,[],0.14908596037492414,0.08054720920757792,1.0,0.08054720920757792,1.0,0.5402736046037889,355.9282892922158,170.45326928402537,-0.919452790792422,103.76147204078734,thyroid nodule,0.61328125
3400,,,,,,,245,500,[],0.0,0.0,0.0,0.0,0.9840672385695259,0.49203361928476297,102.11145745661356,78.32406335820284,0.19109461966604824,101.43962898291647,thyroid nodule,0.59375
3402,,,,,,,372,505,[],0.0,0.0,0.0,0.0,0.9829585297043427,0.49147926485217136,116.12646709796921,69.2251359714024,-0.19553502694380293,102.15459298342466,thyroid nodule,0.7109375
3404,,,,,,,317,496,[],0.0,0.0,0.0,0.0,0.9350692434285417,0.46753462171427085,144.24683531163748,91.94287504833204,1.8528150900257216,102.79683512635529,thyroid nodule,0.6015625
3406,,,,,,,327,518,[],0.0,0.0,0.0,0.0,0.9600602280572286,0.4800301140286143,189.18310653702812,127.56585005261807,3.9418262150220915,102.75001311674714,thyroid nodule,0.59375
3412,,,,,,,377,536,[],0.5470102346398131,0.3764721869903968,0.41688402889245585,0.7952349057506459,0.9393333716033211,0.8672841386769835,94.0,29.268240358220538,0.9075686537173476,102.28389385156333,thyroid nodule,0.69140625
3414,,,,,,,363,525,[],0.0,0.0,0.0,0.0,0.8919464861720692,0.4459732430860346,179.60286752206545,99.02550266214341,12.948122866894199,102.83724498003721,thyroid nodule,0.7265625
3416,,,,,,,376,540,[],0.0,0.0,0.0,0.0,0.9265270654274684,0.4632635327137342,153.96815248323955,81.57605505049264,4.248662147698894,100.37702997215092,thyroid nodule,0.734375
3418,,,,,,,372,548,[],0.0,0.0,0.0,0.0,0.9672266427939125,0.48361332139695623,260.6721976777985,213.6099006081586,0.6772459687739953,102.60204109363258,thyroid nodule,0.6171875
3422,,,,,,,283,500,[],0.0,0.0,0.0,0.0,0.9723880814376838,0.4861940407188419,78.0,43.620946321624984,-0.09021113243761997,102.19487291760743,thyroid nodule,0.75
3424,,,,,,,376,519,[],0.0,0.0,0.0,0.0,0.9883556237904229,0.4941778118952114,234.34461799544243,135.5630323614794,-0.788033851604015,102.00925008393824,thyroid nodule,0.640625
3426,,,,,,,378,522,[],0.6152107617764981,0.44426310141298514,0.9960900295754174,0.44503919372900336,0.9994890807383439,0.7222641372336736,126.14376717481606,41.20869651563549,-0.5532138857782755,100.06814310327172,thyroid nodule,0.671875
3429,,,,,,,297,498,[],0.0,0.0,0.0,0.0,0.9842963751937349,0.49214818759686746,77.80967590930287,48.03161864028509,0.5939015939015939,103.61473890952766,thyroid nodule,0.69140625
343,,,,,,,547,813,[],0.0,0.0,0.0,0.0,0.9709173633623386,0.4854586816811693,199.18406056128268,133.2029960771847,1.4890965732087227,104.22395099885762,thyroid nodule,0.55078125
3430,,,,,,,339,507,[],0.0,0.0,0.0,0.0,0.9836779301619734,0.4918389650809867,139.02946943386743,103.29453694936763,-0.21753986332574032,100.61176284216344,thyroid nodule,0.578125
3432,,,,,,,364,523,[],0.9397669099226664,0.8863776453667557,0.982016844980651,0.9010025062656641,0.999574316751444,0.9502884115085541,5.0,2.152586472307987,-0.08249791144527986,101.72655410133302,thyroid nodule,0.6796875
3434,,,,,,,377,526,[],0.0,0.0,0.0,0.0,0.9343483963889818,0.4671741981944909,193.0,103.79584895797137,2.275083397485245,103.52421784773469,thyroid nodule,0.73046875
3436,,,,,,,324,514,[],0.0,0.0,0.0,0.0,0.9861054846452908,0.4930527423226454,74.0,45.42322039403859,1.003487358326068,102.9355158098042,thyroid nodule,0.57421875
3440,,,,,,,342,509,[],0.0,0.0,0.0,0.0,0.9837646811835921,0.49188234059179603,88.29156218922387,56.79841632042306,0.07076923076923076,101.83246596716344,thyroid nodule,0.73828125
3444,,,,,,,304,510,[],0.0,0.0,0.0,0.0,0.9276882335632786,0.4638441167816393,121.95806925034337,63.546799343581604,4.253681710213777,102.25296393036842,thyroid nodule,0.73046875
3448,,,,,,,377,526,[],0.0,0.0,0.0,0.0,0.9521717836481067,0.47608589182405336,125.0,68.18047343439748,3.097465034965035,103.91341499052942,thyroid nodule,0.6328125
345,,,,,,,394,783,[],0.0,0.0,0.0,0.0,0.964528919032207,0.4822644595161035,229.71234600660173,135.2123945849129,-0.40829894543787254,104.48716604150832,thyroid nodule,0.69921875
3450,,,,,,,311,515,[],0.0,0.0,0.0,0.0,0.9818446101847997,0.49092230509239987,219.5698888939342,104.45255527871822,-0.8604966384732162,103.08238910511136,thyroid nodule,0.5390625
3452,,,,,,,339,539,[],0.0,0.0,0.0,0.0,0.9192546927572163,0.45962734637860814,220.9083461640529,152.06336436067213,6.234010907288051,102.91302599944174,thyroid nodule,0.7109375
3455,,,,,,,334,518,[],0.0,0.0,0.0,0.0,0.9279219676699785,0.46396098383498924,199.12307751739877,135.48251498298663,4.568068747173225,103.22693199850619,thyroid nodule,0.64453125
3459,,,,,,,377,526,[],0.14532148457919497,0.07835400225479143,0.11521883289124668,0.19671667138409285,0.9725983087657687,0.5846574900749307,131.703451835233,59.75442244000189,0.7073308802717237,102.88023599423468,thyroid nodule,0.53515625
346,,,,,,,618,781,[],0.59247791233411,0.4209368488963628,1.0,0.4209368488963628,1.0,0.7104684244481814,103.0,53.61937641062458,-0.5790631511036372,101.61251202225685,thyroid nodule,0.76171875
3461,,,,,,,368,540,[],0.0,0.0,0.0,0.0,0.9512922207532986,0.4756461103766493,155.04257440358472,97.40355888507383,0.6101113967437874,101.04973101988435,thyroid nodule,0.60546875
3463,,,,,,,377,526,[],0.0,0.0,0.0,0.0,0.9788917236238411,0.48944586181192057,98.3864748429668,48.77883696941223,-0.485015368852459,102.31946501880884,thyroid nodule,0.51953125
3465,,,,,,,366,535,[],0.0,0.0,0.0,0.0,0.855096800194272,0.427548400097136,256.10202895601736,144.50680955886278,11.37097485663873,102.64334105886519,thyroid nodule,0.5859375
3467,,,,,,,361,535,[],0.0,0.0,0.0,0.0,0.9886504550326825,0.4943252275163412,83.83188059693914,54.08755660549815,-0.23377084072366086,102.03252010978758,thyroid nodule,0.66796875
3471,,,,,,,377,526,[],0.0,0.0,0.0,0.0,0.9819141704311214,0.4909570852155607,249.56211436617264,131.9271272622526,-0.7924373977601611,102.9442569706589,thyroid nodule,0.73046875
3473,,,,,,,377,526,[],0.0,0.0,0.0,0.0,0.9863024826115652,0.4931512413057826,135.0,100.72939215164888,1.0255255255255256,103.01728802733123,thyroid nodule,0.7265625
3475,,,,,,,381,537,[],0.0,0.0,0.0,0.0,0.9903267729326861,0.49516338646634306,143.14887134627475,118.94519778389723,0.34681288553803974,103.79762295633554,thyroid nodule,0.6640625
3477,,,,,,,338,533,[],0.8259815067454904,0.7035506778566817,0.8095379586985589,0.8431069162927433,0.9926190764058012,0.9178629963492722,18.380693826825574,8.36109573943256,0.04146681107844654,103.54299796745181,thyroid nodule,0.60546875
3479,,,,,,,366,535,[],0.005113662777183767,0.002563385533184191,0.002814594954198864,0.027918781725888325,0.8994737928188197,0.463696287272354,175.83969941775217,89.88307723182804,8.919289340101523,102.03231009654701,thyroid nodule,0.609375
3482,,,,,,,329,513,[],0.0,0.0,0.0,0.0,0.9430881468567576,0.4715440734283788,218.8052756661896,147.64615965969998,1.2554164660568128,102.38730697892606,thyroid nodule,0.609375
3486,,,,,,,360,504,[],0.0,0.0,0.0,0.0,0.9435726599005593,0.47178632995027964,211.28934170276992,151.7645284207248,8.873908826382154,102.98233688808978,thyroid nodule,0.61328125
3487,,,,,,,381,523,[],0.0,0.0,0.0,0.0,0.9509182125531331,0.47545910627656657,244.0696544491567,180.78270866901536,0.5500327011118378,103.17871114239097,thyroid nodule,0.58203125
3489,,,,,,,308,502,[],0.0,0.0,0.0,0.0,0.934384259499922,0.467192129749961,147.13004074690733,91.09121128838002,13.025,103.24888210743666,thyroid nodule,0.76953125
3491,,,,,,,269,490,[],0.0,0.0,0.0,0.0,0.9411474854485541,0.47057374272427704,280.95141816776066,226.66359401477413,2.9688473520249223,101.9372281152755,thyroid nodule,0.60546875
3495,,,,,,,341,504,[],0.0,0.0,0.0,0.0,0.9880351871876553,0.49401759359382763,106.15931221710048,74.93790885913356,1.6277278562259307,101.7657951451838,thyroid nodule,0.5546875
3497,,,,,,,362,525,[],0.41088462697057937,0.2585618602300013,0.33486088379705403,0.5315666406858924,0.9781741236620641,0.7548703821739783,57.41515132549573,19.87624252643504,0.5874253052740972,101.51589009910822,thyroid nodule,0.5
3499,,,,,,,377,526,[],0.0,0.0,0.0,0.0,0.9052211612628667,0.45261058063143333,177.5992645298741,108.95313189644965,0.7269555103227683,100.27527692727745,thyroid nodule,0.61328125
350,,,,,,,609,780,[],0.0,0.0,0.0,0.0,0.9843419971629109,0.49217099858145547,328.25599766036265,189.05251356189416,-0.9553107074181953,104.80362107045949,thyroid nodule,0.59765625
3501,,,,,,,373,532,[],0.765205325580627,0.6197024828767124,0.9963007570543703,0.6211316706891928,0.9997608334121285,0.8104462520506607,51.0,19.67313288716597,-0.3765620809868597,103.85351395234466,thyroid nodule,0.65234375
3503,,,,,,,233,489,[],0.9253479544495993,0.8610675039246468,0.9682259488084731,0.8861066235864298,0.9996805650449427,0.9428935943156862,4.123105625617661,1.3288065661849258,-0.08481421647819062,100.53429286926985,thyroid nodule,0.5546875
3505,,,,,,,286,509,[],0.0,0.0,0.0,0.0,0.9687937780783537,0.4843968890391768,139.17614738165446,100.11351877950503,5.779610194902549,102.4194669444114,thyroid nodule,0.5859375
3508,,,,,,,347,529,[],0.0,0.0,0.0,0.0,0.9802084290835554,0.4901042145417777,142.414886862294,84.96779583724576,-0.6373302452889777,103.02975797094405,thyroid nodule,0.51171875
3511,,,,,,,279,497,[],0.0,0.0,0.0,0.0,0.9384087662172844,0.4692043831086422,119.09406423874259,65.78994997227962,10.02987012987013,102.46937815099955,thyroid nodule,0.5390625
3517,,,,,,,379,551,[],0.0,0.0,0.0,0.0,0.9409262897123005,0.47046314485615026,125.86659600505966,64.62080231271254,4.665429234338747,100.46966117806733,thyroid nodule,0.6953125
3519,,,,,,,377,526,[],0.0,0.0,0.0,0.0,0.8787482835175339,0.43937414175876693,246.91019931969598,133.75654242767155,-0.39247719213166427,102.97376802191138,thyroid nodule,0.5859375
3521,,,,,,,303,499,[],0.0,0.0,0.0,0.0,0.9828945411274729,0.49144727056373644,90.25325475027267,61.063674767411634,-0.23123670616833789,102.37424587830901,thyroid nodule,0.53515625
3523,,,,,,,375,533,[],0.0,0.0,0.0,0.0,0.9821185420253649,0.49105927101268243,317.70780500395523,214.01760428224827,-0.8565172242539166,102.1817431319505,thyroid nodule,0.640625
3525,,,,,,,377,526,[],0.0,0.0,0.0,0.0,0.9289283011827143,0.46446415059135715,168.45532814369813,87.13287325068171,1.5603061986557132,102.71734208799899,thyroid nodule,0.72265625
3527,,,,,,,346,518,[],0.0,0.0,0.0,0.0,0.9225158705146099,0.46125793525730496,152.0848447356626,83.55483638083057,7.94025974025974,101.96473891846836,thyroid nodule,0.6640625
3529,,,,,,,377,526,[],0.0,0.0,0.0,0.0,0.9906151866151867,0.49530759330759333,197.95150607608204,149.7020567180705,-0.5500987166831195,102.33073495328426,thyroid nodule,0.56640625
353,,,,,,,660,823,[],0.38712463226775823,0.24002141765737842,0.9999455930359086,0.2400245522693436,0.9999904295840697,0.6200074909267066,175.3031645024593,71.23922752879785,-0.7599623880129204,104.39967387355864,thyroid nodule,0.70703125
3531,,,,,,,295,499,[],0.0,0.0,0.0,0.0,0.9004298339121763,0.4502149169560882,185.9588656165797,117.98516677699988,7.043333333333333,102.02260012738407,thyroid nodule,0.6640625
3533,,,,,,,374,505,[],0.001513431706394249,0.0007572889057175312,0.002346041055718475,0.001117006422786931,0.99081974645014,0.49596837643646347,66.64493856901139,32.515670439745506,-0.5238760122870707,101.80283500812948,thyroid nodule,0.58203125
3536,,,,,,,266,489,[],0.2870519247138939,0.16757771520070674,0.8294616015304728,0.17355749985703667,0.9944576194409657,0.5840075596490012,32.2381596298724,10.882893627720012,-0.7907588494310059,101.62303200922906,thyroid nodule,0.6484375
3537,,,,,,,377,526,[],0.0,0.0,0.0,0.0,0.9530667952835901,0.47653339764179503,124.60437352024184,68.2160547682928,1.6839788732394365,103.37587492540479,thyroid nodule,0.5078125
3540,,,,,,,381,355,[],0.0,0.0,0.0,0.0,0.9669031466848813,0.48345157334244065,98.54056438231822,49.28232546839791,-0.335928983024451,104.19704020023346,thyroid nodule,0.67578125
3541,,,,,,,377,526,[],0.0,0.0,0.0,0.0,0.9410693525653556,0.4705346762826778,174.9565629922604,102.8814527721246,1.9344262295081966,102.2881050594151,thyroid nodule,0.59765625
3543,,,,,,,331,494,[],0.0,0.0,0.0,0.0,0.9846494737489998,0.4923247368744999,85.0367463564256,52.51604550995963,1.3888888888888888,102.75877290405333,thyroid nodule,0.578125
3545,,,,,,,288,495,[],0.8862158647594278,0.7956800934033859,0.9425071619085251,0.8362696117100534,0.9955623670425693,0.9159159893763114,28.39629903871193,9.268197778993084,-0.11271802962573407,101.97768919169903,thyroid nodule,0.55859375
3548,,,,,,,377,526,[],0.0,0.0,0.0,0.0,0.9890509253284464,0.4945254626642232,112.59505947380015,72.75538902884728,-0.5376062786134729,103.14703080803156,thyroid nodule,0.51953125
3549,,,,,,,377,526,[],0.47983268598745143,0.3156446540880503,0.4493564633463906,0.5147435897435897,0.957636878302892,0.7361902340232409,82.33530170803206,21.965724654265834,0.14551282051282052,103.20271202363074,thyroid nodule,0.61328125
3552,,,,,,,371,528,[],0.0,0.0,0.0,0.0,0.9226356847857828,0.4613178423928914,250.11896669864615,159.3143031719032,2.600970873786408,104.3498630169779,thyroid nodule,0.67578125
3555,,,,,,,374,521,[],0.0,0.0,0.0,0.0,0.98825770250444,0.49412885125222,88.96389850359067,57.75074568193855,2.8080133555926543,103.58494892716408,thyroid nodule,0.609375
3558,,,,,,,352,512,[],0.0,0.0,0.0,0.0,0.9775726414507362,0.4887863207253681,150.00883299077006,114.69501485043871,0.15563975517341883,103.20641193538904,thyroid nodule,0.71875
3559,,,,,,,377,526,[],0.0,0.0,0.0,0.0,0.9911298462890227,0.49556492314451134,135.03851262706178,67.11867056532273,-0.761093111705874,101.59325180575252,thyroid nodule,0.6328125
356,,,,,,,392,577,[],0.9668082597451324,0.9357491180742893,0.994130291005291,0.9409478598815827,0.9988660864010221,0.9699069731413024,12.0,3.678579854503056,-0.05349643965674639,101.98098910041153,thyroid nodule,0.91015625
3561,,,,,,,361,526,[],0.0,0.0,0.0,0.0,0.9840390516039051,0.4920195258019526,154.60917241244258,84.03274052207631,-0.7310078977059045,102.86001511849463,thyroid nodule,0.58203125
3563,,,,,,,274,462,[],0.0,0.0,0.0,0.0,0.962046704391488,0.481023352195744,266.90004518951287,115.33553262735094,3.259391771019678,101.7119949683547,thyroid nodule,0.609375
3567,,,,,,,381,355,[],0.0,0.0,0.0,0.0,0.9574364963967614,0.4787182481983807,167.39532960594977,100.52312856861622,-0.4298637718177948,99.4692319072783,thyroid nodule,0.65625
3571,,,,,,,348,506,[],0.0,0.0,0.0,0.0,0.9544578694294934,0.4772289347147467,209.0955523193365,135.62034666352324,0.4548175865294668,102.28074504993856,thyroid nodule,0.65625
3575,,,,,,,377,526,[],0.0,0.0,0.0,0.0,0.9355916151993605,0.46779580759968026,151.7288661892194,78.26111131808067,5.661400737230121,102.52043907530606,thyroid nodule,0.578125
3578,,,,,,,377,526,[],0.06135601959267852,0.03164893617021276,0.03561807841963484,0.2211895910780669,0.9673268230355024,0.5942582070567847,131.0,60.81867446769684,5.210037174721189,102.56707994267344,thyroid nodule,0.609375
358,,,,,,,493,731,[],0.9130465113961391,0.8400051345057121,0.990957469822178,0.8464935784902522,0.9986351822586754,0.9225643803744639,37.194077666583,11.97328679631723,-0.1457821306476947,102.94333682395518,thyroid nodule,0.82421875
3581,,,,,,,377,526,[],0.0,0.0,0.0,0.0,0.9509015981711755,0.47545079908558774,229.84635749633497,135.64006031600638,1.9897003745318351,101.4474390540272,thyroid nodule,0.58203125
3585,,,,,,,377,526,[],0.8260600159334337,0.703664605640175,0.991710945802338,0.7078276699029126,0.9993446332747051,0.8535861515888088,29.91313598866706,10.79849130180145,-0.28625606796116504,102.09266003221273,thyroid nodule,0.62890625
3587,,,,,,,377,526,[],0.0,0.0,0.0,0.0,0.9159195954958588,0.4579597977479294,167.31407591712062,91.23772328596912,2.3325819672131147,100.89207882992923,thyroid nodule,0.7109375
3589,,,,,,,377,526,[],0.0,0.0,0.0,0.0,0.9325942507906051,0.46629712539530255,142.6655178974933,77.5765095687587,9.206764027671023,102.92602702975273,thyroid nodule,0.66796875
3591,,,,,,,377,526,[],0.0,0.0,0.0,0.0,0.9449943431740121,0.47249717158700605,220.65832451134915,144.79927540877063,8.072803347280335,103.06186904199421,thyroid nodule,0.671875
3593,,,,,,,642,920,[],0.917883883638149,0.8482304900181489,0.988630354309889,0.8565864833906071,0.9998522108229795,0.9282193471067932,14.338697870992267,3.819525656001798,-0.13356242840778923,113.75392694026232,thyroid nodule,0.53125
3595,,,,,,,642,924,[],0.0,0.0,0.0,0.0,0.9596145793972569,0.47980728969862846,295.6054779864382,202.06715047326313,3.167017913593256,107.39903897047043,thyroid nodule,0.466796875
3597,,,,,,,579,920,[],0.009878379096075203,0.004963706233988044,0.006099560569292319,0.025963149078726967,0.9713588030950788,0.4986609760869029,144.80089760568166,66.53278270192446,3.2565605806811835,105.73967802338302,thyroid nodule,0.73828125
36,,,,,,,441,507,[],0.0,0.0,0.0,0.0,0.976531167074854,0.488265583537427,154.14760323875657,93.1959863430953,-0.39938154138915316,103.70262991636992,thyroid nodule,0.75390625
3601,,,,,,,642,920,[],0.07654978655088117,0.03979816374535246,0.06728240651658007,0.08877792823290453,0.9748766464417509,0.5318272873373278,136.45511713654315,58.73124437044855,0.31948205822613407,105.13011715374887,thyroid nodule,0.5859375
3603,,,,,,,582,964,[],0.8360021616086919,0.718216249236408,0.9910648054487828,0.7228971962616823,0.9994907645833494,0.8611939804225158,65.2303556274087,17.866524113475652,-0.2705853418593212,105.83698004484177,thyroid nodule,0.68359375
3607,,,,,,,642,920,[],0.0,0.0,0.0,0.0,0.9619799228182506,0.4809899614091253,228.53008246740873,142.95300154787952,-0.1911603876758306,105.85088096559048,thyroid nodule,0.79296875
3615,,,,,,,679,1024,[],0.0,0.0,0.0,0.0,0.9780979877875061,0.48904899389375306,222.65634650931887,164.61893923634992,0.039013515396405185,105.37992184981704,thyroid nodule,0.6484375
3617,,,,,,,679,1024,[],0.007209141805353171,0.0036176108374384236,0.011480682327077312,0.005254234130163403,0.9621570231833236,0.4837056286567435,237.8907132540836,127.3635514721879,-0.5423413016340296,104.44596502929926,thyroid nodule,0.671875
3619,,,,,,,679,1024,[],0.15600734301147873,0.0846030174904595,0.9999323776034623,0.08460350154479918,0.9999980788294692,0.5423007901871342,227.23024484324495,97.04783300267512,-0.9153907769767708,105.09189707227051,thyroid nodule,0.61328125
362,,,,,,,515,808,[],0.6461113667740451,0.4772263766145479,0.9994068098232294,0.477361591205304,0.9999874520983856,0.7386745216518448,50.00299970005998,17.883152018483667,-0.5223550745169151,105.58427590876818,thyroid nodule,0.53125
3621,,,,,,,679,1024,[],0.19958023804921157,0.1108520592069944,0.9663056558363418,0.1112822013149993,0.9996002240014722,0.5554412126582358,77.05160035009865,25.155061808081673,-0.8848374728608164,106.75411787815392,thyroid nodule,0.59765625
3623,,,,,,,495,548,[],0.0,0.0,0.0,0.0,0.9448929898756888,0.4724464949378444,274.2626424411544,150.86431819062864,-0.5460891476827732,105.43353180401027,thyroid nodule,0.5625
3625,,,,,,,527,768,[],0.0,0.0,0.0,0.0,0.9909068426009427,0.4954534213004714,161.77011706479647,129.85411279374728,-0.17925591882750846,104.08358788117766,thyroid nodule,0.65625
3627,,,,,,,527,768,[],0.934975076259207,0.8778903248340901,0.9954847908745247,0.8813999158367233,0.9998540250667131,0.9406269704517182,10.0,3.8359950365885496,-0.1146023285173236,105.25182913988829,thyroid nodule,0.66015625
3631,,,,,,,404,703,[],0.0,0.0,0.0,0.0,0.9603585195490247,0.48017925977451237,179.05725314680905,121.52887993207005,0.3698047070605909,103.88502501882613,thyroid nodule,0.73828125
3635,,,,,,,501,802,[],0.0,0.0,0.0,0.0,0.9806361293523774,0.4903180646761887,120.0,72.98081380092904,0.1268414849734826,105.66789703443646,thyroid nodule,0.71875
3638,,,,,,,504,838,[],0.0,0.0,0.0,0.0,0.9768177053554412,0.4884088526777206,131.04674712394265,66.44639017867294,2.7542438271604937,104.32474315166473,thyroid nodule,0.609375
3639,,,,,,,502,838,[],0.0,0.0,0.0,0.0,0.9804327841710344,0.4902163920855172,333.91645660892493,274.36995676624804,0.5837553564472147,104.31268205866218,thyroid nodule,0.72265625
364,,,,,,,590,650,[],0.8735204475072524,0.7754427903944366,0.9899841855561413,0.781574451307662,0.9989314658157858,0.8902529585617239,57.0,19.383651500288288,-0.2105182459368292,105.06936605088413,thyroid nodule,0.71875
3643,,,,,,,510,832,[],0.0,0.0,0.0,0.0,0.9662995826632973,0.48314979133164865,376.9013793623236,297.0983078598422,1.189521144278607,103.53211686015129,thyroid nodule,0.7890625
3647,,,,,,,502,832,[],0.0,0.0,0.0,0.0,0.9733156211308296,0.4866578105654148,337.5464363549768,203.05084917042842,-0.6549826574172892,105.60294589959085,thyroid nodule,0.62109375
3649,,,,,,,522,812,[],0.0,0.0,0.0,0.0,0.9780861574619282,0.4890430787309641,247.98183995944348,133.3131961652079,-0.6818131888250155,105.48606398515403,thyroid nodule,0.76953125
3651,,,,,,,695,1060,[],0.0,0.0,0.0,0.0,0.9766563421748196,0.4883281710874098,212.52292673539463,128.5836944661537,1.9664464534075103,105.34066101536155,thyroid nodule,0.796875
3653,,,,,,,696,1019,[],0.0,0.0,0.0,0.0,0.9720283125828459,0.48601415629142297,353.59354999855054,206.54263935090557,-0.6474266751069421,108.41540899127722,thyroid nodule,0.68359375
3655,,,,,,,697,878,[],0.0,0.0,0.0,0.0,0.9837081651039408,0.4918540825519704,189.952625672824,121.92321301104113,-0.22413793103448276,106.94110090844333,thyroid nodule,0.7578125
366,,,,,,,589,858,[],0.0,0.0,0.0,0.0,0.9455085717356645,0.47275428586783225,317.5008660805621,201.15274836240144,-0.5859845520432815,106.36937990784645,thyroid nodule,0.58984375
3661,,,,,,,617,780,[],0.03455914164575582,0.01758340450635274,1.0,0.01758340450635274,1.0,0.5087917022531764,405.6976344553402,236.09882787920063,-0.9824165954936472,105.45186302624643,thyroid nodule,0.66015625
3664,,,,,,,501,699,[],0.0,0.0,0.0,0.0,0.9805222440520261,0.4902611220260131,336.0,288.44717378699283,-0.06427671194510573,104.40654400736094,thyroid nodule,0.63671875
3665,,,,,,,501,699,[],0.0,0.0,0.0,0.0,0.9793212047087602,0.4896606023543801,176.1187096692255,88.97486612467301,-0.7078491511512376,104.66417786665261,thyroid nodule,0.68359375
3667,,,,,,,471,701,[],0.0,0.0,0.0,0.0,0.982939171489679,0.4914695857448395,83.1767946151011,46.795513776893394,-0.026209322779243625,104.03061704710126,thyroid nodule,0.75390625
3669,,,,,,,510,802,[],0.0,0.0,0.0,0.0,0.985794195562471,0.4928970977812355,198.61092353090234,151.61014203686398,1.0259831460674158,103.80442207679152,thyroid nodule,0.75390625
3671,,,,,,,501,699,[],0.0,0.0,0.0,0.0,0.985705852465131,0.4928529262325655,197.91258419774672,142.32053509491521,-0.49876416065911433,105.41645204648376,thyroid nodule,0.69921875
3673,,,,,,,498,812,[],0.8755354264220465,0.7786242866115071,0.9996844651684605,0.7788156888451874,0.9999755277841225,0.8893956083146549,26.44237561224646,11.879741004626453,-0.22093849011253142,104.37428299337626,thyroid nodule,0.703125
3675,,,,,,,501,699,[],0.971326548830566,0.9442515967786725,0.9802993537227014,0.9625165125495376,0.9973359930086061,0.9799262527790719,25.019968101992227,4.892798206747335,-0.01814021513493112,102.64202114194632,thyroid nodule,0.8203125
3678,,,,,,,588,857,[],0.0,0.0,0.0,0.0,0.9279694364365703,0.46398471821828513,285.39734563678917,169.63367168813073,0.044639286263651747,106.76237707957625,thyroid nodule,0.56640625
3679,,,,,,,536,811,[],0.0,0.0,0.0,0.0,0.9572203300232087,0.47861016501160436,297.01379449125477,177.59953492641296,4.437960506926024,104.1415489744395,thyroid nodule,0.609375
368,,,,,,,581,857,[],0.022274721565980427,0.011262798634812287,0.9927385892116183,0.011263726563327567,0.9999830489594482,0.5056233877613879,256.5872128797103,94.20392020154735,-0.988653884632134,105.9323821682483,thyroid nodule,0.59375
3681,,,,,,,696,1019,[],0.0,0.0,0.0,0.0,0.896173331896087,0.4480866659480435,360.1432352434637,215.1757473340678,4.371403078295784,106.40547098591924,thyroid nodule,0.6484375
3683,,,,,,,542,811,[],0.0,0.0,0.0,0.0,0.9814034584664906,0.4907017292332453,135.19245541079576,88.42051799469719,0.13012928611579538,106.44565196707845,thyroid nodule,0.8046875
3685,,,,,,,500,715,[],0.9277086043486341,0.8651646447140381,0.996506637388961,0.8677966101694915,0.9998988424688218,0.9338477263191567,9.170296661546235,3.8578476921591567,-0.12916123424598,104.31568208150566,thyroid nodule,0.69140625
3687,,,,,,,554,826,[],0.0,0.0,0.0,0.0,0.933139650751332,0.466569825375666,359.55820083148075,248.13730718472982,4.027306027306027,104.87658297643065,thyroid nodule,0.50390625
3691,,,,,,,546,805,[],0.0,0.0,0.0,0.0,0.9488969707321818,0.4744484853660909,252.01586574330025,152.43825565897183,0.19612416014215114,105.35840084776282,thyroid nodule,0.5234375
3693,,,,,,,547,809,[],0.0,0.0,0.0,0.0,0.9693615209523966,0.4846807604761983,357.5662146615724,187.04399133068063,-0.8525242705692253,106.22909688390791,thyroid nodule,0.5703125
3695,,,,,,,588,744,[],0.7348755604652674,0.5808721557347578,0.9319324268644417,0.6066083784798584,0.9958719195574058,0.801240149018632,64.0,19.036429541822248,-0.349085447621091,105.77857913449407,thyroid nodule,0.59375
3697,,,,,,,446,432,[],0.0,0.0,0.0,0.0,0.9816705957993999,0.49083529789969993,156.01842821150578,120.30664696151817,-0.4328580901856764,104.1866100858897,thyroid nodule,0.53125
3699,,,,,,,580,857,[],0.0,0.0,0.0,0.0,0.9621145066856149,0.48105725334280747,352.0,182.37024963362543,0.8231050499061172,105.87213095277548,thyroid nodule,0.6015625
370,,,,,,,581,858,[],0.0,0.0,0.0,0.0,0.9582397007711582,0.4791198503855791,383.56192389804,222.62499749420525,-0.2517551516071496,105.9670231770724,thyroid nodule,0.60546875
3701,,,,,,,582,858,[],0.3189911502344659,0.18976173164047205,1.0,0.18976173164047205,1.0,0.594880865820236,101.19980227003505,52.239786656089855,-0.810238268359528,105.7634090539068,thyroid nodule,0.5078125
3703,,,,,,,589,858,[],0.0,0.0,0.0,0.0,0.9899698276120282,0.4949849138060141,181.92208597264673,93.71187509052233,0.09840367373715285,104.69173011370003,thyroid nodule,0.5
3705,,,,,,,545,543,[],0.0,0.0,0.0,0.0,0.9744564353462741,0.48722821767313707,173.9449622719619,105.44510603979037,-0.4372762645914397,103.96742611192167,thyroid nodule,0.734375
3707,,,,,,,356,423,[],0.0,0.0,0.0,0.0,0.9557311562725109,0.47786557813625546,129.07362240210043,72.2260503223927,-0.5375142531356899,102.74586314335465,thyroid nodule,0.58984375
3710,,,,,,,545,543,[],0.0,0.0,0.0,0.0,0.9489952857643962,0.4744976428821981,270.7744447831542,163.47522343226174,-0.6375588912019283,103.3580549992621,thyroid nodule,0.6953125
3711,,,,,,,545,648,[],0.0,0.0,0.0,0.0,0.9714722289876251,0.48573611449381254,185.511794980505,84.52240425413514,0.19000967585873246,103.4108861349523,thyroid nodule,0.62109375
3713,,,,,,,545,543,[],0.0,0.0,0.0,0.0,0.971123847460932,0.485561923730466,109.65856099730654,68.35194419861416,-0.05146974722635251,105.1459179725498,thyroid nodule,0.7734375
3717,,,,,,,545,543,[],0.0,0.0,0.0,0.0,0.9640059760378289,0.48200298801891445,268.517783049103,205.25368735660817,-0.5078097882679625,103.77661185339093,thyroid nodule,0.76171875
3719,,,,,,,357,537,[],0.0,0.0,0.0,0.0,0.9581854760661853,0.47909273803309266,172.13076424625552,89.92559691164924,-0.6640116881892733,102.54513914696872,thyroid nodule,0.640625
372,,,,,,,581,859,[],0.0,0.0,0.0,0.0,0.9708650838294032,0.4854325419147016,160.92295140607047,92.3746538368796,1.9621477062332853,104.18586991727352,thyroid nodule,0.6953125
3721,,,,,,,356,356,[],0.6564542882232413,0.4885984023238925,0.5153975792860426,0.9038151531434713,0.9742874794738811,0.9390513163086762,45.43700523482444,11.964854463791266,0.7536270822138635,102.71938308142126,thyroid nodule,0.58203125
3723,,,,,,,545,647,[],0.0,0.0,0.0,0.0,0.9716392914844034,0.4858196457422017,139.30182017563845,85.59017777427596,-0.3164863325740319,104.2382710147649,thyroid nodule,0.8046875
3725,,,,,,,545,543,[],0.0,0.0,0.0,0.0,0.9762118422477681,0.48810592112388407,216.04860445234561,106.92753441434803,-0.8355746865224715,103.50886802189052,thyroid nodule,0.6171875
3729,,,,,,,545,543,[],0.557764029660831,0.386735625190143,0.4481421420009871,0.7383828996282528,0.9727592603549267,0.8555710799915897,71.1405381565246,20.01459063106064,0.6476533457249071,103.513287845999,thyroid nodule,0.5859375
3733,,,,,,,545,648,[],0.0,0.0,0.0,0.0,0.9684855779408118,0.4842427889704059,166.40793168300806,85.61649360907742,-0.5365560793382549,104.43292395211756,thyroid nodule,0.56640625
3735,,,,,,,545,544,[],0.0,0.0,0.0,0.0,0.9576606350539558,0.4788303175269779,276.6179961048492,199.14376464936475,-0.48801059836608524,103.85066387243569,thyroid nodule,0.515625
3737,,,,,,,545,647,[],0.0,0.0,0.0,0.0,0.9513200632964104,0.4756600316482052,157.19541821443943,91.1146421348089,-0.003227967598513917,104.7243399079889,thyroid nodule,0.71875
374,,,,,,,587,857,[],0.8731467418818254,0.7748539888325525,0.9426139912554653,0.8132156809915129,0.9984945095685694,0.9058550952800412,20.069816725849588,7.420867863977929,-0.13727603394853832,104.77691097185016,thyroid nodule,0.578125
3741,,,,,,,587,857,[],0.0,0.0,0.0,0.0,0.9750678347471028,0.4875339173735514,292.5534018024968,225.89285566999604,0.866254523522316,104.96743395924568,thyroid nodule,0.75390625
3743,,,,,,,673,692,[],0.42425255096983583,0.26923892609247335,0.9999599492690742,0.26924182950150255,0.9999840017064846,0.6346129156039936,227.78849808556888,100.31867666576557,-0.7307473867345324,104.13121921010315,thyroid nodule,0.70703125
3745,,,,,,,587,858,[],0.0,0.0,0.0,0.0,0.9734245760907554,0.4867122880453777,180.01208030124533,109.20265422299173,1.2891003460207613,104.85835303552449,thyroid nodule,0.80078125
3747,,,,,,,588,858,[],0.0,0.0,0.0,0.0,0.980872011811478,0.490436005905739,222.0,157.7043139099634,3.95005149330587,105.32387089915574,thyroid nodule,0.546875
3749,,,,,,,586,857,[],0.0,0.0,0.0,0.0,0.9800878395165621,0.49004391975828104,237.1049344751798,175.05158438622675,2.1954983922829583,105.1278670784086,thyroid nodule,0.6875
3753,,,,,,,589,858,[],0.0,0.0,0.0,0.0,0.9784475351137367,0.48922376755686836,214.70095316103104,91.91353299603082,-0.008833100883310088,107.73970605805516,thyroid nodule,0.546875
3755,,,,,,,554,857,[],0.0,0.0,0.0,0.0,0.9455156596185208,0.4727578298092604,170.84598326578083,93.55455326670831,0.9278871944210284,105.37210199981928,thyroid nodule,0.59375
3757,,,,,,,581,1024,[],0.0,0.0,0.0,0.0,0.9786196881583343,0.48930984407916717,143.91741408956375,82.74655814925863,0.523069451189898,105.62454699538648,thyroid nodule,0.7578125
3759,,,,,,,589,858,[],0.0,0.0,0.0,0.0,0.9780776825548008,0.4890388412774004,283.69666898518665,215.21185658192886,2.144326950557302,105.05655710585415,thyroid nodule,0.76953125
376,,,,,,,607,692,[],0.8715560264124039,0.7723520589520424,0.9973770091804679,0.7739240536286934,0.9994873888721661,0.8867057212504298,110.0751979641317,37.681405541114614,-0.224040612020306,104.921102989465,thyroid nodule,0.796875
3761,,,,,,,588,858,[],0.0,0.0,0.0,0.0,0.979032205078788,0.489516102539394,297.1462107597099,143.6152276621802,-0.8001210881229254,105.09196692146361,thyroid nodule,0.6640625
3763,,,,,,,580,858,[],0.0,0.0,0.0,0.0,0.9720108547576751,0.48600542737883756,237.33306450720232,130.20154121168596,-0.669514862952001,104.58382708020508,thyroid nodule,0.69140625
3765,,,,,,,588,858,[],0.0,0.0,0.0,0.0,0.9788445610160132,0.4894222805080066,166.49802384586226,102.66252422808843,-0.12516789791806582,105.72013817727566,thyroid nodule,0.6640625
3767,,,,,,,588,858,[],0.0,0.0,0.0,0.0,0.9718284900755335,0.48591424503776676,317.374226155143,241.2952476215954,0.7702138428444895,105.55282491259277,thyroid nodule,0.69140625
3769,,,,,,,588,858,[],0.0,0.0,0.0,0.0,0.9774115578993627,0.48870577894968137,272.31048455760936,195.17305682062437,1.9039548022598871,104.48691598139703,thyroid nodule,0.734375
377,,,,,,,607,691,[],0.742157315033735,0.5900239544292771,0.9996892902223516,0.5901321747503812,0.9999518368231568,0.795042005786769,125.67080010082599,51.7849740495931,-0.40968440842341775,104.13954011164606,thyroid nodule,0.83203125
3771,,,,,,,587,858,[],0.0,0.0,0.0,0.0,0.9534844477069174,0.4767422238534587,194.45757246506275,114.71353419514689,-0.25419372294372294,105.00732506625354,thyroid nodule,0.75
3775,,,,,,,586,858,[],0.0,0.0,0.0,0.0,0.9748526307908055,0.48742631539540276,170.03161447377283,95.49398043163974,0.4414801067161582,104.62403786368668,thyroid nodule,0.58984375
3779,,,,,,,323,387,[],0.6083294877711122,0.4371217773356545,0.7863107664777811,0.4960489181561618,0.9874706000647017,0.7417597591104317,38.07886552931954,15.083278009866602,-0.3691439322671684,102.84041380509734,thyroid nodule,0.796875
3780,,,,,,,527,768,[],0.0,0.0,0.0,0.0,0.9393727805929059,0.4696863902964529,190.81993846965074,73.7349849441366,5.521459227467811,104.92888395674527,thyroid nodule,0.6171875
3782,,,,,,,342,409,[],0.22898669957493487,0.12929699597398575,0.9867643583077287,0.1295216231308556,0.9994797666381777,0.5645006948845167,49.76342677174586,20.402241951471165,-0.8687410808463113,103.15174120478332,thyroid nodule,0.67578125
3783,,,,,,,349,410,[],0.0,0.0,0.0,0.0,0.9723223945185719,0.48616119725928597,224.00256694482343,119.6851263581079,-0.9045694746658377,102.55315992981195,thyroid nodule,0.5625
3787,,,,,,,527,768,[],0.0,0.0,0.0,0.0,0.9954835321107737,0.49774176605538684,71.35929265410424,47.55994985447878,0.6542649727767695,103.7992830388248,thyroid nodule,0.59375
379,,,,,,,557,784,[],0.0,0.0,0.0,0.0,0.9340910447842204,0.4670455223921102,444.1244192121118,251.24506840120483,-0.6439524996334848,105.8131200261414,thyroid nodule,0.64453125
3790,,,,,,,514,1280,[],0.0,0.0,0.0,0.0,0.9469665423540089,0.47348327117700445,264.48683733879227,165.08134541178302,14.019006479481641,106.72163683921099,thyroid nodule,0.5078125
3794,,,,,,,381,425,[],0.9211067916761948,0.8537515896566341,0.9601907032181168,0.8850802021533729,0.9989388336065678,0.9420095178799703,5.830951894845301,2.6936573038315363,-0.07822456602944408,103.78801194019616,thyroid nodule,0.625
3796,,,,,,,381,425,[],0.0,0.0,0.0,0.0,0.9795599779163996,0.4897799889581998,108.86315736636806,62.97611266136344,-0.2581759557807462,102.84389508888125,thyroid nodule,0.65625
38,,,,,,,408,369,[],0.0019769357495881385,0.0009894459102902375,0.015517241379310345,0.0010557184750733138,0.9735469345020246,0.48730132648854896,203.11376095363397,107.43216879545639,-0.9319648093841643,103.42421499080956,thyroid nodule,0.49609375
380,,,,,,,660,720,[],0.18060444353224897,0.09926617820419537,1.0,0.09926617820419537,1.0,0.5496330891020977,312.8315041632933,115.56093286296267,-0.9007338217958046,105.01559497788548,thyroid nodule,0.59765625
3801,,,,,,,350,509,[],0.0,0.0,0.0,0.0,0.9043654391259941,0.45218271956299705,212.14912194167965,152.15031568983164,3.3044938016528924,103.00305695272982,thyroid nodule,0.6328125
3803,,,,,,,349,409,[],0.8657953458718521,0.7633501967397415,0.9132481506388702,0.823030303030303,0.9990856964654018,0.9110579997478524,8.0,2.817571778314363,-0.09878787878787879,102.87505481392145,thyroid nodule,0.625
3805,,,,,,,455,454,[],0.0,0.0,0.0,0.0,0.9663733906784276,0.4831866953392138,162.28185278481774,81.83092236981423,-0.7896160466505076,104.35813292860985,thyroid nodule,0.419921875
3806,,,,,,,366,428,[],0.0,0.0,0.0,0.0,0.9637594978526594,0.4818797489263297,143.0,104.38853542847004,0.035296338240845604,103.02787809632719,thyroid nodule,0.83984375
3808,,,,,,,679,1024,[],0.0,0.0,0.0,0.0,0.9768050607140261,0.48840253035701303,194.5475515236537,119.99890073156175,-0.2695453058554138,104.72451988607645,thyroid nodule,0.80078125
3810,,,,,,,600,783,[],0.0,0.0,0.0,0.0,0.9789444036859786,0.4894722018429893,191.1309549412296,96.27226499351451,-0.6861563462775502,104.8599120695144,thyroid nodule,0.78125
3812,,,,,,,552,879,[],0.0,0.0,0.0,0.0,0.9634115303634868,0.4817057651817434,435.65697515361785,360.0607571757412,0.7777210015329586,105.89786199852824,thyroid nodule,0.6328125
3814,,,,,,,590,785,[],0.0,0.0,0.0,0.0,0.9723184750067644,0.4861592375033822,277.58764244884514,205.5304872893924,1.607069461570078,104.96789519675076,thyroid nodule,0.68359375
3816,,,,,,,416,784,[],0.0,0.0,0.0,0.0,0.9673623418309807,0.48368117091549034,283.5577542582816,221.25736690450665,2.1092089728453365,104.41195406019688,thyroid nodule,0.7421875
3818,,,,,,,590,785,[],0.8575379200536328,0.7506051492701533,0.9058157032840577,0.8141459145516747,0.9976386043796787,0.9058922594656766,45.9918449345612,14.750406356155183,-0.10120136844617711,104.48776511475444,thyroid nodule,0.6015625
382,,,,,,,600,814,[],0.0,0.0,0.0,0.0,0.9760211339158708,0.4880105669579354,439.94005126886975,214.71484365808763,-0.9333111398422198,105.88962095789611,thyroid nodule,0.69921875
3820,,,,,,,600,783,[],0.0,0.0,0.0,0.0,0.9676958188003273,0.48384790940016364,309.97419247414774,241.8381364677301,1.8097378277153557,105.87379103526473,thyroid nodule,0.64453125
3824,,,,,,,600,783,[],0.00031109843673035543,0.0001555734176886976,0.0005241090146750524,0.00022119815668202765,0.974152595018919,0.4871868965878005,162.31141219990758,75.69129189020387,-0.5779539170506912,104.37700315378606,thyroid nodule,0.68359375
3826,,,,,,,687,941,[],0.0,0.0,0.0,0.0,0.9790496391145809,0.48952481955729044,253.7328949696794,176.50031815897074,-0.3559996072270228,106.44786199554801,thyroid nodule,0.6640625
3829,,,,,,,472,808,[],0.0,0.0,0.0,0.0,0.9815345519715251,0.49076727598576253,272.3799734523519,133.77173766871934,-0.6818203547014675,105.62807694077492,thyroid nodule,0.5078125
3830,,,,,,,556,784,[],0.0,0.0,0.0,0.0,0.9749026707653929,0.48745133538269647,150.81643130239402,90.65217701188132,0.7459932005828072,104.59497710689902,thyroid nodule,0.828125
3832,,,,,,,610,1001,[],9.054177937231911e-05,4.527293923239732e-05,9.408665380815732e-05,8.725432454246014e-05,0.9247300214070582,0.46240863786580033,223.7996785465494,109.78770827267182,-0.07261741160046245,105.17479805275798,thyroid nodule,0.61328125
3834,,,,,,,552,1012,[],0.03097422129415567,0.01573073426926573,0.02296012382988133,0.04758267776674559,0.951403311635819,0.49949299470128233,196.40620901195442,113.33155028619717,1.0724051019628809,106.60062404349446,thyroid nodule,0.546875
3838,,,,,,,540,619,[],0.0,0.0,0.0,0.0,0.9803580565775688,0.4901790282887844,125.04494612921249,82.82209875407506,0.08715441672285906,105.38732213899493,thyroid nodule,0.65234375
384,,,,,,,660,1031,[],0.9078228476821192,0.8312047599196574,0.9868172410690182,0.8405380547252241,0.999552238349792,0.9200451465375081,54.59028588631658,10.727968324968593,-0.14823331033954165,105.44889280572534,thyroid nodule,0.61328125
3840,,,,,,,589,665,[],0.0,0.0,0.0,0.0,0.9672172392863998,0.4836086196431999,180.73038982625772,99.90112448001342,1.0561249389946314,105.08979693986475,thyroid nodule,0.55859375
3844,,,,,,,607,1024,[],0.014097728320049154,0.007098903365533363,0.023735632183908045,0.010026462091233522,0.9707310937545768,0.49037877792290513,224.69757453074567,106.65484365970653,-0.5775776261804764,106.54439311474562,thyroid nodule,0.64453125
3846,,,,,,,504,852,[],0.8180376008370743,0.6921012050945228,0.9893860222077073,0.6972783244145233,0.9996844882277703,0.8484814063211468,28.255075696200265,10.18698556904332,-0.29524138327866967,104.45989505387843,thyroid nodule,0.498046875
3848,,,,,,,483,512,[],0.4262200109051254,0.2708256642342089,0.6782537960954447,0.31074836016696483,0.9713448089331942,0.6410465845500795,95.26646831887079,52.683074531445584,-0.5418405883522163,105.8217198587954,thyroid nodule,0.6015625
3850,,,,,,,589,785,[],0.0,0.0,0.0,0.0,0.9790409373260407,0.48952046866302035,150.71164520368026,96.42331114852618,-0.019125400599607153,104.33425311930478,thyroid nodule,0.71484375
3852,,,,,,,502,608,[],0.0,0.0,0.0,0.0,0.8958150922256573,0.4479075461128286,276.65580952193,144.38524082171753,-0.6091139792312124,104.53108581714332,thyroid nodule,0.58203125
3854,,,,,,,442,808,[],0.0,0.0,0.0,0.0,0.9762413820701326,0.4881206910350663,106.7810816609537,62.360741865823975,0.1411312465678199,104.06656702980399,thyroid nodule,0.75390625
3856,,,,,,,495,784,[],0.0,0.0,0.0,0.0,0.9073489998262398,0.4536744999131199,202.12693916463374,123.88303662479899,3.2677661896677175,104.09033903852105,thyroid nodule,0.671875
3858,,,,,,,602,765,[],0.0,0.0,0.0,0.0,0.9878853746784245,0.49394268733921226,544.0721703483025,273.4217145073222,-0.9546479888757274,106.83326912112534,thyroid nodule,0.6171875
386,,,,,,,660,716,[],0.6727427261015754,0.5068668594488791,1.0,0.5068668594488791,1.0,0.7534334297244396,116.97157756259581,63.75167653507328,-0.49313314055112084,105.37165100686252,thyroid nodule,0.6875
3860,,,,,,,510,479,[],0.1277734961262321,0.06824681514862639,0.9997884045704613,0.06824780090419309,0.9999942875749042,0.5341210442395486,101.72014165592603,58.01010626243433,-0.9317377551167796,103.63912000320852,thyroid nodule,0.60546875
3862,,,,,,,608,588,[],0.49775613397435325,0.33134176496338275,0.9830805953383881,0.33324210801870513,0.9982374215158907,0.6657397647672979,72.20456294027211,31.946332432539823,-0.6610225961138015,105.08468607440591,thyroid nodule,0.72265625
3868,,,,,,,516,541,[],0.0,0.0,0.0,0.0,0.9853107914031596,0.4926553957015798,168.95173656511557,123.9486071116498,2.061515378844711,103.02211809903383,thyroid nodule,0.62890625
3871,,,,,,,602,573,[],0.0,0.0,0.0,0.0,0.9104533010173814,0.4552266505086907,203.19970497084435,104.61338534052628,-0.05039529015979815,104.38699298538268,thyroid nodule,0.68359375
3874,,,,,,,746,750,[],0.0,0.0,0.0,0.0,0.9797651816484514,0.4898825908242257,266.13633046775465,193.05106104931886,-0.3719651855245076,105.21772899664938,thyroid nodule,0.68359375
3877,,,,,,,789,923,[],0.0,0.0,0.0,0.0,0.9558504183990685,0.47792520919953424,496.8244148363283,240.82298813122344,-0.8384504654361664,106.7033358849585,thyroid nodule,0.7578125
3878,,,,,,,789,600,[],0.0,0.0,0.0,0.0,0.9908158628332107,0.49540793141660533,409.6168862269291,192.44779066838836,-0.9644074604269869,105.9717619791627,thyroid nodule,0.6328125
388,,,,,,,600,814,[],0.0032429012101558175,0.0016240839770251534,0.008692886674440794,0.001993242422032621,0.9790927445048864,0.4905429934634595,212.73339769949092,103.48343711162671,-0.7707041979630035,106.66616610251367,thyroid nodule,0.6484375
3880,,,,,,,789,500,[],0.003922369169303452,0.0019650383876458257,1.0,0.0019650383876458257,1.0,0.5009825191938229,550.8921854387321,327.2912413393932,-0.9980349616123542,106.60665389150381,thyroid nodule,0.52734375
3882,,,,,,,583,525,[],0.9395626525148665,0.8860142984807864,0.949164712076971,0.9301529224129843,0.9962705043247401,0.9632117133688622,37.013511046643494,9.02688526009826,-0.020030021578009195,103.59321883879602,thyroid nodule,0.71484375
3884,,,,,,,608,524,[],0.9152029073288915,0.8436627582356225,0.9921208141825345,0.849353569421023,0.9998850776523919,0.9246193235367075,7.0710678118654755,3.0263390197843294,-0.14390106801573918,103.42967603355646,thyroid nodule,0.6484375
3886,,,,,,,608,525,[],0.6946128833816679,0.5321125622727885,0.9930646296110162,0.5340973592453442,0.9995109903154821,0.7668041747804131,70.84842897296343,27.748519375687458,-0.4621726085898857,105.1913381088525,thyroid nodule,0.6484375
3888,,,,,,,608,525,[],0.0,0.0,0.0,0.0,0.9706439879092167,0.48532199395460834,130.38040400186625,75.84744395878904,0.3294663573085847,101.6361229121685,thyroid nodule,0.828125
3890,,,,,,,483,674,[],0.5339983946795093,0.36425498631208447,0.36892973144260477,0.966383067026354,0.9751623675258713,0.9707727172761127,105.41820450356425,46.96734550632521,1.6194231168292177,104.55071600154042,thyroid nodule,0.484375
3892,,,,,,,484,676,[],0.0,0.0,0.0,0.0,0.9799160893118359,0.48995804465591797,229.1912947935658,147.05048224639717,-0.6129252122188488,104.55364594236016,thyroid nodule,0.546875
3894,,,,,,,664,618,[],0.0,0.0,0.0,0.0,0.9738571034159237,0.48692855170796184,292.86600924021457,227.9402499838816,9.06585136406397,104.4562750030309,thyroid nodule,0.64453125
3896,,,,,,,665,619,[],0.0,0.0,0.0,0.0,0.9872989410029644,0.4936494705014822,115.48333157528641,65.17335231738959,-0.16355367873964594,104.6563689596951,thyroid nodule,0.45703125
3898,,,,,,,665,642,[],0.0,0.0,0.0,0.0,0.9643107465570478,0.4821553732785239,310.6470649449459,235.49442914322995,2.263750541359896,108.02609100937843,thyroid nodule,0.72265625
390,,,,,,,683,1024,[],0.0,0.0,0.0,0.0,0.9748797504719692,0.4874398752359846,367.8356942060278,177.57423237246707,-0.830433722656856,107.30735794641078,thyroid nodule,0.65234375
3900,,,,,,,662,643,[],0.778441663302382,0.6372529578954326,1.0,0.6372529578954326,1.0,0.8186264789477162,45.04819494998397,13.086823651953276,-0.3627470421045674,104.46098586544394,thyroid nodule,0.60546875
392,,,,,,,660,898,[],0.0,0.0,0.0,0.0,0.9708000881790513,0.48540004408952564,170.04411161888197,94.63587897707845,1.276142267217264,105.40585196577013,thyroid nodule,0.75390625
3922,,,,,,,646,972,[],0.0,0.0,0.0,0.0,0.9779502203119509,0.48897511015597545,263.2038977812597,119.70424478833804,-0.6377137463912947,106.46730195730925,thyroid nodule,0.73828125
3926,,,,,,,444,813,[],0.0,0.0,0.0,0.0,0.9685922095809566,0.4842961047904783,152.0,86.99408772834704,0.6696174043510877,105.17674800939858,thyroid nodule,0.77734375
3929,,,,,,,653,999,[],0.0,0.0,0.0,0.0,0.9883474328668462,0.4941737164334231,161.9851792614435,92.87274982195704,-0.29452830188679247,104.15279003791511,thyroid nodule,0.52734375
3932,,,,,,,453,436,[],0.0,0.0,0.0,0.0,0.9599220691825947,0.47996103459129735,148.12275283867095,80.13408337100569,-0.44230478779640536,103.76174212433398,thyroid nodule,0.7109375
3934,,,,,,,541,439,[],0.0,0.0,0.0,0.0,1.0,0.5,695.3013735064817,695.3013735064817,-1.0,105.40911182761192,thyroid nodule,0.435546875
3936,,,,,,,587,858,[],0.0,0.0,0.0,0.0,0.9801277114424843,0.49006385572124217,305.19902231835874,248.2693755451925,0.10003356831151393,106.27235798165202,thyroid nodule,0.71484375
3938,,,,,,,599,650,[],0.7429395301501145,0.5910133585211172,0.9890854347007904,0.5948931546541109,0.9996051864881202,0.7972491705711156,48.26903759493528,16.632995077454797,-0.39854219485693587,106.03839484974742,thyroid nodule,0.53515625
3942,,,,,,,599,771,[],0.009767850360805165,0.004907894972240278,0.04369524820812318,0.005498506784609526,0.942297342320408,0.47389792455250873,419.30088623420744,183.95800672047923,-0.8741623629548962,106.12077498808503,thyroid nodule,0.5859375
3944,,,,,,,455,496,[],0.0,0.0,0.0,0.0,0.9388854902656686,0.4694427451328343,189.16483716831922,109.00502333127888,0.1339571960835283,103.81408291868865,thyroid nodule,0.38671875
3946,,,,,,,526,627,[],0.45375400473603567,0.29345524976352416,1.0,0.29345524976352416,1.0,0.646727624881762,57.75805733027669,28.183127590630075,-0.7065447502364758,105.61738698743284,thyroid nodule,0.45703125
3948,,,,,,,532,547,[],0.0,0.0,0.0,0.0,0.9590088637064879,0.47950443185324393,232.89449150900168,169.15130228478762,1.0170807453416149,106.24550795182586,thyroid nodule,0.65234375
3950,,,,,,,532,547,[],0.06833360482163219,0.03537546907281697,1.0,0.03537546907281697,1.0,0.5176877345364085,226.9336899463094,121.89605408396939,-0.964624530927183,104.55935588106513,thyroid nodule,0.52734375
3954,,,,,,,599,650,[],0.0,0.0,0.0,0.0,0.968474963950077,0.4842374819750385,201.46686979788907,135.17598526344102,0.6635823781245684,106.04331409558654,thyroid nodule,0.75390625
3956,,,,,,,562,1114,[],0.0,0.0,0.0,0.0,0.9623184169367208,0.4811592084683604,274.16965550549173,188.3035689218393,-0.27215497939449007,104.5156060718,thyroid nodule,0.71875
3958,,,,,,,568,698,[],0.0,0.0,0.0,0.0,0.9752009019721652,0.4876004509860826,261.7760377366523,197.04150444587768,0.3609584214235377,105.69242807105184,thyroid nodule,0.66796875
3961,,,,,,,471,503,[],0.0,0.0,0.0,0.0,0.9886302272678955,0.49431511363394776,89.3649551605416,67.87163074010725,0.5474537037037037,105.18572805449367,thyroid nodule,0.5234375
3963,,,,,,,562,973,[],0.8538340144863028,0.744947961532487,0.9981834695731153,0.7459592460087391,0.9997983655003371,0.872878805754538,102.53877165241401,28.446513447036597,-0.2526832303406536,107.6072829309851,thyroid nodule,0.71484375
3969,,,,,,,493,927,[],0.0,0.0,0.0,0.0,0.9846995700368281,0.49234978501841403,243.423995507176,168.52139034484287,-0.5794427476157826,105.48918298445642,thyroid nodule,0.6015625
3971,,,,,,,473,802,[],0.0,0.0,0.0,0.0,0.9790019118218757,0.48950095591093784,186.27130750601393,130.37477947175807,1.0818373812038016,105.3472210187465,thyroid nodule,0.7578125
3975,,,,,,,446,432,[],0.0,0.0,0.0,0.0,0.975750428214416,0.487875214107208,145.55479553081545,72.80852711648147,-0.7043883069761073,103.89350401237607,thyroid nodule,0.7109375
3978,,,,,,,501,621,[],0.00036708024374128187,0.00018357381503102398,0.0002289901534234028,0.0009247272054743851,0.9285933912087768,0.4647590592071256,182.09879384369722,102.51428127739011,3.0382837063066397,102.15839208103716,thyroid nodule,0.50390625
3979,,,,,,,396,785,[],0.0,0.0,0.0,0.0,0.9739759788270332,0.4869879894135166,122.98943019561747,72.25892816054046,1.4269254093389934,105.96203291788697,thyroid nodule,0.65234375
398,,,,,,,679,1024,[],0.9439679035020875,0.8938818305168373,0.9802110104152577,0.9103093949024583,0.9976238003277629,0.9539665976151106,26.461275184775594,8.688464478443137,-0.07131282424912382,106.38447105884552,thyroid nodule,0.7265625
3981,,,,,,,547,809,[],0.0,0.0,0.0,0.0,0.9813104233326538,0.4906552116663269,155.25044030147296,99.87756992251504,0.3793103448275862,105.05434614606202,thyroid nodule,0.69140625
3983,,,,,,,600,906,[],0.0,0.0,0.0,0.0,0.9858581016299137,0.49292905081495686,160.0,112.53524129596227,0.4063192904656319,107.53302183002234,thyroid nodule,0.71484375
3985,,,,,,,446,432,[],0.13664333976833976,0.07333182244957426,1.0,0.07333182244957426,1.0,0.5366659112247871,343.5177573724091,99.8100672958257,-0.9266681775504257,103.71405212208629,thyroid nodule,0.5390625
3988,,,,,,,546,805,[],0.0,0.0,0.0,0.0,0.9804383690784823,0.4902191845392411,200.70064457410984,131.3517419124396,2.418232706917233,105.19712790846825,thyroid nodule,0.62109375
3989,,,,,,,582,740,[],0.006806579693703914,0.003414911781445646,0.004540908722328837,0.01358453950028301,0.9119582704816728,0.4627714049909779,245.9475552629539,153.6339527890294,1.9915905231664914,105.02220597118139,thyroid nodule,0.5078125
3991,,,,,,,548,809,[],0.0,0.0,0.0,0.0,0.9255525415513111,0.46277627077565553,273.39742016204383,159.95850711706944,1.2459223847019123,104.82384101487696,thyroid nodule,0.703125
3995,,,,,,,600,854,[],0.0,0.0,0.0,0.0,0.924914824240339,0.4624574121201695,262.79293462153476,161.21486896001764,4.683580302349948,105.5590258911252,thyroid nodule,0.66015625
3997,,,,,,,600,650,[],0.0,0.0,0.0,0.0,0.9536678286583852,0.4768339143291926,259.83263844251746,179.23911394965745,-0.11356597150526533,105.45177408494055,thyroid nodule,0.62890625
4,,,,,,,479,506,[],0.2105629434635925,0.1176699357456882,1.0,0.1176699357456882,1.0,0.5588349678728441,146.5742125300783,83.4144972949888,-0.8823300642543118,105.00488500110805,thyroid nodule,0.65625
4003,,,,,,,600,650,[],0.0,0.0,0.0,0.0,0.9602443177211427,0.48012215886057136,282.61988606607287,211.66299848823007,-0.26413206603301653,103.78146194852889,thyroid nodule,0.74609375
4007,,,,,,,600,760,[],0.0,0.0,0.0,0.0,0.9529079941914584,0.4764539970957292,203.9180958187475,127.33650439956897,-0.230219111381619,106.5550830680877,thyroid nodule,0.62890625
4009,,,,,,,600,650,[],0.0,0.0,0.0,0.0,0.9783781035302703,0.48918905176513516,299.2399990782824,139.28318448851465,-0.8701291701848625,106.28360905684531,thyroid nodule,0.625
4013,,,,,,,600,854,[],0.8741150795763027,0.7763804841149773,0.8783697047496791,0.8699014726136243,0.995392302673437,0.9326468876435307,17.46424919657298,8.44744895822883,-0.009640851785146731,106.04077391326427,thyroid nodule,0.65234375
4015,,,,,,,600,650,[],0.0,0.0,0.0,0.0,0.9637936250010039,0.4818968125005019,224.83234835187992,158.72926137589377,-0.17766157961938348,104.7291699796915,thyroid nodule,0.67578125
4017,,,,,,,600,570,[],0.6957573802226166,0.5334570191713048,0.6023743016759776,0.8234058801069111,0.9828247728671228,0.9031153264870169,78.0,24.703910093738887,0.3669339442535319,104.49946601875126,thyroid nodule,0.51171875
4019,,,,,,,600,799,[],0.0,0.0,0.0,0.0,0.9691219486252194,0.4845609743126097,298.0217259251399,233.92098872575443,0.55656836461126,106.30384902469814,thyroid nodule,0.734375
402,,,,,,,679,1024,[],0.7415918637435986,0.5893094953674861,1.0,0.5893094953674861,1.0,0.7946547476837431,115.11146487680199,50.370753397254354,-0.4106905046325139,107.05508315004408,thyroid nodule,0.6953125
4021,,,,,,,600,854,[],0.7773457628706609,0.6357854406130268,0.8476706170821414,0.7177956570637598,0.9939053551939372,0.8558505061288485,48.01406018377045,17.82047125210385,-0.153213945843066,105.73301906697452,thyroid nodule,0.55078125
4023,,,,,,,600,650,[],0.0,0.0,0.0,0.0,0.96086490718421,0.480432453592105,285.6452338643211,212.0843883420398,7.917840375586854,104.83472188934684,thyroid nodule,0.76171875
4025,,,,,,,600,759,[],0.0,0.0,0.0,0.0,0.9731253286124071,0.48656266430620354,156.59564322396835,93.14348640830607,1.610213316095669,105.67710688337684,thyroid nodule,0.72265625
4027,,,,,,,600,570,[],0.0,0.0,0.0,0.0,0.9187386294724075,0.45936931473620374,314.9272920209482,229.28447143697525,2.0406650190968323,105.0555061083287,thyroid nodule,0.59765625
4029,,,,,,,600,760,[],0.8735153478327935,0.7754347528412981,0.9911901983663944,0.7808162514937035,0.9996522676295706,0.890234259561637,26.095526519479534,9.370502650455512,-0.21224377240555198,104.49741594493389,thyroid nodule,0.6640625
4031,,,,,,,600,854,[],0.0,0.0,0.0,0.0,0.9428840874154386,0.4714420437077193,225.51350961477746,119.53734994834474,1.6424684069735265,105.44541291892529,thyroid nodule,0.625
4033,,,,,,,600,760,[],0.0,0.0,0.0,0.0,0.9480504087041116,0.4740252043520558,345.84013615943485,206.74169404687743,1.6232636928289101,104.67144893482327,thyroid nodule,0.48046875
4035,,,,,,,600,854,[],0.0,0.0,0.0,0.0,0.9470035789790819,0.47350178948954097,407.17686574755203,202.27307868028376,-0.8398024714619938,105.83624104037881,thyroid nodule,0.7578125
4037,,,,,,,600,854,[],0.0,0.0,0.0,0.0,0.965053311289522,0.482526655644761,213.7217817631137,114.49544749182297,-0.3153982158643414,105.47899408265948,thyroid nodule,0.6953125
4039,,,,,,,600,854,[],0.0007376305038583749,0.00036895132680573293,0.003154829315644718,0.0004176393737551134,0.9705907622106926,0.4855042007922239,352.61877431583247,169.42784371495551,-0.8676190272215202,106.71751596964896,thyroid nodule,0.6015625
404,,,,,,,660,1031,[],0.0,0.0,0.0,0.0,0.9748435713744164,0.4874217856872082,154.43768634068596,80.16297334054661,1.1725510335087945,106.14562593400478,thyroid nodule,0.6875
4043,,,,,,,600,650,[],0.0,0.0,0.0,0.0,0.9492514178287713,0.47462570891438566,185.88571114059351,107.31807199870097,1.3993562763060163,105.49005400389433,thyroid nodule,0.6484375
4045,,,,,,,600,799,[],0.0,0.0,0.0,0.0,0.9757912896827957,0.48789564484139786,191.2144081464077,120.1930228841888,-0.22525127357841113,105.32698081806302,thyroid nodule,0.4765625
4047,,,,,,,600,760,[],0.0,0.0,0.0,0.0,0.9542014360566661,0.47710071802833304,287.0,154.65438259809716,-0.7841941100574965,104.94377394206822,thyroid nodule,0.75390625
4049,,,,,,,587,760,[],0.0,0.0,0.0,0.0,0.9695235470081608,0.4847617735040804,311.58947280002934,239.95497240787688,2.83646188850967,105.32228089869022,thyroid nodule,0.60546875
4051,,,,,,,600,650,[],0.0,0.0,0.0,0.0,0.974909697210143,0.4874548486050715,294.3976661887077,232.7974646651375,1.222834826556398,105.9089619666338,thyroid nodule,0.71875
4053,,,,,,,600,760,[],0.0,0.0,0.0,0.0,0.973226924121605,0.4866134620608025,167.16155291124824,99.13553945881611,2.8403547671840355,104.7885708976537,thyroid nodule,0.65625
4055,,,,,,,600,854,[],0.9206442052721884,0.8529571155027277,0.9360850085246422,0.9057045306326006,0.9966853986877304,0.9511949646601655,16.150847582682545,6.245991459942165,-0.03245482794337668,104.38054311089218,thyroid nodule,0.76953125
4057,,,,,,,600,854,[],0.0,0.0,0.0,0.0,0.9652962612494715,0.48264813062473577,173.9458245734795,107.62302388482776,0.09719923615531509,103.78048196434975,thyroid nodule,0.765625
4059,,,,,,,600,854,[],0.0,0.0,0.0,0.0,0.9658757869957105,0.48293789349785526,165.8463143998081,87.32845111206248,1.8588682991396426,104.57743681035936,thyroid nodule,0.7265625
406,,,,,,,660,896,[],0.26671672354948806,0.1538794766979356,1.0,0.1538794766979356,1.0,0.5769397383489678,142.1048868247053,76.21753878508969,-0.8461205233020643,105.0126850605011,thyroid nodule,0.5390625
4061,,,,,,,600,912,[],0.0,0.0,0.0,0.0,0.9624987988391982,0.4812493994195991,251.090701504215,173.22205587055424,-0.27379977670264233,105.42705212719738,thyroid nodule,0.734375
4063,,,,,,,522,650,[],0.3179045568711877,0.18899317406143346,0.9661941112322792,0.19025123470045094,0.9991789275734662,0.5947150811369586,131.0,37.921581431776616,-0.8030921193901653,104.25871098414063,thyroid nodule,0.490234375
4067,,,,,,,600,760,[],0.0,0.0,0.0,0.0,0.967306604769897,0.4836533023849485,163.1768976068868,103.37226266067523,-0.0829457858189463,105.97637295722961,thyroid nodule,0.63671875
4071,,,,,,,600,650,[],0.0,0.0,0.0,0.0,0.9713971083588122,0.4856985541794061,189.24177492368142,120.21800072850922,1.7189655172413794,106.41050105914474,thyroid nodule,0.6953125
4075,,,,,,,600,760,[],0.0,0.0,0.0,0.0,0.9573611866746402,0.4786805933373201,200.83326380668572,123.8775512761547,0.694300518134715,105.0577259156853,thyroid nodule,0.74609375
4077,,,,,,,600,854,[],0.0,0.0,0.0,0.0,0.97407173767172,0.48703586883586,196.60099182546526,135.46366253259035,-0.11856303783636116,104.46442384272814,thyroid nodule,0.65625
4079,,,,,,,589,743,[],0.0,0.0,0.0,0.0,0.9723474265847147,0.48617371329235737,228.67038281044563,116.0670743458619,-0.681420233463035,104.79708109050989,thyroid nodule,0.62890625
4081,,,,,,,316,592,[],0.0,0.0,0.0,0.0,0.9629173408883489,0.48145867044417445,180.22559353798744,121.85461699452516,-0.21815606185810413,103.44506590627134,thyroid nodule,0.77734375
4083,,,,,,,538,820,[],0.0,0.0,0.0,0.0,0.9905842418096285,0.4952921209048142,214.87868635804577,129.4656772886068,-0.7356314263116267,105.19274906255305,thyroid nodule,0.498046875
4087,,,,,,,544,820,[],0.911922911922912,0.8381050588378017,0.9130377321086367,0.9108108108108108,0.9969459980042236,0.9538784044075173,15.915124735378845,5.517191340449306,-0.0024390243902439024,106.7196971271187,thyroid nodule,0.5625
4089,,,,,,,546,805,[],0.0,0.0,0.0,0.0,0.9461767509739075,0.47308837548695376,222.4085204765165,121.23223488180723,0.5560394692072134,106.18271678686142,thyroid nodule,0.69140625
4091,,,,,,,366,592,[],0.0,0.0,0.0,0.0,0.9718146718146718,0.4859073359073359,209.79847442037723,122.4177190902623,2.5599294947121036,103.24088181369007,thyroid nodule,0.70703125
4093,,,,,,,271,617,[],0.0,0.0,0.0,0.0,0.9797730422730423,0.48988652113652115,280.0160709673643,191.5314108379547,-0.9022978486000209,103.98411611095071,thyroid nodule,0.5390625
4095,,,,,,,516,592,[],0.9428410794602698,0.8918631448324765,0.9918512190313465,0.898446336091434,0.9995704482234223,0.9490083921574282,9.0,3.801923225177455,-0.09417227215905709,104.24562194384634,thyroid nodule,0.734375
4099,,,,,,,553,867,[],0.0,0.0,0.0,0.0,0.9232594972204898,0.4616297486102449,226.15547696858752,125.90968708808111,0.01540562201312001,105.09230708703399,thyroid nodule,0.6484375
41,,,,,,,408,517,[],0.0,0.0,0.0,0.0,0.96805450784767,0.484027253923835,100.99107928081622,59.31044150313429,0.20197765976927304,104.36832299456,thyroid nodule,0.69921875
4101,,,,,,,549,818,[],0.0,0.0,0.0,0.0,0.9754714672564287,0.4877357336282144,210.11233806357586,140.77836028167496,-0.33230691887136304,104.55835703760386,thyroid nodule,0.52734375
4104,,,,,,,272,490,[],0.9144158457790488,0.8423260805932286,0.943188025783896,0.8873471065885497,0.9957912117263317,0.9415691591574407,9.984885780179606,4.262807772880293,-0.05920444033302498,102.8618449345231,thyroid nodule,0.69140625
4106,,,,,,,311,660,[],0.31097912705364583,0.18411798932429355,0.989530931339225,0.1844773395518605,0.9995356074495803,0.5920064735007203,62.369864518050704,30.768091797535895,-0.8135709216262801,102.48650796711445,thyroid nodule,0.5390625
4108,,,,,,,687,793,[],0.0,0.0,0.0,0.0,0.9496222460882147,0.47481112304410733,235.23605165875404,145.83935292771434,2.1926030958289022,104.7386999707669,thyroid nodule,0.53125
4110,,,,,,,246,617,[],0.0,0.0,0.0,0.0,0.9457680226590416,0.4728840113295208,170.87158769205232,84.40539107532015,-0.6835967400603359,106.07845499180257,thyroid nodule,0.5703125
4112,,,,,,,661,928,[],0.0,0.0,0.0,0.0,0.8409284157257628,0.4204642078628814,380.4339565916462,230.19399598108572,1.962853943369061,107.13013494387269,thyroid nodule,0.68359375
4116,,,,,,,579,1024,[],0.0,0.0,0.0,0.0,0.9773644621715042,0.4886822310857521,207.1738399912069,131.8491272320009,1.0506720222462538,106.54236399568617,thyroid nodule,0.48828125
4117,,,,,,,578,1024,[],0.0,0.0,0.0,0.0,0.9365325683210738,0.4682662841605369,277.27242920997395,166.646815279618,7.946989685775965,106.49772314354777,thyroid nodule,0.62890625
4119,,,,,,,466,1024,[],0.0,0.0,0.0,0.0,0.9886305822649004,0.4943152911324502,106.3557181999362,64.4851191653136,-0.27970330411328387,109.64552010409534,thyroid nodule,0.6953125
412,,,,,,,683,1024,[],0.3378408063755235,0.20325418147153132,1.0,0.20325418147153132,1.0,0.6016270907357657,176.13403944730894,138.19053933705186,-0.7967458185284687,106.38049012050033,thyroid nodule,0.66015625
4121,,,,,,,466,1024,[],0.0,0.0,0.0,0.0,0.9866880471195956,0.4933440235597978,304.00164473239283,144.55117714485738,-0.9028111192290297,104.88165309652686,thyroid nodule,0.6640625
4123,,,,,,,466,1024,[],0.023085126403613324,0.011677349749317764,0.01621002554840983,0.04008714596949891,0.9763708383940549,0.5082289921817769,119.0,49.928064560957424,1.4729847494553376,106.3829108607024,thyroid nodule,0.7421875
4125,,,,,,,524,1024,[],0.0,0.0,0.0,0.0,0.9853340009179288,0.4926670004589644,111.63422340994607,61.93965573452336,-0.1686734035691249,106.18182690814137,thyroid nodule,0.69140625
4131,,,,,,,465,1024,[],0.0,0.0,0.0,0.0,0.9758971245842489,0.48794856229212447,282.4314025572346,161.03963616750312,0.35333653384541525,105.30672990716994,thyroid nodule,0.6484375
4133,,,,,,,578,1024,[],0.0002584647195657793,0.00012924906294429367,0.0001528350909368791,0.0008368200836820083,0.9554277694126304,0.4781322947481562,202.0,107.54570481553523,4.475313807531381,105.5581250693649,thyroid nodule,0.67578125
4135,,,,,,,465,1024,[],0.00814823520194304,0.00409078393580616,0.0052366565961732125,0.01835186165519675,0.9580100022742103,0.4881809319647035,141.10395767332022,46.00123578605443,2.504499735309688,104.68243900686502,thyroid nodule,0.5390625
4137,,,,,,,465,1024,[],0.0,0.0,0.0,0.0,0.9847666939389343,0.4923833469694672,103.87732924511481,64.09655018306341,-0.11317000373087924,105.43661308474839,thyroid nodule,0.69140625
4139,,,,,,,477,610,[],0.7709374681220035,0.6272565049591236,0.6566885345614112,0.9333127508490274,0.9712419252115367,0.952277338030282,94.0,19.23676975892803,0.4212411238036431,104.11628894507885,thyroid nodule,0.67578125
414,,,,,,,679,1024,[],0.8422773112465969,0.7275294156613038,1.0,0.7275294156613038,1.0,0.8637647078306518,218.0937845622927,94.42647098195987,-0.2724705843386962,105.64125701785088,thyroid nodule,0.828125
4141,,,,,,,523,1024,[],0.010346121191778388,0.005199960305646522,0.014570125681236792,0.008020817388642278,0.9647634558061752,0.4863921365974087,275.164314178164,128.70884515146895,-0.44950252563906323,106.26760893501341,thyroid nodule,0.52734375
4143,,,,,,,522,1024,[],0.0,0.0,0.0,0.0,0.9599670589587184,0.4799835294793592,330.003106038867,199.2179040886767,0.688040054913995,106.13627592101693,thyroid nodule,0.63671875
4150,,,,,,,466,1024,[],0.0,0.0,0.0,0.0,0.9806899881398449,0.49034499406992244,414.3193599219811,324.2848990383904,10.513141426783479,106.3054499682039,thyroid nodule,0.59375
4153,,,,,,,477,610,[],0.0,0.0,0.0,0.0,0.9752934824674984,0.4876467412337492,405.7653161644394,212.37765454232726,-0.9366865426762823,104.82117184437811,thyroid nodule,0.41796875
4155,,,,,,,523,1024,[],0.0,0.0,0.0,0.0,0.993569493709203,0.4967847468546015,439.3476831328244,307.95681511472264,-0.835908100613983,104.84246187843382,thyroid nodule,0.58984375
4157,,,,,,,466,1024,[],0.0,0.0,0.0,0.0,0.985734725060601,0.4928673625303005,152.05508677441134,103.87332511801827,0.6845520339406039,104.97417510487139,thyroid nodule,0.498046875
4159,,,,,,,465,1024,[],0.0,0.0,0.0,0.0,0.9864353632682078,0.4932176816341039,103.69329676332917,54.785297991679975,0.8140916808149405,106.44090105779469,thyroid nodule,0.6640625
416,,,,,,,600,814,[],0.0033217151278392477,0.0016636206007779183,0.015336429420023761,0.0018625637796928082,0.977880003202632,0.48987128349116243,331.14075532787297,155.96417157053187,-0.8785529715762274,105.15637812204659,thyroid nodule,0.609375
4161,,,,,,,477,608,[],0.0,0.0,0.0,0.0,0.926601805967327,0.4633009029836635,164.0,109.04975665694668,1.1159107271418287,103.76246203668416,thyroid nodule,0.56640625
4163,,,,,,,465,1024,[],0.0,0.0,0.0,0.0,0.9887916077931267,0.49439580389656335,89.90660244261257,52.2401880969532,0.289544235924933,104.5526759698987,thyroid nodule,0.71484375
4165,,,,,,,466,1024,[],0.0,0.0,0.0,0.0,0.9556057522897816,0.4778028761448908,295.0,203.05850960171884,1.488997847404927,106.8264888599515,thyroid nodule,0.5625
4167,,,,,,,465,1024,[],0.0,0.0,0.0,0.0,0.9878128067513992,0.4939064033756996,151.9493330322654,106.20512957323325,0.04252998909487459,105.41066201403737,thyroid nodule,0.65234375
4169,,,,,,,522,1024,[],0.0,0.0,0.0,0.0,0.9858974576895401,0.49294872884477003,164.0970594721335,91.66960934804499,0.47890671420083186,105.92153202742338,thyroid nodule,0.5
4171,,,,,,,466,1024,[],0.9336062428041448,0.8754798464491362,0.9587493431424067,0.9097481924707056,0.9996681974668884,0.954708194968797,5.0,2.219514234195626,-0.051109449015208176,105.16903805546463,thyroid nodule,0.63671875
4173,,,,,,,467,1024,[],0.0,0.0,0.0,0.0,0.9450595005331436,0.4725297502665718,306.02058746578837,199.82999755011357,1.5135399354775638,106.73871682956815,thyroid nodule,0.58203125
4175,,,,,,,465,1024,[],0.0,0.0,0.0,0.0,0.985034352579505,0.4925171762897525,171.179729952693,114.84470431025781,1.7883556254917388,106.34564096108079,thyroid nodule,0.73046875
4177,,,,,,,465,1024,[],0.031998659742000335,0.016259470503107176,0.03066302777331835,0.03345594675074444,0.98716550714102,0.5103107269458822,87.48882544071073,45.7335496892521,0.09108425293396391,104.07641693018377,thyroid nodule,0.6171875
418,,,,,,,679,1024,[],0.08857228017883756,0.04633828381808996,1.0,0.04633828381808996,1.0,0.523169141909045,165.45527995028,91.57566426444292,-0.9536617161819101,106.83147818781435,thyroid nodule,0.546875
4181,,,,,,,466,1024,[],0.0005925808872911153,0.0002963782576910158,0.00266998932004272,0.00033327408460718096,0.9870353744770649,0.49368432428083603,293.747595723363,139.01465994867658,-0.8751777461784571,105.87721201591194,thyroid nodule,0.64453125
4183,,,,,,,466,1024,[],0.9332605133806663,0.8748720049150113,0.9955721277091587,0.8782894736842105,0.9999597730352303,0.9391246233597204,5.830951894845301,2.5719308859656547,-0.11780427631578948,106.41860007308424,thyroid nodule,0.53515625
4185,,,,,,,466,1024,[],0.0,0.0,0.0,0.0,0.977807628153356,0.488903814076678,252.0598103993277,147.92004677683647,2.5470171890798787,105.74332810938358,thyroid nodule,0.55078125
4187,,,,,,,467,1024,[],0.0,0.0,0.0,0.0,0.983199651098849,0.4915998255494245,136.49812456897777,78.69551508023996,1.2304895104895104,104.57258694805205,thyroid nodule,0.71875
4191,,,,,,,522,1024,[],0.0,0.0,0.0,0.0,0.9887660828873687,0.49438304144368433,125.48603697256513,69.35197356032967,-0.45300734405503396,105.494363931939,thyroid nodule,0.52734375
4193,,,,,,,465,1024,[],0.0,0.0,0.0,0.0,0.9783947012442052,0.4891973506221026,189.0456275771577,127.17763792390565,0.9353243294654746,105.07162613794208,thyroid nodule,0.78515625
4195,,,,,,,466,1024,[],0.49210601465928716,0.3263531915661129,0.9982896551724137,0.32653576842561177,0.9999265005737697,0.6632311344996907,89.88937644246687,39.129682245691505,-0.6729047859669386,104.89460290409625,thyroid nodule,0.65234375
4197,,,,,,,466,1024,[],0.0,0.0,0.0,0.0,0.9843214321884703,0.4921607160942352,241.4205835527007,173.67796655937428,-0.4450461444588513,106.34461999870837,thyroid nodule,0.58984375
420,,,,,,,660,896,[],0.0,0.0,0.0,0.0,0.979932344339124,0.489966172169562,412.88030670918755,216.85963372036673,-0.8727184683006779,106.38980101794004,thyroid nodule,0.63671875
4201,,,,,,,466,1024,[],0.9608860227113416,0.9247166756610902,0.9941978532056861,0.9297341291372762,0.9999577611732257,0.9648459451552509,3.0,1.282696963498042,-0.06483993488876831,105.0565461628139,thyroid nodule,0.671875
4203,,,,,,,465,1024,[],0.0,0.0,0.0,0.0,0.9566135563230516,0.4783067781615258,368.67895821845275,239.02255610566422,2.432200538358008,106.05640499852598,thyroid nodule,0.64453125
4205,,,,,,,465,1024,[],0.0,0.0,0.0,0.0,0.9857903187064639,0.49289515935323197,178.7070215401952,127.30993163457612,3.33976833976834,104.41543394699693,thyroid nodule,0.703125
4207,,,,,,,466,1024,[],0.0,0.0,0.0,0.0,0.9713182115289832,0.4856591057644916,325.0,226.52439347642553,2.0503937007874016,106.01013409905136,thyroid nodule,0.56640625
4213,,,,,,,521,1024,[],0.9295253448623298,0.8683300818016908,0.9992516444129347,0.8688951298034112,0.9999623244617355,0.9344287271325733,12.083045973594572,6.643230013791843,-0.13045414069456812,105.31311109662056,thyroid nodule,0.62890625
4216,,,,,,,521,1024,[],0.0,0.0,0.0,0.0,0.9903844528304722,0.4951922264152361,323.0529366102579,180.01152045979168,3.5021987686895337,105.71200796402991,thyroid nodule,0.63671875
4217,,,,,,,465,1024,[],0.0,0.0,0.0,0.0,0.9892206694777428,0.4946103347388714,145.91914383425717,103.95683197501829,-0.017228029423151374,105.13249691575766,thyroid nodule,0.6796875
4219,,,,,,,477,617,[],0.0,0.0,0.0,0.0,0.9809929369110529,0.49049646845552647,231.2795921384482,125.0506361072848,1.8585390946502058,105.29417009092867,thyroid nodule,0.498046875
422,,,,,,,679,1024,[],0.030626510936999387,0.01555139799894993,1.0,0.01555139799894993,1.0,0.507775698999475,356.0,192.67075313760944,-0.9844486020010501,105.89407081715763,thyroid nodule,0.58984375
4221,,,,,,,467,1024,[],0.0,0.0,0.0,0.0,0.986518778929602,0.493259389464801,122.15563842901399,77.82476943620492,-0.035058430717863104,105.50213512033224,thyroid nodule,0.6015625
4225,,,,,,,579,1024,[],0.0,0.0,0.0,0.0,0.9913121141836422,0.4956560570918211,109.11484715126389,63.98360319307014,-0.4695970695970696,106.05339403264225,thyroid nodule,0.5625
4227,,,,,,,465,1024,[],0.0,0.0,0.0,0.0,0.9840727331381751,0.49203636656908756,136.90415602371004,82.2752953591735,-0.579743486512912,105.14575708657503,thyroid nodule,0.69140625
4231,,,,,,,466,1024,[],0.0,0.0,0.0,0.0,0.9896043243976292,0.4948021621988146,113.02381066480187,72.87380638734447,-0.0667681186988777,106.18040594272316,thyroid nodule,0.6171875
4233,,,,,,,466,1024,[],0.0,0.0,0.0,0.0,0.986770414765375,0.4933852073826875,181.94023207951412,97.05686634949836,-0.1517467248908297,104.32520299218595,thyroid nodule,0.53125
4235,,,,,,,466,1024,[],0.0,0.0,0.0,0.0,0.9851729089310451,0.49258645446552257,109.14962388964499,52.452438968696924,1.4106959204662324,105.76228890568018,thyroid nodule,0.6953125
4237,,,,,,,466,1024,[],0.0,0.0,0.0,0.0,0.987694297744026,0.493847148872013,113.49661115074333,58.12134588705232,-0.4391957837204763,105.56240496225655,thyroid nodule,0.72265625
4239,,,,,,,465,1024,[],0.0,0.0,0.0,0.0,0.9505485171138189,0.47527425855690947,287.2213851260512,133.21736221003883,3.4322421012561857,105.46448291279376,thyroid nodule,0.6328125
424,,,,,,,600,814,[],0.00037882204383512223,0.00018944690524948354,1.0,0.00018944690524948354,1.0,0.5000947234526247,171.3197276157692,107.48981265063846,-0.9998105530947505,105.74918892234564,thyroid nodule,0.59375
4241,,,,,,,465,1024,[],0.006147615086970672,0.003083284968078932,0.010025949516395377,0.004432855280312908,0.9816339704804316,0.4930334128803722,157.34100088576764,83.36926804568259,-0.5578617992177314,106.46565211936831,thyroid nodule,0.67578125
4243,,,,,,,466,1024,[],0.742044247378874,0.5898810398002644,0.6005532296650717,0.9707552870090634,0.976801538748768,0.9737784128789158,47.31797337143487,20.994730034936175,0.6164350453172206,105.21881887689233,thyroid nodule,0.75390625
4245,,,,,,,466,1024,[],0.0,0.0,0.0,0.0,0.9186734280603462,0.4593367140301731,406.80510815378886,310.92340280496154,11.357051282051282,105.64242606051266,thyroid nodule,0.609375
4249,,,,,,,465,1024,[],0.0003077328878533433,0.00015389012245256887,0.0011691999331885753,0.00017718379021439238,0.9863049148866492,0.49324104933843177,196.0025510038071,74.0396795919079,-0.8484572354266332,106.16704681888223,thyroid nodule,0.4453125
4251,,,,,,,466,1024,[],0.0,0.0,0.0,0.0,0.9818882060057218,0.4909441030028609,477.00164555320157,237.9658451338319,-0.8933495012486827,105.48966401256621,thyroid nodule,0.58984375
4253,,,,,,,578,1024,[],0.7596730684060071,0.6124780886840226,0.6772433596554199,0.8649491152470891,0.9922611517044917,0.9286051334757903,53.32165022982434,14.690688901274596,0.27716145594572295,105.53245502524078,thyroid nodule,0.5078125
4255,,,,,,,465,1024,[],0.0,0.0,0.0,0.0,0.9874781816802003,0.49373909084010015,179.13319034026367,129.41420372995086,2.3221476510067114,104.33456185273826,thyroid nodule,0.5546875
4261,,,,,,,445,533,[],0.9251985209432018,0.8608087530314139,0.9624795056123092,0.8906979458450047,0.9972960567873519,0.9439970013161783,12.571665380227804,5.087959018564179,-0.07457983193277311,104.00290600955486,thyroid nodule,0.75390625
4263,,,,,,,390,673,[],0.0,0.0,0.0,0.0,0.9751289158434215,0.48756445792171077,219.27152117865194,166.6680563540374,-0.31562364189482833,104.20329007320106,thyroid nodule,0.5
4267,,,,,,,447,494,[],0.04480484908055863,0.022915793883535818,0.05954713694752885,0.03591359726872825,0.9579788605310647,0.4969462288998965,112.89840511488896,61.17118247600058,-0.39688792594051603,102.89933602325618,thyroid nodule,0.72265625
4269,,,,,,,499,504,[],0.00043615428230812844,0.00021812470916705444,0.0023889154323936935,0.0002399846409829771,0.9668557399254994,0.4835478622832412,285.93478171118454,136.25397652691024,-0.8995424292845258,103.37683488614857,thyroid nodule,0.6328125
4271,,,,,,,694,995,[],0.9655995363267532,0.9334871456822676,0.9686046511627907,0.962613010672286,0.9993208240667989,0.9809669173695424,5.385164807134504,2.2610602903736354,-0.006185847325130854,106.31543886847794,thyroid nodule,0.7265625
4273,,,,,,,553,918,[],0.0,0.0,0.0,0.0,0.9195664241680545,0.4597832120840272,236.1163242366679,125.05346936747914,0.3534906588003933,104.87812291830778,thyroid nodule,0.640625
4276,,,,,,,794,1128,[],0.0,0.0,0.0,0.0,0.9519278587856669,0.47596392939283344,259.2233586935095,145.68735325819748,1.497900774643723,107.37049905583262,thyroid nodule,0.6328125
428,,,,,,,600,814,[],0.4678541718933622,0.3053587741524036,0.9966807313642757,0.3056696228303254,0.9998629315912481,0.6527662772107867,78.0,33.102277724661626,-0.6933123986334933,106.72112694010139,thyroid nodule,0.70703125
4283,,,,,,,498,630,[],0.48227425768217064,0.31776113709823134,0.9995579412693401,0.3178057987310256,0.9999734784190106,0.6588896385750181,85.487130099895,34.77723818300987,-0.6820536503092121,105.68930790759623,thyroid nodule,0.61328125
4285,,,,,,,499,630,[],0.2984242742296678,0.1753811303899308,1.0,0.1753811303899308,1.0,0.5876905651949654,401.0266823663734,132.8546998676606,-0.8246188696100691,104.51561585068703,thyroid nodule,0.68359375
4287,,,,,,,499,630,[],0.0,0.0,0.0,0.0,0.9784891990326812,0.4892445995163406,211.0,163.676148507114,-0.07294150652265395,104.06910697929561,thyroid nodule,0.76953125
4289,,,,,,,499,630,[],0.0,0.0,0.0,0.0,0.9820809453623642,0.4910404726811821,235.78157245604712,194.30903393476967,0.2893942910187979,104.22274004667997,thyroid nodule,0.703125
4293,,,,,,,500,720,[],0.0,0.0,0.0,0.0,0.9740257732596248,0.4870128866298124,355.5823310823686,177.93054255899537,-0.770238485942457,106.18346696719527,thyroid nodule,0.6796875
4295,,,,,,,500,720,[],0.0,0.0,0.0,0.0,0.953980695078001,0.4769903475390005,319.277306145316,180.41431593303918,4.688473520249222,104.36042305082083,thyroid nodule,0.6953125
43,,,,,,,460,592,[],0.0,0.0,0.0,0.0,0.982235029608284,0.491117514804142,187.9640871941949,86.63913982403756,-0.7720438845997561,104.1203779168427,thyroid nodule,0.75390625
4301,,,,,,,500,720,[],0.7580011991899811,0.6103075129344896,0.9925928120648277,0.6130998133304052,0.9991812888478442,0.8061405510891246,89.0,37.78104012359813,-0.3823249515025072,103.87347382493317,thyroid nodule,0.7109375
4303,,,,,,,500,762,[],0.40019676432006995,0.2501537410317731,0.6382496513249651,0.2914808917197452,0.9943681467810227,0.642924519250384,24.698178070456937,9.678122210308164,-0.543312101910828,104.90585304796696,thyroid nodule,0.5625
4305,,,,,,,500,504,[],0.8983654460779837,0.8154840848806366,0.9794902429311031,0.8296508686119076,0.9995814216222147,0.9146161451170611,17.47569179175815,3.8375712041877135,-0.1529768932366335,104.13162899203598,thyroid nodule,0.451171875
4307,,,,,,,500,720,[],0.9668490305782435,0.935825507785545,0.9913867081969298,0.9434966727162735,0.9991711017312045,0.9713338872237389,51.77418279793669,11.302875134377919,-0.048306110102843317,105.51676410250366,thyroid nodule,0.78125
4309,,,,,,,500,720,[],0.06238339886914842,0.0321959456957272,1.0,0.0321959456957272,1.0,0.5160979728478636,295.03914707163545,116.00776666239263,-0.9678040543042727,104.1597188450396,thyroid nodule,0.6328125
431,,,,,,,587,838,[],0.9247062833313284,0.8599569299038847,0.9814133117712146,0.8741944655041698,0.9954786146495991,0.9348365400768844,53.0,16.484237413508037,-0.1092494313874147,105.05330585874617,thyroid nodule,0.796875
4313,,,,,,,500,720,[],0.0,0.0,0.0,0.0,0.9824140756892622,0.4912070378446311,300.0,244.82378032028714,-0.5859412286084407,104.67119910754263,thyroid nodule,0.72265625
4315,,,,,,,512,846,[],0.0,0.0,0.0,0.0,0.9769665033974348,0.4884832516987174,144.113833625269,86.07786464041317,-0.0574857253459789,105.6823180988431,thyroid nodule,0.6875
4317,,,,,,,500,720,[],0.0,0.0,0.0,0.0,0.9663652317769754,0.4831826158884877,217.21782821690482,165.47637524781854,4.582560296846011,105.30772106721997,thyroid nodule,0.546875
4319,,,,,,,500,504,[],0.0,0.0,0.0,0.0,0.8761998910565497,0.43809994552827486,320.16167582439425,227.451600253369,6.3666266506602645,104.11016806028783,thyroid nodule,0.53125
4321,,,,,,,500,720,[],0.011873537959878075,0.005972224698268946,0.04846643518518518,0.006765489942644802,0.9788169438682831,0.49279121690546396,232.5619260406726,112.73950612491288,-0.8604087567654899,104.54374691471457,thyroid nodule,0.498046875
4323,,,,,,,500,720,[],0.0,0.0,0.0,0.0,0.9380089750373026,0.4690044875186513,353.35308110817357,200.4430537697069,6.94546106925009,103.80519297905266,thyroid nodule,0.6640625
4325,,,,,,,500,720,[],0.0,0.0,0.0,0.0,0.9740591118200522,0.4870295559100261,151.11915828246265,87.31388553855062,-0.3562105565117613,104.33987295255065,thyroid nodule,0.765625
4327,,,,,,,485,852,[],0.0,0.0,0.0,0.0,0.9632353299749831,0.48161766498749153,142.24837166324306,76.14035314756907,3.867010974822466,104.36804313212633,thyroid nodule,0.76171875
433,,,,,,,632,592,[],0.7949692385774235,0.6597086680500482,0.9954737103174603,0.6616934902219384,0.9995516204620766,0.8306225553420075,85.11980015631629,29.47013070652293,-0.3352978754095658,104.33674301020801,thyroid nodule,0.7421875
4331,,,,,,,499,560,[],0.0,0.0,0.0,0.0,1.0,0.5,748.6554614774409,748.6554614774409,-1.0,103.86997391469777,thyroid nodule,0.53515625
4333,,,,,,,500,720,[],0.0,0.0,0.0,0.0,0.9742221993898036,0.4871110996949018,177.78975750475175,101.77264207012881,-0.06122024737553269,105.20864906720817,thyroid nodule,0.67578125
4335,,,,,,,500,720,[],0.0,0.0,0.0,0.0,0.9821481267055818,0.4910740633527909,114.0,63.95151638552137,0.5185273726990198,104.86011207103729,thyroid nodule,0.765625
4337,,,,,,,500,762,[],0.0020739238639505943,0.001038038338215958,0.005114798817913162,0.0013006532169489566,0.9747316701404727,0.4880161616787108,254.68608128439215,110.76112488652623,-0.7457078443840685,105.06447590887547,thyroid nodule,0.5390625
4341,,,,,,,578,1024,[],0.0,0.0,0.0,0.0,0.9886614802075051,0.49433074010375255,201.3170308232779,93.6812498478145,-0.6902095894343956,107.19886608421803,thyroid nodule,0.59375
4345,,,,,,,427,537,[],0.0,0.0,0.0,0.0,0.9192521301807262,0.4596260650903631,142.0,81.23689619306789,1.1797094371871566,106.01016390137374,thyroid nodule,0.62109375
4349,,,,,,,579,1024,[],0.8068051038278709,0.676172104336157,0.892373537984725,0.7362108851820285,0.994791480669376,0.8655011829257022,66.00643312347309,19.127874042818654,-0.17499695604529406,104.77761109359562,thyroid nodule,0.71484375
435,,,,,,,669,940,[],0.6997683666775992,0.5381874650207708,0.9999853535649423,0.5381917073939776,0.9999980079681275,0.7690948576810526,143.57750493793878,57.201342554602164,-0.4618004099006779,106.16653598845005,thyroid nodule,0.74609375
4351,,,,,,,579,1024,[],0.9523625595468006,0.9090573921592725,0.9201393208110461,0.9869246164109406,0.9989033158467444,0.9929139661288425,5.0,2.1988052424877447,0.07258172114743162,106.74457810819149,thyroid nodule,0.54296875
4354,,,,,,,398,402,[],0.0,0.0,0.0,0.0,0.9607428168315888,0.4803714084157944,99.0,49.53627659563024,1.331823329558324,103.68036013096571,thyroid nodule,0.54296875
4355,,,,,,,373,371,[],0.0,0.0,0.0,0.0,0.9613177193541842,0.4806588596770921,137.20058308913997,86.23781847684003,12.79328165374677,101.97611898183823,thyroid nodule,0.5390625
4357,,,,,,,425,365,[],0.0,0.0,0.0,0.0,0.9695071665655691,0.48475358328278456,117.53786122708286,65.0308842224337,-0.467507736253273,103.55258919298649,thyroid nodule,0.734375
4359,,,,,,,425,365,[],0.8943829438294383,0.8089445968997997,0.9974394147233654,0.8106280193236715,0.9998023575915861,0.9052151884576287,18.0,6.061011331285819,-0.18729096989966554,102.42521692998707,thyroid nodule,0.703125
4363,,,,,,,425,365,[],0.0,0.0,0.0,0.0,0.9605361180883817,0.48026805904419084,147.68716774228255,100.24492924106076,0.7391051714119697,101.47966886870563,thyroid nodule,0.68359375
4365,,,,,,,364,365,[],0.05898009155754285,0.03038613426941641,0.040479321934823904,0.10862745098039216,0.9496124625892104,0.5291199567848013,86.17420462744352,41.71534943657302,1.683529411764706,102.06850105896592,thyroid nodule,0.546875
4367,,,,,,,425,365,[],0.0,0.0,0.0,0.0,0.9469635686013925,0.47348178430069626,164.41575918445926,103.29650504225167,-0.5595873568044143,102.65697189606726,thyroid nodule,0.76171875
4369,,,,,,,425,365,[],0.0,0.0,0.0,0.0,0.9790713725065635,0.48953568625328175,137.39122487071572,84.745809116883,-0.5784380537004226,102.86070499569178,thyroid nodule,0.68359375
4371,,,,,,,425,365,[],0.0,0.0,0.0,0.0,0.9610463051854969,0.48052315259274847,113.12028828578988,66.34806229791825,0.9442074171316048,102.73808310739696,thyroid nodule,0.703125
4373,,,,,,,425,365,[],0.0,0.0,0.0,0.0,0.9654699445360516,0.4827349722680258,191.9129873384227,104.43225693728102,-0.7877447592720571,103.38861495256424,thyroid nodule,0.6953125
4375,,,,,,,362,365,[],0.0,0.0,0.0,0.0,0.9721061388365971,0.48605306941829857,79.84985911070852,45.80084175136174,-0.13093210026770505,103.7500319071114,thyroid nodule,0.65234375
4379,,,,,,,425,365,[],0.0,0.0,0.0,0.0,0.9631890267728418,0.4815945133864209,183.059833663417,133.15048986563696,-0.1833806605888507,102.01630997471511,thyroid nodule,0.77734375
4381,,,,,,,425,365,[],0.0,0.0,0.0,0.0,0.9836952577020277,0.49184762885101385,167.18702048557424,135.04598706483614,-0.308617795187465,103.12442015856504,thyroid nodule,0.66015625
4383,,,,,,,425,365,[],0.013092296354098929,0.006589282597311921,0.029841897233201582,0.008385627811406676,0.9641987193512157,0.4862921735813112,122.14734319273467,40.063194944829405,-0.7189981673793525,103.12994010746479,thyroid nodule,0.6015625
4385,,,,,,,425,365,[],0.0,0.0,0.0,0.0,0.9678084255505642,0.4839042127752821,125.6487154418262,68.91549117244693,-0.48300890795117124,103.78855210728943,thyroid nodule,0.78515625
4387,,,,,,,425,365,[],0.0,0.0,0.0,0.0,0.9661878018340658,0.4830939009170329,97.0,52.09486883037176,-0.3520083192512674,102.78782388195395,thyroid nodule,0.69921875
4389,,,,,,,425,365,[],0.0,0.0,0.0,0.0,0.9659447387895974,0.4829723693947987,186.2237882058127,143.24753579427323,1.138157894736842,102.13565197773278,thyroid nodule,0.83984375
439,,,,,,,681,727,[],0.0010541480726659405,0.0005273519898748418,0.00508646998982706,0.0005880047040376323,0.970140975506746,0.48536449010539184,405.9855292395757,208.94343367297483,-0.8843982751862015,103.98178594186902,thyroid nodule,0.75
4391,,,,,,,425,365,[],0.0,0.0,0.0,0.0,0.954485318800229,0.4772426594001145,148.65659580257676,103.42574446570865,1.1636420525657072,102.8550451155752,thyroid nodule,0.6015625
4394,,,,,,,425,365,[],0.0,0.0,0.0,0.0,0.9890517405623146,0.4945258702811573,139.45196046270226,79.61614984474534,-0.8028427888739125,103.412905940786,thyroid nodule,0.58984375
4396,,,,,,,388,365,[],0.0,0.0,0.0,0.0,0.9504793113567446,0.4752396556783723,146.72968342231619,71.30275386528578,-0.6793179898648649,103.69912092573941,thyroid nodule,0.55859375
4398,,,,,,,425,365,[],0.0,0.0,0.0,0.0,0.9702529451351737,0.48512647256758684,146.83562111244288,99.75808733293584,-0.4542279870291843,102.38560591824353,thyroid nodule,0.75390625
4400,,,,,,,425,365,[],0.0,0.0,0.0,0.0,0.9891268015493816,0.4945634007746908,218.27745330654068,189.51403157060005,-0.3489010989010989,100.98047112114727,thyroid nodule,0.546875
4402,,,,,,,425,365,[],0.658834526566251,0.4912402977981942,1.0,0.4912402977981942,1.0,0.7456201488990971,66.02272205765753,29.340616520753574,-0.5087597022018058,105.34137208014727,thyroid nodule,0.6484375
4404,,,,,,,425,365,[],0.0,0.0,0.0,0.0,0.9646993968906068,0.4823496984453034,182.17093559740178,137.66241728180438,0.9574235807860262,103.73460105620325,thyroid nodule,0.609375
4406,,,,,,,425,365,[],0.0,0.0,0.0,0.0,0.9710302721252506,0.4855151360626253,192.9891143186724,136.72961968571,-0.5799360511590728,103.29485288821161,thyroid nodule,0.74609375
4408,,,,,,,425,365,[],0.7176173499702911,0.559596895633036,0.9915845648604269,0.5622672253258846,0.9986419006765653,0.780454563001225,56.08029957123981,22.54472823565736,-0.4329608938547486,102.19146311283112,thyroid nodule,0.71484375
4409,,,,,,,512,676,[],0.0,0.0,0.0,0.0,0.9782329107842305,0.48911645539211523,230.34960551833396,185.17240206411176,0.5573255082791867,103.8352029863745,thyroid nodule,0.5390625
441,,,,,,,582,746,[],0.26378414751232965,0.1519305028429366,1.0,0.1519305028429366,1.0,0.5759652514214683,198.58751219550538,114.89278945346584,-0.8480694971570634,104.92306388914585,thyroid nodule,0.515625
4412,,,,,,,565,833,[],0.0,0.0,0.0,0.0,0.9660090121436273,0.48300450607181367,406.00061576261294,319.043456879099,2.133240942387646,106.08036513440311,thyroid nodule,0.6171875
4414,,,,,,,616,772,[],0.0,0.0,0.0,0.0,0.9276122349042948,0.4638061174521474,246.73667280168962,128.98167191992385,1.7979654798632536,104.94105401448905,thyroid nodule,0.6953125
4416,,,,,,,562,854,[],0.0,0.0,0.0,0.0,0.9793291532854157,0.48966457664270785,208.0,153.70874246350672,0.06477024070021882,104.21140096150339,thyroid nodule,0.76171875
4418,,,,,,,565,824,[],0.0,0.0,0.0,0.0,0.8705516326781543,0.43527581633907714,278.03776721877193,184.890037741377,4.830399525316456,105.28785106725991,thyroid nodule,0.62890625
4422,,,,,,,550,680,[],0.0,0.0,0.0,0.0,0.9771921680588388,0.4885960840294194,326.2590994899606,269.78007614060806,5.43451930355791,104.02032593265176,thyroid nodule,0.66015625
4424,,,,,,,564,712,[],0.0,0.0,0.0,0.0,0.9804784303116458,0.4902392151558229,224.03243636660522,170.6937499882848,-0.2150846587993843,104.40189414657652,thyroid nodule,0.62109375
4426,,,,,,,560,712,[],0.0,0.0,0.0,0.0,0.9755627566228748,0.4877813783114374,258.4917792795416,200.6960632125544,0.633486472690148,104.25616102293134,thyroid nodule,0.78125
4428,,,,,,,561,852,[],0.0,0.0,0.0,0.0,0.9554374923025307,0.47771874615126536,264.6176486781766,162.4606411948228,1.9818130150610969,105.87209113873541,thyroid nodule,0.5390625
443,,,,,,,587,743,[],0.00011209924519841566,5.605276433549448e-05,0.001447643557986167,5.830714910433741e-05,0.9779690971162514,0.48901370213267786,507.8484896332348,244.09177080380124,-0.9597227171131483,105.67670688033104,thyroid nodule,0.59765625
4430,,,,,,,616,680,[],0.9405138068415991,0.887707468879668,0.9621474749367563,0.9198316015764959,0.9990091141873265,0.9594203578819112,7.0710678118654755,3.28667217284467,-0.04398065209602293,104.70740008167922,thyroid nodule,0.7578125
4432,,,,,,,564,624,[],0.36501384607346254,0.22325194938003323,0.24084672136799282,0.753451251078516,0.9682983011805356,0.8608747761295258,215.10868860953804,83.50334791519904,2.128343399482312,103.84267312474549,thyroid nodule,0.5546875
4434,,,,,,,617,778,[],0.0,0.0,0.0,0.0,0.970232827596274,0.485116413798137,268.17587463539274,162.90635603042674,-0.6861986054339986,104.60022697225213,thyroid nodule,0.62890625
4438,,,,,,,564,712,[],0.0,0.0,0.0,0.0,0.9701105758060851,0.48505528790304253,265.41476974727686,203.2269796443461,0.18360125366494792,104.68494798988104,thyroid nodule,0.5
4440,,,,,,,557,712,[],0.5635047841080189,0.39227752231539087,0.8458734324876057,0.42247469230209017,0.9972391492295999,0.7098569207658451,30.886890422961002,9.823680682274613,-0.5005462093074066,104.26125093363225,thyroid nodule,0.71484375
4442,,,,,,,616,772,[],0.6637670928736522,0.49674505794137697,0.9491696515792901,0.510320558833313,0.9962694146972155,0.7532949867652643,73.0,30.530698423715364,-0.4623505313468373,105.18685798160732,thyroid nodule,0.54296875
4444,,,,,,,617,778,[],0.0,0.0,0.0,0.0,0.88816429694277,0.444082148471385,304.00460521332707,185.88066065165577,0.9670074349442379,104.79862103238702,thyroid nodule,0.671875
445,,,,,,,370,753,[],0.01073926473647989,0.005398620978188284,1.0,0.005398620978188284,1.0,0.5026993104890941,282.19938450617764,124.4004796775504,-0.9946013790218117,104.21629110351205,thyroid nodule,0.55078125
4452,,,,,,,679,764,[],0.0,0.0,0.0,0.0,0.9799383225841555,0.48996916129207774,216.93086452614855,143.26774834835348,1.4919140719285542,105.93075212091208,thyroid nodule,0.486328125
4454,,,,,,,564,624,[],0.0,0.0,0.0,0.0,0.976617323230448,0.488308661615224,216.6920598377845,161.20031383276398,3.535734072022161,104.27290108054876,thyroid nodule,0.73046875
4456,,,,,,,559,772,[],0.608924017070276,0.43773598605866976,0.9840842311459354,0.44085706972832645,0.9995175643680464,0.7201873170481864,74.90600814773322,26.837522889344648,-0.5520128706716881,104.88421283662319,thyroid nodule,0.48046875
4458,,,,,,,617,882,[],0.0,0.0,0.0,0.0,0.9753764389969573,0.4876882194984786,258.5367472950671,194.92726664429753,0.8395937673900946,105.76271801255643,thyroid nodule,0.71875
4460,,,,,,,510,852,[],0.0,0.0,0.0,0.0,0.9580033202255528,0.4790016601127764,362.7038717522509,262.4575682477899,4.6181761786600495,104.38496293500066,thyroid nodule,0.7109375
4462,,,,,,,564,624,[],0.002528711410810241,0.0012659563245068046,0.0023378141437755697,0.0027535566773749425,0.9852666164141574,0.49401008654576617,187.0251313200334,90.46227183976083,0.17783386874713172,104.9097329378128,thyroid nodule,0.546875
4464,,,,,,,617,908,[],0.0,0.0,0.0,0.0,0.9733634189755299,0.48668170948776496,247.97478742541094,162.28772062038718,2.6616411270390508,106.52799298986793,thyroid nodule,0.53125
4466,,,,,,,524,882,[],0.0,0.0,0.0,0.0,0.9750338141227194,0.4875169070613597,166.67005844646897,90.43348854161667,0.26353992183137914,105.85025907494128,thyroid nodule,0.671875
4468,,,,,,,617,1029,[],0.0,0.0,0.0,0.0,0.9561605448109578,0.4780802724054789,256.97898737239404,160.9218139797579,1.459836286768013,106.41880007460713,thyroid nodule,0.77734375
4472,,,,,,,564,712,[],0.0,0.0,0.0,0.0,0.9727397732069286,0.4863698866034643,119.15844919062732,48.37548898609111,-0.3164729563015389,104.67773815616965,thyroid nodule,0.494140625
4474,,,,,,,565,833,[],0.0,0.0,0.0,0.0,0.9793250489953266,0.4896625244976633,246.23880680409462,193.2022198015241,0.5201900237529691,105.34030012786388,thyroid nodule,0.6796875
4477,,,,,,,562,854,[],0.0,0.0,0.0,0.0,0.9028250990361596,0.4514125495180798,250.32099389997975,130.88152232149258,-0.3377568632559351,106.23107710853219,thyroid nodule,0.6015625
4478,,,,,,,564,712,[],0.0,0.0,0.0,0.0,0.9666167278778397,0.48330836393891985,266.5379788281678,189.59718307204835,0.3408508457201435,105.77414813451469,thyroid nodule,0.69921875
448,,,,,,,582,743,[],4.207603138871942e-05,2.1038458301775647e-05,1.0,2.1038458301775647e-05,1.0,0.5000105192291509,329.60544584650984,221.8294645755064,-0.9999789615416982,106.29088780842721,thyroid nodule,0.53515625
4480,,,,,,,563,712,[],0.4542394277298548,0.2938614400435552,0.5217076117599678,0.40222318822579645,0.9845667220268588,0.6933949551263277,58.77708986877798,25.399701501110904,-0.22902564739489537,105.53079401142895,thyroid nodule,0.515625
4482,,,,,,,616,772,[],0.0,0.0,0.0,0.0,0.9706902808105372,0.4853451404052686,378.88056922503955,297.2719459476756,2.205384079832908,105.80615885555744,thyroid nodule,0.69921875
4484,,,,,,,565,833,[],0.0,0.0,0.0,0.0,0.950901250326945,0.4754506251634725,223.89484137662203,130.66048725437452,-0.05827116027784924,106.13971506245434,thyroid nodule,0.671875
4487,,,,,,,403,712,[],0.0,0.0,0.0,0.0,0.9784097191704115,0.48920485958520576,295.19552628131527,142.22603008925222,0.2766135792120704,104.24255998805165,thyroid nodule,0.59375
4489,,,,,,,564,712,[],0.0,0.0,0.0,0.0,0.9836524103219743,0.49182620516098713,209.34719924254003,160.09588613747204,0.11725090657917459,105.709427036345,thyroid nodule,0.625
449,,,,,,,582,742,[],0.5055434073733073,0.3382790840948763,0.4478200292248615,0.5803496719073413,0.960284696813048,0.7703171843601946,131.1190213710837,46.446920170418075,0.29594398203197253,104.63274805806577,thyroid nodule,0.578125
4491,,,,,,,633,764,[],0.90703125,0.82987848463188,0.9174239431054919,0.8968713789107764,0.9995655093415492,0.9482184441261627,5.0,2.4456366478856397,-0.022402471996910003,104.49220379814506,thyroid nodule,0.45703125
4493,,,,,,,562,712,[],0.000723289935937177,0.00036177580236704737,0.0010874631039304024,0.000541837603529685,0.9833946671831623,0.49196825239334596,114.49672090999796,60.28094619438903,-0.5017416208684883,104.89797196350992,thyroid nodule,0.703125
4495,,,,,,,564,712,[],0.0,0.0,0.0,0.0,0.9795788704715457,0.48978943523577284,211.28473801569706,149.3370027170141,-0.37995938769134646,106.28769802860916,thyroid nodule,0.67578125
4497,,,,,,,564,712,[],0.0,0.0,0.0,0.0,0.9477715185471112,0.4738857592735556,341.2969345655569,273.05008537830946,1.2573505120581434,104.33128196746111,thyroid nodule,0.478515625
45,,,,,,,408,443,[],0.1002713730696394,0.05278194561486445,1.0,0.05278194561486445,1.0,0.5263909728074322,223.14220320002195,100.67015615461104,-0.9472180543851355,104.32616109028459,thyroid nodule,0.58203125
4501,,,,,,,616,606,[],0.0,0.0,0.0,0.0,0.9619525555157946,0.4809762777578973,191.8314214122146,116.94666581245109,-0.266021633962059,104.51502492651343,thyroid nodule,0.65625
4503,,,,,,,564,712,[],0.0,0.0,0.0,0.0,0.9781606155628597,0.48908030778142986,303.0857962723273,241.48486115147148,0.9128612397970439,105.26730888523161,thyroid nodule,0.66796875
4505,,,,,,,441,772,[],0.0,0.0,0.0,0.0,0.9529086199818664,0.4764543099909332,240.3846491137532,159.05473932501235,7.595687331536388,104.16852799244225,thyroid nodule,0.68359375
4507,,,,,,,564,712,[],0.0,0.0,0.0,0.0,0.9733681261752177,0.48668406308760886,264.6866645573997,208.94613357811187,-0.02555461948890761,106.12243483774364,thyroid nodule,0.58203125
4509,,,,,,,520,712,[],0.0,0.0,0.0,0.0,0.976471075292559,0.4882355376462795,202.19495403542666,146.00049148172533,0.0763888888888889,104.10553705878556,thyroid nodule,0.6796875
451,,,,,,,587,753,[],0.04121834133421619,0.021042846277359927,1.0,0.021042846277359927,1.0,0.51052142313868,131.80257064974234,87.80569699712797,-0.97895715372264,105.16886715777218,thyroid nodule,0.47265625
4513,,,,,,,438,712,[],0.0,0.0,0.0,0.0,0.9234067061195039,0.46170335305975196,353.17134651610684,251.57687173015987,7.469409660107335,105.44619197025895,thyroid nodule,0.40625
4516,,,,,,,564,712,[],0.0,0.0,0.0,0.0,0.9165128503500993,0.45825642517504966,252.1523267081856,153.90493317208183,10.788243626062323,104.20305887237191,thyroid nodule,0.703125
4518,,,,,,,296,772,[],0.0,0.0,0.0,0.0,0.9497103097249296,0.4748551548624648,257.22069612432,155.69896134629244,0.6161542923433875,103.42616401612759,thyroid nodule,0.58203125
4520,,,,,,,532,821,[],0.0,0.0,0.0,0.0,0.9808979393025933,0.49044896965129664,210.52315787105226,148.1644534129128,4.4304376224689745,104.85642193816602,thyroid nodule,0.63671875
4522,,,,,,,564,712,[],0.007650037711453507,0.003839705802822995,0.010647870425914818,0.005969396334286194,0.9830704640289062,0.4945199301815962,118.6086000254619,59.95571269721111,-0.43938120060534724,104.7552190721035,thyroid nodule,0.609375
4524,,,,,,,555,772,[],0.0,0.0,0.0,0.0,0.9774338720871164,0.4887169360435582,186.0,125.35785267124257,0.033082214215525714,103.95615501329303,thyroid nodule,0.58203125
4526,,,,,,,564,712,[],0.01308139534883721,0.006583760058522311,0.015748841996911993,0.011186663742048695,0.9753487448793604,0.49326770431070455,115.08518424663934,63.67536197512495,-0.2896834101045551,104.42806291393936,thyroid nodule,0.73828125
4528,,,,,,,692,991,[],0.0,0.0,0.0,0.0,0.9748908656248411,0.48744543281242053,185.13845717274677,109.70277257714443,-0.03150605885747259,107.2490660008043,thyroid nodule,0.671875
453,,,,,,,458,743,[],0.5208795399576488,0.3521549150518374,1.0,0.3521549150518374,1.0,0.6760774575259187,113.57308121557301,52.973787104561225,-0.6478450849481626,104.85642193816602,thyroid nodule,0.69140625
4530,,,,,,,493,712,[],0.0,0.0,0.0,0.0,0.9801699716713881,0.49008498583569404,276.5811808824065,216.44126588160518,4.814752724224644,105.52218300290406,thyroid nodule,0.72265625
4532,,,,,,,605,772,[],0.9285954866958572,0.8667085822068532,0.9948758660508084,0.8705949223190602,0.9998426509110734,0.9352187866150667,45.65942306389637,13.355702821311418,-0.12492105595553872,103.83466188795865,thyroid nodule,0.62890625
4534,,,,,,,564,712,[],0.0,0.0,0.0,0.0,0.9821946623085164,0.4910973311542582,190.5284728290232,101.08587707462891,-0.6187845303867403,104.3542018160224,thyroid nodule,0.67578125
4536,,,,,,,565,712,[],0.0,0.0,0.0,0.0,0.9632570960670929,0.48162854803354643,248.9606233622093,136.29459867479358,0.599402258135931,105.72321689687669,thyroid nodule,0.68359375
4538,,,,,,,615,680,[],0.0,0.0,0.0,0.0,0.9527865731657569,0.47639328658287844,257.1688032046219,157.1042525709695,2.053391959798995,104.926782194525,thyroid nodule,0.58984375
4540,,,,,,,564,624,[],0.0,0.0,0.0,0.0,0.9822245827010622,0.4911122913505311,202.85055568406636,106.71371237855074,-0.73894633624532,104.3652119114995,thyroid nodule,0.68359375
4542,,,,,,,617,778,[],0.0,0.0,0.0,0.0,0.975755299350433,0.4878776496752165,264.496455617383,201.6941329938596,0.299920354989191,105.56588508188725,thyroid nodule,0.52734375
4544,,,,,,,514,624,[],0.0,0.0,0.0,0.0,0.9620898858981483,0.48104494294907413,218.4061991803756,151.99258442011964,0.04889166964604934,104.45503401570022,thyroid nodule,0.71875
4546,,,,,,,530,824,[],0.0,0.0,0.0,0.0,0.902194860689853,0.4510974303449265,256.95394077442495,150.74767899629674,8.430069150122685,103.72801101766527,thyroid nodule,0.71484375
4548,,,,,,,563,833,[],0.0,0.0,0.0,0.0,0.9863300994311752,0.4931650497155876,140.91663951368292,100.66508370622519,0.25833333333333336,105.64835602417588,thyroid nodule,0.6640625
455,,,,,,,481,752,[],0.6025191149854098,0.43114658772532644,0.9996568122763152,0.43121041334024174,0.9999475932185625,0.7155790032794022,65.0,18.673499042582467,-0.5686415497351196,104.75009889341891,thyroid nodule,0.79296875
4550,,,,,,,476,824,[],0.0,0.0,0.0,0.0,0.9589357484496336,0.4794678742248168,221.32893441419048,150.66120612733863,1.1607655502392344,104.91543193347752,thyroid nodule,0.6328125
4552,,,,,,,557,852,[],0.0,0.0,0.0,0.0,0.9605606244284226,0.4802803122142113,507.33893725210163,432.71746708546357,3.2395976223136715,105.09722610004246,thyroid nodule,0.59765625
4554,,,,,,,616,680,[],0.0,0.0,0.0,0.0,0.9751720645555536,0.4875860322777768,198.34187446432142,146.87364485636593,0.2539038485183819,104.27713999524713,thyroid nodule,0.6015625
4556,,,,,,,564,712,[],0.0,0.0,0.0,0.0,0.9812599165844054,0.4906299582922027,154.9194905522812,93.92288146454521,-0.5029472241261138,105.97457201220095,thyroid nodule,0.671875
4558,,,,,,,622,866,[],0.0,0.0,0.0,0.0,0.9664497324014131,0.48322486620070654,373.90894179278524,285.2186176590168,0.60994907238996,105.72967701591551,thyroid nodule,0.76171875
4560,,,,,,,564,712,[],0.0,0.0,0.0,0.0,0.9695952891808256,0.4847976445904128,257.3169208959819,161.9793373778356,-0.4800775263679798,105.13714700937271,thyroid nodule,0.61328125
4564,,,,,,,508,772,[],0.0,0.0,0.0,0.0,0.9706643680526966,0.4853321840263483,211.4190152280537,145.65700041387612,2.224264705882353,104.90197292529047,thyroid nodule,0.6640625
4566,,,,,,,564,712,[],0.8558641628246936,0.7480441876007391,0.9881595346904861,0.7548097901543099,0.9993941954357409,0.8771019927950254,26.37704139264908,10.857763254183432,-0.23614582093696695,105.42378202080727,thyroid nodule,0.5
4568,,,,,,,565,833,[],0.0,0.0,0.0,0.0,0.9609862545274572,0.4804931272637286,286.1233786030185,141.54873898175026,-0.33644537975894395,105.70748685859144,thyroid nodule,0.6328125
4570,,,,,,,555,908,[],0.0,0.0,0.0,0.0,0.9406056162955713,0.47030280814778563,305.35487550476483,201.78920655697794,0.8579206969444623,107.1753550786525,thyroid nodule,0.54296875
4574,,,,,,,521,712,[],0.0,0.0,0.0,0.0,0.9768589125946318,0.4884294562973159,177.33668484886974,132.1909900661215,0.09140482991430797,104.59621716290712,thyroid nodule,0.7265625
4576,,,,,,,564,712,[],0.0,0.0,0.0,0.0,0.9895900174607517,0.49479500873037585,369.776146957461,301.49150766893706,-0.6086496876501681,104.90772221237421,thyroid nodule,0.44921875
4578,,,,,,,559,624,[],0.0,0.0,0.0,0.0,0.9695565017146833,0.48477825085734166,302.8180927673229,141.71062259661662,-0.8045563804216035,104.36674300581217,thyroid nodule,0.71875
4586,,,,,,,617,780,[],0.0,0.0,0.0,0.0,0.9791429389495117,0.4895714694747558,183.26891653414324,128.00514661605445,0.00706605222734255,105.8907809201628,thyroid nodule,0.76953125
4588,,,,,,,616,680,[],0.0,0.0,0.0,0.0,0.9654585194792717,0.4827292597396359,315.6915738388901,183.54662441407808,4.661811023622048,105.13599589467049,thyroid nodule,0.470703125
459,,,,,,,487,743,[],0.0,0.0,0.0,0.0,0.9801234724155873,0.49006173620779364,132.8751225852908,88.88279613951245,0.1224587039390089,104.4398529920727,thyroid nodule,0.7265625
4591,,,,,,,564,624,[],0.0,0.0,0.0,0.0,0.9724641422834194,0.4862320711417097,139.51091504853383,77.62687621273994,1.8773980815347722,105.5718339048326,thyroid nodule,0.7265625
4592,,,,,,,563,833,[],0.0,0.0,0.0,0.0,0.973533525704795,0.4867667628523975,202.18988517873524,133.51326717180413,2.460112359550562,104.30213087238371,thyroid nodule,0.71875
4596,,,,,,,564,712,[],0.8956120241516257,0.8109577827154719,0.9844548551959114,0.8214772256115619,0.998809141875248,0.910143183743405,29.120439557122072,9.773137308867359,-0.1655511461233193,104.95517402887344,thyroid nodule,0.52734375
4598,,,,,,,586,857,[],0.0,0.0,0.0,0.0,0.9756354540338594,0.4878177270169297,436.16796634639377,207.40777147418524,-0.9005555049631181,104.75915996357799,thyroid nodule,0.53515625
4600,,,,,,,435,877,[],0.0,0.0,0.0,0.0,0.9673626385651598,0.4836813192825799,230.735342887143,148.75528575537047,-0.25264674559919814,104.20423885807395,thyroid nodule,0.65234375
4602,,,,,,,587,858,[],0.0,0.0,0.0,0.0,0.9580865075950624,0.4790432537975312,315.4155988055219,203.56084785316665,0.0044611876672945375,106.90545896068215,thyroid nodule,0.55078125
4604,,,,,,,642,917,[],0.29496499870365567,0.17299644786141793,0.9297201882845189,0.17528873768935893,0.9978821281164731,0.5865854329029161,90.52689594909671,20.11770671774628,-0.811460760024159,105.60305509716272,thyroid nodule,0.640625
4606,,,,,,,586,970,[],0.2707327507180835,0.1565592309867119,0.9865820388619787,0.15689330016025782,0.999470884369573,0.5781820922649155,222.63512684713163,102.8383327721993,-0.840972880125373,106.97579989209771,thyroid nodule,0.5703125
4608,,,,,,,587,857,[],0.0,0.0,0.0,0.0,0.9800427772632864,0.4900213886316432,160.67980308280625,79.14054786622368,-0.4689935243112721,105.23356893099844,thyroid nodule,0.734375
461,,,,,,,580,742,[],0.5516950527169505,0.3809246483290028,1.0,0.3809246483290028,1.0,0.6904623241645014,75.22495854934382,43.36423096629021,-0.6190753516709973,104.63160695508122,thyroid nodule,0.63671875
4610,,,,,,,590,858,[],0.0,0.0,0.0,0.0,0.9634417075336603,0.48172085376683016,289.6242286379928,218.3760283415466,1.936857326478149,105.00123398378491,thyroid nodule,0.66015625
4612,,,,,,,590,998,[],0.5234502923976608,0.35450908946888987,0.9854131116860241,0.35637927258973184,0.9995079717854312,0.6779436221875815,51.0,19.955985165798023,-0.6383453108514323,104.43310299888253,thyroid nodule,0.6640625
4614,,,,,,,585,1000,[],0.0,0.0,0.0,0.0,0.9728085984974036,0.4864042992487018,219.20310216782974,146.58231596136062,1.7459902370990237,105.69421690888703,thyroid nodule,0.7109375
4616,,,,,,,458,999,[],0.0,0.0,0.0,0.0,0.9806757373146283,0.49033786865731416,189.43466345579964,136.40895656362375,0.07129641050943629,105.5025530513376,thyroid nodule,0.59375
4620,,,,,,,574,832,[],0.0,0.0,0.0,0.0,0.9814044362220142,0.4907022181110071,148.49895273831476,85.55265991901615,-0.42165759225650334,105.59270507656038,thyroid nodule,0.5625
4622,,,,,,,574,797,[],0.0,0.0,0.0,0.0,0.9801328541969233,0.49006642709846165,193.5081363593083,119.60448819991869,-0.40313496641107416,104.69370801001787,thyroid nodule,0.72265625
4624,,,,,,,574,797,[],0.0,0.0,0.0,0.0,0.9773018249200092,0.4886509124600046,182.62981432915635,122.37623844894125,0.9593433861423936,105.09474598802626,thyroid nodule,0.6171875
4626,,,,,,,574,797,[],0.0,0.0,0.0,0.0,0.9370246621051977,0.4685123310525989,335.5732396803416,229.54683666951567,3.207678624369997,106.65841493755579,thyroid nodule,0.470703125
4628,,,,,,,574,832,[],0.0,0.0,0.0,0.0,0.9782025471947589,0.4891012735973794,192.14108024798182,136.2435751148075,0.1802540415704388,105.99269205704331,thyroid nodule,0.65234375
463,,,,,,,589,745,[],0.9659769242127022,0.9341928113908041,0.9884739909345996,0.9444811087279327,0.9993559452046864,0.9719185269663095,9.055385138137417,2.63405139494069,-0.04450585711928725,105.8118490036577,thyroid nodule,0.8046875
4632,,,,,,,574,797,[],0.0,0.0,0.0,0.0,0.9778019040152568,0.4889009520076284,221.1920726254245,156.81538154246172,1.9778434268833087,105.92529107816517,thyroid nodule,0.71484375
4634,,,,,,,527,720,[],0.0,0.0,0.0,0.0,0.9864219596126658,0.4932109798063329,102.18971147720778,61.3639975932598,0.1137855579868709,103.96017506718636,thyroid nodule,0.609375
4636,,,,,,,488,797,[],0.0,0.0,0.0,0.0,0.9698274620879941,0.48491373104399704,139.8152064348518,70.7931473603801,0.6624837732583297,105.37927108816803,thyroid nodule,0.6640625
4638,,,,,,,566,797,[],0.0,0.0,0.0,0.0,0.9842522148115874,0.4921261074057937,282.1145050859175,212.04553786006812,0.987031294051311,106.43091099336743,thyroid nodule,0.63671875
4640,,,,,,,527,720,[],0.0,0.0,0.0,0.0,0.9991525334234481,0.49957626671172406,215.1278689523977,148.5181209298304,-0.516566265060241,105.25185917504132,thyroid nodule,0.396484375
4642,,,,,,,574,797,[],0.0,0.0,0.0,0.0,0.9775407861600789,0.48877039308003944,152.94917452453774,89.31457461699269,11.38647342995169,105.27409892529249,thyroid nodule,0.71484375
4644,,,,,,,512,846,[],0.0,0.0,0.0,0.0,0.9815653881919799,0.49078269409598996,257.2068750161537,192.56808580619185,-0.33054789800137835,105.712577002123,thyroid nodule,0.62890625
4648,,,,,,,579,1024,[],0.8947633434038268,0.8095671981776765,0.8927853697749196,0.8967501009285426,0.9981697736488573,0.9474599372886999,16.727133323096112,5.497766602533274,0.0044408558740411785,106.89250892028213,thyroid nodule,0.59765625
4650,,,,,,,498,768,[],0.0,0.0,0.0,0.0,0.9623216112876299,0.48116080564381497,378.00270950558473,207.3124423960115,0.26245037892457596,105.93852214515209,thyroid nodule,0.63671875
4652,,,,,,,498,684,[],0.0,0.0,0.0,0.0,0.9405360432638022,0.4702680216319011,194.28206895445012,105.26208293248257,3.8905180840664713,104.76809018291533,thyroid nodule,0.765625
4654,,,,,,,477,616,[],0.0,0.0,0.0,0.0,0.9696811310139561,0.48484056550697807,221.08662556646527,151.88768808451425,-0.5442243684181808,103.9283040445298,thyroid nodule,0.58984375
4656,,,,,,,458,996,[],0.0,0.0,0.0,0.0,0.9769139617041541,0.48845698085207706,254.42660575964015,185.93044441937138,1.2257100149476832,104.41613290458918,thyroid nodule,0.68359375
4658,,,,,,,477,556,[],0.39972803211811175,0.24978756120260592,0.3772996760589206,0.4249913941480207,0.959359679600458,0.6921755368742393,84.34453153583817,40.38464921875181,0.1264027538726334,103.34719298407435,thyroid nodule,0.578125
4660,,,,,,,577,731,[],0.0,0.0,0.0,0.0,0.9731450041284262,0.4865725020642131,186.0443418472913,114.97877013381809,6.376470588235295,104.29485095664859,thyroid nodule,0.66796875
4662,,,,,,,500,720,[],0.0,0.0,0.0,0.0,0.9741020859634696,0.4870510429817348,203.89899399866715,142.15858651232654,-0.38923791313848677,103.75063098035753,thyroid nodule,0.73828125
4664,,,,,,,577,831,[],0.0,0.0,0.0,0.0,0.9751992136388263,0.48759960681941317,201.30822139197394,138.20436963775515,-0.07544307839693437,104.29809102788568,thyroid nodule,0.71875
467,,,,,,,589,750,[],0.7718269159524809,0.628434970589714,0.9991367596515067,0.6287763704590497,0.9998422662254015,0.8143093183422256,136.94962567020198,69.4293830000825,-0.37068037544893917,105.22625804878771,thyroid nodule,0.80859375
4670,,,,,,,499,720,[],0.00012470382840753212,6.23558022073954e-05,0.00010557432432432433,0.00015229972586049346,0.9731482164019574,0.48665025806390894,115.07214052630388,61.20428070964183,0.442583003350594,104.72394898533821,thyroid nodule,0.76953125
4672,,,,,,,574,794,[],0.0,0.0,0.0,0.0,0.9810244483268976,0.4905122241634488,191.18458210233646,131.99931540614028,0.32370749883558453,105.04925507120788,thyroid nodule,0.65625
4674,,,,,,,514,601,[],0.0,0.0,0.0,0.0,0.9292203028079771,0.46461015140398854,294.32736103758356,119.37020504585159,-0.8105428534022067,105.94753106124699,thyroid nodule,0.64453125
4676,,,,,,,499,560,[],0.3188357436998051,0.18965175027066042,1.0,0.18965175027066042,1.0,0.5948258751353303,131.60547101089682,58.56702692433562,-0.8103482497293396,102.61363978497684,thyroid nodule,0.69921875
4678,,,,,,,574,839,[],0.0,0.0,0.0,0.0,0.928141533158953,0.4640707665794765,229.44220566259258,155.45769034259672,0.28550696214944105,104.20271893963218,thyroid nodule,0.62890625
4680,,,,,,,507,757,[],0.0,0.0,0.0,0.0,0.980064581451988,0.490032290725994,217.98758065692869,116.02898409635549,-0.6034079155098263,104.99373404309154,thyroid nodule,0.59765625
4682,,,,,,,512,846,[],0.0,0.0,0.0,0.0,0.9809248998953342,0.4904624499476671,200.06386471350967,128.60415946308208,-0.5209790209790209,105.57407489977777,thyroid nodule,0.67578125
4684,,,,,,,477,616,[],0.0,0.0,0.0,0.0,0.9581077736606722,0.4790538868303361,297.2889164002478,229.38124692942523,0.7284625341579174,103.6266980227083,thyroid nodule,0.734375
4686,,,,,,,500,762,[],0.0,0.0,0.0,0.0,0.9456258863452188,0.4728129431726094,387.1371779090875,203.6820255219256,-0.736128179918889,105.7382170110941,thyroid nodule,0.54296875
4688,,,,,,,600,930,[],0.0,0.0,0.0,0.0,0.9846196396779228,0.4923098198389614,211.1196340619075,156.83834035990233,-0.30280637661906346,105.64124607481062,thyroid nodule,0.55859375
469,,,,,,,587,742,[],0.020062344274142226,0.01013281616020745,1.0,0.01013281616020745,1.0,0.5050664080801037,439.01244637837374,224.5178114827798,-0.9898671838397926,105.51697388291359,thyroid nodule,0.5625
4690,,,,,,,574,839,[],0.0,0.0,0.0,0.0,0.9779438035258626,0.4889719017629313,318.4489755001144,259.0339754355136,0.21781253647717988,106.10395506955683,thyroid nodule,0.5625
4692,,,,,,,512,846,[],0.0,0.0,0.0,0.0,0.9806422619246822,0.4903211309623411,275.4766986357445,202.4791878478081,-0.4535024969631529,105.56585411541164,thyroid nodule,0.671875
4694,,,,,,,506,836,[],0.0,0.0,0.0,0.0,0.9550334323474551,0.47751671617372754,242.61878569001317,115.37783734306251,1.1676166104455044,104.52070506289601,thyroid nodule,0.66015625
4698,,,,,,,586,857,[],0.0,0.0,0.0,0.0,0.9785438936593883,0.48927194682969416,174.61628913433952,113.12046761937943,0.23984548753365328,104.89146178588271,thyroid nodule,0.70703125
47,,,,,,,474,744,[],0.8777676675765848,0.7821621621621622,0.8092493009249301,0.9589620717781403,0.9866862839298582,0.9728241778539992,22.80350850198276,9.588973646292914,0.1850020391517129,104.07035704702139,thyroid nodule,0.70703125
4700,,,,,,,514,601,[],0.0,0.0,0.0,0.0,0.9495756181374393,0.47478780906871965,216.95667576060464,125.7120794478397,-0.6372028862478778,104.93582300841808,thyroid nodule,0.5390625
4706,,,,,,,577,627,[],0.9220504723827956,0.8553744389321993,0.9882096069868995,0.8641939949400926,0.9993662529706892,0.9317801239553909,16.1245154965971,5.730068325866102,-0.12549525036994605,103.66633883677423,thyroid nodule,0.73828125
4708,,,,,,,512,846,[],0.0,0.0,0.0,0.0,0.9638634514720497,0.48193172573602483,332.470579900703,251.53172331577937,0.3215369936681412,105.19004799425602,thyroid nodule,0.6015625
471,,,,,,,339,543,[],0.15617872580750267,0.08470383111069224,0.9930024859589356,0.08475442043222003,0.9986626075633062,0.5417085139977631,177.83805223977868,52.059793107453125,-0.9146483300589391,103.45084499567747,thyroid nodule,0.671875
4710,,,,,,,600,930,[],0.0,0.0,0.0,0.0,0.9804389190536771,0.49021945952683854,334.0,273.2743574829773,-0.14481487417855426,106.09556501731277,thyroid nodule,0.66796875
4714,,,,,,,512,846,[],0.0,0.0,0.0,0.0,0.9397516891479865,0.46987584457399323,357.83623710649886,219.43227371145463,0.06548183935812268,105.44299287721515,thyroid nodule,0.61328125
4718,,,,,,,683,1024,[],0.8024319114230636,0.6700511804523691,0.981550261716793,0.6785978741191926,0.9982652819241726,0.8384315780216827,88.00227243386615,31.682208314394533,-0.30864684103666545,107.55318100564182,thyroid nodule,0.7421875
4720,,,,,,,512,846,[],0.0,0.0,0.0,0.0,0.9818601895734597,0.49093009478672983,368.00644070583803,295.8680447136953,-0.31357604017216645,105.65848601981997,thyroid nodule,0.70703125
4723,,,,,,,683,1024,[],0.0,0.0,0.0,0.0,0.9809304281098309,0.49046521405491544,215.60658612837045,135.2920943102822,-0.3224694453149483,106.99034086428583,thyroid nodule,0.6953125
4725,,,,,,,574,839,[],0.0,0.0,0.0,0.0,0.9462131068084998,0.4731065534042499,271.4564058436254,162.25505093032754,1.2643637014497942,105.67981703206897,thyroid nodule,0.78125
4727,,,,,,,477,555,[],0.0,0.0,0.0,0.0,0.967919975089522,0.483959987544761,149.92147903490982,98.62876517469246,0.054638515674984005,104.66652689501643,thyroid nodule,0.7578125
4729,,,,,,,500,762,[],0.0,0.0,0.0,0.0,0.8780613512005063,0.43903067560025316,275.99166550469863,144.8197555098516,5.989438236644727,103.79102220758796,thyroid nodule,0.7109375
4731,,,,,,,577,581,[],0.3910784300424643,0.24306867242309768,0.9681601397192181,0.2450273707116385,0.9982851871280503,0.6216562789198443,108.22106970582283,46.15674465973161,-0.7469144197749141,104.05914695002139,thyroid nodule,0.5625
4733,,,,,,,500,762,[],0.0,0.0,0.0,0.0,0.9805454181316481,0.49027270906582404,223.13000633898773,143.9962798817585,-0.6746371417938221,104.3253019452095,thyroid nodule,0.7265625
4735,,,,,,,574,839,[],0.9346993489084642,0.8774042782671221,0.9048943270300334,0.9665346534653465,0.9989234811220978,0.9827290672937221,7.169092129209226,2.399246264884185,0.06811881188118812,104.12856796756387,thyroid nodule,0.60546875
4737,,,,,,,500,720,[],0.0,0.0,0.0,0.0,0.9863592259016959,0.49317961295084795,442.99124896143127,312.5744341328251,-0.8092165514944634,104.39190315082669,thyroid nodule,0.58203125
4741,,,,,,,691,764,[],0.0,0.0,0.0,0.0,0.976167786222873,0.4880838931114365,256.79609785894417,175.98285180917242,0.05631868131868132,105.05946492776275,thyroid nodule,0.52734375
4742,,,,,,,362,480,[],0.0,0.0,0.0,0.0,0.9698442681958861,0.48492213409794305,124.85169867251706,64.51362850579973,-0.5638515618047522,103.97946485318244,thyroid nodule,0.78125
4744,,,,,,,512,811,[],0.0,0.0,0.0,0.0,0.9796325469558559,0.48981627347792794,161.71424656297245,116.56045037485498,0.6167247386759582,104.26523094065487,thyroid nodule,0.734375
4746,,,,,,,512,811,[],0.0,0.0,0.0,0.0,0.9694163486429506,0.4847081743214753,163.28624592182032,79.85151216407777,3.1317600786627335,104.19956897385418,thyroid nodule,0.73046875
475,,,,,,,547,744,[],0.7895418178731352,0.6522669097794452,0.9995164150233733,0.6524728165555945,0.9999160024639278,0.8261944095097611,101.0,39.82130450325761,-0.34721150473518064,104.12975796498358,thyroid nodule,0.73828125
4751,,,,,,,574,796,[],0.0,0.0,0.0,0.0,0.9863872965966008,0.4931936482983004,128.04684711345823,78.45206424742389,-0.32915153516011886,104.69074896536767,thyroid nodule,0.6328125
4755,,,,,,,574,796,[],0.0,0.0,0.0,0.0,0.9806160692082034,0.4903080346041017,152.48596231229382,86.92108144345029,2.5133625847626644,105.60620506294072,thyroid nodule,0.7421875
4759,,,,,,,506,837,[],0.0,0.0,0.0,0.0,0.9761937939053806,0.4880968969526903,291.05772571788447,152.66524345207887,0.3600054899807851,103.97722502239048,thyroid nodule,0.53125
4761,,,,,,,664,836,[],0.0,0.0,0.0,0.0,0.9838608769032671,0.49193043845163353,300.5316919018396,239.22732159553593,0.6870722433460076,105.53124290890992,thyroid nodule,0.62890625
4763,,,,,,,493,840,[],0.0,0.0,0.0,0.0,0.9649847124578862,0.4824923562289431,369.6772913969461,294.6575063543548,3.3221153846153846,105.68924713879824,thyroid nodule,0.68359375
4767,,,,,,,580,857,[],0.0,0.0,0.0,0.0,0.9840910732900535,0.49204553664502676,207.86846802433743,145.5752183238722,-0.3890606420927467,106.68098507449031,thyroid nodule,0.58203125
4770,,,,,,,583,858,[],0.0,0.0,0.0,0.0,0.9728554864721828,0.4864277432360914,243.95434817244043,180.23947693884278,1.6042635658914728,106.07415391132236,thyroid nodule,0.7109375
4773,,,,,,,589,858,[],0.0,0.0,0.0,0.0,0.974907286801125,0.4874536434005625,178.71158890639833,91.54017234208683,-0.4792079207920792,105.10158585384488,thyroid nodule,0.76171875
4775,,,,,,,579,854,[],0.0,0.0,0.0,0.0,0.9842807237038148,0.4921403618519074,277.7579857325365,182.32040392836575,-0.650617689886796,103.85660314932466,thyroid nodule,0.7109375
4777,,,,,,,506,837,[],0.526523035382798,0.35733374055127126,0.999412738241418,0.3574087862993299,0.9999703619879023,0.6786895741436161,90.3706214974294,37.31001128990959,-0.6423811978540199,103.98184508085251,thyroid nodule,0.578125
4781,,,,,,,431,874,[],0.0,0.0,0.0,0.0,0.9710691517835418,0.4855345758917709,217.09640664491442,156.37176272485715,0.5709042865531415,104.55314512364566,thyroid nodule,0.78515625
4783,,,,,,,498,836,[],0.0,0.0,0.0,0.0,0.9736436728879445,0.48682183644397226,258.37491847185277,193.80505808009457,4.058387395736793,105.43098207563162,thyroid nodule,0.7578125
4785,,,,,,,669,832,[],0.0,0.0,0.0,0.0,0.9734319140510986,0.4867159570255493,214.42271139932774,145.6001403664877,-0.23606136740257658,105.27246887795627,thyroid nodule,0.69921875
4789,,,,,,,587,856,[],0.0,0.0,0.0,0.0,0.933408675817955,0.4667043379089775,231.0,126.4366517468554,0.7459913326110509,105.22310808300972,thyroid nodule,0.7109375
479,,,,,,,580,746,[],0.0014850925761513503,0.0007430980727913025,1.0,0.0007430980727913025,1.0,0.5003715490363957,190.00394665778356,128.46607596323403,-0.9992569019272087,105.83132994361222,thyroid nodule,0.44921875
4791,,,,,,,555,767,[],0.0,0.0,0.0,0.0,0.9585531183900908,0.4792765591950454,187.52333188166213,112.50555112747044,2.233110616184113,103.80328190512955,thyroid nodule,0.7734375
4793,,,,,,,665,860,[],0.9015870862723819,0.8208088916332201,0.991460003729256,0.8266534000808432,0.9995757208576738,0.9131145604692585,53.0489994926597,15.497601021223074,-0.1662261745592488,105.22004798986018,thyroid nodule,0.55859375
4796,,,,,,,536,995,[],0.0,0.0,0.0,0.0,0.968025758822758,0.484012879411379,196.90454527371887,123.0673913374349,1.333472048827854,104.14380813017488,thyroid nodule,0.7734375
4798,,,,,,,499,837,[],0.0,0.0,0.0,0.0,0.9380164571258361,0.4690082285629181,248.24541066062466,129.7047297075278,0.6874577645627787,105.18316691741347,thyroid nodule,0.61328125
4800,,,,,,,669,836,[],0.0,0.0,0.0,0.0,0.9875598790833179,0.49377993954165894,159.36028077340688,108.22443496350786,1.729996058336618,103.95632404834032,thyroid nodule,0.62890625
4802,,,,,,,581,858,[],0.0,0.0,0.0,0.0,0.9781399929450961,0.48906999647254806,123.09548091640947,68.6554139157973,0.33031393473135623,102.83255390822887,thyroid nodule,0.59765625
4806,,,,,,,669,838,[],0.0,0.0,0.0,0.0,0.9287116057130375,0.46435580285651873,367.63323303036964,216.16277128578764,4.866290298618333,103.08288899250329,thyroid nodule,0.76953125
4808,,,,,,,620,803,[],0.0,0.0,0.0,0.0,0.9691911366878166,0.4845955683439083,173.71988206026413,109.90275003046389,0.5160346914078258,105.23426881991327,thyroid nodule,0.65625
481,,,,,,,567,745,[],0.936331394524046,0.880284883565846,0.9364908198303017,0.9361720234886953,0.994219503879493,0.9651957636840942,26.399999999999864,8.326072527929552,-0.0003404158747269581,102.98488684929907,thyroid nodule,0.7109375
4812,,,,,,,523,616,[],0.0,0.0,0.0,0.0,0.9642283489861865,0.48211417449309324,146.0,77.88866075225127,1.4404813064030941,103.33508299663663,thyroid nodule,0.5859375
4816,,,,,,,588,857,[],0.0,0.0,0.0,0.0,0.9784717653842718,0.4892358826921359,211.92798869440128,149.9068433752402,-0.06991228070175438,104.63769687339664,thyroid nodule,0.69921875
4818,,,,,,,581,858,[],0.0,0.0,0.0,0.0,0.980286545525126,0.490143272762563,272.0091910211859,186.61526324299678,-0.6187211817031868,104.57516694441438,thyroid nodule,0.625
4820,,,,,,,588,858,[],0.94921875,0.9033457249070632,0.9591556547108289,0.9394856278366112,0.9964006472785566,0.9679431375575839,14.0,7.8799170003336245,-0.02050764834425954,105.19465710967779,thyroid nodule,0.75
4822,,,,,,,540,838,[],0.0,0.0,0.0,0.0,0.97852947584177,0.489264737920885,200.2091241556241,139.80431303043994,2.585003711952487,103.30162290483713,thyroid nodule,0.69140625
4824,,,,,,,540,838,[],0.0,0.0,0.0,0.0,0.9788484605271035,0.48942423026355175,225.86555426220428,160.64236374862844,5.406984553391538,104.0548961609602,thyroid nodule,0.734375
4826,,,,,,,412,894,[],0.0,0.0,0.0,0.0,0.8464591933947285,0.42322959669736426,293.2094129867674,168.7060087508902,1.4243322089525026,103.37413405068219,thyroid nodule,0.66796875
4828,,,,,,,355,503,[],0.0,0.0,0.0,0.0,0.9811800036127167,0.49059000180635837,90.70275730635576,54.0564851739776,1.359518754423213,103.00332703627646,thyroid nodule,0.62890625
483,,,,,,,391,743,[],0.07040682252026675,0.03648791016779299,0.1131383953469843,0.05110487295760455,0.957632827992555,0.5043688504750797,182.58085373175592,86.72261714432511,-0.5482977038796516,101.52994003146887,thyroid nodule,0.62890625
4834,,,,,,,478,610,[],0.0,0.0,0.0,0.0,0.969727318449192,0.484863659224596,342.67469852503643,166.75702854520517,-0.8899960270162892,103.5804480779916,thyroid nodule,0.67578125
4849,,,,,,,479,616,[],0.5752223966509681,0.4037278486823983,0.4954924498535046,0.6855316495166822,0.9844898666204747,0.8350107580685784,68.64999999999998,20.276463186515542,0.38353601496725914,103.56033709831536,thyroid nodule,0.57421875
485,,,,,,,587,745,[],0.0,0.0,0.0,0.0,0.9708984514379505,0.48544922571897525,173.04013142067407,87.53767890849711,-0.2771639586410635,103.76810096204281,thyroid nodule,0.78515625
4862,,,,,,,445,487,[],0.006162015931065578,0.0030905299128118797,0.027553763440860215,0.003468892774550172,0.9760505801155266,0.4897597364450384,227.97324360985291,97.82969277487062,-0.8741045744260816,103.02289691753685,thyroid nodule,0.63671875
4864,,,,,,,478,616,[],0.9430586453353529,0.8922525750111957,0.9994983445369721,0.8926523297491039,0.9999632525870179,0.9463077911680609,24.16712601207447,6.503171542894084,-0.10689964157706093,101.29647515714169,thyroid nodule,0.81640625
4866,,,,,,,479,616,[],0.6719627808988764,0.5059818890871836,1.0,0.5059818890871836,1.0,0.7529909445435918,48.952948272189275,19.906923026816916,-0.49401811091281644,103.46098593436182,thyroid nodule,0.7734375
4869,,,,,,,479,616,[],0.13583742199427834,0.07286779790397735,0.9986922406277245,0.07287475149105367,0.999974158982553,0.5364244552368034,95.6877715534755,44.73212930821369,-0.9270298210735587,104.402223136276,thyroid nodule,0.53515625
487,,,,,,,546,805,[],0.0,0.0,0.0,0.0,0.9161293909808451,0.45806469549042256,325.6608567721587,202.76812812282074,-0.243405303116664,102.69615100696683,thyroid nodule,0.6484375
4871,,,,,,,479,616,[],0.7757004581108934,0.6335871505056514,1.0,0.6335871505056514,1.0,0.8167935752528257,79.27198359626829,31.86815017058859,-0.3664128494943486,104.4597439467907,thyroid nodule,0.796875
4872,,,,,,,479,616,[],0.11538005923000987,0.06122192423734495,0.14125495504205743,0.09751702042450941,0.9682878585557086,0.5329024394901091,69.00398529798946,19.200895142653764,-0.30963823254572154,101.9500270485878,thyroid nodule,0.61328125
4876,,,,,,,479,616,[],0.6506048455032517,0.4821455326374669,0.9937210499227997,0.4836188758641419,0.9997782640620569,0.7416985699630994,101.71037311896953,24.251450354580143,-0.5133253181043984,100.90992809273303,thyroid nodule,0.66796875
4884,,,,,,,463,616,[],0.12319909474832791,0.0656431347638376,0.983704420780897,0.06571459366242725,0.9994751283596982,0.5325948610110627,314.93736929412955,130.59769071457526,-0.9331968096572537,104.18006894178689,thyroid nodule,0.4453125
4888,,,,,,,454,611,[],0.30999908684138433,0.18343131321863923,0.9981183111842878,0.18349476779382512,0.9999307784824912,0.5917127731381582,43.18564576337837,18.602410278077862,-0.8161593012194067,104.02817605063319,thyroid nodule,0.7578125
489,,,,,,,528,743,[],0.8397096125251465,0.7237064286575805,0.9984815392615705,0.7245038110331296,0.9997761072722198,0.8621399591526746,44.41846462902562,18.317446436043845,-0.2743943853294091,103.85390184819698,thyroid nodule,0.7890625
4899,,,,,,,479,616,[],0.06936437013548573,0.03592825547322645,1.0,0.03592825547322645,1.0,0.5179641277366133,262.3675629979641,125.34233175349604,-0.9640717445267736,104.29958091117442,thyroid nodule,0.546875
4901,,,,,,,480,616,[],0.7168819632083503,0.5587030519817688,0.6657958061189412,0.776459268762027,0.9828359368379425,0.8796476027999847,32.0,15.700357731486005,0.16621231558691468,102.1711218636483,thyroid nodule,0.4375
4907,,,,,,,479,606,[],0.8462066226122125,0.7334126189283926,1.0,0.7334126189283926,1.0,0.8667063094641962,115.27618996525625,43.682105515604675,-0.2665873810716074,103.71678089722991,thyroid nodule,0.80859375
491,,,,,,,583,746,[],0.9095720021343037,0.8341421936291222,0.9974963068127314,0.8358922829581994,0.9991594690162889,0.9175258759872442,46.542972069645685,17.06824454985381,-0.16200964630225081,100.63118301331997,thyroid nodule,0.81640625
4911,,,,,,,371,616,[],0.577792820426036,0.40626487386958593,0.9925866705429174,0.40750134272244437,0.9994769820840725,0.7034891624032584,64.64920640708739,28.33087527327675,-0.5894551530703587,100.82652699202299,thyroid nodule,0.59375
4920,,,,,,,479,616,[],0.3193907114727364,0.19004459492939135,0.9906371071889798,0.19038656435500217,0.9996473663944228,0.5950169653747125,101.5470318899105,48.34866910235726,-0.8078140189042172,103.39464410208166,thyroid nodule,0.57421875
4928,,,,,,,479,616,[],0.17783168122285536,0.09759344369580414,1.0,0.09759344369580414,1.0,0.5487967218479021,335.6559017799914,145.99849046806122,-0.9024065563041959,103.06856804527342,thyroid nodule,0.625
493,,,,,,,445,750,[],0.8072953201723619,0.6768610317593682,0.9005141962888442,0.7315655648383581,0.9972423451840192,0.8644039550111886,24.0,9.413701864918886,-0.18761351253178352,104.00557494722307,thyroid nodule,0.412109375
4944,,,,,,,480,616,[],0.0,0.0,0.0,0.0,0.9863219908722041,0.49316099543610203,254.7983515329953,225.98004662589156,0.18074424099232134,104.10648817196488,thyroid nodule,0.53515625
4947,,,,,,,445,550,[],0.0,0.0,0.0,0.0,0.9781065530897407,0.48905327654487035,207.74154270390193,110.07417681781968,-0.7110621265734671,103.48731582053006,thyroid nodule,0.6171875
495,,,,,,,580,747,[],0.9102132786705681,0.8352214803647068,0.9996906525512571,0.8354374021572091,0.9999504995421208,0.9176939508496649,24.041630560342615,12.1482677592322,-0.16430407744122252,104.49569509364665,thyroid nodule,0.8203125
4958,,,,,,,445,550,[],0.30722147019010065,0.1814894652666713,0.984534138061109,0.18200836820083682,0.999390274128786,0.5906993211648114,51.892167935647784,23.359410754978235,-0.8151324965132497,104.50500505976379,thyroid nodule,0.671875
4961,,,,,,,478,614,[],0.9153997495975675,0.8439973614775725,0.9658426118135497,0.8699643039265681,0.9993706733794839,0.934667488653026,8.0,3.2886963671924394,-0.09926908040115587,104.67442800290883,thyroid nodule,0.74609375
497,,,,,,,580,745,[],0.8238060662068055,0.7003998596983515,0.9983600983940963,0.7012065792985266,0.9997727946534702,0.8504896869759984,63.27714296044535,27.06926982935134,-0.2976416220695855,102.56565897725523,thyroid nodule,0.6171875
4978,,,,,,,358,595,[],0.77439132752799,0.6318422388167911,0.8638977002379065,0.7016908212560387,0.9931551921830599,0.8474230067195493,35.22782990761707,9.722764387112472,-0.18776167471819646,103.42222498729825,thyroid nodule,0.53125
499,,,,,,,221,592,[],0.42368597513797907,0.268782722513089,0.9758821432814542,0.27058009684751455,0.994209760689124,0.6323949287683193,106.03300994941034,36.84202363517968,-0.7227328128602958,100.41334899142385,thyroid nodule,0.69921875
50,,,,,,,575,726,[],0.2287729389208436,0.12916070669192406,0.8057073954983923,0.13331293892317514,0.9929382410172205,0.5631255899701978,223.263070934981,78.59713112393871,-0.8345392636731219,105.16325710341334,thyroid nodule,0.5234375
5003,,,,,,,476,616,[],5.2692591421646116e-05,2.6346989856408904e-05,1.0,2.6346989856408904e-05,1.0,0.5000131734949282,238.21041113818163,143.59718849835684,-0.9999736530101436,105.38764111697674,thyroid nodule,0.40625
501,,,,,,,456,806,[],0.0,0.0,0.0,0.0,0.9672822896281801,0.48364114481409004,189.04232330353963,130.52657419256875,0.510523613963039,105.04951607435942,thyroid nodule,0.734375
5012,,,,,,,480,616,[],0.9498614874120977,0.9045106679035251,0.9895972090072946,0.9131936314680402,0.9994113339746443,0.9563024827213422,7.810249675906654,3.2526661318982035,-0.07720674315148678,101.89155698753893,thyroid nodule,0.8515625
5024,,,,,,,480,617,[],0.8905903309478421,0.8027605633802817,0.9706403269754769,0.8227380333737514,0.9984543162590868,0.9105961748164191,17.029386365926403,6.461069952966813,-0.15237600323344305,105.35844089463353,thyroid nodule,0.484375
5037,,,,,,,208,585,[],0.23285220088273886,0.13176724719859592,0.5304347826086957,0.14916704875439402,0.9924958961932306,0.5708314724738124,58.174264007183645,15.807990330343156,-0.7187834326761424,102.80997399240732,thyroid nodule,0.4765625
5038,,,,,,,479,616,[],0.30150414061179653,0.17751243781094528,0.9809384164222874,0.1781268721294016,0.9998143129041819,0.5889705925167917,111.40017953306898,40.229374627490394,-0.8184117686214472,101.9572380464524,thyroid nodule,0.5
5044,,,,,,,479,616,[],0.00915321088454494,0.004597647058823529,1.0,0.004597647058823529,1.0,0.5022988235294118,311.7919167135331,196.7799917427799,-0.9954023529411765,104.28898083046079,thyroid nodule,0.51953125
505,,,,,,,582,744,[],6.986411429769099e-05,3.493327744008943e-05,0.0001180637544273908,4.961055712655653e-05,0.9794865459935909,0.48976807827535873,179.0,78.2846244027782,-0.5797985811380661,104.0615369565785,thyroid nodule,0.6953125
507,,,,,,,580,743,[],0.7696173587871714,0.6255105793987262,0.9997834091401343,0.625595353339787,0.9999815444646577,0.8127884489022223,64.0,24.09906691035971,-0.37426911907066795,101.53044015169144,thyroid nodule,0.6796875
509,,,,,,,580,771,[],0.14523663183773816,0.07830466911886536,0.9830814034114547,0.07841033525423353,0.9996580439553663,0.5390341896047999,125.6737840544931,60.757828660606826,-0.9202402415688704,103.54886716231704,thyroid nodule,0.6328125
51,,,,,,,575,726,[],0.0,0.0,0.0,0.0,0.9763416957764369,0.48817084788821846,448.1797598812776,230.17067829699545,-0.9463449765934462,103.34114287979901,thyroid nodule,0.5390625
511,,,,,,,589,746,[],0.0,0.0,0.0,0.0,0.9879440999901584,0.4939720499950792,431.77748897905445,273.6557040195536,-0.9400798934753661,102.12449007667601,thyroid nodule,0.59765625
5145,,,,,,,447,553,[],0.0,0.0,0.0,0.0,0.9689757792609922,0.4844878896304961,155.42519440640086,67.88525211628458,-0.5080133669781082,101.91545705311,thyroid nodule,0.59375
5147,,,,,,,346,504,[],0.9251967021797237,0.8608056042031523,0.9887351142581268,0.8693314467633534,0.999126359602868,0.9342289031831107,29.723526785137146,6.239666615723608,-0.12076406084188185,99.92326004430652,thyroid nodule,0.609375
5149,,,,,,,445,544,[],0.0,0.0,0.0,0.0,0.9811231194539549,0.49056155972697746,170.25803925106962,81.60190050775866,-0.7048718477289906,101.22360289096832,thyroid nodule,0.62109375
515,,,,,,,585,661,[],0.09266059421050121,0.04858107263407926,0.9222517562179608,0.048780855208981906,0.9956326754795258,0.5222067653442539,239.71284095218056,75.91388872778268,-0.9471067906565708,103.62218809314072,thyroid nodule,0.6484375
5153,,,,,,,480,504,[],0.9404699738903394,0.8876293740758995,0.9947528307097487,0.8918049022035157,0.9996633652841019,0.9457341337438088,54.004163456597986,11.686900566757481,-0.10349096310968062,102.9773869086057,thyroid nodule,0.7265625
5156,,,,,,,431,504,[],0.0,0.0,0.0,0.0,0.9653623102349425,0.48268115511747123,153.0203991491772,84.00194557712011,-0.5374041765794343,101.94525704719126,thyroid nodule,0.7265625
5158,,,,,,,480,508,[],0.0,0.0,0.0,0.0,0.9783581436077058,0.4891790718038529,174.13328164665657,101.11225599220136,-0.6798575129533678,100.63856304623187,thyroid nodule,0.59765625
5160,,,,,,,403,504,[],0.0,0.0,0.0,0.0,0.9652843668024781,0.48264218340123904,153.66829752754887,78.91697035687001,0.13560165975103736,102.55316877737641,thyroid nodule,0.5703125
5162,,,,,,,348,504,[],0.0,0.0,0.0,0.0,0.9780666736094237,0.48903333680471184,174.4941959158014,141.40683366881555,0.4866666666666667,101.41961718909442,thyroid nodule,0.53125
5164,,,,,,,483,615,[],0.8890864636585908,0.8003201280512204,0.8399832003359933,0.9442870632672332,0.9987081548993479,0.9714976090832905,5.0,2.6394708254779222,0.12417374881964117,102.0282891113311,thyroid nodule,0.412109375
5168,,,,,,,410,504,[],0.0,0.0,0.0,0.0,0.9682755150708338,0.4841377575354169,152.37452138728423,74.20960768122758,-0.6178902847042484,102.73013287223876,thyroid nodule,0.69921875
517,,,,,,,581,744,[],0.7981335666375037,0.6640784237600699,0.9982491975488765,0.6648527839860072,0.9998424406986179,0.8323476123423126,81.19511615230145,21.153782860188088,-0.333981148576426,101.76050406880677,thyroid nodule,0.73828125
5170,,,,,,,361,540,[],0.0,0.0,0.0,0.0,0.9771691662584088,0.4885845831292044,129.61326161038738,81.58850552752826,-0.15169309062438832,103.58247812837362,thyroid nodule,0.6796875
5172,,,,,,,480,504,[],0.0,0.0,0.0,0.0,0.919897691775509,0.4599488458877545,165.56416165977467,108.7432506648647,4.577810218978102,100.73295491747558,thyroid nodule,0.62890625
5176,,,,,,,484,632,[],0.6067322630761264,0.4354742789176331,1.0,0.4354742789176331,1.0,0.7177371394588166,72.85394783269902,37.0356166875388,-0.564525721082367,102.78492281213403,thyroid nodule,0.66015625
5179,,,,,,,483,613,[],0.0,0.0,0.0,0.0,0.9913317920172483,0.49566589600862415,61.10385044701428,32.974857425117065,1.3394327538883806,102.07729996182024,thyroid nodule,0.5546875
5181,,,,,,,480,616,[],0.6376954965140381,0.468100556727411,0.9950018375597207,0.46920384042147584,0.9997451551368105,0.7344744977791432,81.73211849046753,18.318138278117942,-0.5284392222106686,104.25753984600306,thyroid nodule,0.64453125
5183,,,,,,,342,408,[],0.9626240996690676,0.9279414524300994,0.9469551895825354,0.9788202692003167,0.9979402754230987,0.9883802723117077,3.5390602331696326,1.4042509619553913,0.03365003958828187,101.38887702487409,thyroid nodule,0.8125
5187,,,,,,,318,504,[],0.0,0.0,0.0,0.0,0.9589636832874681,0.47948184164373403,187.5942320727876,94.69276171310284,-0.7122863141057683,97.92621294036508,thyroid nodule,0.6796875
5189,,,,,,,446,555,[],0.6148014229894442,0.44383630852138767,0.9986106725607831,0.444110543166882,0.9998961891999019,0.7220033661833919,51.65651629822823,13.932931929431739,-0.5552715834409931,99.10720400512218,thyroid nodule,0.74609375
5193,,,,,,,443,544,[],0.0,0.0,0.0,0.0,0.9776500212618712,0.4888250106309356,95.97336816183888,54.948494094269265,3.761101243339254,101.99571819975972,thyroid nodule,0.73046875
5195,,,,,,,483,504,[],0.0,0.0,0.0,0.0,0.9751029772146619,0.48755148860733094,146.65741626135056,71.82628218140849,-0.568654019873532,101.69666283763945,thyroid nodule,0.6875
5198,,,,,,,312,434,[],0.0,0.0,0.0,0.0,0.950700293909988,0.475350146954994,166.67193241108836,107.91162458878608,-0.5585208057638582,99.88298919051886,thyroid nodule,0.6875
5200,,,,,,,480,616,[],0.1544247267599013,0.0836729495669893,0.9566103669190449,0.0839917158855565,0.9974936500193443,0.5407426829524504,182.77038705715157,68.03967218502537,-0.9121986142006085,102.85747400484979,thyroid nodule,0.59765625
5202,,,,,,,367,368,[],0.0,0.0,0.0,0.0,0.9821650514308371,0.49108252571541855,110.50445635731361,68.7485438831901,-0.401637247377846,103.09726884588599,thyroid nodule,0.56640625
5204,,,,,,,366,504,[],0.0,0.0,0.0,0.0,0.9700658235579623,0.48503291177898117,112.0,63.192476058205976,4.0127853881278535,103.35434414446354,thyroid nodule,0.76171875
5208,,,,,,,451,650,[],0.36682790416446226,0.22461068560982947,0.999896992171405,0.22461588300629395,0.9999959989437212,0.6123059409750076,89.34623159925073,32.570371305422164,-0.7753609774157719,104.19132909737527,thyroid nodule,0.55859375
5210,,,,,,,480,504,[],0.0,0.0,0.0,0.0,0.9765095092432504,0.4882547546216252,148.0,101.81633672942678,3.307926829268293,102.44918707758188,thyroid nodule,0.7265625
5212,,,,,,,446,554,[],0.0,0.0,0.0,0.0,0.9810596177679212,0.4905298088839606,121.0,77.7876234096581,1.5984340044742729,102.6515809353441,thyroid nodule,0.67578125
5214,,,,,,,480,504,[],0.0,0.0,0.0,0.0,0.980211778901163,0.4901058894505815,138.64883604476535,95.23486053059825,2.0196825396825395,103.05073810741305,thyroid nodule,0.734375
5216,,,,,,,483,507,[],0.9737580362361192,0.9488581354291247,0.9714302373039473,0.9760970179858223,0.9978491036468667,0.9869730608163445,4.0,1.8219126563997865,0.004804030698927881,101.97422816418111,thyroid nodule,0.8203125
5218,,,,,,,550,815,[],0.0,0.0,0.0,0.0,0.9728084946930742,0.4864042473465371,163.1715234018886,101.12642263554494,1.2971014492753623,102.15017199516296,thyroid nodule,0.80078125
522,,,,,,,507,744,[],0.38705148205928236,0.23996518038495018,0.6637683098120527,0.2731701946103664,0.9852528316499403,0.6292115131301533,60.0,24.55803768178039,-0.5884555038674337,104.39477302134037,thyroid nodule,0.56640625
5220,,,,,,,424,438,[],0.0025979843225083987,0.0013006817366343739,1.0,0.0013006817366343739,1.0,0.5006503408683172,220.43592750010424,117.2832433544139,-0.9986993182633657,101.33798606693745,thyroid nodule,0.482421875
5222,,,,,,,429,504,[],0.34014564247122386,0.20492499292386074,0.764519535374868,0.21873111782477342,0.9956053917704556,0.6071682547976145,13.0,4.0844460995657395,-0.7138972809667674,102.28499304503202,thyroid nodule,0.69921875
5224,,,,,,,352,435,[],0.12090524832687566,0.06434228408079104,1.0,0.06434228408079104,1.0,0.5321711420403955,108.9173990248328,80.70667316265927,-0.935657715919209,100.51546082831919,thyroid nodule,0.5703125
5225,,,,,,,480,508,[],0.941424484264418,0.8893314366998577,0.9730739299610895,0.9117689951873997,0.9992699898304942,0.955519492508947,9.005384185475195,2.2771405536459035,-0.06300131252734432,100.84299696609378,thyroid nodule,0.64453125
5227,,,,,,,369,504,[],0.0,0.0,0.0,0.0,0.9661061614456885,0.48305308072284425,249.62420955789435,174.85061819686712,-0.20721311475409837,102.19626198522747,thyroid nodule,0.6328125
5229,,,,,,,435,504,[],0.0,0.0,0.0,0.0,0.9483606021248167,0.4741803010624083,188.75857234506188,78.4371354734935,1.126394767218161,101.77104384638369,thyroid nodule,0.6328125
523,,,,,,,585,660,[],0.9073899490087325,0.8304792255805312,0.9981303176189179,0.8317731659622785,0.9989146196774619,0.9153438928198702,176.29548713369098,68.72873552263587,-0.16666876931811014,101.21211293153465,thyroid nodule,0.81640625
5231,,,,,,,483,507,[],0.0,0.0,0.0,0.0,0.9782067426607217,0.48910337133036086,126.39619356566142,77.71703015366597,3.8743119266055044,102.54284809343517,thyroid nodule,0.515625
5233,,,,,,,466,504,[],0.0,0.0,0.0,0.0,0.9702611306014685,0.48513056530073423,132.59241769144282,64.47586632671494,-0.5188706846108836,100.45337001793087,thyroid nodule,0.6171875
5235,,,,,,,480,504,[],0.0,0.0,0.0,0.0,0.9782066703571592,0.4891033351785796,108.02083110123506,68.50849834150851,2.148526758869513,102.51112817786634,thyroid nodule,0.71484375
5239,,,,,,,478,614,[],0.0,0.0,0.0,0.0,0.9790742765206988,0.4895371382603494,276.3548443577568,234.4054482895547,1.3357636224098235,100.95392912626266,thyroid nodule,0.478515625
5243,,,,,,,489,635,[],0.9781272337383845,0.9571908226077225,0.9870167339873053,0.9693964295834514,0.9988978769260912,0.9841471532547713,3.605551275463989,1.6860130770368964,-0.01785208274298668,102.56544896401465,thyroid nodule,0.85546875
5247,,,,,,,352,434,[],0.7568470484414889,0.6088124936619004,1.0,0.6088124936619004,1.0,0.8044062468309502,30.83178539324573,16.048630033791145,-0.39118750633809957,100.80390586517751,thyroid nodule,0.64453125
5249,,,,,,,579,1024,[],0.6862409479921001,0.5223491681699739,0.990463685992675,0.5249894694430709,0.9994872680863396,0.7622383687647052,80.91259752675049,21.897856572766678,-0.469955863230958,103.20308990776539,thyroid nodule,0.6328125
525,,,,,,,587,750,[],0.9094554518852774,0.8339461725405874,0.995728293582732,0.8369404575169325,0.9987998508905652,0.9178701542037488,96.89374124498494,18.4195638443398,-0.1594690409915587,100.8344970177859,thyroid nodule,0.75390625
5251,,,,,,,356,408,[],0.002838618109093255,0.0014213263559130407,1.0,0.0014213263559130407,1.0,0.5007106631779565,80.2807573457052,62.66084634063153,-0.9985786736440869,102.99786692485213,thyroid nodule,0.482421875
5255,,,,,,,479,504,[],0.0,0.0,0.0,0.0,0.975826445417184,0.487913222708592,137.26725522276706,92.46130574675352,1.5939883355764917,100.70907394401729,thyroid nodule,0.7578125
5257,,,,,,,454,652,[],0.003761912723624812,0.0018845010260061142,0.009324492333195192,0.00235626767200754,0.9827344624607273,0.4925453650663674,169.03372220321998,81.88887611104637,-0.7473033825531469,101.63505095988512,thyroid nodule,0.7421875
5259,,,,,,,493,815,[],0.0,0.0,0.0,0.0,0.9812193644324503,0.49060968221622514,249.44316825466643,195.23071985626603,2.204613413071337,103.68474898859859,thyroid nodule,0.69140625
5261,,,,,,,560,818,[],0.0,0.0,0.0,0.0,0.8979154074095915,0.44895770370479576,259.85226558954446,143.13542063641188,-0.1868516851293694,100.79611581750214,thyroid nodule,0.6640625
5263,,,,,,,466,504,[],0.7866311198997158,0.6483033583609802,0.9997756036262454,0.6483977064353698,0.9999750632147506,0.8241863848250601,61.05159477468507,25.7648062775849,-0.3514567628139826,102.05532005056739,thyroid nodule,0.6640625
5265,,,,,,,488,634,[],0.0,0.0,0.0,0.0,0.9287713208686152,0.4643856604343076,294.74359804779675,173.4138792158158,3.7352235550708834,100.2531258855015,thyroid nodule,0.671875
5267,,,,,,,557,815,[],0.0,0.0,0.0,0.0,0.940248079237249,0.4701240396186245,294.9294763522509,136.95359985914163,-0.6427506264700908,103.647569892928,thyroid nodule,0.609375
5269,,,,,,,521,736,[],0.0,0.0,0.0,0.0,0.9191906110886281,0.45959530554431405,275.4478144347228,179.69771076853615,1.3389036389192566,104.18644780293107,thyroid nodule,0.65234375
5271,,,,,,,352,430,[],0.9309967141292442,0.8709016393442623,0.9229098805646037,0.9392265193370166,0.9955381768669483,0.9673823481019825,8.966563145999494,3.3614143202818045,0.017679558011049725,100.50234105437994,thyroid nodule,0.5546875
5274,,,,,,,480,504,[],0.0,0.0,0.0,0.0,0.9729322443345221,0.48646612216726104,365.0219171501898,193.05538301653087,-0.9308551278283868,100.71338503621519,thyroid nodule,0.60546875
528,,,,,,,498,746,[],0.0,0.0,0.0,0.0,0.9733927658662328,0.4866963829331164,180.50221253553985,119.86014116958391,0.2702702702702703,103.61616895534098,thyroid nodule,0.74609375
5280,,,,,,,480,508,[],0.0,0.0,0.0,0.0,0.9781294891715424,0.4890647445857712,163.10533361911243,113.43572285478236,0.02977716426740288,101.23907495290041,thyroid nodule,0.5625
5282,,,,,,,508,573,[],0.7073379465486466,0.5471947943858056,1.0,0.5471947943858056,1.0,0.7735973971929029,68.24954212300622,39.76038767135392,-0.4528052056141944,101.42547800205648,thyroid nodule,0.90234375
5286,,,,,,,360,504,[],0.9059354884597604,0.8280457677805226,0.9413199320079817,0.8731148889498218,0.9952412916836478,0.9341780903167348,31.11269837220809,8.632641468280305,-0.07245681381957773,102.15720091946423,thyroid nodule,0.69921875
5288,,,,,,,480,508,[],0.0,0.0,0.0,0.0,0.9872474028599484,0.4936237014299742,167.2154299100415,135.8186439328656,1.1200274348422496,103.9191938471049,thyroid nodule,0.4921875
529,,,,,,,581,770,[],0.0,0.0,0.0,0.0,0.9213735119273866,0.4606867559636933,251.67161117447716,142.43792260845126,-0.4115717211560343,102.75541199371219,thyroid nodule,0.55859375
5290,,,,,,,444,672,[],0.6914266799073154,0.5283820702215927,0.5283820702215927,1.0,0.9841000730011666,0.9920500365005833,41.110551281330444,13.416795053337058,0.8925698965913443,101.88709595240653,thyroid nodule,0.67578125
5292,,,,,,,482,507,[],0.0,0.0,0.0,0.0,0.9421591386438505,0.47107956932192524,198.08079159777205,112.77446136711328,-0.28201328283659916,101.16962320171297,thyroid nodule,0.54296875
5294,,,,,,,265,435,[],0.0,0.0,0.0,0.0,0.9695769055065537,0.48478845275327687,164.2202787694456,131.41975566354614,1.3932273669661368,103.63245895132422,thyroid nodule,0.55078125
5296,,,,,,,487,640,[],0.0,0.0,0.0,0.0,0.9577857284704611,0.47889286423523053,273.0368105639117,200.29024967453708,1.875803947660235,100.37629795260727,thyroid nodule,0.5546875
5298,,,,,,,325,417,[],0.21511147811725848,0.12051815868609762,0.14469542677281985,0.4190348525469169,0.9298987063242157,0.6744667794355663,87.48019405197957,43.424578700278204,1.8959785522788204,103.17725013010204,thyroid nodule,0.609375
53,,,,,,,576,1160,[],0.0,0.0,0.0,0.0,0.9705344288694617,0.48526721443473086,383.008485140222,275.55589768675804,2.145460409611353,105.35018984228373,thyroid nodule,0.71875
5300,,,,,,,462,510,[],0.4486185349695099,0.2891735817925947,0.7853189246178176,0.3139951522815892,0.992480682416152,0.6532379173488706,59.88988770539105,33.22609472914836,-0.6001686162925493,99.00010307319462,thyroid nodule,0.60546875
5302,,,,,,,480,513,[],0.033053477350910535,0.016804461621251408,0.16962962962962963,0.018310722567232603,0.9838875819874378,0.5010991522773351,149.913302826225,37.14189897855835,-0.8920546922892402,102.07868018187582,thyroid nodule,0.52734375
5304,,,,,,,506,811,[],0.0,0.0,0.0,0.0,0.9772226613704563,0.48861133068522816,191.11802572513722,139.30015408587892,0.3503746143675628,101.78738390095532,thyroid nodule,0.7578125
5306,,,,,,,480,616,[],0.024476767383655555,0.01239001747969271,0.885099685204617,0.012409978004840406,0.998629030743516,0.5055195043741783,260.7292647505696,119.27407778118746,-0.9859790052891371,103.09363878332078,thyroid nodule,0.373046875
5308,,,,,,,460,504,[],0.0,0.0,0.0,0.0,0.966879350603093,0.4834396753015465,111.99196380520516,72.60859428102762,0.7006096184240235,100.92234797775745,thyroid nodule,0.45703125
531,,,,,,,577,755,[],0.0,0.0,0.0,0.0,0.9640014420294667,0.48200072101473335,200.722815534054,132.47223909452063,0.08360105661454986,102.52639790996909,thyroid nodule,0.68359375
5310,,,,,,,352,507,[],0.0,0.0,0.0,0.0,0.9781122063902294,0.4890561031951147,160.29999999999995,121.8175702966564,0.07166853303471445,99.26462802104652,thyroid nodule,0.578125
5314,,,,,,,444,661,[],0.0,0.0,0.0,0.0,0.9850512295081967,0.49252561475409834,128.57312625042417,82.80191777898197,5.399122807017544,101.89374606125057,thyroid nodule,0.490234375
5318,,,,,,,502,689,[],0.0,0.0,0.0,0.0,0.9796907563422107,0.48984537817110535,219.97307121333185,95.48173076465368,-0.03316469926925239,102.5133179500699,thyroid nodule,0.52734375
5320,,,,,,,526,1000,[],0.0,0.0,0.0,0.0,0.9687679321144487,0.48438396605722434,151.7530683567444,73.21417646328156,0.9191499465748546,103.3752840012312,thyroid nodule,0.75
5322,,,,,,,548,815,[],0.0,0.0,0.0,0.0,0.9772861948887446,0.4886430974443723,278.0701224471423,181.72372266725404,-0.5825124755912345,100.82679707556963,thyroid nodule,0.7109375
5326,,,,,,,566,701,[],0.2453704616719585,0.1398417479656521,0.9695064935064935,0.14045954346697173,0.9977756304590841,0.5691175869630279,184.02025489082175,74.896954681869,-0.8551226377463856,104.58945599384606,thyroid nodule,0.58984375
533,,,,,,,587,743,[],0.4576503580693398,0.296722834840788,1.0,0.296722834840788,1.0,0.648361417420394,149.85659811966906,73.9784390675302,-0.703277165159212,105.01481406390667,thyroid nodule,0.734375
5330,,,,,,,482,506,[],0.0,0.0,0.0,0.0,0.979368060303421,0.4896840301517105,129.0705090686418,67.28696809559997,-0.6273253087384711,101.49249015375972,thyroid nodule,0.65625
5331,,,,,,,532,815,[],0.9122950103405085,0.838733865352686,0.8737864077669902,0.9543543177524529,0.9945777630755733,0.9744660404140131,15.650877017964266,6.049388185588099,0.09220549698336279,104.634297080338,thyroid nodule,0.6796875
5342,,,,,,,480,504,[],0.0,0.0,0.0,0.0,0.9732993786103468,0.4866496893051734,231.0024831627954,135.28688217888515,-0.7384883098340175,103.18622109480202,thyroid nodule,0.73828125
5346,,,,,,,480,504,[],0.0,0.0,0.0,0.0,0.9772928600956712,0.4886464300478356,251.45575778508461,119.46740353586445,-0.8808490858382398,102.7166519779712,thyroid nodule,0.6875
5348,,,,,,,480,508,[],0.0,0.0,0.0,0.0,0.9694044148271553,0.48470220741357767,138.0,92.28683480721797,0.9641711229946524,103.13936998136342,thyroid nodule,0.625
535,,,,,,,587,751,[],0.0,0.0,0.0,0.0,0.9718328043466566,0.4859164021733283,490.586586419769,239.8922240493152,-0.9515191170479377,104.96535315178335,thyroid nodule,0.60546875
5350,,,,,,,336,440,[],0.0,0.0,0.0,0.0,0.9620687266177081,0.4810343633088541,126.14852355898499,89.58485772010499,0.5642857142857143,102.83762402832508,thyroid nodule,0.734375
5354,,,,,,,351,408,[],0.0,0.0,0.0,0.0,0.9667473108274091,0.48337365541370453,223.6174188073523,132.3607198477084,-0.496562605657613,99.01360399089754,thyroid nodule,0.6953125
5356,,,,,,,438,642,[],0.0,0.0,0.0,0.0,0.9790730707648269,0.48953653538241343,228.0837530841387,182.1700796230215,0.281256915246736,103.73292095027864,thyroid nodule,0.6484375
5358,,,,,,,480,513,[],0.0,0.0,0.0,0.0,0.9246691366300399,0.46233456831501996,224.15323712372327,144.22137961078127,-0.3465859982713915,102.21836296841502,thyroid nodule,0.54296875
5360,,,,,,,489,635,[],0.0,0.0,0.0,0.0,0.9798230648125581,0.48991153240627905,111.6288493177279,65.07779681751582,-0.11230256484567454,103.17035997286439,thyroid nodule,0.671875
5362,,,,,,,440,504,[],0.7093313788852983,0.5495844303340044,0.7697758496023138,0.6576882683635016,0.9845115846925423,0.8210999265280219,89.04430443234783,25.239472211879928,-0.14561067523321183,100.51554092206061,thyroid nodule,0.439453125
5364,,,,,,,602,768,[],0.0,0.0,0.0,0.0,0.9750549129840407,0.48752745649202034,151.2930899076267,91.06897897777915,0.7185185185185186,103.46981487236917,thyroid nodule,0.56640625
5366,,,,,,,481,512,[],0.1127508854781582,0.05974350954019393,1.0,0.05974350954019393,1.0,0.529871754770097,195.48913013259843,85.12244897006858,-0.9402564904598061,101.5904110390693,thyroid nodule,0.53125
5370,,,,,,,566,800,[],0.3555581402111017,0.21621812780705166,0.9068861942374012,0.22112715534779426,0.9926622501848318,0.606894702766313,142.8355697996826,78.66642253757279,-0.7561687930052352,104.19466905295849,thyroid nodule,0.54296875
5374,,,,,,,340,413,[],0.21963800056269342,0.12336704593341762,1.0,0.12336704593341762,1.0,0.5616835229667088,125.91464645454852,69.90585792282941,-0.8766329540665824,99.56494299694896,thyroid nodule,0.51953125
5376,,,,,,,482,513,[],0.0,0.0,0.0,0.0,0.9447022700129349,0.47235113500646747,167.22768790289544,114.60439715011577,1.5318826868495743,102.03195898793638,thyroid nodule,0.4375
5378,,,,,,,480,616,[],0.79062364552321,0.6537449178632699,1.0,0.6537449178632699,1.0,0.826872458931635,91.21896731105782,27.64698012092699,-0.34625508213673006,103.83453220129013,thyroid nodule,0.82421875
538,,,,,,,502,750,[],0.0,0.0,0.0,0.0,0.9728852189922695,0.48644260949613477,322.0221252710827,234.92140027685846,-0.3829505300353357,105.28273903764784,thyroid nodule,0.64453125
5380,,,,,,,483,507,[],0.0,0.0,0.0,0.0,0.9460040709747722,0.4730020354873861,184.05569768567375,98.2531950982747,6.742334905660377,104.13570795208216,thyroid nodule,0.6015625
5383,,,,,,,352,435,[],0.0,0.0,0.0,0.0,0.9744806411738905,0.4872403205869453,215.14878166197994,181.30849879453444,0.4512471655328798,102.71328198723495,thyroid nodule,0.58984375
5385,,,,,,,483,616,[],0.22922397265983163,0.12944831481830163,0.9996970614965162,0.12945339285574184,0.9999706001681671,0.5647119965119545,139.85419080213308,49.81660500276029,-0.8705073788433928,102.10444987751544,thyroid nodule,0.73828125
5388,,,,,,,440,504,[],0.0,0.0,0.0,0.0,0.975040286299608,0.487520143149804,247.41381727675522,129.41858208452274,-0.8039372279678952,103.35170407779515,thyroid nodule,0.71484375
539,,,,,,,501,806,[],0.0,0.0,0.0,0.0,0.9784712288890561,0.48923561444452807,165.41946578202408,114.82937802974122,0.6138073739653875,102.09463001228869,thyroid nodule,0.734375
5390,,,,,,,487,640,[],0.8514809590973201,0.7413729583691514,0.8416283284539244,0.8615670044241472,0.9962714123010572,0.9289192083626022,23.0,6.550287070416069,0.023690595119166546,102.56527899764478,thyroid nodule,0.49609375
5394,,,,,,,480,504,[],0.0,0.0,0.0,0.0,0.9784682902812323,0.48923414514061614,117.19875392208033,69.9444601703828,-0.19654735508394044,103.2106711063534,thyroid nodule,0.6953125
5396,,,,,,,480,508,[],0.0,0.0,0.0,0.0,0.9490885043721463,0.47454425218607316,127.71529984632704,69.19515959268928,0.8803671437461108,101.14281298592687,thyroid nodule,0.5625
5398,,,,,,,480,508,[],0.0,0.0,0.0,0.0,0.981857598794945,0.4909287993974725,140.23884224066373,102.75638675322976,0.23898834896277352,102.19694208353758,thyroid nodule,0.71484375
5402,,,,,,,562,702,[],0.0,0.0,0.0,0.0,0.9811559426245218,0.4905779713122609,109.44473487143412,62.238173835999326,1.2993451824134705,102.88572497665882,thyroid nodule,0.73046875
5404,,,,,,,487,900,[],0.0,0.0,0.0,0.0,0.9885221789990241,0.49426108949951203,331.0368537666326,206.51907546051572,1.7740863787375416,105.18676694482565,thyroid nodule,0.478515625
5406,,,,,,,480,440,[],0.11435411103949912,0.06064453125,1.0,0.06064453125,1.0,0.530322265625,110.90983812634788,74.4160359427351,-0.93935546875,103.03030698560178,thyroid nodule,0.4453125
5408,,,,,,,368,496,[],0.0,0.0,0.0,0.0,0.9705366132786064,0.4852683066393032,155.34638647300636,112.73401540126197,5.891891891891892,100.6380629260093,thyroid nodule,0.5078125
541,,,,,,,587,751,[],0.4177403725370563,0.26401506129994445,0.9876957019814163,0.2648862692443362,0.9991783631861376,0.6320323162152369,68.63234266065041,26.525157926071724,-0.7318138889204966,102.00272803194821,thyroid nodule,0.7578125
5410,,,,,,,480,508,[],0.5490046861857653,0.37836420349463107,0.9498960498960499,0.3860691753041911,0.9965296444205514,0.6912994098623713,63.13476304934194,26.836927296926827,-0.5935669220369536,102.82056406140327,thyroid nodule,0.65625
5412,,,,,,,376,504,[],0.0,0.0,0.0,0.0,0.9623388263752403,0.48116941318762013,142.832055320142,88.53588094457348,0.622093023255814,100.85227689705789,thyroid nodule,0.75390625
5416,,,,,,,428,587,[],0.20996349075491696,0.11729564713932313,1.0,0.11729564713932313,1.0,0.5586478235696616,196.69926282162928,89.17627238510607,-0.8827043528606768,102.828832808882,thyroid nodule,0.58203125
5418,,,,,,,480,616,[],0.30975515297560136,0.18326052200124238,0.9995556542990447,0.18327545294375247,0.9999594914147117,0.5916174721792321,112.01092683965832,58.199126269890854,-0.8166430731940809,102.06145001575351,thyroid nodule,0.66796875
5420,,,,,,,493,815,[],0.0,0.0,0.0,0.0,0.9786980223187545,0.48934901115937723,125.73722512857128,78.47098674798002,0.8973324366733916,100.56534106843174,thyroid nodule,0.7109375
5424,,,,,,,482,507,[],0.0026893016219850406,0.0013464613313136414,0.006011647567161375,0.0017320703653585926,0.9765780282338568,0.4891550492996077,164.1607432021632,75.60648473707835,-0.7118809201623816,102.0601091440767,thyroid nodule,0.73828125
5426,,,,,,,570,896,[],0.0,0.0,0.0,0.0,0.9231152767876277,0.46155763839381386,254.5577511393645,167.074190954161,-0.34207867060893,100.99108004942536,thyroid nodule,0.58984375
5428,,,,,,,470,619,[],0.4007952831482243,0.25062162393895226,1.0,0.25062162393895226,1.0,0.6253108119694761,98.75550483481268,61.60656025794735,-0.7493783760610477,100.16493406146765,thyroid nodule,0.625
543,,,,,,,587,743,[],0.6979756840131459,0.5360696228504177,1.0,0.5360696228504177,1.0,0.7680348114252089,142.7678170143005,65.09867633718841,-0.4639303771495823,103.43347513116896,thyroid nodule,0.73046875
5430,,,,,,,483,506,[],0.0,0.0,0.0,0.0,0.9771807140228193,0.4885903570114096,234.17087777945403,114.21715004248063,-0.8165544788815741,104.06147595494986,thyroid nodule,0.625
5432,,,,,,,550,813,[],0.8478279914396205,0.7358519258760401,0.9996015995042127,0.7360678002933666,0.9999239682919617,0.8679958842926642,58.28159357866247,23.752619703914256,-0.263638833052643,103.3013821579516,thyroid nodule,0.828125
5434,,,,,,,327,391,[],0.5176096997690531,0.34917234664070107,0.9749864056552474,0.35232855177834543,0.9971640824882093,0.6747463171332774,64.45307691278173,29.37402823633845,-0.6386323442719591,100.50371009856462,thyroid nodule,0.59375
5436,,,,,,,480,440,[],0.0,0.0,0.0,0.0,0.9825605484199028,0.4912802742099514,296.49846969834687,144.34360172824327,-0.946480175702231,102.80334297567606,thyroid nodule,0.443359375
5438,,,,,,,267,435,[],0.0,0.0,0.0,0.0,0.9539272478681683,0.47696362393408415,95.31657168951025,54.83753052714858,0.02996179368590388,102.20213304273784,thyroid nodule,0.671875
5440,,,,,,,483,504,[],0.0,0.0,0.0,0.0,0.9779528559628947,0.48897642798144736,150.23065587518838,95.02168099477468,-0.29154757043691304,104.19691912829876,thyroid nodule,0.73046875
5442,,,,,,,443,544,[],0.0,0.0,0.0,0.0,0.9518849845746646,0.4759424922873323,187.40197380140847,118.23093456318234,0.35601840639379995,103.70383993722498,thyroid nodule,0.5859375
5444,,,,,,,362,504,[],0.0,0.0,0.0,0.0,0.9716098473773463,0.4858049236886732,127.49449799850841,65.88130081733891,-0.5755376814128345,100.02227197401226,thyroid nodule,0.765625
5446,,,,,,,546,695,[],0.9545454545454546,0.9130434782608695,0.9536114570361146,0.9554812834224599,0.9970786768618883,0.9762799801421741,7.810249675906654,3.400724792100023,0.00196078431372549,100.29851691797376,thyroid nodule,0.76171875
5448,,,,,,,666,727,[],0.0,0.0,0.0,0.0,0.843902840107366,0.421951420053683,362.4479028472625,205.24077171022162,-0.4507624540381134,104.31750095449388,thyroid nodule,0.62890625
545,,,,,,,534,521,[],0.11959199966963537,0.06359896344230853,1.0,0.06359896344230853,1.0,0.5317994817211542,262.71267492042523,106.39171240217364,-0.9364010365576915,102.97917714342475,thyroid nodule,0.46875
5450,,,,,,,420,486,[],0.3048049684027021,0.17980525114888968,1.0,0.17980525114888968,1.0,0.5899026255744448,142.0,56.56640907243331,-0.8201947488511103,103.4563749562949,thyroid nodule,0.62890625
5452,,,,,,,440,486,[],0.3939662821650399,0.24530386740331492,1.0,0.24530386740331492,1.0,0.6226519337016575,111.94416378520391,46.02224800625618,-0.7546961325966851,101.32148605771363,thyroid nodule,0.67578125
5454,,,,,,,495,768,[],0.9567089272975307,0.917010556621881,0.9964283852129934,0.9200346628794261,0.9995954131068434,0.9598150379931347,15.0,5.126484828890105,-0.07666754928628168,103.25477086007595,thyroid nodule,0.765625
5456,,,,,,,408,560,[],0.6193361065356375,0.44857847696849595,0.9765803838703997,0.4534565226278566,0.9970371690484412,0.7252468458381489,80.00624975587844,34.107835793346375,-0.5356690241609092,103.05243800394237,thyroid nodule,0.71875
5458,,,,,,,421,551,[],0.7796256568718141,0.6388414024449247,0.9368082489830669,0.6676104762867833,0.9933960771907624,0.8305032767387728,66.0,27.871896734547732,-0.28735632183908044,102.96974587254226,thyroid nodule,0.7265625
5460,,,,,,,408,485,[],0.0,0.0,0.0,0.0,0.9701781653200462,0.4850890826600231,194.87545581441847,89.03631514860517,-0.7718370201976043,101.99006786569953,thyroid nodule,0.58203125
5466,,,,,,,587,778,[],0.0,0.0,0.0,0.0,0.9737725207982443,0.48688626039912214,420.53507379022903,198.66643436389163,-0.9425829969692314,104.89628207869828,thyroid nodule,0.64453125
5468,,,,,,,586,858,[],0.0,0.0,0.0,0.0,0.9399173382522663,0.46995866912613316,251.7031418599432,141.57678306698025,-0.7495476973684211,106.0799341648817,thyroid nodule,0.44921875
547,,,,,,,583,746,[],0.26496737426500133,0.15271607596010203,1.0,0.15271607596010203,1.0,0.576358037980051,231.2016434617038,99.11191898398664,-0.8472839240398979,105.0111239310354,thyroid nodule,0.6328125
5472,,,,,,,547,813,[],0.9207478942157299,0.853135138009892,0.9954699183964753,0.8564602242391884,0.9996414987317404,0.9280508614854643,18.0,7.656783219831864,-0.13964228510411106,102.68470994196832,thyroid nodule,0.66796875
5475,,,,,,,580,857,[],0.9494520349538937,0.9037683823529412,0.9634528708602783,0.9358522889502237,0.9992333825914135,0.9675428357708186,8.270118263535652,2.723149667361509,-0.028647568287808126,105.01021496020257,thyroid nodule,0.64453125
5478,,,,,,,370,753,[],0.010109532490621187,0.005080446715881128,1.0,0.005080446715881128,1.0,0.5025402233579406,282.6119234422975,130.45310201963883,-0.9949195532841189,105.04490486346185,thyroid nodule,0.55078125
5480,,,,,,,458,743,[],0.5553154155610717,0.38438522951135334,1.0,0.38438522951135334,1.0,0.6921926147556767,107.89438705961575,47.175862597971665,-0.6156147704886467,103.08158793486655,thyroid nodule,0.69140625
5482,,,,,,,582,742,[],0.5134073441502989,0.3453584558823529,0.4596798858191457,0.5813563692625064,0.9610843515037594,0.7712203603831329,128.96585640350943,45.3699417175285,0.2646982980917999,104.81658997014165,thyroid nodule,0.578125
5484,,,,,,,587,753,[],0.041163828732021825,0.021014431597603172,1.0,0.021014431597603172,1.0,0.5105072157988015,130.83271579228258,89.60141389691117,-0.9789855684023968,106.14805505611002,thyroid nodule,0.47265625
5486,,,,,,,582,592,[],0.0,0.0,0.0,0.0,1.0,0.5,828.7593136731557,828.7593136731557,-1.0,101.98322799988091,thyroid nodule,0.439453125
5488,,,,,,,487,743,[],0.0,0.0,0.0,0.0,0.9800990681734341,0.49004953408671703,133.88054376943649,90.53594178174681,0.04976232917409388,103.84504194371402,thyroid nodule,0.7265625
549,,,,,,,589,744,[],0.9073148704105279,0.8303534530129565,1.0,0.8303534530129565,1.0,0.9151767265064783,120.0,29.835493353532527,-0.16964654698704354,101.3498769607395,thyroid nodule,0.8828125
5490,,,,,,,580,742,[],0.5135902391882097,0.34552399528627736,1.0,0.34552399528627736,1.0,0.6727619976431387,83.91899862237565,48.73286847209909,-0.6544760047137226,104.60941703058779,thyroid nodule,0.63671875
5492,,,,,,,589,745,[],0.9573451701543014,0.9181803438209536,0.977595510468379,0.9379167529509215,0.9987483721603241,0.9683325625556227,8.117443799179572,3.2808393695343505,-0.04058811348105198,101.76317417062819,thyroid nodule,0.8046875
5494,,,,,,,528,743,[],0.0032655897168664236,0.0016354652376644164,0.005076690429898466,0.0024069237466072617,0.9752908575368116,0.4888488906417094,158.4023357026517,77.79377592617742,-0.5258872330619143,104.61588692851365,thyroid nodule,0.69921875
5496,,,,,,,589,750,[],0.754401833092137,0.6056542576366365,1.0,0.6056542576366365,1.0,0.8028271288183182,136.02959236636073,71.2028451282311,-0.3943457423633635,103.40786492452025,thyroid nodule,0.80859375
5498,,,,,,,587,742,[],0.019230868645929725,0.00970878854154161,1.0,0.00970878854154161,1.0,0.5048543942707708,434.00489628392893,230.1161998126651,-0.9902912114584584,104.36916211619973,thyroid nodule,0.5625
55,,,,,,,586,858,[],0.0,0.0,0.0,0.0,0.9408415342739831,0.47042076713699155,256.4091876331268,145.52657805033067,-0.7321018197811864,105.5363139603287,thyroid nodule,0.44921875
5502,,,,,,,580,770,[],0.920479632916324,0.8526746330900633,0.989069259035304,0.8607861393353035,0.9988166991444987,0.9298014192399011,76.94152884089655,14.727919655121608,-0.12970084605108692,104.25103991292417,thyroid nodule,0.84375
5504,,,,,,,547,744,[],0.724363759094951,0.5678450767289454,0.9994268622499238,0.5680300500834724,0.9998963502325642,0.7839632001580183,113.8924914553269,49.663770288290166,-0.4316442037542245,103.83745282888412,thyroid nodule,0.73828125
5509,,,,,,,580,746,[],0.0014903612506074841,0.0007457363335711043,1.0,0.0007457363335711043,1.0,0.5003728681667855,191.9296419302426,129.4483997701231,-0.9992542636664289,103.89663302339613,thyroid nodule,0.44921875
551,,,,,,,589,745,[],0.0,0.0,0.0,0.0,0.972829875201711,0.4864149376008555,212.63936463039767,115.47538864200955,-0.4277238674644276,103.7756409496069,thyroid nodule,0.66015625
5512,,,,,,,391,743,[],0.12496136353600919,0.06664468726450641,0.22548004143096168,0.08643068747518554,0.9622880862784653,0.5243593868768254,187.03694457206578,82.70339392142037,-0.6166814280915005,105.11035704985261,thyroid nodule,0.62890625
5514,,,,,,,587,745,[],7.086921087133694e-05,3.543586109142452e-05,8.173941474579042e-05,6.255082254331645e-05,0.9709656134887783,0.48551408215566083,152.79819957712303,81.75559305100413,-0.23475323700506662,100.93584796413779,thyroid nodule,0.78515625
5516,,,,,,,528,743,[],0.8499287061720086,0.7390226247131482,0.9981071242849714,0.740059841451001,0.9997221085547813,0.8698909750028911,38.948684188300895,17.073105222294302,-0.25853666060026526,103.75832114368677,thyroid nodule,0.7890625
5518,,,,,,,583,746,[],0.8752428613482485,0.7781616415410385,0.9982349442664467,0.7792338105792848,0.9993894629264635,0.8893116367528742,74.53387704970775,23.42913515387571,-0.21938836638111783,105.18971714191139,thyroid nodule,0.81640625
5520,,,,,,,445,750,[],0.7762342594443334,0.6342997141690486,0.8682092555331992,0.7018796313030905,0.9963462706548821,0.8491129509789863,23.08679276123039,10.542976606720933,-0.1915778058919212,104.5288760215044,thyroid nodule,0.412109375
5522,,,,,,,580,747,[],0.9455252601687537,0.8966789098428963,0.9985563785725334,0.8978428160830733,0.9997720772983563,0.9488074466907148,18.0,7.063414744210784,-0.10085916494112557,104.15158816613257,thyroid nodule,0.8203125
5524,,,,,,,580,745,[],0.816321199108506,0.6896475619008208,0.9998600083994961,0.6897141595850348,0.9999805345761543,0.8448473470805946,61.0,26.349286703676402,-0.3101892727072067,104.60155713371933,thyroid nodule,0.6171875
5526,,,,,,,221,592,[],0.38234355772298434,0.2363564646550024,0.996673399073304,0.23654307063301847,0.9990651397282228,0.6178041051806206,107.32585024883662,41.12895617503449,-0.7626674185817003,102.36186510883272,thyroid nodule,0.69921875
553,,,,,,,582,766,[],0.0,0.0,0.0,0.0,0.9785659406996252,0.4892829703498126,272.73374813779105,134.4086157664581,-0.8701187648456057,104.34606205672026,thyroid nodule,0.62109375
5530,,,,,,,582,752,[],0.0,0.0,0.0,0.0,0.9790740786378709,0.48953703931893544,342.9334842692655,196.59940819986141,-0.894550923817803,104.78593013249338,thyroid nodule,0.486328125
5532,,,,,,,582,744,[],0.0,0.0,0.0,0.0,0.9795907548770144,0.4897953774385072,179.06562214806164,83.34791727594597,-0.5294444444444445,106.2291469424963,thyroid nodule,0.6953125
5534,,,,,,,580,743,[],0.7611521974657308,0.6144033156523888,0.9999381168971813,0.6144266783276613,0.9999947137914538,0.8072106960595575,64.0,24.183357091660582,-0.38553529668992526,105.49062304198742,thyroid nodule,0.6796875
5536,,,,,,,580,771,[],0.12091376735438907,0.06434710938419876,0.7578699209540979,0.0656977303327563,0.9952032439916922,0.5304504871622243,122.20065466273084,51.44612802100778,-0.9133126562800539,105.28545919805765,thyroid nodule,0.6328125
5545,,,,,,,587,750,[],0.8995034727498199,0.8173614822732942,0.989795368003193,0.8243078139317606,0.9971240606075346,0.9107159372696476,92.63766440573397,19.255477199101666,-0.1671937042959556,105.75017798691988,thyroid nodule,0.75390625
5546,,,,,,,581,770,[],0.0,0.0,0.0,0.0,0.9189629641236984,0.4594814820618492,261.9320518972181,139.1024775439101,-0.5187138403313117,103.28603303059936,thyroid nodule,0.55859375
5548,,,,,,,577,755,[],0.0,0.0,0.0,0.0,0.9641279557567092,0.4820639778783546,206.69913312352756,139.74667611599776,0.2123003194888179,104.76590902544558,thyroid nodule,0.68359375
5550,,,,,,,587,743,[],0.46183526415804144,0.3002508466072996,0.9996033154477316,0.30028662640098847,0.9999313335742681,0.6501089799876283,146.1801966039067,71.81337621997898,-0.6995942072616202,106.4134098123759,thyroid nodule,0.734375
5554,,,,,,,501,806,[],0.0,0.0,0.0,0.0,0.9781173079620962,0.4890586539810481,159.54217846212978,110.36600931395945,-0.2705552248958422,104.2941699270159,thyroid nodule,0.734375
5556,,,,,,,586,746,[],0.7670487285046826,0.6221241230194033,0.9999275991891109,0.6221521482065432,0.9999885176584061,0.8110703329324747,65.92988626534607,30.63846305393313,-0.3778028042119489,105.78499804250896,thyroid nodule,0.71875
5558,,,,,,,587,751,[],0.4178774392951989,0.2641245689013142,0.9780644066358352,0.2656984785615491,0.9985398656224493,0.6321191720919992,69.53120628326612,25.536503939692516,-0.7283425541724297,105.42302206158638,thyroid nodule,0.7578125
5560,,,,,,,588,746,[],0.5720961247728464,0.40065450812074893,1.0,0.40065450812074893,1.0,0.7003272540603744,131.3725617302066,70.42590682988433,-0.5993454918792511,104.90824305452406,thyroid nodule,0.58203125
5564,,,,,,,583,746,[],0.27004735345518727,0.15610100888862216,1.0,0.15610100888862216,1.0,0.578050504444311,221.396815252418,99.38643113527385,-0.8438989911113778,104.01394497603178,thyroid nodule,0.6328125
5568,,,,,,,582,766,[],0.0,0.0,0.0,0.0,0.9785836821340074,0.4892918410670037,272.99249036631215,143.31089125535408,-0.8694634984800981,101.24054388143122,thyroid nodule,0.62109375
557,,,,,,,612,674,[],0.0,0.0,0.0,0.0,0.9705358086980166,0.4852679043490083,135.555333374146,69.77589694699385,-0.23479795998430758,104.38099200837314,thyroid nodule,0.80078125
5572,,,,,,,585,746,[],0.0,0.0,0.0,0.0,0.9825779620254846,0.4912889810127423,336.85722938536816,154.02746801925255,-0.8909242159554114,105.29561899602413,thyroid nodule,0.7265625
5574,,,,,,,580,743,[],0.899211356466877,0.8168792090557386,0.9995049760222761,0.8172098317804292,0.9998463237765932,0.9085280777785112,82.27053612162722,21.20919269808042,-0.18238542940258864,102.9331258032471,thyroid nodule,0.8125
5578,,,,,,,541,806,[],0.6749110663933763,0.5093326563043621,0.995515530233413,0.5105039442805576,0.999260478325044,0.7548822113028009,74.99499888839479,23.893769488185647,-0.4871964034947174,104.4284631498158,thyroid nodule,0.8046875
5580,,,,,,,547,805,[],0.0,0.0,0.0,0.0,0.9534457829073845,0.47672289145369223,254.8012985522207,159.88707038217876,0.6293328973185088,105.76154803857207,thyroid nodule,0.73046875
5582,,,,,,,608,588,[],0.8925206124852768,0.8059026854559957,1.0,0.8059026854559957,1.0,0.9029513427279978,53.48831648126533,14.470506567647606,-0.19409731454400425,102.82737389206886,thyroid nodule,0.8359375
5584,,,,,,,584,660,[],0.5516217983341388,0.38085480553331136,1.0,0.38085480553331136,1.0,0.6904274027666557,115.26057435220423,46.78663527970733,-0.6191451944666887,102.27090283297002,thyroid nodule,0.75390625
5586,,,,,,,580,752,[],0.0,0.0,0.0,0.0,0.9741119554806731,0.48705597774033654,112.83876107562469,61.06368461458114,0.5773108050546643,102.83507406711578,thyroid nodule,0.625
5589,,,,,,,548,806,[],0.0,0.0,0.0,0.0,0.9677178842260739,0.4838589421130369,229.95125268912352,123.10159257166399,-0.23401634755346545,102.72894194349647,thyroid nodule,0.734375
559,,,,,,,581,749,[],0.7625785534163231,0.6162642125863268,0.9734556231158347,0.6267971705872677,0.997224737498631,0.8120109540429494,107.69888407100066,41.04499779123382,-0.35611120250041123,104.50575407594442,thyroid nodule,0.703125
5591,,,,,,,589,750,[],0.4609148954352895,0.29947330012374274,0.9849212146509444,0.30085265758227747,0.9992374770781388,0.6500450673302082,189.70160124974902,54.41095481894236,-0.6945413977209339,105.36932083778083,thyroid nodule,0.51171875
5593,,,,,,,588,747,[],0.508786071255844,0.34118918918918917,1.0,0.34118918918918917,1.0,0.6705945945945946,104.24389868175564,50.50475536813146,-0.6588108108108108,99.95708079077303,thyroid nodule,0.5234375
5597,,,,,,,471,743,[],0.0,0.0,0.0,0.0,0.9781443138755066,0.4890721569377533,206.5055683864606,118.58106219056425,-0.5235520229330901,103.64369885064662,thyroid nodule,0.63671875
5601,,,,,,,487,592,[],0.3511204979160047,0.21294491045114486,0.9931800158604283,0.21325674586507135,0.9993556861942031,0.6063062160296372,121.495884377283,62.33599611074154,-0.7852788593613422,104.4358229264617,thyroid nodule,0.52734375
5603,,,,,,,381,355,[],0.7195092823797633,0.5619012090278602,0.9939112177564488,0.5638420963076399,0.9973458848140159,0.7805939905608279,95.8861303233031,47.348769518028206,-0.432703760421984,100.50992108881474,thyroid nodule,0.7421875
5607,,,,,,,381,355,[],0.0,0.0,0.0,0.0,0.9667690808653083,0.48338454043265416,157.1133347911853,89.77352809566403,-0.47097823367525643,101.0931411292404,thyroid nodule,0.70703125
5609,,,,,,,512,676,[],0.0,0.0,0.0,0.0,0.9796418762009171,0.48982093810045857,236.46352500637045,191.43682844262503,0.01767825574543312,104.01200596243143,thyroid nodule,0.64453125
561,,,,,,,587,743,[],0.4461134901239827,0.2870952848156057,0.9993303646164663,0.28715052625502685,0.9999397951228028,0.6435451606889149,126.00714184512,52.44580379213304,-0.7126570587442997,104.00501498952508,thyroid nodule,0.61328125
5613,,,,,,,642,920,[],0.241616460794543,0.13740828175843808,0.8893293690122234,0.13979876663420968,0.9973910419282926,0.5685949042812511,24.03330444827408,8.697727516534835,-0.8428042843232717,104.96077290736139,thyroid nodule,0.7421875
5615,,,,,,,733,920,[],0.0,0.0,0.0,0.0,0.969231481536798,0.484615740768399,250.77759057984412,154.23397042301892,3.2811720698254363,104.22543995082378,thyroid nodule,0.8671875
5617,,,,,,,642,920,[],0.0,0.0,0.0,0.0,0.931114403586089,0.4655572017930445,280.75665578259867,170.98520780559346,3.9129423288845353,104.30565103888512,thyroid nodule,0.6171875
5621,,,,,,,733,920,[],0.0,0.0,0.0,0.0,0.964809105630294,0.482404552815147,460.8619559100823,245.86358828168122,-0.2963574097135741,107.21553396433592,thyroid nodule,0.5390625
5627,,,,,,,744,940,[],5.0389257010405384e-05,2.5195263290501386e-05,5.456728145803776e-05,4.6805523051720103e-05,0.9729717770780021,0.4865092913005269,181.91206666958627,97.89514650620326,-0.1422419845541774,103.76557195559144,thyroid nodule,0.73046875
563,,,,,,,586,746,[],0.7938330232123741,0.6581452141282983,1.0,0.6581452141282983,1.0,0.8290726070641492,55.962481610756406,26.91959319099056,-0.3418547858717017,103.49001595750451,thyroid nodule,0.71875
5632,,,,,,,446,432,[],0.0,0.0,0.0,0.0,0.9724651419746498,0.4862325709873249,256.9342178577097,127.99232985320137,-0.8686157625138543,103.16505981609225,thyroid nodule,0.70703125
5634,,,,,,,477,609,[],0.0,0.0,0.0,0.0,0.978397728225486,0.489198864112743,203.228423146723,118.78563413690723,-0.6335188620902906,103.97405503317714,thyroid nodule,0.6484375
5637,,,,,,,612,674,[],0.0,0.0,0.0,0.0,0.9706527708468643,0.48532638542343215,130.00384609695206,67.18378973578105,-0.14645175406607833,102.15459088794887,thyroid nodule,0.80078125
5639,,,,,,,580,745,[],0.0,0.0,0.0,0.0,0.9810204603386347,0.49051023016931733,236.91000134898619,114.26188107628325,-0.7975865885592419,103.93765405751765,thyroid nodule,0.56640625
5643,,,,,,,585,661,[],0.9171505614130202,0.846978840022135,0.9971768063785561,0.8490147392889218,0.9997391256984121,0.9243769324936669,66.40404598323993,15.08961926828353,-0.14858154155000264,103.47790597006679,thyroid nodule,0.83203125
5645,,,,,,,585,661,[],0.10484043532567316,0.05532010986298636,1.0,0.05532010986298636,1.0,0.5276600549314931,226.41101669097498,82.48320075867704,-0.9446798901370136,104.68883789144456,thyroid nodule,0.6484375
5647,,,,,,,581,744,[],0.7305790057133111,0.5755214456050785,1.0,0.5755214456050785,1.0,0.7877607228025392,81.80097492073627,29.999751443875475,-0.42447855439492155,104.81479112058878,thyroid nodule,0.73828125
5649,,,,,,,502,750,[],0.0,0.0,0.0,0.0,0.9728017355268465,0.48640086776342323,317.71842880135233,204.08365570636792,-0.4232379828959009,104.86782109364867,thyroid nodule,0.64453125
565,,,,,,,609,589,[],0.3945752485039953,0.24577623344620347,1.0,0.24577623344620347,1.0,0.6228881167231017,129.70928376936035,61.12704505827867,-0.7542237665537965,104.10129697993398,thyroid nodule,0.703125
5651,,,,,,,589,744,[],0.9113874205278124,0.8372008901180413,1.0,0.8372008901180413,1.0,0.9186004450590206,115.4756213235445,28.173176242033023,-0.16279910988195861,100.19278503023088,thyroid nodule,0.8828125
5658,,,,,,,482,507,[],0.0,0.0,0.0,0.0,0.9759237746958495,0.4879618873479247,82.25684637143613,41.789476820718164,-0.030727671787945297,104.56181596964598,thyroid nodule,0.7265625
5666,,,,,,,444,592,[],0.4343512185723919,0.27742570602350336,0.9981184283342557,0.277570870140663,0.999926202145347,0.638748536143005,69.0,35.89727399442239,-0.721905875834898,104.34701200574636,thyroid nodule,0.63671875
5668,,,,,,,480,504,[],0.0,0.0,0.0,0.0,0.9766228530713268,0.4883114265356634,265.724008836708,122.94205839760488,-0.8255805819809737,103.1145490705967,thyroid nodule,0.5
567,,,,,,,585,746,[],0.0,0.0,0.0,0.0,0.9825254881055507,0.49126274405277537,335.5428385208921,157.01072820819752,-0.8929370458071364,101.98163916356862,thyroid nodule,0.7265625
5670,,,,,,,404,504,[],0.0,0.0,0.0,0.0,0.9760122470837505,0.4880061235418752,275.42376407360587,136.2612599518177,-0.87049025769956,102.96019585803151,thyroid nodule,0.69921875
5672,,,,,,,480,504,[],0.0,0.0,0.0,0.0,0.9795083175095048,0.4897541587547524,151.6762528233399,107.58919209674976,0.10387843048310275,102.84233395941556,thyroid nodule,0.75
5674,,,,,,,480,508,[],0.8186590172891542,0.6929912948677712,0.9987144999642916,0.693609985946929,0.9997054893512585,0.8466577376490938,92.35420702087902,28.878268346737563,-0.30549723071835994,103.13813993707299,thyroid nodule,0.8203125
5678,,,,,,,314,435,[],0.0,0.0,0.0,0.0,0.9457450931223926,0.4728725465611963,178.12691976457944,71.82652561515083,0.4311485267588695,101.27340513281524,thyroid nodule,0.67578125
5680,,,,,,,525,812,[],0.8493710886672037,0.73817985998923,0.746921428311962,0.9843929528916124,0.9828150128757905,0.9836039828837015,35.465475161076625,11.206969306195802,0.3179337418613558,105.30358995310962,thyroid nodule,0.6796875
5686,,,,,,,502,488,[],0.9506156494108301,0.9058793843048196,0.9924437891632879,0.9121707461675277,0.999648323748011,0.9559095349577693,8.0,2.792342472815413,-0.08088422122469721,103.09930797666311,thyroid nodule,0.77734375
5688,,,,,,,504,448,[],0.0,0.0,0.0,0.0,0.9536945675889767,0.4768472837944884,162.21405564717273,106.62155846286308,0.0075597218022376775,104.82854093424976,thyroid nodule,0.453125
569,,,,,,,587,744,[],0.0,0.0,0.0,0.0,0.9806795487813506,0.4903397743906753,335.538373364359,166.4548720946353,-0.8973695620754444,104.67979800887406,thyroid nodule,0.65234375
5690,,,,,,,338,450,[],0.0,0.0,0.0,0.0,0.9667046165677707,0.48335230828388537,178.2867984913067,79.20831674036152,-0.7731778725152807,103.57652814127505,thyroid nodule,0.625
5694,,,,,,,347,504,[],0.0,0.0,0.0,0.0,0.9763201924393715,0.48816009621968576,126.50242604859463,75.28154518982221,-0.42686266032569536,102.83568408340216,thyroid nodule,0.484375
5696,,,,,,,480,504,[],0.0,0.0,0.0,0.0,0.9796495360277966,0.4898247680138983,180.0,136.9540787078219,0.9760746147607462,101.87893616966903,thyroid nodule,0.79296875
5698,,,,,,,480,504,[],0.0,0.0,0.0,0.0,0.9860380463237677,0.49301902316188384,163.24593347666365,124.69366442371923,1.6540284360189574,102.67914086580276,thyroid nodule,0.71484375
57,,,,,,,564,712,[],0.0,0.0,0.0,0.0,1.0,0.5,906.912344165631,906.912344165631,-1.0,105.0488050095737,thyroid nodule,0.4375
5702,,,,,,,480,508,[],0.0,0.0,0.0,0.0,0.982058187611425,0.4910290938057125,107.031536777562,56.08710709500061,-0.35235052487448654,102.57274913601577,thyroid nodule,0.70703125
5704,,,,,,,480,616,[],0.001319983710839313,0.0006604277323440969,0.002761943938414527,0.0008672226732600192,0.9297261930397045,0.46529670785648225,307.5008933060888,116.0204631197754,-0.6860100376411543,103.15038985572755,thyroid nodule,0.53515625
5706,,,,,,,483,504,[],0.0,0.0,0.0,0.0,0.9845874924809341,0.49229374624046707,141.49249666335277,103.80344985139196,-0.35753112396984044,101.74460289999843,thyroid nodule,0.625
5708,,,,,,,394,504,[],0.007059861744374172,0.0035424354243542436,1.0,0.0035424354243542436,1.0,0.5017712177121771,84.64632301523794,48.29942027253157,-0.9964575645756457,102.15889196842909,thyroid nodule,0.5234375
5710,,,,,,,791,784,[],0.0,0.0,0.0,0.0,0.9593284430797225,0.47966422153986127,456.12739431337366,231.9332496103215,-0.8432156948706707,105.02199386246502,thyroid nodule,0.70703125
5715,,,,,,,566,912,[],0.0,0.0,0.0,0.0,0.9703213366331713,0.48516066831658566,142.66007892526815,78.52740526543462,0.13648473776356854,101.74268390983343,thyroid nodule,0.66796875
5718,,,,,,,483,507,[],0.20590852464851397,0.11477036008332507,1.0,0.11477036008332507,1.0,0.5573851800416625,93.6695865382818,50.281143762976555,-0.8852296399166749,103.2546921633184,thyroid nodule,0.59375
5720,,,,,,,482,504,[],0.6005383029291864,0.42912092855857475,0.7902323847396545,0.484286149471974,0.9751198805125383,0.7297030149922561,77.0,31.77204991270705,-0.3871598294069862,103.97558496333659,thyroid nodule,0.62890625
5724,,,,,,,480,504,[],0.18386226623458912,0.10123806295978788,1.0,0.10123806295978788,1.0,0.550619031479894,118.82465614485098,73.92775434416134,-0.8987619370402121,104.36407197266817,thyroid nodule,0.7421875
5726,,,,,,,481,437,[],0.9090571812827528,0.833276653630335,0.990550305725403,0.8399537215580409,0.9989992507759821,0.9194764861670115,56.60962799958609,15.08412603970148,-0.15203325191755582,100.5231209564954,thyroid nodule,0.66015625
573,,,,,,,580,743,[],0.890395864133479,0.8024446154737374,1.0,0.8024446154737374,1.0,0.9012223077368686,90.534788566522,23.299867361165102,-0.19755538452626265,102.53421892412007,thyroid nodule,0.8125
5730,,,,,,,431,504,[],0.000974794596852806,0.0004876349703935911,0.0025257081003066933,0.0006039428842586601,0.9715063156104575,0.4860551292473581,185.13886653530625,86.56321887834649,-0.7608817566110176,103.11781009659171,thyroid nodule,0.73828125
5732,,,,,,,480,508,[],0.0,0.0,0.0,0.0,0.982957473282027,0.4914787366410135,218.1063930014984,176.56459831022005,-0.20902197161189967,103.20096998475492,thyroid nodule,0.74609375
5734,,,,,,,480,504,[],0.0,0.0,0.0,0.0,0.9821761725528876,0.4910880862764438,203.0630279526384,93.78424887072656,-0.8580217173776081,102.12660115212202,thyroid nodule,0.56640625
5736,,,,,,,482,504,[],0.004561778122876832,0.0022861034096989153,0.01050514081358963,0.0029134639226382347,0.9804802553836929,0.49169685965316556,148.10130005786036,72.25718218058013,-0.7226630300024796,103.15842996351421,thyroid nodule,0.734375
5738,,,,,,,482,504,[],0.0,0.0,0.0,0.0,0.9762622890428937,0.48813114452144685,262.0158727071225,134.69207393707345,-0.799906843147149,103.15679991617799,thyroid nodule,0.62890625
5740,,,,,,,483,614,[],0.0,0.0,0.0,0.0,0.9821902479098559,0.49109512395492794,221.0,171.95572091547717,5.850455136540963,103.12474891543388,thyroid nodule,0.6953125
5742,,,,,,,481,504,[],0.0,0.0,0.0,0.0,0.982243368343867,0.4911216841719335,220.9273594858073,191.68612822723097,0.7750937109537692,101.88551689498127,thyroid nodule,0.578125
5744,,,,,,,223,368,[],0.0,0.0,0.0,0.0,0.9980958107837242,0.4990479053918621,188.01063799689632,106.74596190295857,-0.9891144213455557,99.23602710478008,thyroid nodule,0.48828125
5746,,,,,,,343,504,[],0.0,0.0,0.0,0.0,0.9752684711046087,0.48763423555230434,74.13329543937468,41.21870389426104,1.1161742613920882,103.09738898649812,thyroid nodule,0.6796875
5748,,,,,,,480,504,[],0.0,0.0,0.0,0.0,0.981076814244798,0.490538407122399,186.27023379560868,107.38370930824482,-0.5651268834258525,102.86589409224689,thyroid nodule,0.59375
575,,,,,,,547,805,[],0.0,0.0,0.0,0.0,0.9533949433630471,0.47669747168152354,257.38900087924003,161.9794828723355,0.5694149145602015,101.39734693802893,thyroid nodule,0.73046875
5751,,,,,,,343,504,[],0.0,0.0,0.0,0.0,0.9703649677626397,0.48518248388131985,168.0252956553707,124.10768095181645,2.4156018829858774,102.16036112979054,thyroid nodule,0.671875
5753,,,,,,,480,618,[],0.31324984213849716,0.18571205740134145,0.29730809568995653,0.33099805393383375,0.949507455455671,0.6402527546947523,130.61852627293825,41.53076044514757,0.11331665276619406,103.51980687119067,thyroid nodule,0.62890625
5755,,,,,,,483,507,[],0.0,0.0,0.0,0.0,0.9494516570704796,0.4747258285352398,186.96791168540125,108.10440393548565,-0.45140367860600195,103.34115289151669,thyroid nodule,0.6953125
5757,,,,,,,338,504,[],0.8576884755895051,0.7508358773077483,0.9745283018867924,0.7658659549228944,0.999174856975209,0.8825204059490517,17.0,6.417593766633286,-0.21411625148279953,102.80260303989053,thyroid nodule,0.56640625
5759,,,,,,,480,504,[],0.0,0.0,0.0,0.0,0.9760969598099105,0.48804847990495526,162.41670928851332,78.66001052895383,-0.670052625137682,102.66631096601486,thyroid nodule,0.71484375
5761,,,,,,,480,508,[],0.0,0.0,0.0,0.0,0.9784842241635253,0.48924211208176266,199.42040589802315,100.67573968739403,-0.7779273841582319,100.51857098005712,thyroid nodule,0.67578125
5763,,,,,,,483,506,[],0.0,0.0,0.0,0.0,0.9803081450705444,0.4901540725352722,161.95993176149767,86.64772505360554,-0.6588693957115009,103.55015681125224,thyroid nodule,0.69921875
5765,,,,,,,663,727,[],0.08053828117035376,0.0419587847886127,0.5709592641261498,0.04332479135298986,0.991446430816951,0.5173856110849705,160.80111939908875,32.754817922952725,-0.9241192952367657,101.04013094678521,thyroid nodule,0.671875
5767,,,,,,,371,504,[],0.0,0.0,0.0,0.0,0.9593127187527118,0.4796563593763559,161.0,99.4927450852989,-0.5022294571448793,101.09466197900474,thyroid nodule,0.55859375
5769,,,,,,,340,504,[],0.0,0.0,0.0,0.0,0.9618378106954557,0.48091890534772785,269.46094336043325,150.1045130715494,-0.7655592146400434,103.22213103063405,thyroid nodule,0.58203125
577,,,,,,,608,588,[],0.8768116441424367,0.7806452404619029,0.9994187051263923,0.7809998526739675,0.9998659672815267,0.890432909977747,41.98451942035996,16.87870674941829,-0.21854589205912683,103.55931799858809,thyroid nodule,0.8359375
5773,,,,,,,480,508,[],0.0,0.0,0.0,0.0,0.9736779602398443,0.48683898011992216,163.86028430949878,111.40351579397304,0.6403531550246689,100.85093695670366,thyroid nodule,0.61328125
5777,,,,,,,480,508,[],0.007143638152859277,0.0035846227001719157,0.052815952573430344,0.0038308934190723763,0.9817570337923053,0.49279396360568883,242.97036029343556,130.15090395743766,-0.9274671149072572,102.4915580637753,thyroid nodule,0.51953125
5781,,,,,,,550,817,[],0.005005872585152484,0.002509216702125932,0.9420731707317073,0.0025096039049111894,0.9999417576320493,0.5012256807684803,305.5854924118115,146.37001157382045,-0.9973360838808709,99.40653992816806,thyroid nodule,0.57421875
5783,,,,,,,480,508,[],0.9184643510054845,0.8492224475997295,0.9873104997192589,0.85859375,0.9995162671232877,0.9290550085616438,13.420129483206237,4.245569044553723,-0.13037109375,102.75925206951797,thyroid nodule,0.64453125
5785,,,,,,,480,616,[],0.07347325660121869,0.03813767800160254,1.0,0.03813767800160254,1.0,0.5190688390008013,273.3506903207423,127.96240852711638,-0.9618623219983975,103.53805706836283,thyroid nodule,0.515625
5787,,,,,,,273,459,[],0.0035617012361198407,0.001784027704900829,0.007115948095437421,0.0023752969121140144,0.9572585658555044,0.4798169313838092,126.04542762273441,53.98068614696606,-0.6662009221740953,100.51414091140032,thyroid nodule,0.71875
5789,,,,,,,483,507,[],0.0,0.0,0.0,0.0,0.981927314315805,0.4909636571579025,160.65117488117204,118.32081586028583,1.4311012728278916,100.90467915870249,thyroid nodule,0.66796875
579,,,,,,,584,660,[],0.5548534255024496,0.38394266387502013,0.9828286368040239,0.3865355460611121,0.9968217388484241,0.6916786424547681,117.37418678690075,45.254091375318275,-0.6067111482241158,102.75531210936606,thyroid nodule,0.75390625
5791,,,,,,,483,504,[],0.2238999972344368,0.1260627199402074,1.0,0.1260627199402074,1.0,0.5630313599701037,71.01548988557548,40.75493794259393,-0.8739372800597925,102.00027911923826,thyroid nodule,0.546875
5793,,,,,,,483,504,[],0.7150611145639113,0.5564942602863407,1.0,0.5564942602863407,1.0,0.7782471301431704,56.86079463881768,28.719598615389593,-0.44350573971365925,101.00766993127763,thyroid nodule,0.74609375
5795,,,,,,,480,508,[],0.0116773709233464,0.0058729759207987245,0.013639906469212782,0.010208546011375236,0.9786398180460202,0.4944241820286977,75.75283914617748,38.21810803406367,-0.25156774099460405,102.21675201319158,thyroid nodule,0.796875
5797,,,,,,,480,508,[],0.0,0.0,0.0,0.0,0.9819628232603482,0.4909814116301741,121.1744428471786,81.13302833327995,4.998632010943912,100.05623288452625,thyroid nodule,0.734375
5799,,,,,,,493,685,[],0.7959380294791862,0.6610440732837908,0.9969346001803177,0.6623904448560922,0.9990357682004206,0.8307131065282565,117.19272724337986,34.86384330808971,-0.3355728201867161,103.35044306702912,thyroid nodule,0.8046875
5803,,,,,,,483,506,[],0.0,0.0,0.0,0.0,0.9822328654956323,0.49111643274781613,252.3751172143915,216.61001431218824,2.1633699633699632,100.95462901517749,thyroid nodule,0.47265625
5805,,,,,,,483,507,[],0.0,0.0,0.0,0.0,0.9749804984193455,0.48749024920967277,97.0,49.44950311039694,3.64836003051106,103.0960080679506,thyroid nodule,0.68359375
5809,,,,,,,480,504,[],0.0,0.0,0.0,0.0,0.9804815151451098,0.4902407575725549,175.68835933510283,139.18274680949898,-0.1410232558139535,104.3995728250593,thyroid nodule,0.734375
5811,,,,,,,374,504,[],0.9608289785162356,0.9246110203730766,0.9899222309143619,0.9333969714062568,0.9986763292615851,0.9660366503339209,9.0,4.078799380298986,-0.05710070725040135,103.03084715269506,thyroid nodule,0.75390625
5813,,,,,,,480,504,[],0.0,0.0,0.0,0.0,0.9793662262135363,0.48968311310676815,183.0,84.91250612309223,-0.7147496782891108,103.38531411252916,thyroid nodule,0.75
5815,,,,,,,480,504,[],0.0,0.0,0.0,0.0,0.9626311033217405,0.48131555166087026,354.2181447664361,163.3300256950342,-0.8850088480660656,103.95599389448762,thyroid nodule,0.625
5817,,,,,,,397,504,[],0.0,0.0,0.0,0.0,0.965247435284112,0.482623717642056,155.6426962402705,103.33615151062101,-0.45325305234989127,103.82143198512495,thyroid nodule,0.734375
582,,,,,,,580,752,[],0.0,0.0,0.0,0.0,0.974213032063677,0.4871065160318385,116.48540585219446,63.65364799248166,1.072188024622272,104.50266487896442,thyroid nodule,0.625
5821,,,,,,,480,508,[],0.0,0.0,0.0,0.0,0.9791619460040115,0.48958097300200576,132.57261456871578,95.27058043175253,-0.10133912414042708,103.643479058519,thyroid nodule,0.69140625
5824,,,,,,,487,614,[],0.0,0.0,0.0,0.0,0.8263994028463386,0.4131997014231693,292.7008709299167,176.2634610928252,2.2861237003465744,103.94674399867654,thyroid nodule,0.6875
583,,,,,,,587,752,[],0.0,0.0,0.0,0.0,0.9764279445643033,0.48821397228215163,258.726462374662,186.3447005263065,1.6637396694214877,104.71051884815097,thyroid nodule,0.74609375
5830,,,,,,,457,680,[],0.0,0.0,0.0,0.0,0.9364543696791254,0.4682271848395627,329.9737019383712,247.2649076638405,3.791984263584952,104.88948202691972,thyroid nodule,0.72265625
5832,,,,,,,443,544,[],0.013969474112125355,0.007033866765909937,0.04028132992327366,0.008449948584968928,0.9794030874785592,0.4939265180317641,152.9477034806342,74.5572801347959,-0.790226673223946,103.77953108400106,thyroid nodule,0.6328125
5834,,,,,,,480,504,[],0.0,0.0,0.0,0.0,0.9815947307385664,0.4907973653692832,245.62827350217646,143.22942122025393,-0.8080593348450491,103.68505981750786,thyroid nodule,0.50390625
5836,,,,,,,536,812,[],0.858234104695574,0.751672569854388,0.979810193836796,0.7634982725637438,0.9986232193678802,0.881060745965812,73.292205647512,27.17179994174942,-0.22076920880564202,103.77378109842539,thyroid nodule,0.6796875
5838,,,,,,,453,559,[],0.1800274066461117,0.09891764705882353,0.9448606532813905,0.09949196932883153,0.9991694352159468,0.5493307022723892,52.795813624009895,18.108790515844817,-0.8947019658578145,103.08667807839811,thyroid nodule,0.6015625
5840,,,,,,,480,587,[],0.0,0.0,0.0,0.0,0.980224922996108,0.490112461498054,336.71002414060075,154.07463792503046,-0.9427682952111118,101.52072901837528,thyroid nodule,0.64453125
5842,,,,,,,502,923,[],0.0,0.0,0.0,0.0,0.9809396176797816,0.4904698088398908,469.4965254571912,238.8802424855571,-0.8889281820057171,105.43397185392678,thyroid nodule,0.671875
5844,,,,,,,483,615,[],0.685785536159601,0.5218216318785579,0.5218216318785579,1.0,0.9923006416131989,0.9961503208065994,20.0,9.948005921721931,0.9163636363636364,103.48314605653286,thyroid nodule,0.6484375
5846,,,,,,,487,616,[],0.0,0.0,0.0,0.0,0.9809422777757065,0.49047113888785326,140.32622301480706,93.30413156580141,0.1380287391216353,103.80130191333592,thyroid nodule,0.74609375
5848,,,,,,,480,504,[],0.0013726835964310226,0.0006868131868131869,1.0,0.0006868131868131869,1.0,0.5003434065934066,168.98816360833396,110.64003362461578,-0.9993131868131868,103.80456200800836,thyroid nodule,0.486328125
5850,,,,,,,604,654,[],0.6068486861648977,0.4355942388586272,0.9918343926553672,0.43716197813314656,0.9994616051732467,0.7183117916531966,162.0382454702846,35.95944096296511,-0.5592389401190615,103.37949404492974,thyroid nodule,0.65234375
5854,,,,,,,487,640,[],0.0,0.0,0.0,0.0,0.9496475229595136,0.4748237614797568,278.10025136980323,192.31914176326814,5.38155737704918,103.888473007828,thyroid nodule,0.7734375
5856,,,,,,,441,504,[],0.0,0.0,0.0,0.0,0.9769401639589206,0.4884700819794603,217.53126156224513,92.50413126849884,-0.7844707196722838,103.15514006651938,thyroid nodule,0.734375
5858,,,,,,,480,504,[],0.0,0.0,0.0,0.0,0.9845515323404598,0.4922757661702299,221.63134863715516,168.71119937743072,-0.39658883921179006,103.44980587251484,thyroid nodule,0.703125
5860,,,,,,,480,504,[],0.0,0.0,0.0,0.0,0.9805144716101553,0.49025723580507763,92.63206648032237,60.160782324026506,0.3735224586288416,102.23117214627564,thyroid nodule,0.6953125
5864,,,,,,,567,862,[],0.8204176020795706,0.6955152972153058,0.9846440581824075,0.7031421792720328,0.9991655511325607,0.8511538652022967,64.47480127925948,13.764951582179195,-0.2858920201377235,102.33708494342864,thyroid nodule,0.72265625
5866,,,,,,,480,504,[],0.0,0.0,0.0,0.0,0.9782525173629436,0.4891262586814718,100.52660036579795,65.17355382816547,0.016979269496544915,103.95536385476589,thyroid nodule,0.7890625
5869,,,,,,,483,507,[],0.0,0.0,0.0,0.0,0.9803368567777907,0.49016842838889535,224.08257406590099,107.39086351632983,-0.8572970056649581,103.23114204220474,thyroid nodule,0.61328125
587,,,,,,,548,806,[],0.0,0.0,0.0,0.0,0.9671501388952247,0.48357506944761236,249.51807585321353,124.30158865312198,-0.4567832612061778,101.27017484046519,thyroid nodule,0.734375
5871,,,,,,,482,507,[],0.0,0.0,0.0,0.0,0.9181415469948145,0.45907077349740727,211.54703894393452,149.25263532010132,4.622184203022527,103.45128504559398,thyroid nodule,0.62109375
5873,,,,,,,623,496,[],0.793457524408035,0.6576291680230666,0.9856415975465254,0.6639902333662018,0.9992840037398639,0.8316371185530329,45.0,15.84021254557163,-0.32633704277597786,103.5755779594183,thyroid nodule,0.6015625
5875,,,,,,,344,504,[],0.0,0.0,0.0,0.0,0.97733087069923,0.488665435349615,162.0,80.74389614797678,-0.7229678206496873,103.69288991205394,thyroid nodule,0.625
5877,,,,,,,419,504,[],0.0,0.0,0.0,0.0,0.9689689890251905,0.48448449451259523,137.87313008704777,62.886150130419885,-0.4630319840513132,102.3395648226142,thyroid nodule,0.703125
5883,,,,,,,352,435,[],0.0,0.0,0.0,0.0,0.9661708163096394,0.4830854081548197,161.7930777258409,78.0573184569467,-0.7776129000346244,102.87828487344086,thyroid nodule,0.61328125
5885,,,,,,,480,813,[],0.0,0.0,0.0,0.0,0.9711213612452371,0.48556068062261853,230.37577997697588,162.1472938827698,7.626728110599078,103.43629494309425,thyroid nodule,0.78515625
5887,,,,,,,338,434,[],0.0,0.0,0.0,0.0,0.9656024308992778,0.4828012154496389,260.3774318921943,142.1473412910138,-0.8690737524982799,103.40627399273217,thyroid nodule,0.458984375
5889,,,,,,,488,640,[],0.9631463403241627,0.9289125146409587,0.9707183880990491,0.9556915090841676,0.9989686003475585,0.977330054715863,5.0,1.969523201987789,-0.015480163144234334,102.84472396597266,thyroid nodule,0.71484375
5893,,,,,,,444,553,[],0.0,0.0,0.0,0.0,0.9838154396540106,0.4919077198270053,235.0,192.40739066639398,4.923766816143497,103.30592305399477,thyroid nodule,0.53125
5895,,,,,,,434,504,[],0.0,0.0,0.0,0.0,0.9533953104792607,0.47669765523963037,177.18521331225108,110.50737701170792,0.8681442524417731,103.03648700937629,thyroid nodule,0.5078125
5899,,,,,,,488,634,[],0.0,0.0,0.0,0.0,0.9546255131638393,0.47731275658191963,220.65658079145146,152.62547131695288,2.5231316725978647,104.19972892850637,thyroid nodule,0.70703125
59,,,,,,,442,812,[],0.040420503626436316,0.020627131331614406,0.23641563393708293,0.022099447513812154,0.9926115644543381,0.5073555059840751,74.0,37.229097817025526,-0.9065229014435929,101.85501491650939,thyroid nodule,0.5078125
5901,,,,,,,495,720,[],0.0,0.0,0.0,0.0,0.9863679633014047,0.4931839816507024,82.15229759416349,41.30692356010623,1.0268794624107518,103.51443593390286,thyroid nodule,0.69140625
5903,,,,,,,483,506,[],0.0,0.0,0.0,0.0,0.9823368223560778,0.4911684111780389,89.54774925239522,52.566045529066784,2.18,101.2479851488024,thyroid nodule,0.7890625
5905,,,,,,,280,436,[],0.0,0.0,0.0,0.0,0.9695805343816276,0.4847902671908138,162.67513248306452,107.734874188175,-0.6348918947704761,103.8541030138731,thyroid nodule,0.59765625
5907,,,,,,,483,507,[],0.1865156609449655,0.10284933645589384,0.20956357490804256,0.1680350737345556,0.9657780111562565,0.5669065424454061,102.53480620667818,50.11619597334565,-0.1981666002391391,103.59250707551837,thyroid nodule,0.4609375
5910,,,,,,,480,508,[],0.0,0.0,0.0,0.0,0.9755564980410765,0.48777824902053823,186.97459200203758,136.14321773836696,0.021407264432356552,103.80345187149942,thyroid nodule,0.68359375
5912,,,,,,,291,437,[],0.0,0.0,0.0,0.0,0.9675832980310537,0.48379164901552685,199.29608666073887,103.3215597941904,-0.8105591733491201,103.03261806257069,thyroid nodule,0.5390625
5914,,,,,,,434,504,[],0.0,0.0,0.0,0.0,0.9779264717646118,0.4889632358823059,168.79439512764995,112.16850548070933,-0.24569866538028623,102.22836281172931,thyroid nodule,0.73046875
5918,,,,,,,483,507,[],0.0,0.0,0.0,0.0,0.9549729501371975,0.47748647506859876,272.2127741698063,209.27163270889255,9.240671641791044,102.41730487905443,thyroid nodule,0.6171875
592,,,,,,,580,746,[],0.0,0.0,0.0,0.0,0.9765397312952728,0.4882698656476364,208.3937648714723,113.27383169919408,-0.4951860525631017,104.50155404396355,thyroid nodule,0.63671875
5922,,,,,,,426,504,[],0.0,0.0,0.0,0.0,0.9723715874401401,0.48618579372007004,135.83412197983242,74.58140769039103,-0.2200136147038802,103.83258201181889,thyroid nodule,0.609375
5924,,,,,,,480,504,[],0.939177142341285,0.8853289081780275,0.9869556968029599,0.8958109097171395,0.9987425294819678,0.9472767195995537,14.37523228449513,5.383033513142367,-0.09234942093253541,109.07786898314953,thyroid nodule,0.76171875
5926,,,,,,,585,759,[],0.0,0.0,0.0,0.0,0.9667794139155023,0.48338970695775113,322.03911952090965,256.6158613201782,0.07934831799668125,104.43042311817408,thyroid nodule,0.62109375
5928,,,,,,,480,616,[],0.0,0.0,0.0,0.0,0.9435838605924539,0.47179193029622696,198.38093572943728,133.12749632052632,0.3933599860942117,102.42962697520852,thyroid nodule,0.64453125
593,,,,,,,458,750,[],0.0,0.0,0.0,0.0,0.9693162084150758,0.4846581042075379,159.37628346338917,91.50986410219407,0.709144932320898,103.85109297931194,thyroid nodule,0.79296875
5930,,,,,,,557,816,[],0.0,0.0,0.0,0.0,0.9838968373909303,0.49194841869546513,230.0,173.32215567936652,4.853247794707298,105.08260503411293,thyroid nodule,0.62109375
5932,,,,,,,482,507,[],0.0,0.0,0.0,0.0,0.9754100420512992,0.4877050210256496,121.20931922340223,78.02954881599577,0.04503381986472054,100.87673808448017,thyroid nodule,0.7421875
5934,,,,,,,480,508,[],0.0,0.0,0.0,0.0,0.9842740002314471,0.49213700011572353,124.41662546558952,86.24314936382278,1.0196390658174097,103.63877797499299,thyroid nodule,0.6640625
5940,,,,,,,487,613,[],0.0,0.0,0.0,0.0,0.9764385438972163,0.48821927194860815,134.4610637343587,84.84122003159594,0.033203125,101.3325760141015,thyroid nodule,0.62109375
5944,,,,,,,579,1024,[],0.0,0.0,0.0,0.0,0.984132825239586,0.492066412619793,192.98484059054067,94.07920766386661,-0.5336989390600174,105.36572989076376,thyroid nodule,0.65234375
5946,,,,,,,480,440,[],0.9634645877378436,0.9295047485499395,0.971746518291464,0.9553226334752702,0.9978360170464695,0.9765793252608699,5.991547594742253,2.3746616958562203,-0.016901408450704224,104.18658913113177,thyroid nodule,0.796875
5948,,,,,,,481,514,[],0.0,0.0,0.0,0.0,0.9852466462277158,0.4926233231138579,78.13577067461274,43.050302320126015,4.631578947368421,104.44180411286652,thyroid nodule,0.72265625
595,,,,,,,588,747,[],0.5027081513339158,0.3357449329479561,0.9876425855513308,0.33716129730119526,0.9993902550245332,0.6682757761628642,102.5499875499868,50.97052275758184,-0.6586201301627936,104.39310292713344,thyroid nodule,0.5234375
5950,,,,,,,480,504,[],0.0,0.0,0.0,0.0,0.9757812075544243,0.48789060377721216,104.80338412280804,59.66147902361013,1.1925841846386682,103.81835093721747,thyroid nodule,0.796875
5952,,,,,,,456,608,[],0.051771158680582005,0.026573448448448448,0.03789872853000223,0.08166306176399904,0.8318105777892163,0.4567368197766077,265.0,128.36836641290006,1.1547704878634943,105.92815093696117,thyroid nodule,0.72265625
5956,,,,,,,393,504,[],0.0,0.0,0.0,0.0,0.9820290090108353,0.49101450450541767,110.900854150492,72.34105020622661,3.702917771883289,102.51002805307508,thyroid nodule,0.65625
5958,,,,,,,488,640,[],0.0,0.0,0.0,0.0,0.965767885740432,0.482883942870216,174.6326232758277,118.93718749944479,0.6494488188976378,102.69683110527694,thyroid nodule,0.7578125
5960,,,,,,,424,504,[],0.45709414661867775,0.29625537139349295,1.0,0.29625537139349295,1.0,0.6481276856967465,54.22956846634353,18.558851990074817,-0.7037446286065071,100.7669260725379,thyroid nodule,0.578125
5963,,,,,,,344,434,[],0.9330980650177947,0.874586533609912,0.9934407438069158,0.8796661779632344,0.9992170991623721,0.9394416385628033,14.142135623730951,4.614531906227803,-0.11452576970790572,102.12816088460386,thyroid nodule,0.8515625
5965,,,,,,,453,504,[],0.0,0.0,0.0,0.0,0.9768601019814034,0.4884300509907017,197.57201211648862,114.18161352301429,2.270573566084788,103.30456192605197,thyroid nodule,0.640625
5967,,,,,,,407,476,[],0.0,0.0,0.0,0.0,0.9703344443417411,0.48516722217087055,199.51064189664504,136.05497120312094,-0.44411614875191036,103.05491788312793,thyroid nodule,0.671875
5969,,,,,,,351,454,[],0.0,0.0,0.0,0.0,0.9191981273946986,0.4595990636973493,136.4734406395618,80.95838595033761,0.9273237679351216,103.6583490204066,thyroid nodule,0.56640625
597,,,,,,,535,750,[],0.6293482835112947,0.4591598842655232,1.0,0.4591598842655232,1.0,0.7295799421327616,139.4094649573602,43.52487307693298,-0.5408401157344768,104.7920910641551,thyroid nodule,0.62109375
5972,,,,,,,481,506,[],0.0,0.0,0.0,0.0,0.9742799068427949,0.48713995342139743,179.35244594873285,95.1725880335734,-0.7973145546758128,104.86974101513624,thyroid nodule,0.53515625
5974,,,,,,,480,504,[],0.0,0.0,0.0,0.0,0.9668273332767501,0.48341366663837504,141.14476411173447,75.54087225118387,-0.588837827362826,105.27202906087041,thyroid nodule,0.546875
5976,,,,,,,452,504,[],0.9424161350072031,0.8911029812407566,0.9883449883449883,0.9005663939584645,0.9993723732658906,0.9499693836121775,8.578996658352583,3.0649421971214386,-0.08881371932032725,103.40559505857527,thyroid nodule,0.7109375
5978,,,,,,,487,615,[],0.0,0.0,0.0,0.0,0.9801321110443194,0.4900660555221597,135.28931011114784,94.64983297766662,-0.13450379407826216,103.34021295420825,thyroid nodule,0.5625
5981,,,,,,,471,784,[],0.0,0.0,0.0,0.0,0.9684641580591596,0.4842320790295798,208.96859760131088,113.14413430303102,-0.1970044431704171,103.90520398505032,thyroid nodule,0.6953125
5985,,,,,,,330,449,[],0.0,0.0,0.0,0.0,0.9701470054570727,0.48507350272853633,86.71793125390892,47.996115582574674,1.0556341348420557,103.22210099548101,thyroid nodule,0.72265625
5988,,,,,,,604,822,[],0.0,0.0,0.0,0.0,0.9818858034015661,0.49094290170078303,357.1376296597762,298.26485250837055,0.34536082474226804,104.7627900261432,thyroid nodule,0.7578125
5990,,,,,,,565,864,[],0.44377443590592097,0.2851607415691401,1.0,0.2851607415691401,1.0,0.6425803707845701,185.0,80.08233503640668,-0.7148392584308598,105.39311193861067,thyroid nodule,0.54296875
5996,,,,,,,444,544,[],0.0,0.0,0.0,0.0,0.98256630931979,0.491283154659895,97.984548495075,58.490697121370566,1.4407472270869819,104.04549585655332,thyroid nodule,0.703125
5998,,,,,,,480,508,[],0.0,0.0,0.0,0.0,0.9801479358284736,0.4900739679142368,176.14766532656628,81.65886009503873,-0.8672488256990637,104.22133980318904,thyroid nodule,0.52734375
6,,,,,,,600,542,[],0.9606839788170739,0.924342509147165,0.9979718175431155,0.9260821964990835,0.9993727117302906,0.9627274541146871,14.866068747318506,5.687991962942329,-0.07203572263294503,103.5312470048666,thyroid nodule,0.83984375
6000,,,,,,,547,815,[],0.0,0.0,0.0,0.0,0.9793922378046803,0.48969611890234016,250.09897736736878,169.22321047531022,-0.3701055016639524,105.45597318559885,thyroid nodule,0.6875
6002,,,,,,,427,504,[],0.0,0.0,0.0,0.0,0.9821600591079562,0.4910800295539781,94.08820089984188,59.83204286944065,1.8010279001468428,103.76421106047928,thyroid nodule,0.7109375
6006,,,,,,,480,504,[],0.0,0.0,0.0,0.0,0.9791586940537566,0.4895793470268783,202.00247523235947,132.63894789959522,-0.4817705549021704,100.4380090162158,thyroid nodule,0.75390625
6008,,,,,,,483,506,[],0.0,0.0,0.0,0.0,0.98010062010062,0.49005031005031,227.40118964481255,119.00036105385342,-0.8616020570907789,102.90289483964443,thyroid nodule,0.68359375
601,,,,,,,582,745,[],0.3228539208405534,0.19250196798740488,0.999659342531085,0.19251459686413436,0.9999824629090527,0.5962485298865935,99.29525101727526,40.92165560765286,-0.8074197992521157,101.99234914034605,thyroid nodule,0.67578125
6010,,,,,,,408,504,[],0.0,0.0,0.0,0.0,0.9765448804691024,0.4882724402345512,188.88964891902643,149.51707837131218,0.218018018018018,102.6815208606422,thyroid nodule,0.62890625
6012,,,,,,,480,507,[],0.0,0.0,0.0,0.0,0.9873521045471411,0.49367605227357053,224.9460783489554,178.60921068412057,2.883544303797468,101.997178979218,thyroid nodule,0.6953125
6014,,,,,,,469,815,[],0.008410370473343991,0.004222943496318012,0.011502994581233958,0.006628321007943029,0.971432496291005,0.48903040864947406,170.1409138145069,78.99509801835869,-0.42377430840865515,103.33992401137948,thyroid nodule,0.72265625
6016,,,,,,,400,504,[],0.5002992220227409,0.33359936153232245,0.956157072054899,0.3387815750371471,0.9994078178344671,0.6690946964358071,84.13081957707426,23.937003372504336,-0.6456841820883426,101.46384895779192,thyroid nodule,0.77734375
6018,,,,,,,352,504,[],0.0,0.0,0.0,0.0,0.9697880778432255,0.48489403892161276,118.0,78.06620422710888,-0.19910063575748177,102.4145360570401,thyroid nodule,0.7734375
6020,,,,,,,481,508,[],0.00021328783192918843,0.00010665529010238908,0.00906344410876133,0.0001079136690647482,0.9984853242699079,0.4992966189694863,182.46753103239942,83.89847967764688,-0.9880935251798562,101.69414291158319,thyroid nodule,0.453125
6023,,,,,,,319,504,[],0.0,0.0,0.0,0.0,0.9657451923076923,0.48287259615384615,114.59493747749114,65.68414285783226,4.3023255813953485,102.89475508034229,thyroid nodule,0.7109375
6025,,,,,,,336,504,[],0.0,0.0,0.0,0.0,0.9695762076389057,0.48478810381945286,92.98652983375383,47.78649055404301,0.26407035175879395,103.91422407701612,thyroid nodule,0.578125
6027,,,,,,,564,1125,[],0.0,0.0,0.0,0.0,0.9618566998510423,0.48092834992552114,209.22570909471892,107.64942544702566,7.676989557075982,105.51510285586119,thyroid nodule,0.734375
6029,,,,,,,416,464,[],0.3043429062846539,0.17948375730720978,1.0,0.17948375730720978,1.0,0.5897418786536048,113.30064622939828,39.600082785465,-0.8205162426927902,103.7599709816277,thyroid nodule,0.51953125
603,,,,,,,487,592,[],0.11751551002741308,0.06242575205978157,0.08612212529738303,0.18492450902486093,0.9381527397627865,0.5615386243938237,217.64466064480447,94.09248297816517,1.1472357815870133,103.01267704926431,thyroid nodule,0.52734375
6031,,,,,,,483,507,[],0.0,0.0,0.0,0.0,0.9790879687924351,0.48954398439621755,210.57820970810388,164.61620011697508,1.7278582930756843,100.9022081270814,thyroid nodule,0.78125
6033,,,,,,,539,815,[],0.0,0.0,0.0,0.0,0.9753544696646991,0.48767723483234954,325.1771767688816,187.49047201176631,-0.6442375263527759,104.3340521864593,thyroid nodule,0.66015625
6035,,,,,,,480,504,[],0.8823688151876189,0.7894991005782859,1.0,0.7894991005782859,1.0,0.8947495502891429,32.98560275469422,17.441250256111662,-0.2105008994217141,102.4884469807148,thyroid nodule,0.8828125
6043,,,,,,,528,815,[],0.0,0.0,0.0,0.0,0.981463152177775,0.4907315760888875,310.77333930386686,156.1818657408578,-0.7987546150878934,101.9483981654048,thyroid nodule,0.66796875
6045,,,,,,,483,509,[],0.0,0.0,0.0,0.0,0.9752113305445563,0.48760566527227817,107.04857673857313,67.27802531358897,0.4387608069164265,103.70455984957516,thyroid nodule,0.7734375
6049,,,,,,,483,615,[],0.0,0.0,0.0,0.0,0.9774655097207252,0.4887327548603626,208.34700984973625,118.35368880570768,-0.6818505700325733,102.91684605181217,thyroid nodule,0.76171875
605,,,,,,,547,809,[],0.0013786863703927103,0.000689818707021061,0.0028401526582053785,0.0009102804801729533,0.9724205818312145,0.4866654311556937,281.31241903833813,119.35091930890314,-0.6794959321841042,103.85360289365053,thyroid nodule,0.59375
6051,,,,,,,517,815,[],0.0,0.0,0.0,0.0,0.9820085456308416,0.4910042728154208,221.67960216908747,134.6166056245572,-0.5993483543185333,104.36074179597199,thyroid nodule,0.6640625
6053,,,,,,,377,504,[],0.0,0.0,0.0,0.0,0.9685023749958672,0.4842511874979336,215.6213409355545,164.1826060038951,-0.33020857745488635,104.7350091394037,thyroid nodule,0.68359375
6057,,,,,,,557,816,[],0.0,0.0,0.0,0.0,0.9752481983228188,0.4876240991614094,220.50655486235746,149.2340628629846,-0.1935126348455741,103.99233503267169,thyroid nodule,0.7265625
6059,,,,,,,525,815,[],0.0,0.0,0.0,0.0,0.9797784607534413,0.48988923037672066,112.53621579259821,58.72935556550318,0.8755477651183172,104.42879400216043,thyroid nodule,0.8046875
6061,,,,,,,347,439,[],0.5789944287777702,0.4074540174249758,0.8573174457684082,0.43709434550080484,0.9894720230849001,0.7132831842928524,119.77247730624003,28.05413916635137,-0.49016044446752166,104.77651981636882,thyroid nodule,0.6171875
6063,,,,,,,480,504,[],0.0008245258976088749,0.00041243297964080837,0.002031394275161588,0.0005172332722057648,0.9755090572074705,0.48801314523983813,169.95587662684687,76.52124131473649,-0.7453801664550712,103.82049297913909,thyroid nodule,0.6484375
6065,,,,,,,475,700,[],0.7764916342207724,0.6346435021931711,0.9645751633986928,0.6497886579781613,0.9991561417930898,0.8244723998856256,36.36961423719624,9.29267424728366,-0.3263473053892216,102.5915399659425,thyroid nodule,0.76171875
6067,,,,,,,483,506,[],0.8293370944992948,0.708433734939759,0.7160253287871408,0.985254691689008,0.9902193515916621,0.9877370216403351,61.0,13.094388376629292,0.3760053619302949,103.91083406284451,thyroid nodule,0.57421875
6069,,,,,,,287,506,[],0.0,0.0,0.0,0.0,0.9762476894639557,0.48812384473197784,160.64370455037462,112.69309549997818,-0.2676457693993862,103.93434390425682,thyroid nodule,0.58203125
6071,,,,,,,446,812,[],0.0,0.0,0.0,0.0,0.979272041495148,0.489636020747574,135.0540617750571,84.21418150652582,0.39803439803439805,103.21968095377088,thyroid nodule,0.7421875
6073,,,,,,,437,505,[],0.4044168872788073,0.25346024538270095,1.0,0.25346024538270095,1.0,0.6267301226913504,65.29547312732313,32.48477824511717,-0.746539754617299,104.8325109295547,thyroid nodule,0.56640625
6077,,,,,,,480,616,[],0.0017267257295416208,0.0008641089043099093,0.011185682326621925,0.0009355748747769014,0.974598150342169,0.48776686260847296,371.4905113048861,176.32351460420193,-0.916359606194945,104.30773114785552,thyroid nodule,0.64453125
6079,,,,,,,523,816,[],0.0,0.0,0.0,0.0,0.9557909466239078,0.4778954733119539,181.33808202994197,95.07385171449417,1.3185973700688791,104.6718480065465,thyroid nodule,0.78515625
6081,,,,,,,549,815,[],0.000625229863920559,0.0003127126906167798,0.0016319477776711145,0.00038668880649637196,0.9742237379545544,0.4873052133805254,260.0,126.65273866265105,-0.7630507472192526,104.69113779254258,thyroid nodule,0.703125
6083,,,,,,,480,508,[],0.0,0.0,0.0,0.0,0.9712781194708906,0.4856390597354453,122.3685430486651,69.7621839166597,0.05541795665634675,104.58722594194114,thyroid nodule,0.72265625
6089,,,,,,,478,505,[],0.008146067415730337,0.004089691157805669,0.006730099791134834,0.01031661330487371,0.9820604495785463,0.49618853144171,68.9756704823207,37.50714629412717,0.5329064389896834,103.69367990642786,thyroid nodule,0.7421875
609,,,,,,,326,384,[],0.34601501357610603,0.20920081888060565,0.9847272727272727,0.20988180585157915,0.9991547510037332,0.6045182784276562,91.28249005297359,33.34950589993224,-0.7868630110443713,103.67093910463154,thyroid nodule,0.58203125
6095,,,,,,,538,826,[],0.4343366616530453,0.27741382902382,0.8647712512628085,0.28999395039322445,0.9953506027593702,0.6426722765762973,77.46612162745726,22.016721252189864,-0.6646581972171809,106.74387589097023,thyroid nodule,0.65625
6099,,,,,,,537,487,[],0.9252907867778728,0.8609685070101174,1.0,0.8609685070101174,1.0,0.9304842535050587,23.07703317701223,10.21674099562239,-0.13903149298988263,103.21629117242992,thyroid nodule,0.86328125
61,,,,,,,547,813,[],0.0,0.0,0.0,0.0,0.9606785145616108,0.4803392572808054,270.99583355222023,129.71861771744307,-0.7232835119553234,103.76330092549324,thyroid nodule,0.62890625
6103,,,,,,,565,698,[],0.05097494121773471,0.026154071743738086,1.0,0.026154071743738086,1.0,0.513077035871869,266.3893553979054,139.66745381711345,-0.9738459282562619,106.67985607869923,thyroid nodule,0.51953125
6105,,,,,,,574,781,[],0.0,0.0,0.0,0.0,0.9888309282942783,0.49441546414713916,247.01942757107145,130.68812015102594,-0.781056114711154,108.2029331009835,thyroid nodule,0.64453125
6107,,,,,,,501,699,[],0.0,0.0,0.0,0.0,0.9763559325148189,0.48817796625740945,400.1913164128724,191.60823744217532,-0.9175973360655738,104.94214296340942,thyroid nodule,0.734375
611,,,,,,,479,502,[],0.003064144445288561,0.00153442306960701,1.0,0.00153442306960701,1.0,0.5007672115348035,205.10216950406664,125.54008232732026,-0.998465576930393,103.5536671988666,thyroid nodule,0.478515625
6111,,,,,,,559,960,[],0.0,0.0,0.0,0.0,0.9643636493721753,0.48218182468608767,214.62684548245556,133.75059980763726,-0.4643305251837247,104.28109019994736,thyroid nodule,0.58984375
6113,,,,,,,501,699,[],0.0,0.0,0.0,0.0,0.9798402915754438,0.4899201457877219,296.07599751063617,145.1361072513738,-0.8132637810274594,104.73069897852838,thyroid nodule,0.66796875
6115,,,,,,,501,699,[],0.0,0.0,0.0,0.0,0.9852171733841885,0.49260858669209423,221.16642091407624,112.65316088542977,-0.7896499238964992,103.45748485997319,thyroid nodule,0.65625
6117,,,,,,,566,781,[],0.14845924201791227,0.08018146042850896,1.0,0.08018146042850896,1.0,0.5400907302142545,312.20126585858293,165.3985936065626,-0.9198185395714911,103.55857713147998,thyroid nodule,0.65234375
6119,,,,,,,551,1024,[],0.4278690208856208,0.2721586347256194,0.9362795477903392,0.27729477789403595,0.9980612087347237,0.6376779933143798,118.0,41.58494041110512,-0.7038333491867212,105.38751189596951,thyroid nodule,0.55859375
6123,,,,,,,579,1024,[],0.9503776320630181,0.9054471980536886,0.9794225222278391,0.923005786826213,0.997346254364587,0.9601760205954,72.94240082848222,16.926464085406746,-0.0576020401014446,105.88590987026691,thyroid nodule,0.79296875
6125,,,,,,,549,1024,[],0.5238443489654752,0.35487067274941686,0.9920364706561255,0.3558844840078667,0.99973145011102,0.6778079670594434,94.21761480445845,41.50464037194918,-0.6412586688748577,105.10988580062985,thyroid nodule,0.66015625
6127,,,,,,,549,1024,[],0.0,0.0,0.0,0.0,0.9370256142672121,0.46851280713360605,215.7739519264746,122.82004342648057,0.32205312781190093,104.09072693437338,thyroid nodule,0.6484375
6129,,,,,,,578,1024,[],0.5663903786770681,0.39507992291123456,0.9987581199847153,0.39527410207939506,0.9999770083229871,0.6976255552011911,36.153129978905525,11.215236082207564,-0.6042344045368621,106.04494297876954,thyroid nodule,0.69140625
6131,,,,,,,549,1024,[],0.38072255151001977,0.23511878823795995,0.6131642347379427,0.2760688483657723,0.9834214858322862,0.6297451670990293,57.220188459768224,25.089450559529695,-0.5497636151531896,106.20580613613129,thyroid nodule,0.59765625
6133,,,,,,,579,1024,[],0.0,0.0,0.0,0.0,0.9801569640977246,0.4900784820488623,260.0572873600906,166.99003020056065,-0.6676545427331237,106.07609315775335,thyroid nodule,0.5703125
6141,,,,,,,550,1024,[],0.0,0.0,0.0,0.0,0.940732548549149,0.4703662742745745,178.19203123305235,93.5893701150404,0.06386271870794077,105.56280496530235,thyroid nodule,0.61328125
6145,,,,,,,579,1024,[],0.7926856935432642,0.6565694527961515,0.9516978391138551,0.6792027370276295,0.9976006379055914,0.8384016874666105,58.0,18.34062408165977,-0.2863252293815769,104.64532813057303,thyroid nodule,0.56640625
6149,,,,,,,585,859,[],0.08665789587463944,0.04529137559237116,1.0,0.04529137559237116,1.0,0.5226456877961856,322.9340468779404,172.4940283688274,-0.9547086244076288,108.44308696687222,thyroid nodule,0.71875
615,,,,,,,579,1024,[],0.1875538723623752,0.10348107427989395,1.0,0.10348107427989395,1.0,0.551740537139947,203.5313243704762,128.54601945709706,-0.896518925720106,107.88411693647504,thyroid nodule,0.48828125
6151,,,,,,,566,796,[],0.5481720019285174,0.37757365380518554,0.9751755833899731,0.3812379795525863,0.9979354192687023,0.6895866994106443,113.12028496709574,47.27658734243536,-0.6090570907986639,105.46171199530363,thyroid nodule,0.69921875
6153,,,,,,,664,758,[],0.8395818693354543,0.7235166765747141,0.9999754735144615,0.7235295161533616,0.9999856068511389,0.8617575615022502,93.38361083476276,35.755128501706636,-0.27645273777517504,104.67018792405725,thyroid nodule,0.81640625
6155,,,,,,,574,796,[],0.0,0.0,0.0,0.0,0.9582718250099806,0.4791359125049903,237.4721036248258,142.55232638534844,-0.31034218198557617,104.25925999879837,thyroid nodule,0.7890625
6157,,,,,,,574,832,[],0.038041150853521145,0.019389372447883087,1.0,0.019389372447883087,1.0,0.5096946862239415,263.1665816617898,139.79047115694686,-0.9806106275521169,106.79298802278936,thyroid nodule,0.51171875
6159,,,,,,,580,858,[],0.39873925017928924,0.24901581470971237,0.9877582706317927,0.24978669747283697,0.9988773244176463,0.6243320109452416,128.69343417595164,54.44803176282464,-0.7471175844338234,105.5947351269424,thyroid nodule,0.71484375
6161,,,,,,,477,609,[],0.0,0.0,0.0,0.0,0.9721029241513239,0.48605146207566197,203.2060529267183,110.87824229952972,-0.6712581965409496,104.11306703463197,thyroid nodule,0.71875
6163,,,,,,,478,505,[],0.0,0.0,0.0,0.0,0.9727960836362937,0.48639804181814683,213.00692474358232,125.36203443286331,-0.8308414568506668,108.54158899746835,thyroid nodule,0.7109375
6165,,,,,,,478,503,[],0.0,0.0,0.0,0.0,0.971373291272345,0.4856866456361725,144.7204139342379,96.58475319185939,1.5357675111773472,101.73267312347889,thyroid nodule,0.83203125
6169,,,,,,,478,503,[],0.07866353093828563,0.040942090157015026,1.0,0.040942090157015026,1.0,0.5204710450785075,235.7439271701459,121.86654210317985,-0.959057909842985,103.82448299787939,thyroid nodule,0.609375
6171,,,,,,,478,505,[],0.0,0.0,0.0,0.0,0.9694213294202357,0.48471066471011787,252.74271792332112,127.37361564030155,-0.6943887775551102,103.4047738648951,thyroid nodule,0.76953125
6173,,,,,,,478,503,[],0.8346477196637155,0.7162192358029814,0.975224931542574,0.72949247325812,0.9972815330246045,0.8633870031413623,45.45327270945405,15.724367751536112,-0.2519751601261501,102.91216499172151,thyroid nodule,0.6171875
6175,,,,,,,478,503,[],0.9538061039658484,0.9116915206459134,0.999599351330726,0.9120247876340343,0.9998852371219656,0.955955012378,13.0,6.382820141039178,-0.08760966439214594,101.68977291323245,thyroid nodule,0.8671875
6177,,,,,,,478,505,[],0.4951150614440706,0.3290052606408417,1.0,0.3290052606408417,1.0,0.6645026303204209,76.5140465766867,32.327195881731896,-0.6709947393591583,102.12906007654965,thyroid nodule,0.58203125
6179,,,,,,,548,813,[],0.0,0.0,0.0,0.0,0.9786393116957729,0.48931965584788645,226.17711779374935,152.89926796063645,-0.2355709685409958,107.2564059868455,thyroid nodule,0.7421875
6183,,,,,,,477,609,[],0.25097749907783107,0.14349586637421968,0.9978490418459132,0.14354026609659362,0.9999568529312549,0.5717485595139242,76.79192665899195,34.64078975410965,-0.8561503192596551,103.01138693466783,thyroid nodule,0.5859375
6185,,,,,,,478,503,[],0.0,0.0,0.0,0.0,0.9792681923128571,0.48963409615642856,203.2182316795771,129.57450911375653,-0.5004696795741572,104.02448615059257,thyroid nodule,0.55078125
6187,,,,,,,566,832,[],0.0,0.0,0.0,0.0,0.970585376915352,0.485292688457676,249.0135530690427,118.11069214256612,-0.6719145202085377,104.22794008627534,thyroid nodule,0.6953125
6189,,,,,,,545,797,[],0.29279743030103367,0.17150714010034734,0.996133154001345,0.17162139981268887,0.99979141096876,0.5857064053907244,200.2236242439159,83.7797606381981,-0.8277123905340298,105.70758581161499,thyroid nodule,0.56640625
619,,,,,,,479,616,[],0.8266647748770337,0.7045427062759483,1.0,0.7045427062759483,1.0,0.8522713531379742,34.45647691829634,13.113409212065651,-0.2954572937240518,104.47296383790672,thyroid nodule,0.80078125
6191,,,,,,,567,798,[],0.9237306100629511,0.858270818346864,0.999750615978533,0.8584546069706288,0.9999255329606009,0.9291900699656148,126.86133912086957,43.29842376554212,-0.1413312547645764,101.77947394549847,thyroid nodule,0.85546875
6193,,,,,,,574,796,[],0.0,0.0,0.0,0.0,0.9794189958299186,0.4897094979149593,227.7672862314437,125.33070056093226,-0.40135651257737387,104.44926400668919,thyroid nodule,0.7265625
6195,,,,,,,502,804,[],0.0,0.0,0.0,0.0,0.9590441377271464,0.4795220688635732,212.03773249117714,116.05588217313885,2.656229031536569,103.02057699300349,thyroid nodule,0.71875
6197,,,,,,,501,699,[],0.0,0.0,0.0,0.0,0.9785516254719875,0.48927581273599374,166.44037883128064,111.06409305493571,4.3132102272727275,105.91321089304984,thyroid nodule,0.75390625
6199,,,,,,,456,699,[],0.0,0.0,0.0,0.0,0.9678053813002313,0.48390269065011565,308.7632579721361,208.4424380069946,-0.470179089763952,103.91933401115239,thyroid nodule,0.73828125
6201,,,,,,,415,839,[],0.0,0.0,0.0,0.0,0.960611422107492,0.480305711053746,201.8836298465034,124.3553025002166,2.9765739385065886,104.74991891533136,thyroid nodule,0.7578125
6203,,,,,,,501,699,[],0.10253676833481394,0.05403886969911357,1.0,0.05403886969911357,1.0,0.5270194348495568,183.8495307055104,127.59180319823932,-0.9459611303008865,104.34696194715798,thyroid nodule,0.5234375
6205,,,,,,,534,551,[],0.8702059771946253,0.7702341839566738,0.9992604054146109,0.7706735315750762,0.999527938582325,0.8851007350787006,139.0,44.10599316462396,-0.22875606058331707,104.29415106773376,thyroid nodule,0.8515625
6207,,,,,,,455,606,[],0.004908046308860467,0.0024600601991201666,0.013886619833360562,0.0029807827184738394,0.9755839070602798,0.4892823448893768,197.43353311937665,87.58612456046565,-0.7853485762379016,102.91430493816733,thyroid nodule,0.6171875
6209,,,,,,,533,553,[],0.04324904813043054,0.022102479668712267,0.995058400718778,0.022104905991776776,0.9999434578118174,0.5110241819017971,212.14602206528087,55.652054265921464,-0.9777853179513792,103.51213696412742,thyroid nodule,0.6015625
621,,,,,,,377,526,[],0.5942605257776465,0.4227387340790069,0.9902317128577919,0.42450900827787696,0.9992298369523036,0.7118694226150903,59.53402127096033,19.075264612612656,-0.5713033598441811,104.71310885623097,thyroid nodule,0.79296875
6211,,,,,,,529,633,[],0.0,0.0,0.0,0.0,0.8626083793124356,0.4313041896562178,276.82801519966927,147.87839158582008,8.069441664999,103.58277801424265,thyroid nodule,0.66015625
6213,,,,,,,546,790,[],0.21550190597204574,0.12076331529478782,1.0,0.12076331529478782,1.0,0.5603816576473939,124.74121776310518,52.298635465070525,-0.8792366847052122,106.09530401416123,thyroid nodule,0.5703125
6215,,,,,,,581,844,[],0.7147704545965259,0.556142252683848,1.0,0.556142252683848,1.0,0.778071126341924,89.67869199154707,37.34666282575524,-0.443857747316152,103.64177892915905,thyroid nodule,0.75
6217,,,,,,,639,820,[],0.00843022364021229,0.004232954195369012,0.014325034405104466,0.005972510801811748,0.8844096998921637,0.4451911053469877,420.9608044089479,190.82877514343278,-0.5830718005337877,107.36033809371293,thyroid nodule,0.5078125
6219,,,,,,,725,1100,[],0.8408672960050441,0.7254279799948627,1.0,0.7254279799948627,1.0,0.8627139899974314,113.0747534045522,44.26793056351628,-0.27457202000513725,105.06776487454772,thyroid nodule,0.8828125
6221,,,,,,,723,693,[],0.0,0.0,0.0,0.0,0.9825724225486802,0.4912862112743401,174.651651137303,111.54348805369237,-0.4658581264607416,103.07803796604276,thyroid nodule,0.7421875
6223,,,,,,,554,809,[],0.9606230685832713,0.9242297375927792,0.9931829619801437,0.9301302559414991,0.998817991908401,0.9644741239249501,90.04192782372954,13.235387644953457,-0.0634854890310786,103.3616738859564,thyroid nodule,0.85546875
6225,,,,,,,591,807,[],0.0,0.0,0.0,0.0,0.9771660278695843,0.48858301393479214,164.40194646049662,89.7774466947559,-0.5317460317460317,104.2397499550134,thyroid nodule,0.54296875
6227,,,,,,,547,923,[],0.0,0.0,0.0,0.0,0.9714266617651973,0.48571333088259866,356.2322971207275,179.23770026241175,-0.8607475656999267,104.92185293696821,thyroid nodule,0.671875
623,,,,,,,377,526,[],0.8644261719882229,0.7612241059673822,0.9983966170381464,0.7621558368192395,0.9992658626114316,0.8807108497153355,32.449961479175904,17.007137580789397,-0.23662017297268215,104.29455083794892,thyroid nodule,0.8671875
6231,,,,,,,613,649,[],0.046640806539711345,0.023877229900092892,1.0,0.023877229900092892,1.0,0.5119386149500464,323.55679563254427,213.06246717492968,-0.9761227700999071,104.22429908066988,thyroid nodule,0.58203125
6233,,,,,,,488,806,[],0.04967825649445224,0.02547182620502376,0.9305555555555556,0.02552033736906543,0.9995622510302735,0.5125412941996694,119.09594298454569,29.354377412750864,-0.9725751598421983,103.9081139024347,thyroid nodule,0.6640625
6235,,,,,,,554,809,[],0.6422465353756383,0.4730214667898661,1.0,0.4730214667898661,1.0,0.736510733394933,145.80343118318288,64.91883652552434,-0.5269785332101339,105.48649309203029,thyroid nodule,0.703125
6239,,,,,,,554,809,[],0.0,0.0,0.0,0.0,0.9647853786088473,0.48239268930442364,415.76646088586733,275.65512374742724,4.1735973597359735,103.7825308740139,thyroid nodule,0.5859375
6241,,,,,,,615,780,[],0.6499128352691604,0.4813858336315126,0.9744445669117763,0.48754086737306496,0.995399203435715,0.7414700354043899,161.77174588136842,53.08811576145301,-0.49967306101548037,101.31537611596286,thyroid nodule,0.796875
6244,,,,,,,613,689,[],0.007434944237918215,0.0037313432835820895,1.0,0.0037313432835820895,1.0,0.5018656716417911,233.12099690658428,152.12953921960266,-0.996268656716418,105.61054502613842,thyroid nodule,0.46875
6246,,,,,,,570,796,[],0.0,0.0,0.0,0.0,0.982956246749631,0.4914781233748155,402.07772876483017,186.61834900814557,-0.9111022823793736,103.7215800024569,thyroid nodule,0.51953125
6248,,,,,,,500,796,[],0.0,0.0,0.0,0.0,0.9728172092880503,0.48640860464402513,416.0621946206096,210.89640409896634,-0.923913977262965,105.52771389484406,thyroid nodule,0.546875
6249,,,,,,,500,796,[],0.49936968622462197,0.33277328975734,1.0,0.33277328975734,1.0,0.6663866448786699,159.00062890594197,66.42114684671877,-0.66722671024266,103.93076390028,thyroid nodule,0.57421875
6253,,,,,,,570,796,[],0.46991347096870306,0.3071156186612576,0.9629102009666751,0.3107921702574882,0.9981442070749241,0.6544681886662062,51.07886055355307,13.444465513849911,-0.6772366001050972,105.39695108309388,thyroid nodule,0.7890625
6256,,,,,,,648,847,[],0.0,0.0,0.0,0.0,0.9736104442885105,0.48680522214425526,170.47287012695082,103.26777908131615,0.9533898305084746,105.35907093435526,thyroid nodule,0.828125
6257,,,,,,,624,806,[],0.0,0.0,0.0,0.0,0.9056397993229979,0.45281989966149894,286.0,172.0198140076642,4.974424552429667,104.91139302030206,thyroid nodule,0.6953125
6261,,,,,,,536,634,[],0.37843589743589745,0.23337708132382473,0.9842614204734912,0.2342512499008015,0.9977924738323963,0.6160218618665989,148.22213058751825,78.95065718296989,-0.7620030156336799,105.09988619014621,thyroid nodule,0.60546875
6263,,,,,,,711,1024,[],0.9143222337888232,0.8421672270029493,0.9933004079879751,0.8469782600734836,0.9992756998859382,0.9231269799797109,93.30487462051315,26.29053097924142,-0.14730905850615822,104.75305002182722,thyroid nodule,0.6875
6267,,,,,,,547,834,[],0.0,0.0,0.0,0.0,0.9753991277141689,0.48769956385708446,219.14607000811125,148.78511175297652,0.31002497324295397,102.04908903688192,thyroid nodule,0.78515625
6269,,,,,,,549,812,[],0.8954924874791319,0.8107617896009673,0.9473684210526315,0.8490028490028491,0.9975382073523338,0.9232705281775915,29.002585438564072,8.693673517876544,-0.10383032605254827,102.24910289980471,thyroid nodule,0.703125
627,,,,,,,381,355,[],0.7262923124700037,0.5702189910453055,0.9968999457490506,0.5712319033661959,0.9996451919068274,0.7854385476365117,46.0,16.337569833503025,-0.42699173994138023,103.36832399480045,thyroid nodule,0.66015625
6271,,,,,,,552,808,[],0.0,0.0,0.0,0.0,0.9785639058779699,0.48928195293898497,202.6716495344623,93.06207265292272,-0.6710039218561009,108.44312678091228,thyroid nodule,0.72265625
6273,,,,,,,582,858,[],0.875890722976714,0.7791864553383362,0.9980508822322528,0.7803739442211902,0.9994929073755288,0.8899334257983595,71.45766699172619,21.522024504812176,-0.21810204458133808,105.93459103256464,thyroid nodule,0.82421875
6274,,,,,,,667,859,[],0.9421529982427652,0.8906325741602658,0.9993145990404386,0.891176957718486,0.9995146649465975,0.9453458113325417,135.0,38.61283057887748,-0.10821180980022556,104.24055019393563,thyroid nodule,0.86328125
6278,,,,,,,614,648,[],0.13885034582834627,0.07460461092804745,1.0,0.07460461092804745,1.0,0.5373023054640237,233.03862020806665,132.466064704514,-0.9253953890719525,104.57105585373938,thyroid nodule,0.734375
6280,,,,,,,544,827,[],1.636219351566271e-05,8.181163688723083e-06,5.943889681407513e-05,9.486855961065943e-06,0.9511639316184731,0.4755867092372171,418.9724931013727,202.50344913061463,-0.8403931353110266,104.65927701443434,thyroid nodule,0.6796875
6282,,,,,,,592,920,[],0.9031682284694333,0.8234336859235151,0.9969162240877163,0.8255364426316723,0.9995304909195639,0.9125334667756181,29.068883707497267,14.030302459157397,-0.1719099131051605,103.27895218506455,thyroid nodule,0.84375
6284,,,,,,,552,813,[],0.777647722379569,0.6361895311337137,0.9930607187112763,0.6390303706878507,0.9987143025234683,0.8188723366056595,110.35216326638945,28.70370204387488,-0.3565042311640934,105.97968194633722,thyroid nodule,0.75
6291,,,,,,,542,807,[],0.3488951699363696,0.2113101261552992,0.9880135635990852,0.21185322962461955,0.9995981536216405,0.6057256916231301,88.05367676604841,34.7424509739043,-0.7855765979032804,104.55937590450048,thyroid nodule,0.62109375
6293,,,,,,,470,787,[],0.0,0.0,0.0,0.0,0.9643699088011334,0.4821849544005667,266.1296676434253,149.28672452078672,0.5181560952605517,103.38725405745208,thyroid nodule,0.62890625
6295,,,,,,,466,783,[],0.0,0.0,0.0,0.0,0.9729028239202658,0.4864514119601329,251.4699570364956,152.39640063687537,-0.4816285998013903,104.26651011221111,thyroid nodule,0.69140625
6297,,,,,,,548,813,[],0.7399169536807545,0.5871969755025928,0.9857204116638079,0.5922347606533725,0.9981897057864179,0.7952122332198952,100.98415530873463,21.876414201877665,-0.39918586077188645,104.05492596328259,thyroid nodule,0.85546875
6299,,,,,,,598,720,[],0.0,0.0,0.0,0.0,0.9767712659960145,0.48838563299800725,171.6796902837509,99.57615929842599,-0.3113879003558719,105.30727985315025,thyroid nodule,0.75390625
63,,,,,,,548,813,[],0.8278011880929381,0.7061952116690685,0.9997632922664202,0.7063133082754667,0.9999343643342044,0.8531238363048355,112.26419597891478,41.29355218448192,-0.2935194623176403,104.94201304391026,thyroid nodule,0.79296875
6306,,,,,,,782,1120,[],0.0,0.0,0.0,0.0,0.9473852921737691,0.47369264608688455,385.0916750137878,275.3194297008785,1.5156328373181742,107.93282906524837,thyroid nodule,0.427734375
6308,,,,,,,361,870,[],0.04075187673116525,0.020799752847625187,1.0,0.020799752847625187,1.0,0.5103998764238126,282.10990766011747,146.37141061813682,-0.9792002471523749,105.42537202127278,thyroid nodule,0.486328125
631,,,,,,,381,355,[],0.7075555746380001,0.5474553185834828,0.9885722855428914,0.5509419454056133,0.9949490932230353,0.7729455193143242,96.0,48.45671791646706,-0.44268926667000985,101.67266218923032,thyroid nodule,0.7421875
6312,,,,,,,479,505,[],0.0,0.0,0.0,0.0,0.927507369089072,0.463753684544536,212.93672675585725,147.73920380864726,6.292314153716926,102.07429993897676,thyroid nodule,0.6171875
6314,,,,,,,478,505,[],0.769035129550151,0.62474173553719,0.9999704727315676,0.6247532606489937,0.9999946576345075,0.8123739591417506,83.81527307120105,35.532420229567656,-0.37522829154906195,100.16359388828278,thyroid nodule,0.81640625
6316,,,,,,,538,826,[],0.0,0.0,0.0,0.0,0.9795879182419551,0.48979395912097756,288.624668492549,231.2163079037755,0.2938278759779774,100.76606599614024,thyroid nodule,0.5703125
6320,,,,,,,478,616,[],0.0,0.0,0.0,0.0,0.9772190157129071,0.4886095078564536,250.00599604056137,136.15645710199698,-0.684566127161801,102.38868603482842,thyroid nodule,0.6953125
6322,,,,,,,477,609,[],0.0,0.0,0.0,0.0,0.9759708003630053,0.48798540018150266,306.5674301711977,142.57109634622927,-0.8462185088009782,102.41745691746473,thyroid nodule,0.6875
6324,,,,,,,477,609,[],0.6388261290562852,0.4693200058368598,0.7408580477972934,0.5614961592178771,0.9831826624461378,0.7723394108320074,85.39817946868924,38.12763958669198,-0.2421002094972067,103.16000087186694,thyroid nodule,0.5703125
6329,,,,,,,477,616,[],0.0,0.0,0.0,0.0,0.9816861955774778,0.4908430977887389,318.8086588378898,259.19512359719795,-0.2670668714225883,104.30774092674255,thyroid nodule,0.56640625
633,,,,,,,377,526,[],0.0,0.0,0.0,0.0,0.9859166978559589,0.49295834892797946,127.23787405878323,66.53622351511466,-0.7663236337828248,103.67530887015164,thyroid nodule,0.6796875
6330,,,,,,,478,431,[],0.4487406339428097,0.2892750521038698,0.9991731115326621,0.2893443200225368,0.9998740955244662,0.6446092077735015,112.89463762503271,41.75933870358207,-0.7104162264948236,102.17540082521737,thyroid nodule,0.7265625
6331,,,,,,,458,852,[],0.7713507593025666,0.6278038790507168,1.0,0.6278038790507168,1.0,0.8139019395253584,114.07118303465924,35.36797172623922,-0.3721961209492832,101.2974048499018,thyroid nodule,0.83984375
6332,,,,,,,499,630,[],0.3290377790642068,0.19691515160644082,0.9980151156576837,0.19699229992616368,0.9997137257492678,0.5983530128377157,136.13228860193308,56.11654622783796,-0.80261591549508,104.86840084195137,thyroid nodule,0.73046875
6334,,,,,,,500,720,[],0.0,0.0,0.0,0.0,0.9764465238618972,0.4882232619309486,258.10075512743185,126.40195219961839,-0.5038004168199093,103.64188882522285,thyroid nodule,0.59765625
6335,,,,,,,474,640,[],0.00531036110455511,0.002662249304857126,0.005460171085360675,0.005168552231091713,0.9426711943122327,0.4739198732716622,146.07696886037607,69.7499532450223,-0.05340837305461437,103.95488515496254,thyroid nodule,0.5703125
6338,,,,,,,477,633,[],0.0,0.0,0.0,0.0,0.9778389888165225,0.48891949440826127,227.26977360495135,111.21636510633537,-0.7992805276130838,103.7184800952673,thyroid nodule,0.6796875
6339,,,,,,,509,683,[],0.0,0.0,0.0,0.0,0.9424789731066499,0.4712394865533249,207.19072495015257,131.55287566332214,-0.2565191267774885,105.35638988949358,thyroid nodule,0.447265625
6347,,,,,,,616,686,[],0.7220259426908825,0.5649769950817072,0.9993966097889537,0.5651697786806542,0.9998550035574708,0.7825123911190626,122.47039125076245,54.23501614155447,-0.4344889975162081,104.55939616076648,thyroid nodule,0.71875
6350,,,,,,,458,852,[],0.025816413604410192,0.013077007519622373,0.7170805116629044,0.013144827586206897,0.9988165531480945,0.5059806903671507,159.8261317825775,38.836527246066424,-0.9816689655172414,106.32863803766668,thyroid nodule,0.66796875
6357,,,,,,,456,837,[],0.0,0.0,0.0,0.0,0.9689622467529047,0.4844811233764523,171.40661349612677,101.93923937344921,4.604662226450999,104.50831498019397,thyroid nodule,0.6484375
6359,,,,,,,499,837,[],0.0,0.0,0.0,0.0,0.9679595070465921,0.48397975352329603,213.75921032788273,157.02671975401168,0.09592043155765341,104.83883088454604,thyroid nodule,0.703125
6364,,,,,,,600,760,[],0.0,0.0,0.0,0.0,0.9637664963273765,0.48188324816368827,478.4009643139526,252.16796084485966,-0.7709229879889524,116.8137420900166,thyroid nodule,0.7109375
6365,,,,,,,600,760,[],0.0,0.0,0.0,0.0,0.9432426643820947,0.47162133219104735,372.78465631189573,249.267217650176,-0.48324765112568696,116.8694740626961,thyroid nodule,0.74609375
6366,,,,,,,600,650,[],0.0,0.0,0.0,0.0,0.9619145256036687,0.4809572628018344,178.01234718782106,91.71278302343806,-0.44841002024693316,110.21232092753053,thyroid nodule,0.796875
6368,,,,,,,600,650,[],0.0,0.0,0.0,0.0,0.9457815507304832,0.4728907753652416,193.00064766404697,121.41767147495209,-0.027104483411861856,104.23666005954146,thyroid nodule,0.796875
6371,,,,,,,600,760,[],0.0,0.0,0.0,0.0,0.9310372253998986,0.4655186126999493,365.4428819881268,253.4857949080336,0.9025139489687167,106.354258954525,thyroid nodule,0.5390625
6372,,,,,,,600,760,[],0.9623539377631611,0.927439492892816,0.9551749150977612,0.9696416916305457,0.9931381183958491,0.9813899050131973,11.313708498984761,4.287757841708444,0.015145683061938312,105.4279119707644,thyroid nodule,0.796875
6376,,,,,,,484,614,[],0.0,0.0,0.0,0.0,0.9763207951332362,0.4881603975666181,151.8887657734422,105.67735253682577,0.27920755415663767,104.82485988177359,thyroid nodule,0.77734375
6380,,,,,,,600,976,[],0.08321491435822763,0.04341379478668359,1.0,0.04341379478668359,1.0,0.5217068973933418,265.3390272439381,176.22950734088894,-0.9565862052133164,105.30592990107834,thyroid nodule,0.59375
6382,,,,,,,660,1008,[],0.6712303369985311,0.5051517623320311,0.9995752452958416,0.5052602198557197,0.999983837182239,0.7526220285189793,76.46403958953948,35.181346254017065,-0.49452507729302647,106.3292978797108,thyroid nodule,0.640625
6384,,,,,,,660,896,[],0.0,0.0,0.0,0.0,0.9646146421396424,0.4823073210698212,503.07285748208113,257.8213675635232,-0.8919274671785555,107.09653212688863,thyroid nodule,0.640625
6389,,,,,,,660,1031,[],0.0,0.0,0.0,0.0,0.9823098158121012,0.4911549079060506,182.00109487434045,116.7393212667978,-0.33179487179487177,106.55070189386606,thyroid nodule,0.70703125
639,,,,,,,515,601,[],0.0,0.0,0.0,0.0,0.9758917257752079,0.48794586288760394,267.0453110266411,116.68596341412987,-0.8101723099859515,105.16844689846039,thyroid nodule,0.65234375
6395,,,,,,,660,896,[],0.0,0.0,0.0,0.0,0.974927769583672,0.487463884791836,203.0,133.65054361399666,0.005491068325571696,104.66947802342474,thyroid nodule,0.71875
6397,,,,,,,600,760,[],0.18316378283091891,0.10081469155008212,0.9977469019902365,0.10083764807937326,0.9998453351991309,0.5503414916392521,281.5759222660915,117.30257128499765,-0.8989346417631272,106.419910909608,thyroid nodule,0.57421875
6399,,,,,,,660,896,[],0.006279799976741482,0.0031497900139990666,0.007410795974382434,0.0054483083338938585,0.9811810377576137,0.49331467304575377,129.0962794683921,69.04755460496837,-0.2648146902535818,105.26092792861164,thyroid nodule,0.65234375
6401,,,,,,,660,1031,[],0.0,0.0,0.0,0.0,0.972957735408725,0.4864788677043625,320.0424971042884,226.90712707679606,-0.051680271387681546,108.24614414013922,thyroid nodule,0.69921875
6403,,,,,,,600,650,[],0.8423672786650205,0.727663673581725,0.9030398770386816,0.7893342289894014,0.9937473155581987,0.8915407722738,65.15645235883485,13.442849041175059,-0.12591431556948798,103.69574907235801,thyroid nodule,0.734375
6405,,,,,,,660,1031,[],0.0,0.0,0.0,0.0,0.9841646777144492,0.4920823388572246,213.70351948465216,120.71099329464795,-0.35780152671755727,105.77189782634377,thyroid nodule,0.6953125
6407,,,,,,,660,1031,[],0.0,0.0,0.0,0.0,0.9731967797187786,0.4865983898593893,442.0290072673674,337.2027669946355,5.905359179019384,108.43515698798001,thyroid nodule,0.62890625
6409,,,,,,,660,1031,[],0.9656798264345627,0.9336372344993888,0.9730436878162977,0.9584265852831468,0.9987971795935296,0.9786118824383383,9.055385138137417,3.006868702355188,-0.015022041369955916,106.53445217758417,thyroid nodule,0.75
6413,,,,,,,600,650,[],0.7451817065757638,0.5938562662664564,0.9999200319872051,0.5938844718018865,0.999982439319067,0.7969334555604768,87.6857139140711,36.10995955471379,-0.40606803263894825,106.10063397325575,thyroid nodule,0.76171875
6415,,,,,,,660,1031,[],0.0,0.0,0.0,0.0,0.9742003946475137,0.48710019732375687,318.7918567484949,176.59945627640815,-0.6748560690868384,105.65675585530698,thyroid nodule,0.66796875
6417,,,,,,,600,760,[],0.0,0.0,0.0,0.0,0.9427113193349577,0.47135565966747883,220.08748046941298,130.4258667642044,1.7006967905405406,106.07685404829681,thyroid nodule,0.73828125
6419,,,,,,,660,1031,[],0.0,0.0,0.0,0.0,0.9796594554478548,0.4898297277239274,155.00254713950866,91.72876992928421,-0.16443015274256384,107.8072558157146,thyroid nodule,0.55078125
6421,,,,,,,660,1031,[],0.0,0.0,0.0,0.0,0.8347569564800543,0.41737847824002716,549.4530006735077,380.03516151098756,43.90140280561122,106.8072379566729,thyroid nodule,0.5625
6423,,,,,,,600,760,[],0.0,0.0,0.0,0.0,0.9463614940288458,0.4731807470144229,273.9643575319495,181.85481361572556,4.386565836298932,104.75296899676323,thyroid nodule,0.58203125
6425,,,,,,,660,896,[],0.0,0.0,0.0,0.0,0.967780995566159,0.4838904977830795,289.1712295509358,163.02431313395817,-0.48364620522860763,106.63779405876994,thyroid nodule,0.7421875
6427,,,,,,,660,896,[],0.09092886665216446,0.04762989972652689,1.0,0.04762989972652689,1.0,0.5238149498632635,332.9401555547365,184.8034939714945,-0.9523701002734731,107.17290500178933,thyroid nodule,0.67578125
6429,,,,,,,600,760,[],0.3834602868725799,0.2372105576860359,0.9939214023183489,0.23755518515181548,0.9996487004640422,0.6186019428079288,122.5275479229059,43.89331280947043,-0.7609919812595729,105.5704450700432,thyroid nodule,0.65625
643,,,,,,,512,676,[],0.0,0.0,0.0,0.0,0.9795994908732233,0.48979974543661164,235.43413635231997,185.94351137326333,-0.0780728680101428,102.34371502883732,thyroid nodule,0.64453125
6431,,,,,,,660,1008,[],0.0,0.0,0.0,0.0,0.9836650532778891,0.49183252663894456,343.5719367751908,205.13086427020207,-0.8193812639324356,106.27430700697005,thyroid nodule,0.5390625
6433,,,,,,,600,760,[],0.0,0.0,0.0,0.0,0.96358664969281,0.481793324846405,357.7821884705165,273.20392396027495,2.8027745664739885,103.1451290473342,thyroid nodule,0.828125
6437,,,,,,,660,598,[],0.18823791490309646,0.10389770072543957,1.0,0.10389770072543957,1.0,0.5519488503627198,214.989762122903,107.8383992681938,-0.8961022992745604,104.5050851535052,thyroid nodule,0.4375
6439,,,,,,,547,809,[],0.9611835055822474,0.9252678512011713,0.9514164499794717,0.9711531745477404,0.9983419195433973,0.9847475470455689,5.830951894845301,2.915674560179973,0.020744569393029266,104.10159802995622,thyroid nodule,0.6796875
6441,,,,,,,582,746,[],0.26649809318520973,0.1537339486836127,1.0,0.1537339486836127,1.0,0.5768669743418063,191.09421759959145,113.87341095674647,-0.8462660513163873,103.79358194768429,thyroid nodule,0.515625
6443,,,,,,,587,746,[],0.059255177940845,0.030532183967377276,1.0,0.030532183967377276,1.0,0.5152660919836887,327.1139565955819,165.81666750548519,-0.9694678160326228,103.60754793509841,thyroid nodule,0.65625
6447,,,,,,,587,750,[],0.0,0.0,0.0,0.0,0.9820623292541447,0.49103116462707236,184.7020485796409,104.3160539448131,-0.39680666981280477,104.74343993701041,thyroid nodule,0.671875
6449,,,,,,,580,746,[],0.0,0.0,0.0,0.0,0.9766370897039414,0.4883185448519707,229.11125340133265,120.79971273615476,-0.44546078207180423,105.58168403804302,thyroid nodule,0.63671875
645,,,,,,,515,601,[],0.4917453351202486,0.3260360114049135,1.0,0.3260360114049135,1.0,0.6630180057024567,137.8890531406962,52.47933850187119,-0.6739639885950865,103.0289779882878,thyroid nodule,0.80859375
6454,,,,,,,608,588,[],0.0,0.0,0.0,0.0,0.9444693943017118,0.4722346971508559,150.88470277893043,88.3181260905533,0.30478278744689596,105.05232401192188,thyroid nodule,0.5703125
6456,,,,,,,719,863,[],0.15020340245630837,0.08119995606855397,1.0,0.08119995606855397,1.0,0.540599978034277,475.2386191595691,159.5940583351401,-0.918800043931446,105.11778597719967,thyroid nodule,0.52734375
6462,,,,,,,679,1024,[],0.0,0.0,0.0,0.0,0.9847685681164348,0.4923842840582174,238.96811829583484,171.3537208102684,-0.19788531295824652,105.83453997969627,thyroid nodule,0.76953125
6464,,,,,,,679,1024,[],0.0,0.0,0.0,0.0,0.9774043433298862,0.4887021716649431,385.49493246901204,174.39052049041393,-0.817001675041876,104.04464602470398,thyroid nodule,0.5078125
6466,,,,,,,527,768,[],0.0,0.0,0.0,0.0,0.987280201392295,0.4936401006961475,201.52667317256046,96.83963691338795,-0.8685338187928862,105.41165200993419,thyroid nodule,0.609375
6468,,,,,,,552,715,[],0.9161008509867825,0.8451901192290827,0.9827854125188171,0.8578907210376838,0.9979597004874848,0.9279252107625844,83.14996765337828,17.503101563223993,-0.12708236191768046,103.64585905335844,thyroid nodule,0.8203125
6469,,,,,,,548,712,[],0.0,0.0,0.0,0.0,0.9789962023803958,0.4894981011901979,178.3437476706712,132.32489320418927,0.5555983070411696,102.74772206321359,thyroid nodule,0.451171875
6471,,,,,,,494,768,[],0.0,0.0,0.0,0.0,0.9881002166034013,0.49405010830170065,129.2857197565686,80.22023108543138,-0.3020440251572327,105.11925700120628,thyroid nodule,0.71484375
6474,,,,,,,629,875,[],0.5471723259636601,0.376625759367228,1.0,0.376625759367228,1.0,0.688312879683614,161.006209533333,77.21359164514298,-0.623374240632772,103.62324817106128,thyroid nodule,0.62109375
6476,,,,,,,420,743,[],0.0,0.0,0.0,0.0,0.9651121147609478,0.4825560573804739,173.55805100313495,119.0056237380348,0.002572898799313894,105.28784897178411,thyroid nodule,0.6171875
6478,,,,,,,384,617,[],0.0,0.0,0.0,0.0,0.9507493158420572,0.4753746579210286,140.0267822986118,94.67856932063819,0.687704674010122,104.02508499100804,thyroid nodule,0.65234375
6480,,,,,,,206,313,[],0.5178298222902201,0.3493727171669049,0.9990917347865577,0.3494837172359015,0.999965625698228,0.6747246714670647,26.6242342413779,11.51406534720658,-0.6501985702938841,101.87668609432876,thyroid nodule,0.5546875
6482,,,,,,,623,885,[],0.40372963174393334,0.25292058273625034,0.9929064039408867,0.25337842084752793,0.9996947898076752,0.6265366053276016,159.4114174079134,42.11091241311752,-0.7448113741216106,103.50515600293875,thyroid nodule,0.5234375
6485,,,,,,,610,590,[],0.05310510499538733,0.027276821738885657,1.0,0.027276821738885657,1.0,0.5136384108694428,314.6823795511913,166.21223715725841,-0.9727231782611143,103.85650303214788,thyroid nodule,0.52734375
6487,,,,,,,574,1024,[],0.0,0.0,0.0,0.0,0.9610727494119694,0.4805363747059847,295.72892686374297,131.41679247286643,-0.6504109216871562,104.95618311688304,thyroid nodule,0.5546875
649,,,,,,,512,676,[],0.0,0.0,0.0,0.0,0.9745533393203195,0.48727666966015976,109.5791840173031,60.58695977728325,0.13342105263157894,105.56735494174063,thyroid nodule,0.6640625
6491,,,,,,,600,664,[],0.2684120856606785,0.15500921636028497,1.0,0.15500921636028497,1.0,0.5775046081801425,309.04966224990136,114.80089507320052,-0.844990783639715,103.96536509506404,thyroid nodule,0.61328125
6493,,,,,,,660,1031,[],0.0,0.0,0.0,0.0,0.9815062362497177,0.49075311812485883,397.50188355085777,187.94674667057367,-0.8664088464559793,105.71878799237311,thyroid nodule,0.62109375
6495,,,,,,,682,1094,[],0.8867834933273565,0.7965957098299903,0.9944364451184705,0.8001617901116077,0.9989121018259363,0.899536945968772,128.1140097767066,45.02219978175983,-0.1953615597663641,105.01938499510288,thyroid nodule,0.6796875
6497,,,,,,,600,760,[],0.5575541318627848,0.38653383407920483,0.9917488892735561,0.38778088620160633,0.9996526394543281,0.6937167628279672,66.27357693225423,14.44032741046078,-0.6089928706795416,105.53094302304089,thyroid nodule,0.7421875
6499,,,,,,,660,896,[],0.0,0.0,0.0,0.0,0.8850693433397246,0.4425346716698623,386.933386753183,269.7185737174576,0.3851111258248913,106.75093601457775,thyroid nodule,0.72265625
6501,,,,,,,660,896,[],0.0,0.0,0.0,0.0,0.9267892448322351,0.46339462241611756,354.6217680788808,244.80841161187257,0.06532372587177195,106.02816310711205,thyroid nodule,0.58984375
6505,,,,,,,660,1031,[],0.0,0.0,0.0,0.0,0.9829518526775498,0.4914759263387749,244.40130932546168,179.54950126046853,2.673878460069997,106.07769386842847,thyroid nodule,0.6484375
6507,,,,,,,660,716,[],0.05859344161110433,0.030180922876725497,1.0,0.030180922876725497,1.0,0.5150904614383628,252.7107993166448,163.82907118178343,-0.9698190771232745,105.54633382707834,thyroid nodule,0.58984375
6509,,,,,,,702,1058,[],0.030399487691409415,0.015434341888842138,0.07821283194417523,0.01886616014026885,0.986411711844284,0.5026389359922764,247.20840314589816,103.34660589297708,-0.7587843366452367,107.66317299567163,thyroid nodule,0.62890625
651,,,,,,,663,642,[],0.0,0.0,0.0,0.0,0.9440894911677469,0.47204474558387344,409.84795828455213,208.7146518687254,-0.8170338770388959,105.82451894879341,thyroid nodule,0.44921875
6512,,,,,,,600,760,[],0.013449126482614131,0.006770089133836837,0.013081777544044175,0.013837702524163827,0.9660046329528394,0.48992116773850164,139.0,76.07180452954343,0.05778457687226201,106.72718589194119,thyroid nodule,0.63671875
6513,,,,,,,600,650,[],0.6271063878191065,0.45677711823782496,1.0,0.45677711823782496,1.0,0.7283885591189125,157.19573778330124,66.5578308821753,-0.543222881762175,104.1808589361608,thyroid nodule,0.77734375
6515,,,,,,,702,996,[],0.01931595536246699,0.009752163862157949,0.019246684350132624,0.019385726804454228,0.9291575018585081,0.4742716143314812,294.90108342519477,150.29967341021086,0.007224228952486802,106.62157414481044,thyroid nodule,0.546875
6517,,,,,,,660,1031,[],0.0780295511413674,0.04059872574404329,0.989365473236441,0.0406164503172478,0.9998895084599689,0.5202529793886084,53.3084915929285,24.468173139276402,-0.9589469701379592,105.71414814330637,thyroid nodule,0.640625
6519,,,,,,,660,1031,[],0.0,0.0,0.0,0.0,0.9791387404499853,0.48956937022499264,157.5149923884747,86.5899690958908,-0.07551944592434737,106.76504694856703,thyroid nodule,0.765625
6521,,,,,,,660,721,[],0.0,0.0,0.0,0.0,0.9735993965576356,0.4867996982788178,570.4473493525646,258.55273795521083,-0.9632010785630561,104.71549886278808,thyroid nodule,0.671875
6523,,,,,,,660,896,[],0.9521525763997323,0.9086748270356573,0.9252194646147177,0.9807007466973005,0.9988157657619002,0.9897582562296003,6.0,2.3825216815323755,0.05996553704767375,106.38663917779922,thyroid nodule,0.64453125
6525,,,,,,,660,1031,[],0.0,0.0,0.0,0.0,0.9806871853349647,0.49034359266748234,218.36000466185294,122.38174979604807,-0.33631308144067357,106.10854509286582,thyroid nodule,0.6875
6527,,,,,,,660,1031,[],0.000109400213330416,5.470309893055442e-05,0.0007334604664808567,5.9108292302327095e-05,0.9733531007532091,0.48670610452275576,555.464217511969,251.76789371404314,-0.9194117542750072,105.49283307045698,thyroid nodule,0.71875
653,,,,,,,512,676,[],0.0,0.0,0.0,0.0,0.9544423156146397,0.47722115780731983,563.391869603853,312.75846539222005,-0.9639361234050263,104.25232979469001,thyroid nodule,0.53125
6533,,,,,,,660,896,[],0.0,0.0,0.0,0.0,0.9823358174397006,0.4911679087198503,306.95291559488675,239.38114712083942,-0.019680901882105667,106.04758304543793,thyroid nodule,0.6171875
6535,,,,,,,660,1031,[],0.0,0.0,0.0,0.0,0.9766443124026908,0.4883221562013454,433.36618444225735,352.3601133571033,1.9083194982475558,104.3431309517473,thyroid nodule,0.765625
6537,,,,,,,600,760,[],0.0,0.0,0.0,0.0,0.9699682660716088,0.4849841330358044,380.8905320499337,314.58433550032055,0.3251855517070757,104.20199879445136,thyroid nodule,0.6796875
6539,,,,,,,660,1072,[],0.0,0.0,0.0,0.0,0.9855541828324947,0.49277709141624737,169.02335586209904,104.14801776974016,1.4585047181224293,106.12626397050917,thyroid nodule,0.70703125
6541,,,,,,,600,760,[],0.0,0.0,0.0,0.0,0.9648985942101461,0.48244929710507306,178.0,98.71976459672253,1.599670781893004,104.7637090086937,thyroid nodule,0.77734375
6545,,,,,,,660,944,[],0.14180533809125004,0.07631349987066836,1.0,0.07631349987066836,1.0,0.5381567499353341,224.56912030141524,129.92462954800635,-0.9236865001293316,106.73665604554117,thyroid nodule,0.66015625
6547,,,,,,,660,896,[],0.0,0.0,0.0,0.0,0.9791011122145422,0.4895505561072711,537.4974957803398,282.0457367504486,-0.930834201762121,105.49786291085184,thyroid nodule,0.76171875
655,,,,,,,642,920,[],0.0,0.0,0.0,0.0,0.9752500484906117,0.48762502424530585,262.3003965183737,191.6488013623335,0.7905128523531603,106.57427296973765,thyroid nodule,0.6796875
6551,,,,,,,660,1031,[],0.0,0.0,0.0,0.0,0.9824460308031422,0.4912230154015711,233.0604769110488,163.3463115295433,1.1948508983145028,107.13476315140724,thyroid nodule,0.6875
6553,,,,,,,600,760,[],0.0,0.0,0.0,0.0,0.9420601168778568,0.4710300584389284,446.61408232411407,242.94202802030324,-0.9107270214852456,106.00440297275782,thyroid nodule,0.6484375
6556,,,,,,,600,650,[],0.2624930912228199,0.15107455970207154,1.0,0.15107455970207154,1.0,0.5755372798510358,169.83889421951855,83.57702532993869,-0.8489254402979285,105.10610602796078,thyroid nodule,0.7734375
6558,,,,,,,660,896,[],0.0,0.0,0.0,0.0,0.9786612590187904,0.4893306295093952,148.66068747318505,87.84907443828753,-0.2731099911058405,105.90092116035521,thyroid nodule,0.640625
6560,,,,,,,600,1058,[],0.4211710737006102,0.26676169069678196,1.0,0.26676169069678196,1.0,0.633380845348391,136.1937436127856,61.77307398360483,-0.733238309303218,105.49376416020095,thyroid nodule,0.66796875
6562,,,,,,,660,1072,[],0.0,0.0,0.0,0.0,0.9753980559365496,0.4876990279682748,242.0,126.98028373397315,-0.5510881392818281,108.01919992081821,thyroid nodule,0.59765625
6564,,,,,,,660,716,[],0.0,0.0,0.0,0.0,0.9744791956365968,0.4872395978182984,537.5281374782038,265.76995399567096,-0.9532729875933792,104.60680606774986,thyroid nodule,0.43359375
6566,,,,,,,600,760,[],0.0,0.0,0.0,0.0,0.9510579924246632,0.4755289962123316,214.71131573313986,110.67733702436243,2.7627668659265585,104.3710729572922,thyroid nodule,0.81640625
6568,,,,,,,600,760,[],0.0,0.0,0.0,0.0,0.9541107959125376,0.4770553979562688,523.620091287567,272.63987553149354,-0.8416006872919332,103.3368029166013,thyroid nodule,0.76953125
657,,,,,,,642,920,[],0.2304101176819733,0.1302053769544352,0.833581103402709,0.13368034860465425,0.9960884343837294,0.5648843914941918,23.0,7.794041927914823,-0.8396312631620774,106.00569285452366,thyroid nodule,0.7421875
6570,,,,,,,705,1012,[],0.9329822438885528,0.8743830536509885,0.9974739405006467,0.8763235294117647,0.9994112013620402,0.9378673653869025,40.80441152620633,13.404002126166116,-0.1214572192513369,105.6927761528641,thyroid nodule,0.8359375
6572,,,,,,,480,507,[],0.0,0.0,0.0,0.0,0.978014918294313,0.4890074591471565,187.21351417632798,113.82479515660452,-0.5538932633420822,104.80575007386506,thyroid nodule,0.7109375
6574,,,,,,,660,896,[],0.8724118456533325,0.7736972424642169,1.0,0.7736972424642169,1.0,0.8868486212321085,49.72926703662542,24.804139197003856,-0.22630275753578308,104.78006000630558,thyroid nodule,0.8671875
6576,,,,,,,660,1008,[],0.0,0.0,0.0,0.0,0.9778180294623214,0.4889090147311607,401.2347039213443,234.39090814502387,-0.6293160823150441,105.95725104212761,thyroid nodule,0.72265625
6580,,,,,,,600,456,[],0.740568826221181,0.5880184972706095,0.954563413670486,0.6049506367148376,0.9967228998062236,0.8008367682605306,54.26596636844836,14.204484020200203,-0.36625411360709687,104.27463008090854,thyroid nodule,0.734375
6581,,,,,,,660,1031,[],0.0,0.0,0.0,0.0,0.9827217778863179,0.49136088894315894,237.54788990854033,169.2352517284622,0.3006389418226656,105.52492388524115,thyroid nodule,0.72265625
6583,,,,,,,702,1058,[],0.31808032849993584,0.189117431640625,0.9363856149894227,0.19157881720097691,0.9972543239506431,0.59441657057581,243.28789530101986,110.21321860084126,-0.7954060654774786,109.16238091886044,thyroid nodule,0.55078125
6587,,,,,,,600,760,[],0.0,0.0,0.0,0.0,0.9969645989350334,0.4984822994675167,301.4769474730923,194.46248679470088,-0.8588688678262681,106.13872506655753,thyroid nodule,0.50390625
6588,,,,,,,660,1008,[],0.0,0.0,0.0,0.0,0.9167869030169782,0.4583934515084891,500.85271810602103,190.43891032595394,-0.6914557857789855,107.39736794494092,thyroid nodule,0.66796875
659,,,,,,,733,920,[],0.0,0.0,0.0,0.0,0.9691039377069636,0.4845519688534818,244.1809779631618,152.23319078685364,1.7192449841605069,105.79621884971857,thyroid nodule,0.8671875
6592,,,,,,,660,1072,[],0.0,0.0,0.0,0.0,0.9826167622348126,0.4913083811174063,330.8607713208438,218.74575214047857,1.120827538247566,110.78475997783244,thyroid nodule,0.57421875
6594,,,,,,,660,1031,[],0.0,0.0,0.0,0.0,0.9766070404448893,0.48830352022244466,210.1867022231825,130.1459975408052,6.281780633318036,106.53098300099373,thyroid nodule,0.63671875
6596,,,,,,,660,598,[],0.665330397923307,0.49849820276724605,0.9967019443760768,0.4993218416315257,0.9998108034077977,0.7495663225196617,64.0,30.485988233779704,-0.49902591797982787,108.58919098973274,thyroid nodule,0.62109375
6598,,,,,,,660,1031,[],0.0,0.0,0.0,0.0,0.9759804873395945,0.48799024366979726,386.1675149149044,189.95202334155215,-0.8489405917261178,105.6467758025974,thyroid nodule,0.70703125
6600,,,,,,,660,716,[],0.0,0.0,0.0,0.0,0.9835119360340845,0.49175596801704224,283.8626428398073,137.9938252697264,-0.8766356146680307,106.02447297424078,thyroid nodule,0.515625
6605,,,,,,,660,1031,[],0.0,0.0,0.0,0.0,0.99201063867555,0.496005319337775,431.06915869915724,377.8357686887991,0.21753832281334537,106.95771989412606,thyroid nodule,0.486328125
6607,,,,,,,660,1008,[],0.0,0.0,0.0,0.0,1.0,0.5,1203.4658283474441,1203.4658283474441,-1.0,111.48162418976426,thyroid nodule,0.40234375
6609,,,,,,,600,845,[],0.19137923291116501,0.10581501461979229,0.9853170703508873,0.10598213008847907,0.9992662585831857,0.5526241943358324,291.50881028224563,100.48570676065513,-0.8924385527485714,109.60258892737329,thyroid nodule,0.625
661,,,,,,,642,920,[],0.0,0.0,0.0,0.0,0.9310940561668278,0.4655470280834139,295.8431143522684,183.7102383008518,3.8116081064875886,106.0102020855993,thyroid nodule,0.6171875
6611,,,,,,,484,615,[],0.0,0.0,0.0,0.0,0.9841658249278001,0.49208291246390007,233.9708307138235,137.20332944992356,-0.7301163918525703,103.68726984597743,thyroid nodule,0.71875
6613,,,,,,,660,1031,[],0.0,0.0,0.0,0.0,0.9753935293981678,0.4876967646990839,291.166862353193,170.0990329662901,-0.4934813639968279,108.6604620795697,thyroid nodule,0.7421875
6615,,,,,,,660,598,[],0.527451538376204,0.35818959587555926,1.0,0.35818959587555926,1.0,0.6790947979377796,137.05838172107534,77.05642614461087,-0.6418104041244407,104.80833984911442,thyroid nodule,0.62109375
6617,,,,,,,660,1008,[],0.04313108757418043,0.022040867071015637,0.05346948447833861,0.0361428238583411,0.9263553287921047,0.4812490763252229,287.3451756944781,129.78932049045073,-0.32404764678471576,107.13527398183942,thyroid nodule,0.50390625
6620,,,,,,,600,650,[],0.023371867595318445,0.011824109559184118,0.040429760278226305,0.016436903499469777,0.9559039252955245,0.48617041439749714,228.3764420563781,98.4570817640463,-0.5934454375599657,104.33167195878923,thyroid nodule,0.71875
6622,,,,,,,660,896,[],0.856330806954971,0.7487574310496053,0.9997167962770191,0.7489162844036698,0.9999112624712203,0.8744137734374451,73.2447949860164,29.94191716526638,-0.25087155963302754,105.03048403188586,thyroid nodule,0.76171875
6626,,,,,,,600,760,[],0.0,0.0,0.0,0.0,0.9646662257778407,0.48233311288892033,218.23318101321502,136.73992555143715,3.1140870460983776,105.29075004160404,thyroid nodule,0.78515625
6628,,,,,,,600,760,[],0.0,0.0,0.0,0.0,0.9674548205145556,0.4837274102572778,306.96065983391424,160.19616124408248,-0.6809221437710278,105.02664418891072,thyroid nodule,0.734375
663,,,,,,,733,920,[],0.0,0.0,0.0,0.0,0.9646488740538909,0.48232443702694544,468.94967658535535,250.79802958517504,-0.354828580400217,106.36356892064214,thyroid nodule,0.5390625
6630,,,,,,,676,994,[],0.0,0.0,0.0,0.0,0.9776986251644811,0.48884931258224057,505.28115919562447,250.77322773551487,-0.8708278580814718,106.4306611660868,thyroid nodule,0.60546875
6635,,,,,,,660,716,[],0.0,0.0,0.0,0.0,0.9406667761537199,0.4703333880768599,487.9648039432897,246.7106678213201,-0.892546546903813,106.58907401375473,thyroid nodule,0.5546875
6637,,,,,,,660,1031,[],0.0,0.0,0.0,0.0,0.9724581623936766,0.4862290811968383,203.0369424513677,125.20363998933223,0.1809388702605107,106.51723202317953,thyroid nodule,0.64453125
6639,,,,,,,660,896,[],0.023716736309654717,0.012000676596009865,0.9354614850798056,0.012010620667533903,0.9998058965700045,0.5059082586187692,255.81479681865417,74.13500199740389,-0.9871607534258781,107.19063389115036,thyroid nodule,0.59375
6641,,,,,,,660,896,[],0.007913756207857229,0.003972597186752604,0.01843144630430694,0.005038560411311054,0.9811063244397784,0.4930724424255447,261.8997882062517,119.32407041115975,-0.7266323907455012,105.80196906812489,thyroid nodule,0.6796875
6643,,,,,,,600,650,[],0.031886255507576004,0.016201429209468512,1.0,0.016201429209468512,1.0,0.5081007146047343,349.3332930467534,173.16131339690557,-0.9837985707905315,105.98993208259344,thyroid nodule,0.61328125
6645,,,,,,,660,1031,[],0.0,0.0,0.0,0.0,0.9646883592655944,0.4823441796327972,490.75712792365147,288.5563182167336,-0.7114863681082465,106.26835795119405,thyroid nodule,0.65625
6653,,,,,,,600,650,[],0.45401012034293803,0.29366952935270735,1.0,0.29366952935270735,1.0,0.6468347646763537,146.66867419659178,66.06341392888378,-0.7063304706472927,105.29341897927225,thyroid nodule,0.67578125
6655,,,,,,,600,976,[],0.33328832545695497,0.19996759520409021,0.999430148161478,0.19999039748414085,0.9999546514486476,0.5999725244663943,155.14878124660999,80.13206401740024,-0.7998955726400316,105.87892006151378,thyroid nodule,0.56640625
6657,,,,,,,660,1031,[],0.0,0.0,0.0,0.0,0.9701378047670267,0.48506890238351336,415.24275925837264,188.62458600351965,-0.797106595496094,104.84622186049819,thyroid nodule,0.73828125
6659,,,,,,,484,613,[],0.9695229393721856,0.9408486383787207,0.9862577175861382,0.9533465956491048,0.9992636308335913,0.976305113241348,4.123105625617661,1.8953785981167353,-0.033369697747545404,107.16262413188815,thyroid nodule,0.765625
666,,,,,,,642,920,[],0.0,0.0,0.0,0.0,0.9793978084965806,0.4896989042482903,146.58171673785256,85.00833847528641,0.5129174543163201,106.97039007209241,thyroid nodule,0.7578125
6669,,,,,,,660,1031,[],0.0,0.0,0.0,0.0,0.9466230270402545,0.47331151352012724,409.3548582805042,265.4303226035114,-0.44100687887779877,105.90409091673791,thyroid nodule,0.68359375
6671,,,,,,,660,896,[],0.0,0.0,0.0,0.0,0.9817477259672677,0.49087386298363384,219.7595209838721,160.63298840572935,0.3069367710251688,106.51597194373608,thyroid nodule,0.640625
668,,,,,,,744,940,[],0.004646251319957761,0.0023285351397121083,0.005402160864345739,0.004075919140351599,0.9729998770499696,0.48853789809516057,190.22552282073553,97.34666715744657,-0.2455020791304706,103.93508500419557,thyroid nodule,0.73046875
6684,,,,,,,480,616,[],0.68408490105998,0.5198548915587455,0.9703655162370759,0.5282413096040272,0.9984951063224022,0.7633682079632147,58.66856057549052,18.506975257103612,-0.4556264616116374,105.03318510018289,thyroid nodule,0.640625
6697,,,,,,,358,569,[],0.40926528323051037,0.2572806634041773,0.9854156538648517,0.25826408256296274,0.9979709164693946,0.6281174995161787,125.83205832452168,54.86833153593447,-0.7379135580503136,103.34706399589777,thyroid nodule,0.53125
67,,,,,,,500,762,[],0.0,0.0,0.0,0.0,0.9682624864153518,0.4841312432076759,137.89633494876355,81.34599295925008,0.1564311683207232,102.59059979580343,thyroid nodule,0.7109375
670,,,,,,,642,920,[],0.0,0.0,0.0,0.0,0.9744480158196995,0.48722400790984977,278.55315847616515,209.70235811275825,0.4690037631214102,105.11548607610166,thyroid nodule,0.8125
6705,,,,,,,478,616,[],0.0,0.0,0.0,0.0,1.0,0.5,778.301997941673,778.301997941673,-1.0,104.91708316840231,thyroid nodule,0.44140625
6710,,,,,,,477,610,[],0.0,0.0,0.0,0.0,0.9798366306733645,0.48991831533668223,203.08052552118528,107.16202285992009,-0.7183352196728059,103.06907794438303,thyroid nodule,0.6328125
6713,,,,,,,478,504,[],0.0,0.0,0.0,0.0,0.966824221487264,0.483412110743632,178.46316130442875,97.2247984789846,-0.5592124770206962,104.94882287457585,thyroid nodule,0.671875
6718,,,,,,,557,808,[],0.0,0.0,0.0,0.0,0.9670861275415467,0.48354306377077333,186.16576919052622,123.00055489707958,-0.30313331362695833,106.0870939400047,thyroid nodule,0.8125
672,,,,,,,679,1024,[],0.7926458112092645,0.6565147316076027,1.0,0.6565147316076027,1.0,0.8282573658038013,63.53738618054224,31.529310308873104,-0.34348526839239735,106.15465487353504,thyroid nodule,0.7734375
6720,,,,,,,567,808,[],0.9429096211016644,0.8919858130620141,0.9495080466783616,0.9364022716160818,0.9969319680127541,0.9666671198144179,13.45362404707371,4.692535936212777,-0.013802700364812516,102.5387579575181,thyroid nodule,0.71875
6724,,,,,,,456,610,[],0.0,0.0,0.0,0.0,0.9736331390193199,0.48681656950965996,127.04231522490349,68.25081508783721,1.4151131824234353,103.64110907539725,thyroid nodule,0.671875
6726,,,,,,,477,609,[],0.0,0.0,0.0,0.0,0.9710530562478707,0.4855265281239354,238.48322715983028,165.13680955126208,-0.306410036088675,103.91353396698833,thyroid nodule,0.63671875
6728,,,,,,,501,807,[],0.0,0.0,0.0,0.0,0.9579132450298186,0.4789566225149093,214.13967242852377,135.02464083630406,6.6609325486645545,105.13812582939863,thyroid nodule,0.76171875
6734,,,,,,,478,616,[],0.0,0.0,0.0,0.0,0.8958079688882271,0.44790398444411356,327.4992493076551,160.46184611633092,-0.6401300862199365,103.52152679115534,thyroid nodule,0.58984375
6736,,,,,,,557,808,[],0.0,0.0,0.0,0.0,0.9446720488886475,0.47233602444432377,306.79977168462096,215.9510914514916,-0.11790836878364643,103.98864513263106,thyroid nodule,0.6875
6738,,,,,,,478,616,[],0.0,0.0,0.0,0.0,0.9800650332964239,0.49003251664821196,224.4530243283265,104.25711267510738,-0.8653197766304921,104.71257916651666,thyroid nodule,0.6484375
674,,,,,,,679,1024,[],0.6328649211802498,0.4629132343869071,0.9905076191400563,0.46497598848176125,0.9991648976956983,0.7320704430887297,65.96209944769902,24.534804259930976,-0.5305679840348463,105.05873593501747,thyroid nodule,0.6171875
6740,,,,,,,477,610,[],0.07934246575342466,0.041310053634600025,0.37734537873523283,0.04433195901538964,0.9932751160530335,0.5188035375342116,59.19585403440096,16.214280917403094,-0.8825162264767115,104.45284401066601,thyroid nodule,0.6015625
6742,,,,,,,478,504,[],0.024359812251203136,0.012330085408396488,0.06455676271453314,0.015012266119878437,0.9721864598012182,0.4935993629605483,194.17002776350608,84.45824038275806,-0.7674563362747611,103.61599805764854,thyroid nodule,0.7578125
6746,,,,,,,478,506,[],0.0,0.0,0.0,0.0,0.9748350715234384,0.4874175357617192,141.3223266154361,72.99691026894216,-0.5272028143663585,103.480095975101,thyroid nodule,0.6484375
6748,,,,,,,477,610,[],0.0,0.0,0.0,0.0,0.9653448243132937,0.48267241215664686,238.65916974501243,141.41226517734407,-0.6689755213055304,103.41895511373878,thyroid nodule,0.61328125
6750,,,,,,,477,610,[],0.0,0.0,0.0,0.0,0.9737037810431297,0.48685189052156486,261.8558613232151,169.38641095750475,-0.6012886741098705,104.75673899054527,thyroid nodule,0.73828125
6752,,,,,,,396,610,[],0.0,0.0,0.0,0.0,0.9730449646467003,0.48652248232335016,136.1240093070838,85.68865719078161,0.0962566844919786,104.6574180945754,thyroid nodule,0.58984375
6754,,,,,,,480,616,[],0.9232961907229852,0.8575210589651023,0.9721691678035471,0.8791018998272885,0.9996502381466736,0.939376068986981,13.517010653985903,3.223191678959711,-0.09573155687145324,103.49421598948538,thyroid nodule,0.66796875
6756,,,,,,,450,616,[],0.0,0.0,0.0,0.0,0.9824243641334991,0.49121218206674955,181.1849872690749,96.71208038394693,-0.7507939984667615,103.96994487382472,thyroid nodule,0.734375
6758,,,,,,,581,832,[],0.950074500010493,0.9048970617629423,0.9457675273669257,0.9544208795378842,0.9971762658399956,0.97579857268894,12.529964086141668,4.074707967067796,0.009149555171396045,104.98404409736395,thyroid nodule,0.7109375
6760,,,,,,,557,808,[],0.0,0.0,0.0,0.0,0.9760466331006289,0.48802331655031445,281.0669234984104,139.2638208432981,-0.6737484975473476,104.6824180521071,thyroid nodule,0.486328125
6762,,,,,,,477,610,[],0.0,0.0,0.0,0.0,0.9623290914256161,0.48116454571280803,192.04491408355065,112.73730147763733,-0.3696367625548513,104.24383007921278,thyroid nodule,0.5390625
6766,,,,,,,446,610,[],0.0,0.0,0.0,0.0,0.9780843437046391,0.4890421718523196,185.0,100.04322731170424,-0.5386236524276566,104.07567699439824,thyroid nodule,0.578125
6768,,,,,,,478,616,[],0.0,0.0,0.0,0.0,0.9596987549264274,0.4798493774632137,165.90132567903044,90.97960748955163,9.442579505300353,105.09732505306602,thyroid nodule,0.61328125
6770,,,,,,,477,610,[],0.0,0.0,0.0,0.0,0.9742140398257859,0.48710701991289296,235.12805021214163,114.23728219622154,-0.7585396260017809,104.3397521134466,thyroid nodule,0.68359375
6772,,,,,,,478,504,[],0.0,0.0,0.0,0.0,0.9818654390092669,0.49093271950463346,142.98425122688073,96.69333169926858,-0.21651376146788992,104.45499420166016,thyroid nodule,0.69921875
6776,,,,,,,477,610,[],0.0,0.0,0.0,0.0,0.9782455052249731,0.48912275261248656,199.0,114.0152418892601,-0.5579572098475967,105.69845698773861,thyroid nodule,0.73828125
6778,,,,,,,474,610,[],0.0,0.0,0.0,0.0,0.9676876522803338,0.4838438261401669,194.0376251550972,107.59511304052985,-0.590175571435332,105.05291516892612,thyroid nodule,0.69921875
678,,,,,,,679,1024,[],0.06338997926849568,0.0327324441110512,1.0,0.0327324441110512,1.0,0.5163662220555256,273.81042658600217,166.71930846488,-0.9672675558889487,105.89006007649004,thyroid nodule,0.67578125
6780,,,,,,,477,610,[],0.0,0.0,0.0,0.0,0.9761096006239567,0.48805480031197834,176.0,102.42954910891238,-0.6049300867888139,102.34940401278436,thyroid nodule,0.75390625
6786,,,,,,,557,808,[],0.940902745463006,0.8884007029876977,0.9796511627906976,0.9051029543419875,0.9996675990475695,0.9523852766947785,7.810249675906654,2.6731400144623882,-0.07609668755595345,107.23158484324813,thyroid nodule,0.69921875
6788,,,,,,,478,610,[],0.1860019175455417,0.10253699788583509,0.6681710213776723,0.1080385605100434,0.9947390818059598,0.5513888211580016,17.804493814764857,5.44022294199283,-0.8383070246188117,105.01126409508288,thyroid nodule,0.67578125
6790,,,,,,,477,610,[],0.0,0.0,0.0,0.0,0.9697759794587733,0.4848879897293866,226.00132742713103,158.8315924772516,-0.38708497879186776,103.14810904674232,thyroid nodule,0.68359375
6792,,,,,,,477,610,[],0.0,0.0,0.0,0.0,0.9681587987392428,0.4840793993696214,278.0,176.12090490329587,0.04546511627906977,101.79692413657904,thyroid nodule,0.63671875
6794,,,,,,,477,610,[],0.0,0.0,0.0,0.0,0.9640030973200627,0.48200154866003136,265.77452021263167,123.92903343873506,-0.636606291706387,104.99958414584398,thyroid nodule,0.6171875
6796,,,,,,,557,808,[],0.0,0.0,0.0,0.0,0.9470134095484614,0.4735067047742307,257.32895710409514,158.5566811152371,3.7164,106.6201338544488,thyroid nodule,0.71484375
6798,,,,,,,569,808,[],0.0,0.0,0.0,0.0,0.9866054361954277,0.49330271809771387,276.84454098017136,141.19388361758467,-0.8640112555792742,103.18328998982906,thyroid nodule,0.72265625
680,,,,,,,679,1024,[],0.8198174225186134,0.6946530461991534,0.9962647167520194,0.6964669625474039,0.9995178210281146,0.8479923917877592,89.67470925551045,30.132093758425132,-0.30092178229698185,107.78018599376082,thyroid nodule,0.67578125
6800,,,,,,,476,610,[],0.0,0.0,0.0,0.0,0.983872711232613,0.4919363556163065,151.33406743774913,113.4744036061855,0.29226040793517744,105.00499396584928,thyroid nodule,0.7265625
6804,,,,,,,477,610,[],0.0,0.0,0.0,0.0,0.9692998094744159,0.4846499047372079,173.4973953681973,89.23091620798557,-0.3599158969737929,106.60473303869367,thyroid nodule,0.6875
6806,,,,,,,458,610,[],0.0,0.0,0.0,0.0,0.9756814856296403,0.48784074281482015,115.67265026436934,70.01723536823401,1.59383429672447,104.24263984896243,thyroid nodule,0.6796875
6808,,,,,,,477,610,[],0.0,0.0,0.0,0.0,0.9760707120635013,0.48803535603175063,233.46230633530678,161.98509100901413,-0.5839757361304183,104.4135729316622,thyroid nodule,0.55859375
6813,,,,,,,557,808,[],0.0,0.0,0.0,0.0,0.9745122735413378,0.4872561367706689,363.22368590036956,174.47630942981368,-0.8698825252991128,107.01180109754205,thyroid nodule,0.671875
6815,,,,,,,478,506,[],0.0,0.0,0.0,0.0,0.9511598190241121,0.47557990951205603,166.29175601369218,111.39395960041497,6.265634674922601,105.42439203709364,thyroid nodule,0.6484375
6818,,,,,,,557,808,[],0.0,0.0,0.0,0.0,0.9538842340422542,0.4769421170211271,226.0,130.63542047988864,-0.14460081661019894,105.02553498372436,thyroid nodule,0.76171875
682,,,,,,,678,1024,[],0.7462836550123012,0.5952571791824438,0.9839188633560235,0.6011052499372017,0.9994654055096645,0.8002853277234331,60.29040400916191,25.54066825579616,-0.3890703061765609,107.32429684139788,thyroid nodule,0.5078125
6820,,,,,,,477,611,[],0.7925725338491296,0.6564141996667948,0.9910351499516286,0.6603351955307263,0.9994816856031651,0.8299084405669457,49.373546071123855,13.5805097287376,-0.33369144821658786,104.82760099694133,thyroid nodule,0.62109375
6822,,,,,,,557,808,[],0.0,0.0,0.0,0.0,0.9547185288990669,0.47735926444953347,306.82307358741366,194.08635887036945,0.7741273100616016,106.92199016921222,thyroid nodule,0.51953125
6826,,,,,,,372,610,[],0.9132579054250073,0.8403630539241858,0.9698089956869994,0.8629385964912281,0.9997823151011124,0.9313604557961702,5.247181425328106,2.2176009611117595,-0.11019736842105263,103.96429500542581,thyroid nodule,0.53125
6831,,,,,,,478,616,[],0.0910699501631467,0.0477073270290496,0.8686899969030659,0.04805386144041664,0.9982039682136261,0.5231289148270214,177.8739688081865,64.01181908549388,-0.9446823819639554,103.99836604483426,thyroid nodule,0.46484375
6834,,,,,,,478,504,[],0.0,0.0,0.0,0.0,0.9804730863290738,0.4902365431645369,241.68491853539442,194.5366020739485,2.615919629057187,104.91005214862525,thyroid nodule,0.80859375
6836,,,,,,,463,610,[],0.0,0.0,0.0,0.0,0.9698407399406948,0.4849203699703474,216.49006649192623,110.81639489749783,-0.7239259392414165,104.78813014924526,thyroid nodule,0.671875
684,,,,,,,679,1024,[],0.0,0.0,0.0,0.0,0.9755376287905704,0.4877688143952852,216.08077180000421,122.13721719638491,-0.35509641873278236,106.59266309812665,thyroid nodule,0.66015625
6840,,,,,,,478,616,[],0.0,0.0,0.0,0.0,0.9783092578392157,0.48915462891960787,278.10912415132265,144.64812690114468,-0.9016223939240126,104.1067170444876,thyroid nodule,0.59375
6843,,,,,,,477,610,[],0.0,0.0,0.0,0.0,0.9774017910360437,0.48870089551802187,136.149181445645,75.70825704163093,-0.6467965937017774,106.69637587852776,thyroid nodule,0.59765625
6845,,,,,,,461,616,[],0.0,0.0,0.0,0.0,0.9667601663059574,0.4833800831529787,158.45267342146724,96.76862173947721,2.0636482939632548,105.61264515854418,thyroid nodule,0.76953125
6849,,,,,,,477,610,[],0.0,0.0,0.0,0.0,0.9678475736826436,0.4839237868413218,188.57054026196278,127.99661699164653,-0.4298223023435488,104.74780900403857,thyroid nodule,0.6640625
6853,,,,,,,431,610,[],0.0,0.0,0.0,0.0,0.9734985017164991,0.48674925085824955,163.6001222493431,119.53201158691934,0.08244469202610218,103.9791451767087,thyroid nodule,0.640625
6855,,,,,,,480,616,[],0.0,0.0,0.0,0.0,0.9328553049146582,0.4664276524573291,260.7957957809854,167.71416140115608,3.6542211652794294,102.26004314608872,thyroid nodule,0.8046875
6857,,,,,,,478,504,[],0.009284470829799581,0.004663886272927037,0.019537854593274468,0.006088992974238876,0.9766834054112012,0.4913861991927201,153.02770003236026,71.98576786469609,-0.6883489461358314,104.31091114878654,thyroid nodule,0.59765625
6859,,,,,,,477,610,[],0.0,0.0,0.0,0.0,0.8549243605879041,0.42746218029395205,282.5795316198357,145.55712093569318,2.3490605082360734,102.6601199992001,thyroid nodule,0.58203125
686,,,,,,,679,1024,[],0.8096931935896655,0.6802390688090713,1.0,0.6802390688090713,1.0,0.8401195344045356,129.0,30.808313885828426,-0.3197609311909287,105.45010189525783,thyroid nodule,0.81640625
6861,,,,,,,477,610,[],7.658433850277618e-05,3.829363559776365e-05,0.00016315875346712352,5.0035024517162014e-05,0.9773861187376377,0.48871807688107743,173.04188549849226,70.30596779070778,-0.693335334734314,102.3464750032872,thyroid nodule,0.72265625
6863,,,,,,,361,611,[],0.0,0.0,0.0,0.0,0.9402973365237516,0.4701486682618758,217.73205821964984,144.17244935320747,-0.2676971191435617,105.04332487471402,thyroid nodule,0.515625
6865,,,,,,,480,616,[],0.0,0.0,0.0,0.0,0.9829649980425511,0.49148249902127555,306.8279613335018,246.17444911601217,-0.3014632760335275,109.41649600863457,thyroid nodule,0.70703125
6867,,,,,,,478,504,[],0.0,0.0,0.0,0.0,0.972155108815935,0.4860775544079675,189.36573486787879,92.8385678307656,-0.7487100532623169,101.49064799770713,thyroid nodule,0.6015625
6871,,,,,,,477,610,[],0.0,0.0,0.0,0.0,0.9789075309549387,0.4894537654774693,201.9829179926676,152.36035594180024,-0.2518174981198295,104.14401791058481,thyroid nodule,0.6171875
6873,,,,,,,478,616,[],0.0,0.0,0.0,0.0,0.8932078858276908,0.4466039429138454,195.65862707776205,120.3944469526016,0.4394669551534225,104.72276899963617,thyroid nodule,0.57421875
688,,,,,,,527,768,[],0.0,0.0,0.0,0.0,0.8744672724624858,0.4372336362312429,247.87254707450384,151.19914266747278,0.11953831450486437,105.17653683200479,thyroid nodule,0.609375
6884,,,,,,,478,610,[],0.42819443262109474,0.2724220103986135,0.9606569900687548,0.275495673129587,0.9992463102128625,0.6373709916712247,51.03955463254201,11.974926562946123,-0.7132216014897579,106.72754584811628,thyroid nodule,0.67578125
6888,,,,,,,477,610,[],0.9641604653151997,0.9308009909165978,0.9616653395518143,0.9666685724086673,0.9975354597610786,0.982102016084873,10.23707547270614,3.3000378367076184,0.00520267566176891,104.58508599549532,thyroid nodule,0.72265625
6891,,,,,,,477,610,[],0.0,0.0,0.0,0.0,0.980420070829973,0.4902100354149865,167.7150739889272,123.85535951163787,-0.033910034602076124,105.09185586124659,thyroid nodule,0.70703125
6893,,,,,,,478,616,[],0.0,0.0,0.0,0.0,0.9762927623833841,0.48814638119169207,225.15772249691992,118.31683713506801,-0.8263549235249216,104.58375699818134,thyroid nodule,0.68359375
6896,,,,,,,477,616,[],0.0,0.0,0.0,0.0,0.960840519691713,0.4804202598458565,171.3258563975133,103.50892137566902,2.172202065308401,104.51007494702935,thyroid nodule,0.7890625
6898,,,,,,,580,1024,[],0.5281695032997569,0.3588521263038656,0.3695261239368165,0.9255021302495435,0.9778523318052603,0.951677231027402,119.21262500597487,33.17369138391529,1.5045648204503956,105.13219702988863,thyroid nodule,0.59375
69,,,,,,,499,630,[],0.6130050203203442,0.4419662863249336,1.0,0.4419662863249336,1.0,0.7209831431624668,108.97238635777556,42.26585885430935,-0.5580337136750664,104.92753214202821,thyroid nodule,0.7109375
6901,,,,,,,411,610,[],0.0,0.0,0.0,0.0,0.9776587333465814,0.4888293666732907,184.24058072593868,101.43641162315045,-0.6278086919771783,104.54339510761201,thyroid nodule,0.74609375
6903,,,,,,,477,610,[],0.04686738405009186,0.02399600706442448,0.10045001607200257,0.03056384175265294,0.9793102938404042,0.5049370677965286,141.7536581384195,65.1456629093634,-0.6957308425839894,104.70320889726281,thyroid nodule,0.65625
6906,,,,,,,467,610,[],0.0,0.0,0.0,0.0,0.9725165032650664,0.4862582516325332,101.04354728743256,47.78415864035973,0.9981888745148771,104.4831839390099,thyroid nodule,0.703125
6910,,,,,,,478,616,[],0.0,0.0,0.0,0.0,0.985706913110199,0.4928534565550995,240.83843081552402,213.28040241370505,1.249596557288865,104.71819899976254,thyroid nodule,0.57421875
6918,,,,,,,452,610,[],0.0,0.0,0.0,0.0,0.9645790610709625,0.48228953053548124,240.13329303130058,175.58304878421967,3.500696702275894,104.55772606655955,thyroid nodule,0.671875
692,,,,,,,333,419,[],0.8594050930879521,0.7534709193245779,0.758594635436343,0.9911154985192497,0.9953527610708286,0.9932341297950391,11.160093056952192,3.9622870444151044,0.30651530108588354,103.10152894817293,thyroid nodule,0.478515625
6927,,,,,,,477,610,[],0.0,0.0,0.0,0.0,0.9689803035826359,0.48449015179131794,208.85030007708204,98.31923456393639,-0.668260921988666,104.66166702099144,thyroid nodule,0.71875
6929,,,,,,,389,610,[],0.0,0.0,0.0,0.0,0.9766148113483987,0.48830740567419934,169.31627202911574,80.67576423734164,-0.3812058789491957,104.0672070812434,thyroid nodule,0.609375
693,,,,,,,506,837,[],0.0,0.0,0.0,0.0,0.9604006894914484,0.4802003447457242,377.2766191253617,276.52717948643897,-0.5736037788274521,104.23020017333329,thyroid nodule,0.6015625
6931,,,,,,,370,610,[],0.0,0.0,0.0,0.0,0.9801406347960615,0.49007031739803075,159.81801935075083,123.15396522597982,0.10323227261338011,103.99305494502187,thyroid nodule,0.671875
6933,,,,,,,479,616,[],0.0009449985314212012,0.0004727226268046506,0.011487115802545793,0.000492768292358096,0.9855258253098037,0.4930092968010809,382.9716308542127,170.12912271729357,-0.9571025224409344,104.2317000683397,thyroid nodule,0.546875
6935,,,,,,,477,610,[],0.0,0.0,0.0,0.0,0.9763656728056371,0.48818283640281857,155.0,109.2293638125107,-0.24553066304593799,103.70010999031365,thyroid nodule,0.69921875
6942,,,,,,,477,611,[],0.0,0.0,0.0,0.0,0.9780615075551816,0.4890307537775908,197.0416485541173,103.07599611560026,-0.6140597091094667,104.18197908438742,thyroid nodule,0.640625
6945,,,,,,,480,610,[],0.9255125875940825,0.8613526570048309,0.8757367387033399,0.9812878370941112,0.9964557387613298,0.9888717879277205,9.0,3.503287251816928,0.12052834342322509,103.91249391250312,thyroid nodule,0.73828125
6947,,,,,,,477,611,[],0.580046129280265,0.40849645980841315,0.7830113364202459,0.46064249483374037,0.9951602736457491,0.7279013842397447,28.43499260369608,9.523475024604007,-0.4117039263573173,103.43972500413656,thyroid nodule,0.68359375
6952,,,,,,,478,616,[],0.0,0.0,0.0,0.0,0.989717242681216,0.494858621340608,258.49500637903026,147.97467903640597,-0.8856178202330465,103.68729988113046,thyroid nodule,0.61328125
6954,,,,,,,478,616,[],0.9263225134058397,0.8627567635270541,0.9726075752762187,0.8842426187419768,0.997052657166297,0.9406476379541369,61.0,13.582077155209454,-0.09085365853658536,106.3992811832577,thyroid nodule,0.734375
6956,,,,,,,478,504,[],0.3332073570168808,0.19990930390748998,0.5153936087295401,0.24618391660461653,0.9891948489798755,0.6176893827922461,16.161660730138316,5.720990992345831,-0.5223380491437081,103.03048812784255,thyroid nodule,0.76953125
6958,,,,,,,460,610,[],0.9400614070217594,0.8869017632241813,0.9539420211324844,0.9265789473684211,0.999385838150289,0.962982392759355,4.0,1.8306514197618626,-0.028684210526315788,103.71789988130331,thyroid nodule,0.51171875
6964,,,,,,,477,611,[],0.0,0.0,0.0,0.0,0.9789449506163387,0.48947247530816934,174.89325310541295,91.44501411378772,-0.6635791681230339,103.37669379077852,thyroid nodule,0.42578125
6966,,,,,,,411,610,[],0.0,0.0,0.0,0.0,0.9656085610003325,0.48280428050016627,207.16684012289667,145.35246654565333,6.712488769092543,103.73445088043809,thyroid nodule,0.609375
697,,,,,,,501,509,[],0.47149738745665376,0.3084701220576309,1.0,0.3084701220576309,1.0,0.6542350610288155,151.92925918645844,72.36266014889249,-0.6915298779423691,104.63833808898926,thyroid nodule,0.60546875
6973,,,,,,,580,1024,[],0.0,0.0,0.0,0.0,0.9742239318702187,0.48711196593510936,229.42973589279777,139.05642405711882,-0.16779689514095164,103.9473949931562,thyroid nodule,0.7734375
6982,,,,,,,479,506,[],0.0,0.0,0.0,0.0,0.9334358689896876,0.4667179344948438,207.27276714513172,131.11184365795057,2.5934664246823957,104.24990998581052,thyroid nodule,0.52734375
6984,,,,,,,477,610,[],0.0,0.0,0.0,0.0,0.9824371064051947,0.49121855320259733,324.7945488953461,169.12442081930428,-0.9059702144385727,104.6381969936192,thyroid nodule,0.435546875
6986,,,,,,,385,610,[],0.0,0.0,0.0,0.0,0.9658824673115248,0.4829412336557624,232.99924440335712,114.6355933081911,-0.7589629120879121,104.64867693372071,thyroid nodule,0.6171875
699,,,,,,,501,621,[],0.0,0.0,0.0,0.0,0.9835236996060015,0.49176184980300075,117.15374513859982,68.29884089929364,-0.48233823069709286,103.8104509934783,thyroid nodule,0.7265625
6996,,,,,,,579,1024,[],0.0,0.0,0.0,0.0,0.9763116764430475,0.48815583822152375,202.4048752364433,118.68661908267765,-0.0962160734332695,105.61925591900945,thyroid nodule,0.62109375
7000,,,,,,,477,610,[],0.0,0.0,0.0,0.0,0.9820437294664098,0.4910218647332049,297.61417971394985,149.6749577082335,-0.8987081754690281,105.00026401132345,thyroid nodule,0.70703125
7007,,,,,,,385,610,[],0.0,0.0,0.0,0.0,0.9619009786573255,0.48095048932866274,177.0231623226847,100.01428315980034,-0.36646149226842817,103.53535716421902,thyroid nodule,0.67578125
701,,,,,,,501,621,[],0.279048852435427,0.1621480382115011,0.9958916420593145,0.16225657330516452,0.999878472090356,0.5810675226977602,82.06459329629016,34.11175249859548,-0.8370740686510344,104.21394999139011,thyroid nodule,0.5546875
7011,,,,,,,479,504,[],0.0,0.0,0.0,0.0,0.9837143183037543,0.49185715915187717,189.0050263531989,145.71864337050886,-0.1806588735387885,103.4202438313514,thyroid nodule,0.71875
7013,,,,,,,450,616,[],0.0017305926396835487,0.0008660457060039944,0.005495121677694292,0.001027016830500304,0.9613576249842041,0.4811923209073522,285.1375096393593,129.49719344310395,-0.8131038963760977,104.62668701075017,thyroid nodule,0.61328125
7019,,,,,,,419,610,[],0.0,0.0,0.0,0.0,0.9764141983616031,0.4882070991808016,141.3461947551736,90.65414081481717,-0.28418986875996566,102.23210300318897,thyroid nodule,0.734375
7021,,,,,,,427,610,[],0.9670617666329144,0.9362241955945104,0.9804347826086957,0.9540486543659654,0.9993570433519473,0.9767028488589564,3.605551275463989,1.5231207372311668,-0.026912680691033024,104.50617503374815,thyroid nodule,0.671875
7023,,,,,,,477,610,[],0.9499691167387276,0.9047058823529411,0.9257624398073836,0.9754756871035941,0.9993589854645623,0.9874173362840781,3.0,1.3136400806591368,0.05369978858350952,104.84829102642834,thyroid nodule,0.6328125
7027,,,,,,,478,504,[],0.0,0.0,0.0,0.0,0.9702778336656119,0.48513891683280597,229.1224561816212,125.7040116567107,-0.7074707470747075,107.04768192954361,thyroid nodule,0.6875
7038,,,,,,,477,610,[],0.0,0.0,0.0,0.0,0.9754467754467755,0.48772338772338775,152.08221460775746,74.38654870821924,-0.5237294076410796,103.48090599291027,thyroid nodule,0.578125
7040,,,,,,,446,506,[],0.2878825373257444,0.1681441510888418,1.0,0.1681441510888418,1.0,0.5840720755444209,64.6297145282261,38.72433746023023,-0.8318558489111583,104.05208705924451,thyroid nodule,0.484375
7043,,,,,,,477,610,[],0.0,0.0,0.0,0.0,0.971692830924286,0.485846415462143,243.10697202616362,179.24300598624563,3.9817518248175183,104.56658597104251,thyroid nodule,0.64453125
7045,,,,,,,478,610,[],0.0,0.0,0.0,0.0,0.970388116914231,0.4851940584571155,295.31041867037794,224.345672127946,-0.15170310116929334,106.85110813938081,thyroid nodule,0.703125
7047,,,,,,,479,504,[],0.0,0.0,0.0,0.0,0.9768288053099232,0.4884144026549616,139.68356075835453,81.5222677615808,-0.22255617575497352,103.30535215325654,thyroid nodule,0.578125
705,,,,,,,392,573,[],0.0,0.0,0.0,0.0,0.9714585830167464,0.4857292915083732,172.58441869957701,101.89171742033916,-0.27512046068868257,103.10823912732303,thyroid nodule,0.671875
7051,,,,,,,461,496,[],0.0,0.0,0.0,0.0,0.9821840294475881,0.49109201472379405,142.45627187655143,89.06390991316113,-0.356389024192239,103.15742995589972,thyroid nodule,0.55078125
7055,,,,,,,437,504,[],0.0,0.0,0.0,0.0,0.9140399002493765,0.45701995012468827,153.5971926043793,87.18014821243875,-0.12725339274863276,103.91470300965011,thyroid nodule,0.6484375
7057,,,,,,,479,616,[],0.0,0.0,0.0,0.0,0.9999691016829283,0.49998455084146415,259.6709456215693,228.99487027345998,-0.9976228209191759,103.67350000888109,thyroid nodule,0.423828125
7060,,,,,,,448,556,[],0.0,0.0,0.0,0.0,0.9221166804418369,0.46105834022091846,213.39892163551124,119.4331660381872,4.501581823410986,103.50205702707171,thyroid nodule,0.671875
7065,,,,,,,480,616,[],0.0005231037489102005,0.00026162030173541465,1.0,0.00026162030173541465,1.0,0.5001308101508677,215.8281349743233,121.51942055476611,-0.9997383796982646,104.96181412599981,thyroid nodule,0.373046875
7067,,,,,,,483,507,[],0.0,0.0,0.0,0.0,0.9637237856054264,0.4818618928027132,121.64271314501204,65.46802260563669,-0.29265025950108825,103.70160988532007,thyroid nodule,0.412109375
7069,,,,,,,676,996,[],0.0,0.0,0.0,0.0,0.9845167714612545,0.49225838573062725,158.98505584205034,85.32816924736281,-0.45268045133077794,106.14535515196621,thyroid nodule,0.64453125
707,,,,,,,501,467,[],0.0,0.0,0.0,0.0,0.9855578394371561,0.49277891971857807,209.05740838343903,102.03082371552108,-0.89852487135506,104.17685797438025,thyroid nodule,0.6484375
7071,,,,,,,600,930,[],0.0,0.0,0.0,0.0,0.9673802677814016,0.4836901338907008,432.05346889071524,258.14387414246147,-0.0883954972246719,105.3638409357518,thyroid nodule,0.51171875
7073,,,,,,,600,760,[],0.0,0.0,0.0,0.0,0.8823918978582306,0.4411959489291153,305.03737463871676,164.1243195990788,3.3263175339741466,106.30630818195641,thyroid nodule,0.71875
7075,,,,,,,600,760,[],0.9602774532471671,0.9235901022308484,0.9980893666887451,0.9252259202115936,0.9993160345812916,0.9622709773964426,115.47553744405649,35.86211795121524,-0.0730029283037879,105.4960829205811,thyroid nodule,0.86328125
7079,,,,,,,660,896,[],0.0,0.0,0.0,0.0,0.9294248036157177,0.46471240180785883,490.98955489092737,199.1576159771839,-0.74576627338667,105.73234781622887,thyroid nodule,0.478515625
7081,,,,,,,477,494,[],0.0,0.0,0.0,0.0,0.9808950649703725,0.49044753248518624,325.85385039368276,157.69883789603537,-0.9581001422860628,105.80507898703218,thyroid nodule,0.70703125
7083,,,,,,,682,1107,[],0.0,0.0,0.0,0.0,0.8776933631289283,0.43884668156446416,370.85745237665043,223.49550068989467,1.2737888263227548,105.88438995182514,thyroid nodule,0.59375
7085,,,,,,,660,1031,[],0.0,0.0,0.0,0.0,0.9848268721071299,0.49241343605356497,291.51144390842325,158.07922966045413,-0.7060038927983231,106.48953192867339,thyroid nodule,0.61328125
7087,,,,,,,660,1031,[],0.0,0.0,0.0,0.0,0.9551335770110844,0.4775667885055422,386.9488334510254,259.2916497747382,3.0586021505376344,106.38601914979517,thyroid nodule,0.75
7089,,,,,,,660,1031,[],0.01241643899319886,0.006247002257811677,0.0183612419626586,0.00937961076371812,0.9542137642575794,0.48179668751064875,286.5427243627708,158.25275213758164,-0.4891625096606478,107.72635485045612,thyroid nodule,0.55078125
709,,,,,,,501,621,[],0.0,0.0,0.0,0.0,0.9824486046772882,0.4912243023386441,163.8279421635286,100.0784980952528,-0.372623125073816,104.89367204718292,thyroid nodule,0.74609375
7091,,,,,,,660,716,[],0.05128398119701397,0.026316805887661124,1.0,0.026316805887661124,1.0,0.5131584029438305,402.9411861811329,247.71779328591114,-0.9736831941123388,105.52996397018433,thyroid nodule,0.828125
7093,,,,,,,660,1031,[],0.0,0.0,0.0,0.0,0.9739186145956328,0.4869593072978164,173.0,85.92704637111567,2.8203294321629824,105.65839591436088,thyroid nodule,0.796875
7096,,,,,,,441,504,[],0.9184695323571092,0.8492313067784766,0.8831758720930233,0.9567014367250541,0.9970393631177394,0.9768703999213968,8.012451549659708,3.0631734428012183,0.08325132847864594,104.85683102160692,thyroid nodule,0.71875
7098,,,,,,,480,504,[],0.0,0.0,0.0,0.0,0.9765310003803728,0.4882655001901864,130.82354506034457,91.38537706931152,0.04576271186440678,104.6814180444926,thyroid nodule,0.58984375
7099,,,,,,,480,508,[],0.0,0.0,0.0,0.0,0.9828829276781941,0.49144146383909704,87.2178266885356,53.38934268557652,0.6510791366906474,113.31296805292368,thyroid nodule,0.7421875
7102,,,,,,,458,750,[],0.024472775745975322,0.012387971902141942,0.03457600927177902,0.018938792784214144,0.969204890987902,0.49407184188605807,172.3190540055711,79.10360077817383,-0.4522562556208009,104.1280881036073,thyroid nodule,0.79296875
7107,,,,,,,319,247,[],0.5643114732202484,0.3930598195180947,1.0,0.3930598195180947,1.0,0.6965299097590474,55.26507718896593,25.04643313484846,-0.6069401804819053,104.29015103727579,thyroid nodule,0.62890625
7110,,,,,,,570,796,[],0.0,0.0,0.0,0.0,0.9750832617103566,0.4875416308551783,395.9059091241001,219.76453720788706,-0.886031941031941,105.0352337770164,thyroid nodule,0.60546875
7111,,,,,,,500,796,[],0.0,0.0,0.0,0.0,0.8881901592937934,0.4440950796468967,345.64604707547113,136.68948029861886,-0.5249512053594978,104.60244701243937,thyroid nodule,0.5390625
7113,,,,,,,603,573,[],0.32303752719361856,0.1926325319928109,0.9939339004322968,0.19285926888004978,0.9996796818909814,0.5962694753855156,212.3749600711146,61.25112125416379,-0.8059636875287496,103.6977800540626,thyroid nodule,0.7265625
7115,,,,,,,662,742,[],0.8100609283525498,0.6807583242317057,0.9897007837310259,0.6856153877205021,0.9981969437303627,0.8419061657254324,80.0,25.619715938819304,-0.3072498284422557,104.24752999097109,thyroid nodule,0.76171875
7116,,,,,,,781,980,[],0.0006734696865437829,0.00033684827182190976,0.0016522988505747126,0.0004229262821102183,0.9804542072610715,0.49043856677159087,254.0137785740159,120.01920568118642,-0.7440376588272071,106.99435113929212,thyroid nodule,0.6796875
7117,,,,,,,479,505,[],0.0,0.0,0.0,0.0,0.9758580824845199,0.48792904124225994,168.0,77.25418740405793,-0.5927458077860678,104.1254480369389,thyroid nodule,0.7421875
7120,,,,,,,371,503,[],0.0,0.0,0.0,0.0,0.9705843722294584,0.4852921861147292,108.16653826391968,67.00456299451128,0.3828145099048109,103.10402908362448,thyroid nodule,0.734375
7126,,,,,,,499,630,[],0.0,0.0,0.0,0.0,0.9696429734711317,0.48482148673556585,270.0968324606896,139.00345049498216,-0.8516729390177685,103.77956205047667,thyroid nodule,0.54296875
7128,,,,,,,538,625,[],0.8242799661160525,0.7010852433917233,1.0,0.7010852433917233,1.0,0.8505426216958616,69.72335563480529,24.34570631048681,-0.29891475660827665,104.41767307929695,thyroid nodule,0.828125
713,,,,,,,487,779,[],0.42397767261254704,0.26901755466584537,0.8406110910621918,0.2834773437183076,0.9962646805103715,0.6398710121143396,68.47770894677204,28.70886701171728,-0.6627723013265182,104.63877697475255,thyroid nodule,0.53515625
7136,,,,,,,502,704,[],0.8560352690787474,0.7483056478405316,0.9631403403745831,0.7703673301867433,0.9987278217415559,0.8845475759641497,21.470910553583888,7.875668821760436,-0.200150489089541,104.59642601199448,thyroid nodule,0.640625
7137,,,,,,,617,882,[],0.0,0.0,0.0,0.0,0.9700208321245211,0.48501041606226053,297.5302999391033,226.60742503990326,0.6141287916960596,106.63493513129652,thyroid nodule,0.6484375
7138,,,,,,,617,936,[],0.0,0.0,0.0,0.0,0.9563622384963774,0.4781811192481887,337.9583973613258,152.0638102140299,-0.6561812954507018,106.27013701014221,thyroid nodule,0.671875
7139,,,,,,,498,852,[],0.04590827761559469,0.02349340979735428,0.9989754098360656,0.023493975903614458,0.9999973876425041,0.5117456817730592,132.86230088582414,53.169874021736454,-0.9764819277108434,105.22048803977668,thyroid nodule,0.447265625
7141,,,,,,,565,707,[],0.0,0.0,0.0,0.0,0.9734315361840189,0.48671576809200945,129.96982501658186,66.56230026226325,1.267617812364894,105.22629809565842,thyroid nodule,0.69921875
7144,,,,,,,461,498,[],0.644649506232799,0.4756330625895843,0.9775777414075286,0.4808791562676113,0.996953761659644,0.7389164589636277,73.00034244968879,25.958705782909643,-0.5080911359793897,103.21726114489138,thyroid nodule,0.7734375
7146,,,,,,,479,616,[],0.0,0.0,0.0,0.0,0.9855684162674406,0.4927842081337203,169.70016465664114,102.53186481363515,-0.5461842973389047,104.62190606631339,thyroid nodule,0.67578125
7147,,,,,,,479,616,[],0.34977195375690684,0.21195370818790601,0.9695951107715813,0.21337188776625254,0.998310559849903,0.6058412238080778,136.34331655693373,68.73458441287576,-0.7799371248928265,104.2774710804224,thyroid nodule,0.69140625
7148,,,,,,,479,616,[],0.8056820327745022,0.6745959241040056,0.9675452300559392,0.6902142651711245,0.9975902532479195,0.843902259209522,66.0045444115315,28.664315843260766,-0.2866335921771642,104.87189190462232,thyroid nodule,0.83203125
7149,,,,,,,462,404,[],0.07589320831301229,0.03944334516197609,1.0,0.03944334516197609,1.0,0.519721672580988,167.28299298061393,105.94009325406167,-0.9605566548380239,102.67162113450468,thyroid nodule,0.78125
715,,,,,,,501,621,[],0.0,0.0,0.0,0.0,0.90785252064202,0.45392626032101,353.37557631562225,142.40165014634138,-0.6908454647256439,104.83690002001822,thyroid nodule,0.5625
7150,,,,,,,460,500,[],0.2939100660354285,0.17227114478804015,1.0,0.17227114478804015,1.0,0.58613557239402,72.0,48.99688092388119,-0.8277288552119598,102.56919893436134,thyroid nodule,0.75390625
7152,,,,,,,445,502,[],0.8578718405257072,0.7511169682748867,0.9994439929857577,0.7514309601903659,0.9999323944833899,0.8756816773368779,38.60569115650031,12.870871079774933,-0.24815100649559457,103.06914802640676,thyroid nodule,0.6796875
7157,,,,,,,480,616,[],0.20375279017857142,0.11343248805871617,0.48090220612446494,0.12925922648021948,0.9884540174746047,0.558856621977412,104.56566233251738,46.06366493833069,-0.7312151517833436,103.87023212388158,thyroid nodule,0.50390625
7162,,,,,,,480,616,[],0.0,0.0,0.0,0.0,0.9444559114205251,0.47222795571026255,152.50213032205085,105.02105616297014,0.6143365531265887,104.78602000512183,thyroid nodule,0.58984375
7163,,,,,,,480,617,[],0.5432710882163554,0.37293904433541086,0.9796795169530887,0.3758464005702067,0.9993606418425206,0.6876035212063636,89.6578770138747,30.35100152612083,-0.6163578047042053,107.39939799532294,thyroid nodule,0.515625
7165,,,,,,,479,616,[],0.0,0.0,0.0,0.0,0.9843637778910159,0.49218188894550796,264.09877221728834,128.43921527738036,-0.9149776371768299,104.74807908758521,thyroid nodule,0.50390625
7166,,,,,,,479,600,[],0.08989616751181483,0.047063497796720366,1.0,0.047063497796720366,1.0,0.5235317488983602,158.4349985963137,75.36042998719599,-0.9529365022032796,103.40237407945096,thyroid nodule,0.46875
7168,,,,,,,478,610,[],0.0,0.0,0.0,0.0,0.9721570250052178,0.4860785125026089,258.02713035648014,168.34515764916216,-0.5884613303025383,103.67937898263335,thyroid nodule,0.671875
7169,,,,,,,479,616,[],0.022859729530922877,0.011562017056837045,1.0,0.011562017056837045,1.0,0.5057810085284186,213.43148660205762,123.2159394262597,-0.988437982943163,104.31252187117934,thyroid nodule,0.61328125
717,,,,,,,454,621,[],0.6558010241404536,0.48787496190517654,1.0,0.48787496190517654,1.0,0.7439374809525883,60.34233353289753,23.393744233808075,-0.5121250380948235,103.04072708822787,thyroid nodule,0.73828125
7171,,,,,,,483,589,[],0.03811665828179101,0.01942860590702024,1.0,0.01942860590702024,1.0,0.5097143029535102,174.05013485639705,124.17442738728259,-0.9805713940929798,103.72393997386098,thyroid nodule,0.54296875
7173,,,,,,,479,616,[],0.03484427998766574,0.017731052879334692,1.0,0.017731052879334692,1.0,0.5088655264396673,109.48261116357862,51.71295539501066,-0.9822689471206653,103.99854485876858,thyroid nodule,0.66796875
7174,,,,,,,347,595,[],0.0,0.0,0.0,0.0,0.9769370628606996,0.4884685314303498,176.46130245399357,86.8442653219627,-0.8188213090846701,104.75654993206263,thyroid nodule,0.64453125
7175,,,,,,,479,616,[],0.32506826870562533,0.19407851832529022,0.981368507831822,0.19479626902307315,0.9990339981363858,0.5969151335797295,148.84534490960522,61.03894246569262,-0.8015054819178531,104.00969604961574,thyroid nodule,0.50390625
7179,,,,,,,413,610,[],0.4286074290610352,0.27275643081660145,0.8582963262010497,0.2856183247128367,0.9970385119999325,0.6413284183563847,14.0,4.700928367699735,-0.6672264391751193,103.01233711652458,thyroid nodule,0.7890625
7183,,,,,,,482,638,[],0.7411167512690355,0.5887096774193549,0.988813636709535,0.5926567844925884,0.9994852778974127,0.7960710311950006,49.03671940686123,18.298159685925807,-0.40063854047890535,104.64700683951378,thyroid nodule,0.53515625
7184,,,,,,,479,616,[],0.012988746052221877,0.006536825610029102,1.0,0.006536825610029102,1.0,0.5032684128050146,481.06032467813424,249.623069391621,-0.9934631743899709,105.30600999481976,thyroid nodule,0.451171875
7186,,,,,,,479,616,[],0.5031813893739587,0.33616724551781474,0.9925565189848359,0.3370168716811185,0.9991480838684242,0.6680824777747714,98.50531700500645,39.49162446163646,-0.6604557370437588,103.02888695150614,thyroid nodule,0.67578125
7187,,,,,,,475,614,[],0.0,0.0,0.0,0.0,0.9429170370858165,0.47145851854290827,309.0,136.37968251646092,-0.14788924690077002,104.70754792913795,thyroid nodule,0.5234375
7189,,,,,,,479,618,[],0.8786625921265504,0.7835844822058352,1.0,0.7835844822058352,1.0,0.8917922411029175,22.636221573170175,11.091252230216615,-0.2164155177941648,103.56661817058921,thyroid nodule,0.69140625
719,,,,,,,329,468,[],0.29673635900050993,0.17421634082811893,0.9878618113912232,0.17459007785895378,0.9983622141032836,0.5864761459811187,198.5856051632613,54.13481010616642,-0.8232646754376753,103.32646314054728,thyroid nodule,0.56640625
7191,,,,,,,480,616,[],0.264835363228575,0.15262837751312588,0.978450487429451,0.15314316918826892,0.9991003264529728,0.5761217478206209,46.08867211359211,19.190995179586945,-0.843483987022582,102.47420705854893,thyroid nodule,0.7109375
7197,,,,,,,476,616,[],0.7227879928642665,0.565910740602248,1.0,0.565910740602248,1.0,0.782955370301124,65.15517501841545,30.428110566208595,-0.434089259397752,104.03450601734221,thyroid nodule,0.7578125
7199,,,,,,,479,616,[],0.3280924031954409,0.19623835899933045,1.0,0.19623835899933045,1.0,0.5981191794996652,94.91733109119231,47.68803692973163,-0.8037616410006696,103.76474098302424,thyroid nodule,0.458984375
7200,,,,,,,479,604,[],0.8132444635562245,0.685267048336836,0.9953684210526316,0.6874591057797165,0.9998403257354996,0.843649715757608,41.1648922550259,10.792767007104247,-0.3093420574336605,103.97654492408037,thyroid nodule,0.76171875
7202,,,,,,,466,502,[],0.7735409444791725,0.6307107774997683,1.0,0.6307107774997683,1.0,0.8153553887498841,41.15213471514045,17.635540236603887,-0.36928922250023166,103.28966192901134,thyroid nodule,0.5625
7204,,,,,,,479,616,[],0.5102046928110447,0.34246630416210183,0.9942225204983806,0.3431492018732061,0.9989886039158395,0.6710689028945228,134.61797799699713,66.95992848955855,-0.6548567400171207,103.79269113764167,thyroid nodule,0.58203125
7205,,,,,,,467,616,[],0.13465778316172017,0.07218931837073982,1.0,0.07218931837073982,1.0,0.5360946591853699,126.57744590076898,73.04781475001082,-0.9278106816292602,103.44451502896845,thyroid nodule,0.52734375
7206,,,,,,,480,615,[],0.5511174512601046,0.3803741384968822,0.99017513882956,0.3818151869543733,0.9993628884500778,0.6905890377022256,79.16248877445231,31.520135679197693,-0.6143963103277879,104.61675701662898,thyroid nodule,0.55078125
7208,,,,,,,476,616,[],0.5389214222834615,0.36885177190519103,0.9999147824110897,0.36886336724963587,0.9999848320145612,0.6844240996320985,93.53288087306483,31.529081357554038,-0.6311051964246419,103.32486289553344,thyroid nodule,0.7578125
7209,,,,,,,430,614,[],0.000690846286701209,0.0003455425017277125,0.0016414141414141414,0.0004374894834258792,0.9662533876784533,0.4833454385809396,154.32190208363565,55.625783845673894,-0.7334679454820797,105.28873885050416,thyroid nodule,0.388671875
7211,,,,,,,479,616,[],0.9425667217465324,0.891372289042523,0.9441267930584812,0.9410117976404719,0.998046039107282,0.9695289183738769,7.810249675906654,2.9020236327070945,-0.0032993401319736052,103.58290793374181,thyroid nodule,0.72265625
7213,,,,,,,445,550,[],0.0,0.0,0.0,0.0,0.9544792246853069,0.47723961234265344,153.42424716339917,88.6948196403586,-0.49736777367773677,103.44675509259105,thyroid nodule,0.478515625
7215,,,,,,,479,616,[],0.4379546241773467,0.2803725365191119,1.0,0.2803725365191119,1.0,0.6401862682595559,61.36570395990187,47.83759103670088,-0.7196274634808881,103.82736194878817,thyroid nodule,0.79296875
7216,,,,,,,479,616,[],0.41332384594859023,0.26049666461124504,0.9990540482435396,0.2605609321207092,0.9998931473449544,0.6302270397328318,121.58371240722884,72.35804314550316,-0.7391923564307582,104.50742486864328,thyroid nodule,0.59765625
7218,,,,,,,480,616,[],0.0,0.0,0.0,0.0,0.9975992524441457,0.49879962622207286,231.69807940507405,110.02690391558986,-0.9739280413942482,103.40519505552948,thyroid nodule,0.42578125
7219,,,,,,,479,616,[],0.4928526720010827,0.32701028150675704,1.0,0.32701028150675704,1.0,0.6635051407533785,119.33116247844181,46.922829365657826,-0.672989718493243,104.47469400241971,thyroid nodule,0.67578125
722,,,,,,,210,412,[],0.6744385946062104,0.5087946826619113,1.0,0.5087946826619113,1.0,0.7543973413309557,39.01584891678946,17.491115907024884,-0.4912053173380887,102.41634701378644,thyroid nodule,0.51171875
7220,,,,,,,476,616,[],0.0013544564034345145,0.000677687150567563,1.0,0.000677687150567563,1.0,0.5003388435752838,158.59065290570302,101.31916848882776,-0.9993223128494324,102.94658597558737,thyroid nodule,0.466796875
7222,,,,,,,400,616,[],0.0013861815031405674,0.0006935714595344402,0.0025645135438371533,0.000949780363290989,0.9728909101997787,0.4869203452815348,139.2903044334664,65.44674037831516,-0.62964501958922,104.26231008023024,thyroid nodule,0.69140625
7223,,,,,,,480,616,[],0.9309309309309309,0.8707865168539326,0.9730295280167403,0.8923240938166311,0.998764248428678,0.9455441711226545,10.770329614269007,3.9089414766891615,-0.08294243070362474,104.28498103283346,thyroid nodule,0.58984375
7224,,,,,,,464,617,[],0.7538916942364617,0.604996925828629,1.0,0.604996925828629,1.0,0.8024984629143145,39.440859855500186,15.170196384076945,-0.3950030741713711,103.41629409231246,thyroid nodule,0.66796875
7225,,,,,,,445,391,[],0.771793925980573,0.6283912303533887,1.0,0.6283912303533887,1.0,0.8141956151766944,107.05606008068857,52.35203644288165,-0.37160876964661127,103.50062581710517,thyroid nodule,0.8515625
7227,,,,,,,479,616,[],0.0,0.0,0.0,0.0,0.9597807608277906,0.4798903804138953,191.8525274621716,127.62983622226392,0.8594525372178645,103.90188405290246,thyroid nodule,0.4453125
7230,,,,,,,466,561,[],0.6373656095746839,0.46774513695911074,0.990264742961199,0.46990594569443983,0.9993991449703247,0.7346525453323822,56.88585061331157,25.234268641909402,-0.5254744258699192,104.45395391434431,thyroid nodule,0.546875
7232,,,,,,,479,616,[],0.9310039805395842,0.8709143566404633,0.993862134088763,0.8756239600665557,0.9998645137084335,0.9377442368874946,9.021954445729294,3.289359067606727,-0.11896838602329451,102.65948018059134,thyroid nodule,0.73828125
7233,,,,,,,481,617,[],0.6359176576520632,0.4661871486126602,1.0,0.4661871486126602,1.0,0.73309357430633,61.56408987498098,30.9651523714037,-0.5338128513873398,103.58067695051432,thyroid nodule,0.61328125
7235,,,,,,,479,616,[],0.596438916340092,0.42494688922610013,0.8250058920575065,0.4670446964643095,0.9946978298592515,0.7308712631617805,53.00375712662064,18.52886520831793,-0.43388925950633755,104.77074002847075,thyroid nodule,0.45703125
7237,,,,,,,479,616,[],0.0,0.0,0.0,0.0,0.9939599527461662,0.4969799763730831,267.5448035743051,139.00386734209278,-0.9348460032756761,104.67720893211663,thyroid nodule,0.396484375
7242,,,,,,,445,333,[],0.8637824517263069,0.760226290325027,1.0,0.760226290325027,1.0,0.8801131451625135,44.63406410527063,18.29425376624301,-0.23977370967497308,102.62725106440485,thyroid nodule,0.8046875
7243,,,,,,,476,612,[],0.8448110900856846,0.7313185599646617,1.0,0.7313185599646617,1.0,0.8656592799823308,44.06640019255991,15.47594825524069,-0.2686814400353383,102.65698097646236,thyroid nodule,0.765625
7244,,,,,,,479,616,[],0.06388858185033713,0.032998401461520895,1.0,0.032998401461520895,1.0,0.5164992007307605,211.0,111.4489483639853,-0.9670015985384791,100.80922581255436,thyroid nodule,0.59765625
7246,,,,,,,390,612,[],0.10647609550717411,0.05623171445289643,0.998960498960499,0.056235004973959855,0.9999954871813386,0.5281152460776493,64.19501538281614,22.487270039173534,-0.9437064778512494,103.48835587501526,thyroid nodule,0.478515625
7248,,,,,,,479,590,[],0.46150450291365,0.2999713055954089,0.998758001337537,0.3000832448259035,0.9999475326205841,0.6500153887232438,62.31852653002404,29.56272977081405,-0.6995435887131498,104.27306103520095,thyroid nodule,0.60546875
7252,,,,,,,479,616,[],0.0,0.0,0.0,0.0,0.9999893880063248,0.4999946940031624,252.50979045492062,173.35591391843317,-0.9997573797007683,102.01765899546444,thyroid nodule,0.423828125
7254,,,,,,,447,328,[],0.027643239601844432,0.014015334424723521,1.0,0.014015334424723521,1.0,0.5070076672123618,150.9956929217625,83.2669233181855,-0.9859846655752765,104.4306829571724,thyroid nodule,0.6640625
7258,,,,,,,460,500,[],0.0,0.0,0.0,0.0,0.9716874394284297,0.48584371971421486,137.4066862670307,79.212097416396,-0.2297976701410178,103.60913793556392,thyroid nodule,0.41796875
7259,,,,,,,458,617,[],0.7094310485190811,0.549704103531248,1.0,0.549704103531248,1.0,0.774852051765624,85.0,37.15425965199778,-0.450295896468752,103.33326295949519,thyroid nodule,0.74609375
726,,,,,,,484,704,[],0.010364311803452689,0.005209150531898202,0.030855018587360596,0.006228191948373541,0.9833992925436906,0.4948137422460321,179.40011133458015,79.96402502903229,-0.7981465501069298,104.17569917626679,thyroid nodule,0.6796875
7261,,,,,,,478,616,[],0.2935444579780755,0.17201998572448252,0.9953312982582151,0.17215889679162655,0.9999008583380045,0.5860298775648155,59.49451640561367,25.83946574714083,-0.8270335745566357,104.38829311169684,thyroid nodule,0.5
7262,,,,,,,462,496,[],0.8625898225546268,0.758380608561114,0.7731335436382755,0.9754560530679933,0.992264321761189,0.9838601874145911,20.223748416156685,6.206663763631498,0.26169154228855723,102.53434907644987,thyroid nodule,0.671875
7264,,,,,,,475,616,[],0.0,0.0,0.0,0.0,0.9659604570045558,0.4829802285022779,386.3675691126942,198.28331583991343,-0.8872066281401109,103.3013928681612,thyroid nodule,0.482421875
7267,,,,,,,480,616,[],0.7859897842176587,0.647432594882363,0.9986754966887417,0.6479889996562392,0.9998394451223428,0.823914222389291,56.151399819956026,19.394448807740226,-0.35115159848745275,104.74066901952028,thyroid nodule,0.67578125
7269,,,,,,,482,563,[],0.5366012645850987,0.3666815144766147,1.0,0.3666815144766147,1.0,0.6833407572383073,109.3009590264311,64.59332563343246,-0.6333184855233853,102.86451410502195,thyroid nodule,0.84375
7270,,,,,,,479,616,[],0.2711640003152337,0.1568477289717922,1.0,0.1568477289717922,1.0,0.5784238644858961,131.54694503654204,73.26945280126377,-0.8431522710282078,104.25816988572478,thyroid nodule,0.62109375
7271,,,,,,,445,458,[],0.0,0.0,0.0,0.0,0.9502730717788676,0.4751365358894338,201.36409723004257,112.68807721053929,-0.6338530980713992,101.28448507748544,thyroid nodule,0.76171875
7273,,,,,,,479,616,[],0.9576297395929981,0.9187040113933065,0.9781400050543341,0.9379619532291288,0.9980799467268456,0.9680209499779873,7.280109889280518,3.458214318307436,-0.041075972373682296,102.61522000655532,thyroid nodule,0.83984375
7274,,,,,,,443,617,[],0.2146885051747574,0.12025268744251964,0.9579630074465529,0.12089061339557725,0.9983120653568294,0.5596013393762033,99.01110974600856,25.190506783934374,-0.8738045076314473,103.46924606710672,thyroid nodule,0.640625
7276,,,,,,,445,550,[],0.9064304200676886,0.8288731112324776,0.9703406386530743,0.8504187031099213,0.9960729352340013,0.9232458191719612,30.783628272779517,9.177376484590374,-0.12358746069794228,103.23216207325459,thyroid nodule,0.7109375
7281,,,,,,,472,614,[],0.0,0.0,0.0,0.0,0.9666817769718948,0.4833408884859474,213.0090373614332,159.47616811900454,0.2645161290322581,104.86647090874612,thyroid nodule,0.59765625
7283,,,,,,,479,610,[],0.0,0.0,0.0,0.0,0.9732250530461464,0.4866125265230732,212.1769300250854,107.11485663930374,-0.7673277177157259,103.8897531107068,thyroid nodule,0.734375
7287,,,,,,,480,616,[],0.0,0.0,0.0,0.0,0.9637795275590552,0.4818897637795276,161.63276240895468,110.50755790974272,-0.3783783783783784,103.58094796538353,thyroid nodule,0.412109375
729,,,,,,,496,852,[],0.5306169308966424,0.36111545182049354,1.0,0.36111545182049354,1.0,0.6805577259102468,136.3062725934825,79.89718373517103,-0.6388845481795065,105.4629220161587,thyroid nodule,0.8359375
7291,,,,,,,479,613,[],0.14927237934911983,0.08065604991436957,1.0,0.08065604991436957,1.0,0.5403280249571848,328.1524798015242,130.19971404797357,-0.9193439500856304,105.26403901167214,thyroid nodule,0.486328125
7292,,,,,,,447,616,[],0.4039248356937888,0.25307381802997264,0.7294550317619525,0.2792882744495648,0.98287711814196,0.6310826962957624,75.12256538402904,35.37429995187029,-0.6171274961597543,104.12842687219381,thyroid nodule,0.59765625
7296,,,,,,,479,616,[],0.7627743731062943,0.6165200239356398,0.9647972808934208,0.630707840203147,0.9959554985296344,0.8133316693663907,62.96824596572466,22.08249937770208,-0.3462794177662903,103.01612713374197,thyroid nodule,0.69921875
7299,,,,,,,479,616,[],0.0,0.0,0.0,0.0,0.981916051079425,0.4909580255397125,234.46897287918438,125.53869007696035,-0.8569703191521483,103.25761209242046,thyroid nodule,0.7578125
73,,,,,,,499,560,[],0.014375722137463055,0.007239900467442952,1.0,0.007239900467442952,1.0,0.5036199502337215,268.05484494588507,159.38945383876234,-0.9927600995325571,104.6352069824934,thyroid nodule,0.58203125
730,,,,,,,496,852,[],0.6156052459901469,0.4446746451523793,1.0,0.4446746451523793,1.0,0.7223373225761897,120.77292665745074,55.87710115240456,-0.5553253548476207,106.12303507514298,thyroid nodule,0.77734375
7303,,,,,,,445,502,[],0.0,0.0,0.0,0.0,0.9884547117184677,0.49422735585923383,232.33290370196232,135.188824771464,-0.9437330739094997,104.28824089467525,thyroid nodule,0.6953125
7304,,,,,,,459,610,[],0.6315542659515226,0.461512101092311,0.8024728139430954,0.5206591601024501,0.9897723459970613,0.7552157530497556,52.0,19.405313120671533,-0.35118155898129805,104.18429900892079,thyroid nodule,0.58203125
7307,,,,,,,479,619,[],0.0,0.0,0.0,0.0,0.9797829180158939,0.48989145900794695,275.7478891563493,228.9914387228983,0.7263986013986014,103.816312039271,thyroid nodule,0.56640625
731,,,,,,,587,745,[],0.007959592168637017,0.003995698148162685,0.017473395125300377,0.005153595366826641,0.9154598005015522,0.46030669793418943,322.3869455771595,136.40089569621597,-0.7050604459024361,106.34285910055041,thyroid nodule,0.5703125
7312,,,,,,,344,590,[],0.39719015849482864,0.2478086596485046,0.8694174007108638,0.25738859913990303,0.9953341211030248,0.6263613601214639,47.05304268724989,18.673689046021835,-0.7039527861652484,104.95996405370533,thyroid nodule,0.4609375
7315,,,,,,,477,610,[],0.7187667800250581,0.5609960535046974,1.0,0.5609960535046974,1.0,0.7804980267523487,98.06117675261405,41.38105761891352,-0.4390039464953026,105.55982403457165,thyroid nodule,0.78515625
7316,,,,,,,517,713,[],0.0,0.0,0.0,0.0,0.9807800831694234,0.4903900415847117,100.6404484807295,54.95220836816262,0.9581356405247,103.92719390802085,thyroid nodule,0.75
7318,,,,,,,479,616,[],0.0,0.0,0.0,0.0,0.9791441927364257,0.48957209636821286,231.67347682618458,150.7098822179814,-0.5869703165761827,105.03950505517423,thyroid nodule,0.69140625
7319,,,,,,,480,616,[],0.6149985237673458,0.4440417821360051,0.999712036859282,0.4440985843424868,0.9999889798257343,0.7220437820841106,63.06346010171025,25.006565498922804,-0.5557734947978851,105.10368621908128,thyroid nodule,0.58203125
7320,,,,,,,479,616,[],0.6448493221656161,0.4758506435580477,1.0,0.4758506435580477,1.0,0.7379253217790238,101.13851887386922,51.99948868555126,-0.5241493564419524,103.33778313361108,thyroid nodule,0.79296875
7322,,,,,,,445,502,[],0.9452199104556228,0.8961298377028714,0.9933573207860503,0.9015322783220296,0.9996594891391223,0.9505958837305759,8.040467536394056,3.133708861967883,-0.09243908565687013,103.22209098376334,thyroid nodule,0.79296875
733,,,,,,,565,712,[],0.8685615006086079,0.7676612569537032,0.9923452710653623,0.7722340927380192,0.9978107822374214,0.8850224374877202,138.80561892196408,47.54415152326538,-0.22180906660746824,104.36374205164611,thyroid nodule,0.7734375
7331,,,,,,,479,616,[],0.9389843852512794,0.8849863962404155,0.9891081992591364,0.8936956738934958,0.999283756171695,0.9464897150325954,21.094389581607988,4.85664439322154,-0.09646318313517833,104.77966000325978,thyroid nodule,0.7421875
7336,,,,,,,478,614,[],0.847241016388513,0.7349680448676145,0.9898120498858247,0.7405703771849126,0.9997971198007577,0.8701837484928352,19.788400922514533,6.296196973113847,-0.2518070705743199,103.92851498909295,thyroid nodule,0.6171875
7338,,,,,,,456,496,[],0.0,0.0,0.0,0.0,0.9921575559111375,0.49607877795556876,123.43620354160467,59.51032845193325,-0.8493566833452466,104.32853200472891,thyroid nodule,0.4609375
7341,,,,,,,479,616,[],0.0,0.0,0.0,0.0,1.0,0.5,778.9152713870745,778.9152713870745,-1.0,105.21242790855467,thyroid nodule,0.5234375
7346,,,,,,,476,616,[],0.006443028223264934,0.00323192580622497,1.0,0.00323192580622497,1.0,0.5016159629031125,192.29401782633633,104.20915247868605,-0.996768074193775,104.76911999285221,thyroid nodule,0.39453125
735,,,,,,,499,560,[],0.04440095562445992,0.022704529209175386,1.0,0.022704529209175386,1.0,0.5113522646045877,225.78285937806314,135.35159598468545,-0.9772954707908246,104.41375384107232,thyroid nodule,0.640625
7353,,,,,,,600,760,[],0.0,0.0,0.0,0.0,0.9571650062308293,0.47858250311541467,236.57895087883026,159.15246454292802,1.1205006091482999,104.41112285479903,thyroid nodule,0.8046875
737,,,,,,,446,432,[],0.0,0.0,0.0,0.0,0.9725119077463024,0.4862559538731512,254.55706571906984,129.8586971136538,-0.8675404687122493,103.36372419260442,thyroid nodule,0.70703125
739,,,,,,,586,857,[],0.18186627017599039,0.10002909422597564,1.0,0.10002909422597564,1.0,0.5500145471129878,136.68391092003233,75.13888108701592,-0.8999709057740244,106.24464717693627,thyroid nodule,0.515625
741,,,,,,,675,980,[],0.0,0.0,0.0,0.0,0.985381299260356,0.492690649630178,322.8164666467545,208.96503753219358,-0.49156209433145825,106.68454482220113,thyroid nodule,0.515625
743,,,,,,,357,423,[],0.0,0.0,0.0,0.0,1.0,0.5,552.1050624654695,552.1050624654695,-1.0,103.96883403882384,thyroid nodule,0.58984375
747,,,,,,,323,417,[],0.0,0.0,0.0,0.0,0.9008888481627417,0.45044442408137086,125.1501091571864,72.85065570187757,-0.5768553655960252,103.43434498645365,thyroid nodule,0.58984375
749,,,,,,,323,417,[],0.654130695653187,0.48602839335180054,1.0,0.48602839335180054,1.0,0.7430141966759003,103.0,38.85904431144874,-0.5139716066481994,103.5701169166714,thyroid nodule,0.68359375
75,,,,,,,499,630,[],0.5204613722514692,0.3517727502954584,0.999208708996739,0.35187077271230377,0.9998315836748443,0.675851178193574,122.62666502264557,52.43732305874294,-0.6478505746155859,104.02958607301116,thyroid nodule,0.7734375
750,,,,,,,319,417,[],0.2538618094499026,0.14538471858858254,1.0,0.14538471858858254,1.0,0.5726923592942913,119.38415928803397,81.36595118825863,-0.8546152814114174,102.84504387527704,thyroid nodule,0.64453125
751,,,,,,,319,417,[],0.49808776819861283,0.3316357358653431,0.9979220779220779,0.33186490455212925,0.9998543720248659,0.6658596382884976,97.29645237627066,31.928987594139205,-0.6674440701390688,102.33704512938857,thyroid nodule,0.55859375
7546,,,,,,,247,434,[],0.0018602179112410311,0.0009309748636786807,0.0018918918918918919,0.0018295870360690017,0.9642746585148783,0.4830521227754736,72.03816852948907,39.72952838713443,-0.03293256664924203,103.60005800612271,thyroid nodule,0.63671875
7549,,,,,,,443,544,[],0.0,0.0,0.0,0.0,0.9825730827722984,0.4912865413861492,188.13426018934868,101.1775411921444,-0.7567349472377405,102.89483517408371,thyroid nodule,0.625
755,,,,,,,323,418,[],0.7395706182235945,0.5867608522274126,0.985551621854368,0.5918519795437568,0.9969862685613923,0.7944191240525745,80.0,36.10530556829102,-0.3994713555134172,102.71360189653933,thyroid nodule,0.7890625
7553,,,,,,,412,504,[],0.0,0.0,0.0,0.0,0.9800145560407569,0.49000727802037847,207.54674057518858,160.24022184516264,1.6608527131782946,103.18423993885517,thyroid nodule,0.51171875
7555,,,,,,,480,504,[],0.0,0.0,0.0,0.0,0.9816214884179398,0.4908107442089699,245.4395031775723,128.27066196119696,-0.9044336237826756,104.18077907525003,thyroid nodule,0.59765625
7558,,,,,,,480,508,[],0.0,0.0,0.0,0.0,0.9796382289188699,0.48981911445943493,115.04519506485762,64.6560667296757,-0.3279877283502998,103.3327819313854,thyroid nodule,0.66796875
7563,,,,,,,483,506,[],0.0,0.0,0.0,0.0,0.9841980281725162,0.4920990140862581,79.00253154416589,46.06742238387305,0.23039690222652467,103.49268699064851,thyroid nodule,0.439453125
7567,,,,,,,480,508,[],0.0,0.0,0.0,0.0,0.9819133647271266,0.4909566823635633,132.43539619987024,88.27378021748093,0.8264324550397323,103.42897498048842,thyroid nodule,0.69921875
7569,,,,,,,480,504,[],0.0,0.0,0.0,0.0,0.9802969065754702,0.4901484532877351,140.38746118149626,70.37959508956216,-0.5583623693379791,103.43510494567454,thyroid nodule,0.72265625
7571,,,,,,,479,507,[],0.0,0.0,0.0,0.0,0.977808768119899,0.4889043840599495,132.10374429884408,93.59461640709648,0.10384454659423319,104.67216791585088,thyroid nodule,0.640625
7575,,,,,,,444,553,[],0.0062581865812836555,0.003138915249288269,0.01033902380379899,0.004487112595220703,0.9825555522591747,0.4935213324271977,128.0,59.25239888578869,-0.5660022957320254,104.35013216920197,thyroid nodule,0.69140625
7577,,,,,,,463,616,[],0.5955105633802817,0.42400501410216235,0.4804931256658718,0.7829213854674713,0.9625060872685465,0.8727137363680089,62.26101853395205,18.843772852548724,0.6294122509713153,104.99505489133298,thyroid nodule,0.5859375
7579,,,,,,,338,504,[],0.9238822246455834,0.8585326307255776,0.9152981849611063,0.9326287978863936,0.9976358482600567,0.9651323230732252,6.324555320336759,2.6115900786425157,0.01893439013650374,103.88969397172332,thyroid nodule,0.66015625
7581,,,,,,,433,549,[],0.0,0.0,0.0,0.0,0.9749324190107698,0.4874662095053849,116.20542034820069,71.83677929193367,-0.05502197623311086,104.35722209513187,thyroid nodule,0.76171875
7585,,,,,,,457,680,[],0.0,0.0,0.0,0.0,0.9526215880081168,0.4763107940040584,177.54801960495388,106.69353730145326,1.7731800766283525,104.27394020371139,thyroid nodule,0.6328125
7589,,,,,,,480,504,[],0.0,0.0,0.0,0.0,0.9805187688773743,0.49025938443868716,158.29384749105478,86.09271976104414,-0.6780410055784974,104.11135805770755,thyroid nodule,0.57421875
759,,,,,,,672,743,[],0.25842353330094314,0.14838483307640982,1.0,0.14838483307640982,1.0,0.5741924165382049,433.40143014547,197.0021680434359,-0.8516151669235902,104.04719598591328,thyroid nodule,0.8515625
7593,,,,,,,326,504,[],0.0,0.0,0.0,0.0,0.958437383039949,0.4792186915199745,206.02523474541806,153.0917189963008,4.127933383800151,104.04330701567233,thyroid nodule,0.6796875
7594,,,,,,,377,504,[],0.0,0.0,0.0,0.0,0.9809552809697047,0.4904776404848524,159.16468219196784,126.44229810704218,0.2655307064252751,104.98738405294716,thyroid nodule,0.58984375
7596,,,,,,,550,815,[],0.0,0.0,0.0,0.0,0.9769987940199559,0.48849939700997796,171.15182425359149,108.72957466437127,2.4496463455708994,104.75451895035803,thyroid nodule,0.58203125
7598,,,,,,,387,504,[],0.0,0.0,0.0,0.0,0.9426282451973164,0.4713141225986582,160.95494559013054,93.91317995660827,2.5852864583333335,103.2003101427108,thyroid nodule,0.6015625
7600,,,,,,,560,768,[],0.0,0.0,0.0,0.0,0.9776262813271901,0.48881314066359505,214.5075643841982,145.16087296825134,1.8295791345583876,102.78776311315596,thyroid nodule,0.71875
7602,,,,,,,320,504,[],0.0,0.0,0.0,0.0,0.96838267926203,0.484191339631015,131.27974819253637,86.13162364084545,0.4047887323943662,103.76567114144564,thyroid nodule,0.73828125
7604,,,,,,,358,616,[],0.9012936103488828,0.8203225346082489,0.9254548381903075,0.878361858190709,0.9955360586193598,0.9369489584050343,14.212670403551895,5.393846542558811,-0.05088630806845966,103.60630811192095,thyroid nodule,0.66796875
7608,,,,,,,465,504,[],0.0,0.0,0.0,0.0,0.9854681596305216,0.4927340798152608,183.47884154370615,115.40195854173744,0.4997776789684304,104.01414497755468,thyroid nodule,0.609375
761,,,,,,,589,858,[],0.41587041587041584,0.26252297794117646,0.9962214794361285,0.26278463543663266,0.9999457515085254,0.631365193472579,113.84704650337133,40.01471728257311,-0.7362186613509162,104.83272094279528,thyroid nodule,0.56640625
7610,,,,,,,488,640,[],0.003609429634921232,0.0018079777016083468,0.002925937214263944,0.004709576138147566,0.9458606948048509,0.47528513547149925,141.32586458253138,70.84249002936063,0.6095957613814756,105.35108088515699,thyroid nodule,0.6875
7611,,,,,,,488,634,[],0.0,0.0,0.0,0.0,0.9716565060166454,0.4858282530083227,169.3473337653693,128.04118869620194,3.029615918556224,105.34701100550592,thyroid nodule,0.44140625
7613,,,,,,,480,504,[],0.0,0.0,0.0,0.0,0.9692721588698754,0.4846360794349377,191.2918298117928,89.36206880293008,-0.770472289325351,103.69272995740175,thyroid nodule,0.71484375
7615,,,,,,,480,504,[],0.0,0.0,0.0,0.0,0.9462846203466717,0.47314231017333586,255.2098145976352,175.03127587064873,6.894189602446483,102.52576693892479,thyroid nodule,0.68359375
7617,,,,,,,480,508,[],0.0,0.0,0.0,0.0,0.8663616170961115,0.43318080854805574,230.63953607262619,128.120569419902,7.2670791441093066,102.69046109169722,thyroid nodule,0.79296875
7619,,,,,,,376,492,[],0.0,0.0,0.0,0.0,0.9713090324888023,0.48565451624440115,136.55691775113704,83.57660665020845,-0.42821586152279667,102.82000410370529,thyroid nodule,0.78515625
762,,,,,,,589,858,[],0.6320396335528918,0.46203066189295877,0.9958842036527693,0.46291458950350434,0.9994755949979831,0.7311950922507438,126.62541693238589,46.65280682124654,-0.535172274240724,105.03013501875103,thyroid nodule,0.69921875
7621,,,,,,,310,504,[],0.0,0.0,0.0,0.0,0.9765413416637982,0.4882706708318991,136.67692409600798,99.51898841338614,0.5932951036612263,104.76260888390243,thyroid nodule,0.58203125
7623,,,,,,,480,504,[],0.0,0.0,0.0,0.0,0.9838878182582528,0.4919439091291264,227.2397363000395,189.6936491306367,1.322135572885423,103.88112277723849,thyroid nodule,0.7578125
7625,,,,,,,488,640,[],0.9512426484538038,0.9070188133140377,0.9131305773083227,0.9926747178776479,0.9984476143053806,0.9955611660915142,5.0297058540778306,1.8148348817904532,0.08711146307661849,103.930784156546,thyroid nodule,0.73828125
7627,,,,,,,483,637,[],0.9429683051812489,0.8920908519615764,0.9800769306637735,0.908567248788516,0.9993192556296211,0.9539432522090685,8.270118263535652,2.8634868693783004,-0.0729633354667642,103.68464910425246,thyroid nodule,0.60546875
7629,,,,,,,282,408,[],0.0,0.0,0.0,0.0,0.9663370238991007,0.48316851194955035,172.0,136.40316177690528,0.09883040935672514,102.81977313570678,thyroid nodule,0.73046875
7631,,,,,,,474,614,[],0.617633517495396,0.44679433805162366,0.7596262740656852,0.5203646237393328,0.9970302224709668,0.7586974231051498,21.400934559032695,8.490233575583074,-0.31497284716834756,104.1345780249685,thyroid nodule,0.62109375
7633,,,,,,,480,618,[],0.0,0.0,0.0,0.0,0.9596255607561006,0.4798127803780503,148.01283154544797,96.54159816952634,0.3464566929133858,104.06199702993035,thyroid nodule,0.51171875
7635,,,,,,,308,504,[],0.0,0.0,0.0,0.0,0.9824326368331209,0.49121631841656044,262.563888152101,190.1058991377215,-0.851235132662397,103.15750096924603,thyroid nodule,0.67578125
7639,,,,,,,539,838,[],0.0,0.0,0.0,0.0,0.9845260901295384,0.4922630450647692,299.04447824926353,250.83764177526066,-0.48606271777003485,104.58824620582163,thyroid nodule,0.69921875
764,,,,,,,527,768,[],0.009408371390310064,0.004726419650865935,0.009368161925601751,0.009448927512242224,0.962876405876429,0.4861626666943356,118.39573388079417,62.44800604806719,0.008621284226498379,106.4995820634067,thyroid nodule,0.54296875
7644,,,,,,,480,504,[],0.0,0.0,0.0,0.0,0.977446464039524,0.488723232019762,182.83872626037166,142.47993726735652,1.3831569664902998,103.76652190461755,thyroid nodule,0.8125
7646,,,,,,,410,504,[],0.0,0.0,0.0,0.0,0.9822030267027637,0.49110151335138186,162.3166646038204,123.80257545311581,1.8824921135646688,103.57555700466037,thyroid nodule,0.71875
7650,,,,,,,474,635,[],0.0,0.0,0.0,0.0,0.980515491865441,0.4902577459327205,164.340803723959,104.14822566843169,-0.40724501513727945,103.33506297320127,thyroid nodule,0.70703125
7654,,,,,,,269,504,[],0.0,0.0,0.0,0.0,0.9626479160082868,0.4813239580041434,234.01655919742257,135.24109182096439,-0.8035549399815328,103.37467398494482,thyroid nodule,0.70703125
7656,,,,,,,557,816,[],0.0,0.0,0.0,0.0,0.9787244740540972,0.4893622370270486,149.83824536670934,84.89680889884727,-0.45134673189131846,104.94306194595993,thyroid nodule,0.66015625
7658,,,,,,,564,1120,[],0.0,0.0,0.0,0.0,0.9612608334892109,0.48063041674460544,293.1394719158281,194.47646589672686,2.9151720794958798,107.32942703180015,thyroid nodule,0.70703125
766,,,,,,,350,409,[],0.2389537500330924,0.1356885147324113,0.5839803312629399,0.15020802130138125,0.9715750850979179,0.5608915531996496,149.61901289045448,36.20128770101383,-0.7427858212680979,105.1778169348836,thyroid nodule,0.5546875
7660,,,,,,,482,507,[],0.0,0.0,0.0,0.0,0.9864879019587305,0.49324395097936524,208.0712128461312,159.90671570771963,-0.434111247587296,104.74983882158995,thyroid nodule,0.498046875
7662,,,,,,,480,504,[],0.0,0.0,0.0,0.0,0.920292216143913,0.4601461080719565,158.99148541276648,91.22866676789472,1.144900784494693,104.43319310434163,thyroid nodule,0.6484375
7664,,,,,,,480,504,[],0.0,0.0,0.0,0.0,0.9819587628865979,0.49097938144329895,177.05580811316548,134.5370591719482,1.0252808988764044,103.24643086642027,thyroid nodule,0.5703125
7666,,,,,,,444,504,[],0.0,0.0,0.0,0.0,0.9787201772246147,0.48936008861230734,177.47548200849104,103.20177519743797,-0.25310533957089854,103.6645988933742,thyroid nodule,0.462890625
7668,,,,,,,398,504,[],0.8706850371767126,0.770985124468731,0.9795101725966637,0.783623249893933,0.9975667706752928,0.8905950102846129,53.450872714043584,12.922819728915268,-0.19998457206772863,103.72427990660071,thyroid nodule,0.6796875
767,,,,,,,373,425,[],0.173840398096691,0.09519452621529159,0.9929460580912863,0.09525894669798177,0.9998725675392042,0.547565757118593,177.49647883831386,71.18339906236956,-0.9040643286493372,103.51771698333323,thyroid nodule,0.41015625
7670,,,,,,,488,634,[],0.948438456827924,0.9019333799208014,0.9448511469009273,0.9520531104007868,0.997718638855147,0.9748858746279669,5.385164807134504,2.925909557024974,0.007622326038849275,104.01794593781233,thyroid nodule,0.6640625
7672,,,,,,,480,504,[],0.0,0.0,0.0,0.0,0.9771618759980559,0.48858093799902796,181.2180990656369,112.06511792010302,-0.5412308228730823,103.58496801927686,thyroid nodule,0.74609375
7674,,,,,,,517,812,[],0.0,0.0,0.0,0.0,0.9800411221500599,0.49002056107502995,292.49384567887387,235.62588002190998,1.7757757757757757,104.24987995065749,thyroid nodule,0.7421875
7676,,,,,,,480,504,[],0.0,0.0,0.0,0.0,0.9696401564863074,0.4848200782431537,217.71552162754497,173.02038184142884,2.8372827804107423,104.76842010393739,thyroid nodule,0.55859375
7678,,,,,,,526,816,[],0.001341156747694887,0.0006710283509478275,0.0010270455323519343,0.0019320560296248591,0.9724069455443789,0.4871695007870019,125.46333999066772,58.030144708884755,0.8811785541780711,103.83530193939805,thyroid nodule,0.79296875
7680,,,,,,,319,504,[],0.0,0.0,0.0,0.0,0.9505459216441875,0.47527296082209375,133.09395177843356,76.20982610692741,0.14925373134328357,103.7963021080941,thyroid nodule,0.5625
7682,,,,,,,360,539,[],0.41209773539928485,0.25952336273221993,0.31193143372678744,0.6070226773957571,0.9511124168692076,0.7790675471324824,111.95415684089107,38.57110428644664,0.946013167520117,103.67026901803911,thyroid nodule,0.458984375
7685,,,,,,,303,435,[],0.0,0.0,0.0,0.0,0.9649663516315975,0.48248317581579875,165.16959105608694,90.84054417355578,-0.5642332789559543,102.93210600502789,thyroid nodule,0.63671875
7686,,,,,,,457,680,[],0.0,0.0,0.0,0.0,0.9609270944046066,0.4804635472023033,133.43537630244464,82.88667615119029,-0.13589705444808092,102.88243507966399,thyroid nodule,0.78125
7692,,,,,,,457,632,[],0.0,0.0,0.0,0.0,0.9797860230597865,0.48989301152989323,192.92692105466062,145.49522110560727,1.374487284659557,104.13013794459403,thyroid nodule,0.7265625
7696,,,,,,,405,504,[],0.0,0.0,0.0,0.0,0.9768934064964258,0.4884467032482129,119.72630920882317,59.09202626761155,-0.6126533809067967,103.10738906264305,thyroid nodule,0.6875
7698,,,,,,,443,552,[],0.39704524469067404,0.24769585253456222,0.6333391093398024,0.2891613924050633,0.9908752199261738,0.6400183061656185,43.17464526352243,19.204513426827468,-0.5434335443037974,103.45501499250531,thyroid nodule,0.58203125
7702,,,,,,,400,504,[],0.0,0.0,0.0,0.0,0.9827628811909649,0.49138144059548244,115.0,82.72466496576642,0.03356516480193529,104.61698588915169,thyroid nodule,0.6953125
7704,,,,,,,336,504,[],0.0,0.0,0.0,0.0,0.9487691363395289,0.47438456816976443,165.16277226821825,106.32144774007537,4.6006514657980455,102.67636994831264,thyroid nodule,0.7734375
7706,,,,,,,443,614,[],0.7544849828663576,0.6057614500728273,0.6093114113625264,0.9904736702831437,0.9910522214724315,0.9907629458777876,32.081023303329985,9.187773878102751,0.6255623180735644,103.48934587091208,thyroid nodule,0.67578125
7708,,,,,,,445,544,[],0.0,0.0,0.0,0.0,0.9829905276839959,0.49149526384199793,105.53861820106242,65.04799259613166,2.217596229379419,103.53892692364752,thyroid nodule,0.72265625
771,,,,,,,588,858,[],0.0,0.0,0.0,0.0,0.9759164508717282,0.4879582254358641,220.8542463462507,104.73749505474767,-0.5357688288722772,105.46775301918387,thyroid nodule,0.62109375
7711,,,,,,,480,618,[],0.6110275109001814,0.439913328518251,0.4399622159248764,0.9997474747474747,0.9650907453588251,0.9824191100531499,76.23155086239856,30.829428629851694,1.272348484848485,104.19473890215158,thyroid nodule,0.5703125
7712,,,,,,,488,640,[],0.6020412184261339,0.4306573458112527,1.0,0.4306573458112527,1.0,0.7153286729056263,44.6206061332973,22.93829092862148,-0.5693426541887473,105.18748685717583,thyroid nodule,0.5
7714,,,,,,,480,504,[],0.0,0.0,0.0,0.0,0.9784788694334078,0.4892394347167039,94.0,51.87305350987966,0.0027542789691127286,103.86401298455894,thyroid nodule,0.69921875
7716,,,,,,,488,640,[],0.0,0.0,0.0,0.0,0.9486161920397109,0.47430809601985546,281.1770603736817,216.07463547321896,4.513176144244105,103.47317601554096,thyroid nodule,0.5625
7718,,,,,,,483,507,[],0.0,0.0,0.0,0.0,0.9795171298493558,0.4897585649246779,161.07327515979412,75.39380822665417,-0.7309668109668109,103.77096105366945,thyroid nodule,0.7890625
7720,,,,,,,480,619,[],0.9308067135896048,0.8705691715616771,0.8878330923362941,0.9781520254893036,0.9981450229907832,0.9881485242400434,6.082762530298219,2.299985391064096,0.10172963131543013,103.35457394830883,thyroid nodule,0.47265625
7722,,,,,,,372,504,[],0.0,0.0,0.0,0.0,0.9768695476211889,0.48843477381059447,116.9913936114209,66.20479280586156,-0.5706385642737897,103.9535750169307,thyroid nodule,0.6640625
7724,,,,,,,499,480,[],0.0,0.0,0.0,0.0,0.9668539975089135,0.48342699875445677,132.49527841959835,86.51202667046944,0.3154408017666044,103.74619089998305,thyroid nodule,0.7265625
7726,,,,,,,488,640,[],0.0,0.0,0.0,0.0,0.9576583065941981,0.4788291532970991,143.54615322002923,72.352198892442,0.8742028985507246,104.66944705694914,thyroid nodule,0.76171875
773,,,,,,,663,556,[],0.046028361593393574,0.02355630997332594,1.0,0.02355630997332594,1.0,0.511778154986663,287.9920137078271,167.31935762058305,-0.9764436900266741,103.94853493198752,thyroid nodule,0.5390625
7731,,,,,,,456,504,[],0.0,0.0,0.0,0.0,0.9844621584833145,0.49223107924165727,117.85378635242915,82.9659573058688,-0.30390593862096454,103.00174704752862,thyroid nodule,0.75
7733,,,,,,,480,618,[],0.8679505869715338,0.7667073336044462,0.8460732984293193,0.8909892879647133,0.9964552932908933,0.9437222906278033,11.40175425099138,4.747363882997422,0.053087586641461876,104.88714184612036,thyroid nodule,0.46484375
7737,,,,,,,480,616,[],0.9681425057525986,0.9382521434887924,0.9686805335026992,0.9676050753370341,0.9970827479109665,0.9823439116240003,26.0,4.231255821597314,-0.0011102299762093576,103.87996304780245,thyroid nodule,0.6640625
7739,,,,,,,443,504,[],0.0,0.0,0.0,0.0,0.980388223604107,0.4901941118020535,202.41788458533006,128.93099854202754,-0.528223543934463,102.53092786297202,thyroid nodule,0.7578125
7743,,,,,,,480,504,[],0.0,0.0,0.0,0.0,0.9852392447139074,0.4926196223569537,290.74256884517376,203.76344909842658,-0.6951579701065067,103.6963399965316,thyroid nodule,0.76953125
7746,,,,,,,304,440,[],0.0,0.0,0.0,0.0,0.9758185895073105,0.48790929475365524,137.62983695994055,104.10628662284562,-0.10944570135746606,102.9616161249578,thyroid nodule,0.70703125
7748,,,,,,,280,504,[],0.0,0.0,0.0,0.0,0.9569942063240423,0.47849710316202115,127.88745017383174,83.70056305651381,1.5417376490630323,103.44730503857136,thyroid nodule,0.6640625
7750,,,,,,,411,504,[],0.0,0.0,0.0,0.0,0.9772448231851424,0.4886224115925712,94.0,51.682918757553956,3.337650323774283,103.93776395358145,thyroid nodule,0.7578125
7754,,,,,,,480,504,[],0.0,0.0,0.0,0.0,0.9826877056536045,0.49134385282680226,162.07297708654937,118.4614950448428,2.4044117647058822,104.2913410346955,thyroid nodule,0.73046875
7756,,,,,,,496,699,[],0.0034005719143674162,0.0017031818533715258,0.003964321110009911,0.0029771973746532242,0.9666942833471417,0.48483574036089744,131.61251540497352,59.46351021141292,-0.2490019622437242,101.38154681771994,thyroid nodule,0.59765625
7758,,,,,,,480,616,[],0.9354824656937486,0.8787853985922409,0.961924386310697,0.910455354871534,0.998502925459778,0.954479140165656,9.0,3.5100161573097837,-0.05350631730687696,102.15286095626652,thyroid nodule,0.7421875
7760,,,,,,,480,504,[],0.0,0.0,0.0,0.0,0.9796054408727703,0.4898027204363852,150.31766148910307,87.13604502846806,-0.6224391030811421,104.41272286698222,thyroid nodule,0.71875
7762,,,,,,,480,504,[],0.0,0.0,0.0,0.0,0.9696226170188712,0.4848113085094356,127.01181047445942,87.11143638687506,1.3471368489162083,103.96617511287332,thyroid nodule,0.59765625
7764,,,,,,,488,634,[],0.0,0.0,0.0,0.0,0.9747736913100713,0.48738684565503565,280.1802968199778,227.8220176028509,3.4680483592400693,103.52297592908144,thyroid nodule,0.55078125
7766,,,,,,,377,504,[],0.9370759837177748,0.8816020424445509,0.9598679638637942,0.9153412856196156,0.9987443741438915,0.9570428298817535,5.0990195135927845,2.4185337023361386,-0.04638833664678595,104.34929188340902,thyroid nodule,0.6484375
777,,,,,,,669,743,[],0.06325068870523416,0.03265817023213473,0.8893315626383356,0.032791434074364245,0.9994263436752095,0.5161088888747869,89.3397491111407,20.870102011648488,-0.9631279992165311,105.32240988686681,thyroid nodule,0.6171875
7770,,,,,,,443,504,[],0.0,0.0,0.0,0.0,0.9818223643348439,0.49091118216742197,100.6774405249525,51.7126252070549,-0.3322629711002197,103.9855950511992,thyroid nodule,0.6875
7772,,,,,,,480,504,[],0.0406513454209493,0.020747377107155487,0.04008198588020952,0.041237113402061855,0.9822639826300641,0.511750548016063,73.02739212103907,36.739017196991576,0.028819119025304592,104.24641985446215,thyroid nodule,0.578125
7774,,,,,,,543,892,[],0.0,0.0,0.0,0.0,0.9845686767603982,0.4922843383801991,164.8264141787135,107.53944850003714,1.6510881198715661,104.48496509343386,thyroid nodule,0.734375
7776,,,,,,,488,640,[],0.0,0.0,0.0,0.0,0.9640749131651913,0.48203745658259567,221.40234805572445,138.60370899942825,-0.14635693332276223,105.86852999404073,thyroid nodule,0.498046875
7780,,,,,,,480,504,[],0.0,0.0,0.0,0.0,0.9794198158021457,0.4897099079010728,168.07438829280326,103.69362725832815,-0.5841150170947663,103.78918098285794,thyroid nodule,0.6640625
7782,,,,,,,488,640,[],0.0,0.0,0.0,0.0,0.9590872841495369,0.47954364207476846,243.46570560866027,182.41584578781698,1.462095984329089,103.6337991245091,thyroid nodule,0.67578125
7784,,,,,,,487,640,[],0.0,0.0,0.0,0.0,0.9894124883828219,0.49470624419141096,214.12332826407078,178.88844293866683,-0.7477298072327545,105.62688601203263,thyroid nodule,0.51953125
7786,,,,,,,480,504,[],0.0,0.0,0.0,0.0,0.974433074127332,0.487216537063666,213.11780776863964,102.14265712851773,-0.7967669145118929,103.50894602015615,thyroid nodule,0.625
7788,,,,,,,480,508,[],0.0,0.0,0.0,0.0,0.9833877721943048,0.4916938860971524,102.28648731438797,54.38454117399862,-0.2128968253968254,103.23760099709034,thyroid nodule,0.5625
779,,,,,,,363,364,[],0.6050323508267433,0.4337250051535766,0.4679715302491103,0.8556323708824726,0.9623940761236971,0.9090132235030848,67.13940018342852,16.722193595073644,0.8283855225701505,102.28121397085488,thyroid nodule,0.61328125
7790,,,,,,,296,504,[],0.0,0.0,0.0,0.0,0.9674923126005471,0.48374615630027357,104.0,59.96732910047488,1.567828418230563,102.41282498463988,thyroid nodule,0.66015625
7792,,,,,,,402,784,[],0.0,0.0,0.0,0.0,0.9537726930410678,0.4768863465205339,373.9802100010286,273.62937184177844,3.6189561319244317,104.66410801745951,thyroid nodule,0.56640625
7794,,,,,,,487,640,[],0.0,0.0,0.0,0.0,0.9713803728840004,0.4856901864420002,229.30165618315732,180.9476314514867,1.1881212723658052,103.8542129099369,thyroid nodule,0.515625
7796,,,,,,,480,506,[],0.0,0.0,0.0,0.0,0.9814844939414795,0.49074224697073976,206.95168518279817,163.2446115104068,0.41594896331738435,102.74554183706641,thyroid nodule,0.6796875
7798,,,,,,,488,640,[],0.0,0.0,0.0,0.0,0.9474918001469983,0.47374590007349915,182.9283945854364,107.54390663512704,3.6694500431903254,104.03732606209815,thyroid nodule,0.83203125
78,,,,,,,499,630,[],0.0,0.0,0.0,0.0,0.9333969162295342,0.4666984581147671,476.71563849597334,245.80010986677553,-0.9078988259014181,104.54952600412071,thyroid nodule,0.66015625
7800,,,,,,,480,504,[],0.0,0.0,0.0,0.0,0.975772559883141,0.4878862799415705,198.20015094455147,97.22580750069402,-0.8313201461343515,103.68398996070027,thyroid nodule,0.66015625
7802,,,,,,,480,508,[],0.0,0.0,0.0,0.0,0.976950132417688,0.488475066208844,119.03045786536426,82.66829699586555,0.24111560953666217,103.90528314746916,thyroid nodule,0.76953125
7804,,,,,,,564,800,[],0.9216574171802118,0.8546981561000253,0.888356524022053,0.9575521754510081,0.9961081303696246,0.9768301529103164,20.414409025517944,5.543518351541744,0.07789175804740008,105.50021403469145,thyroid nodule,0.54296875
7806,,,,,,,487,640,[],0.8738190552441953,0.7759135504052325,0.7783483097988875,0.9959846687351707,0.9949249022700775,0.9954547855026241,14.142135623730951,5.222361174553451,0.2796130680781164,104.62791682220995,thyroid nodule,0.74609375
781,,,,,,,610,1090,[],0.8993748070392096,0.8171490283806813,0.9998798664801737,0.8172292629556118,0.9999731963539383,0.9086012296547751,35.17660982110678,18.66563462299746,-0.18267254862080332,104.54699513502419,thyroid nodule,0.73046875
7810,,,,,,,349,504,[],0.0,0.0,0.0,0.0,0.9641804185515775,0.4820902092757888,144.23088974731553,87.99314428171958,0.90101444820166,105.78680806793272,thyroid nodule,0.6484375
7812,,,,,,,480,508,[],0.9169780254575391,0.8466845982925973,0.9093192665159507,0.9247668923234129,0.9969408205549741,0.9608538564391935,10.64416419288809,3.630453991143039,0.01698812108826159,105.10069597512484,thyroid nodule,0.734375
7814,,,,,,,376,504,[],0.0,0.0,0.0,0.0,0.9686509562105172,0.4843254781052586,166.7617898078992,117.71000340875366,0.46130653266331656,104.47483416646719,thyroid nodule,0.734375
7816,,,,,,,480,504,[],0.0,0.0,0.0,0.0,0.9701300646578626,0.4850650323289313,263.2058120558616,174.65582207318775,3.549429657794677,103.30178285948932,thyroid nodule,0.64453125
7818,,,,,,,480,507,[],0.0,0.0,0.0,0.0,0.9858678130037615,0.49293390650188074,135.3595205418551,102.8255398660033,1.3909090909090909,102.05351887270808,thyroid nodule,0.53125
7820,,,,,,,355,505,[],0.0,0.0,0.0,0.0,0.9729563047199663,0.48647815235998315,220.60722727843026,160.83478794457832,-0.18795430944963656,101.77393397316337,thyroid nodule,0.53125
7822,,,,,,,480,504,[],0.016084250837721397,0.008107325547727053,0.027339300244100896,0.011393692777212614,0.97368988665126,0.4925417897142363,139.77813191565312,66.07054857704192,-0.5832485588335029,103.81741309538484,thyroid nodule,0.6796875
7824,,,,,,,480,508,[],0.9375965400061785,0.8825239895318406,0.9761981344483757,0.9019316493313522,0.9990502470641083,0.9504909481977302,8.602325267042627,3.025755732153425,-0.07607726597325408,101.79001512005925,thyroid nodule,0.796875
7828,,,,,,,457,680,[],0.0,0.0,0.0,0.0,0.9557984931304476,0.4778992465652238,233.5723535981045,158.2964053044991,1.1874898456539398,104.03472580946982,thyroid nodule,0.7578125
783,,,,,,,453,784,[],0.0,0.0,0.0,0.0,0.9643891132349418,0.4821945566174709,308.1444193062,234.07995700056495,0.4159302192126707,105.27842887677252,thyroid nodule,0.65625
7832,,,,,,,357,504,[],0.0,0.0,0.0,0.0,0.9596775580642017,0.47983877903210087,219.48613692409103,146.2834097413437,0.2766382283536032,103.20670111104846,thyroid nodule,0.63671875
7834,,,,,,,483,507,[],0.2666895016269909,0.15386135483361,0.9605230693313594,0.15484050592633838,0.9971673895724529,0.5760039477493957,186.8432453916645,81.1070885916485,-0.8387956407604805,102.32369392178953,thyroid nodule,0.578125
7836,,,,,,,451,615,[],0.0,0.0,0.0,0.0,0.9747071097315511,0.48735355486577553,194.42427017017087,137.79448290352698,0.12420121251843355,104.21275882981718,thyroid nodule,0.64453125
7838,,,,,,,289,504,[],0.0,0.0,0.0,0.0,0.9734605017623885,0.48673025088119426,180.8448189957936,99.69662300247772,-0.835719222035739,104.01558596640825,thyroid nodule,0.47265625
7840,,,,,,,480,618,[],0.0,0.0,0.0,0.0,0.94623062322589,0.473115311612945,256.64420810773964,174.14240875673826,3.95727301288093,104.45292294025421,thyroid nodule,0.59765625
7842,,,,,,,818,1080,[],0.9672678126451831,0.9366105022084084,0.9799743260590501,0.9548865910607072,0.9997314813964804,0.9773090362285938,4.47213595499958,1.8516758513117193,-0.025600400266844563,107.6003520283848,thyroid nodule,0.5390625
7846,,,,,,,480,508,[],0.7070301291248207,0.546826453617399,0.8013609526668668,0.6325684268730992,0.9818324096997543,0.8072004182864267,54.40680089803224,20.22924311452977,-0.21063233145068921,104.30677188560367,thyroid nodule,0.64453125
7848,,,,,,,343,504,[],0.0,0.0,0.0,0.0,0.9693863295029863,0.48469316475149316,94.02526208355526,46.07432076063167,3.842541436464088,103.52083691395819,thyroid nodule,0.73046875
785,,,,,,,590,785,[],0.0,0.0,0.0,0.0,0.9008275941129267,0.45041379705646334,354.53060516114476,214.42873425618188,3.7124450031426774,104.3692019302398,thyroid nodule,0.59765625
7850,,,,,,,607,960,[],0.0,0.0,0.0,0.0,0.9285329367509404,0.4642664683754702,310.86073983790266,188.2447566450492,2.656848701880036,105.65913585014641,thyroid nodule,0.55078125
7852,,,,,,,480,504,[],0.0,0.0,0.0,0.0,0.975277822515703,0.4876389112578515,198.0,156.13829613482343,-0.02425560388089662,104.09912699833512,thyroid nodule,0.75
7854,,,,,,,480,503,[],0.009030589532147627,0.004535775127768314,1.0,0.004535775127768314,1.0,0.5022678875638842,343.0276952289655,196.37309951439468,-0.9954642248722317,103.60376816242933,thyroid nodule,0.43359375
7856,,,,,,,566,1280,[],0.0,0.0,0.0,0.0,0.9517074489845445,0.47585372449227226,316.75542594476167,203.88085112788826,9.318222222222222,106.39800992794335,thyroid nodule,0.73046875
7858,,,,,,,385,504,[],0.0,0.0,0.0,0.0,0.9588466165495392,0.4794233082747696,101.39181114400105,56.70913900761776,-0.2686466092676792,103.95180503837764,thyroid nodule,0.7890625
7860,,,,,,,430,504,[],0.0,0.0,0.0,0.0,0.978629693928512,0.489314846964256,126.03372550465872,86.23188699508444,-0.3061003861003861,103.51539589464664,thyroid nodule,0.6953125
7862,,,,,,,447,546,[],0.0,0.0,0.0,0.0,0.9725199161425576,0.4862599580712788,141.28694207179942,96.88897515970058,0.17835311039194535,103.69578888639808,thyroid nodule,0.74609375
7866,,,,,,,429,504,[],0.0,0.0,0.0,0.0,0.9741776662837315,0.48708883314186574,104.39875467308742,63.439619472607426,0.8661470687902406,103.58007717877626,thyroid nodule,0.69921875
787,,,,,,,600,783,[],0.9192330917874396,0.8505377846067886,0.8587849511653327,0.9888352076651374,0.9910034166799575,0.9899193121725475,18.82760382663984,6.984583162483111,0.15143518330559053,105.72794685140252,thyroid nodule,0.59375
7870,,,,,,,487,640,[],0.0,0.0,0.0,0.0,0.9642859478299536,0.4821429739149768,180.35950202422674,123.09426371202015,0.8723003085361672,104.96257292106748,thyroid nodule,0.70703125
7875,,,,,,,344,434,[],0.004817342432757929,0.002414486921529175,0.013566986998304126,0.0029286150091519217,0.9737408393902457,0.4883347271996988,157.51745560075636,70.93016431146044,-0.7841366687004271,103.68835902772844,thyroid nodule,0.640625
7877,,,,,,,335,504,[],0.0,0.0,0.0,0.0,0.9725864053249172,0.4862932026624586,187.2439394692754,143.04507253247002,15.864963503649635,103.15733985044062,thyroid nodule,0.6640625
7879,,,,,,,487,616,[],0.0,0.0,0.0,0.0,0.9478127795990701,0.47390638979953503,190.5465822312224,128.84967012411633,0.4367094626723728,104.46104407310486,thyroid nodule,0.439453125
7881,,,,,,,351,504,[],0.0,0.0,0.0,0.0,0.9742321110254796,0.4871160555127398,98.04433537817064,53.92610943483217,-0.3675090252707581,104.73579890094697,thyroid nodule,0.7421875
7883,,,,,,,488,640,[],0.9264921964973591,0.8630511985794613,0.9662856196156395,0.8898466702265619,0.9986397558913275,0.9442432130589447,40.61444298947228,7.3474140022909085,-0.07910595773895797,104.92837289348245,thyroid nodule,0.71484375
7885,,,,,,,487,612,[],0.0,0.0,0.0,0.0,0.9721091490974425,0.48605457454872125,173.85338184627966,108.7878823043883,-0.3921688589782808,104.20025885105133,thyroid nodule,0.58203125
7887,,,,,,,479,507,[],0.0,0.0,0.0,0.0,0.9717329637729802,0.4858664818864901,159.52298261082814,87.84613656498001,-0.4537161031134918,104.79751997627318,thyroid nodule,0.72265625
7889,,,,,,,480,504,[],0.0,0.0,0.0,0.0,0.9812604409206187,0.49063022046030935,158.87172683762998,84.4015829240773,-0.6012156934978817,104.15966785512865,thyroid nodule,0.7890625
7891,,,,,,,374,504,[],0.0,0.0,0.0,0.0,0.9777522886142792,0.4888761443071396,73.0,37.436086224041496,0.12104689203925845,102.92910505086184,thyroid nodule,0.77734375
7893,,,,,,,388,504,[],0.0,0.0,0.0,0.0,0.956791711251955,0.4783958556259775,183.1376526775117,113.30059399667222,6.1909246575342465,102.1290400531143,thyroid nodule,0.75
7895,,,,,,,338,504,[],0.9190906051487797,0.8502938447262605,0.9945730824891461,0.8542573026724674,0.9998169794284878,0.9270371410504776,6.708203932499369,3.20359101498217,-0.14108141702921068,102.69555100239813,thyroid nodule,0.6796875
7897,,,,,,,479,506,[],0.0,0.0,0.0,0.0,0.9842407627296221,0.49212038136481107,157.29636942931583,96.31173802169123,-0.7286122387610886,103.13583980314434,thyroid nodule,0.58984375
7899,,,,,,,360,504,[],0.0,0.0,0.0,0.0,0.9821833659007704,0.4910916829503852,69.51612227717797,37.16016685344967,-0.052270011947431305,103.72269013896585,thyroid nodule,0.64453125
790,,,,,,,713,972,[],0.6943158765485593,0.5317640492657651,1.0,0.5317640492657651,1.0,0.7658820246328826,115.91807451816995,44.2723509341998,-0.4682359507342349,105.5127230938524,thyroid nodule,0.64453125
7907,,,,,,,487,640,[],0.8060722685482147,0.6751432664756447,0.7901907356948229,0.8226052803840279,0.9967404435732032,0.9096728619786156,17.804493814764857,6.416751350927116,0.04102116517564914,104.64490693993866,thyroid nodule,0.58203125
7910,,,,,,,361,504,[],0.0,0.0,0.0,0.0,0.9788193431721403,0.4894096715860701,235.25528686893614,161.6033461506073,-0.6546509416016739,103.96266495808959,thyroid nodule,0.6328125
7911,,,,,,,430,546,[],0.0,0.0,0.0,0.0,0.9701355288374771,0.48506776441873856,253.10093826293996,133.35596593429392,2.370514064015519,102.48970799148083,thyroid nodule,0.53515625
7919,,,,,,,385,504,[],0.0,0.0,0.0,0.0,0.9835710587016899,0.49178552935084496,121.57610209632276,94.78426715614313,0.10094637223974763,103.08173787780106,thyroid nodule,0.60546875
792,,,,,,,590,785,[],0.0,0.0,0.0,0.0,0.9220112663208306,0.4610056331604153,385.5723019097715,178.21962357576643,-0.6356555921576311,104.53390493057668,thyroid nodule,0.6171875
7921,,,,,,,386,504,[],0.0,0.0,0.0,0.0,0.9749064321020798,0.4874532160510399,163.74675569305182,126.00290471708915,0.0419672131147541,103.90984313562512,thyroid nodule,0.68359375
7923,,,,,,,255,504,[],0.0,0.0,0.0,0.0,0.9663117796444618,0.4831558898222309,217.31946468051626,101.42351771990556,-0.8680566182096404,103.54248783551157,thyroid nodule,0.490234375
7927,,,,,,,480,618,[],0.0,0.0,0.0,0.0,0.9566067798855724,0.4783033899427862,321.0364459101421,259.80865661203245,0.2672843905915894,105.1212358288467,thyroid nodule,0.58203125
7929,,,,,,,380,504,[],0.0,0.0,0.0,0.0,0.9783337266934151,0.48916686334670756,99.0,57.00829118391887,3.831578947368421,103.46548492088914,thyroid nodule,0.69140625
7931,,,,,,,480,504,[],0.0,0.0,0.0,0.0,0.9506001730379927,0.47530008651899636,155.25752828387056,91.81055232005487,2.077446363160649,104.05356693081558,thyroid nodule,0.578125
7933,,,,,,,480,504,[],0.0,0.0,0.0,0.0,0.9768359369958137,0.48841796849790686,121.99118215127407,77.6784035834417,-0.43272574017490256,103.89624303206801,thyroid nodule,0.59765625
7935,,,,,,,460,614,[],0.0,0.0,0.0,0.0,0.9773494853811823,0.48867474269059114,231.18801787276436,180.7192864157185,-0.2194601381042059,103.63273788243532,thyroid nodule,0.451171875
7937,,,,,,,387,702,[],0.0,0.0,0.0,0.0,0.9720832334611696,0.4860416167305848,136.0,86.23656050530867,0.5975139305615088,103.34665304981172,thyroid nodule,0.6796875
7939,,,,,,,487,617,[],0.0,0.0,0.0,0.0,0.974863238042975,0.4874316190214875,270.85595234850575,213.3605891769608,-0.17781018622391742,104.74085994064808,thyroid nodule,0.78515625
794,,,,,,,546,808,[],0.0,0.0,0.0,0.0,0.9657958995623128,0.4828979497811564,265.6245455977391,134.45709351434215,1.1007357102433504,106.40908987261355,thyroid nodule,0.6328125
7941,,,,,,,424,504,[],0.0,0.0,0.0,0.0,0.9796362179173915,0.48981810895869576,214.52691117099673,131.06184223860006,-0.5404719894133215,104.25546998158097,thyroid nodule,0.69921875
7947,,,,,,,480,504,[],0.06764754687759279,0.035007871761843425,1.0,0.035007871761843425,1.0,0.5175039358809217,80.3871802066409,41.24753717097145,-0.9649921282381566,104.10847794264555,thyroid nodule,0.58984375
7949,,,,,,,480,508,[],0.0,0.0,0.0,0.0,0.9842313777818171,0.49211568889090856,120.28214918109119,86.23451506483143,1.1480022509848058,104.14783796295524,thyroid nodule,0.6953125
7951,,,,,,,517,815,[],0.0,0.0,0.0,0.0,0.9824568605386819,0.49122843026934093,180.26535925919265,135.3036120557274,0.004424167012304714,104.65388791635633,thyroid nodule,0.64453125
7953,,,,,,,480,504,[],0.0,0.0,0.0,0.0,0.9804512757349482,0.4902256378674741,194.45937597262193,135.841165536125,-0.4352606869285891,104.34357216581702,thyroid nodule,0.71484375
7955,,,,,,,480,504,[],0.062111801242236024,0.03205128205128205,0.05358490566037736,0.07386600083229297,0.9735570232040285,0.5237115120181607,111.0,44.67194440649642,0.37848522679983354,104.40054279752076,thyroid nodule,0.48046875
7959,,,,,,,557,701,[],0.0,0.0,0.0,0.0,0.904810620790087,0.4524053103950435,248.87747928903343,129.4058250121024,4.007413509060956,105.47389299608767,thyroid nodule,0.6640625
7962,,,,,,,422,504,[],0.8878249678249678,0.7982780966487687,0.8111947318908749,0.9804434337691871,0.9901566017469947,0.9853000177580908,32.88691392187311,8.110270070889193,0.20864127345082434,104.46946392767131,thyroid nodule,0.62890625
7964,,,,,,,564,912,[],0.0,0.0,0.0,0.0,0.9815334375404466,0.4907667187702233,314.9464951566978,235.1673370736393,-0.23752363726054426,106.03352286852896,thyroid nodule,0.66796875
7966,,,,,,,292,435,[],0.0,0.0,0.0,0.0,0.9477418073485601,0.47387090367428003,148.1654382259254,95.2472970505979,4.744978165938865,104.19640014879405,thyroid nodule,0.56640625
7968,,,,,,,320,380,[],0.7946420149042543,0.6592580998591329,0.7344376634699216,0.8655980271270037,0.9869532441276749,0.9262756356273394,17.03520299625402,6.6968369074964995,0.17858610768598437,102.34438488259912,thyroid nodule,0.66796875
797,,,,,,,608,525,[],0.036172202226178736,0.018419233227670594,1.0,0.018419233227670594,1.0,0.5092096166138353,253.66069853603045,143.5595079086208,-0.9815807667723294,103.90299302525818,thyroid nodule,0.4609375
7970,,,,,,,480,504,[],0.0,0.0,0.0,0.0,0.9770857167069192,0.4885428583534596,118.27087553578015,82.38733642508087,-0.08494077834179357,103.5018761176616,thyroid nodule,0.78125
7974,,,,,,,443,544,[],0.0,0.0,0.0,0.0,0.9786877230500683,0.4893438615250342,204.55557325010798,100.43249899962586,-0.7894451717755406,102.90051600895822,thyroid nodule,0.6484375
7976,,,,,,,480,508,[],0.0,0.0,0.0,0.0,0.9806474679571127,0.49032373397855633,154.36158657537868,109.79392489107559,0.4093248561913412,103.40007394552231,thyroid nodule,0.73046875
7978,,,,,,,488,640,[],0.0008460523198754611,0.00042320518680276944,0.0015853890544739679,0.000576980775000577,0.9414701607116966,0.4710235707433486,296.5195791811893,133.8491092226918,-0.6360636063606361,105.40185100398958,thyroid nodule,0.6484375
7980,,,,,,,472,504,[],0.0,0.0,0.0,0.0,0.9808582963403125,0.49042914817015626,135.87733427557927,73.69357581622992,-0.5140860692102928,104.37749186530709,thyroid nodule,0.69921875
7982,,,,,,,480,616,[],0.0,0.0,0.0,0.0,0.9456492765311771,0.47282463826558857,287.36944085547066,210.38217864431516,4.193990855649902,103.91170298680663,thyroid nodule,0.76953125
7984,,,,,,,312,504,[],0.0,0.0,0.0,0.0,0.9691917407918821,0.48459587039594104,174.09334224895736,129.5596407649898,2.1088788075178226,102.73100202903152,thyroid nodule,0.7265625
7988,,,,,,,396,504,[],0.0,0.0,0.0,0.0,0.9750655902105978,0.4875327951052989,189.76577664527866,146.59567101177035,1.2940354147250699,103.04542793892324,thyroid nodule,0.671875
799,,,,,,,426,544,[],0.04607641891821488,0.023581484641638225,1.0,0.023581484641638225,1.0,0.5117907423208191,236.91665189094502,146.55052524636466,-0.9764185153583618,104.18258816935122,thyroid nodule,0.59375
7990,,,,,,,598,618,[],0.0,0.0,0.0,0.0,0.9781512049586429,0.48907560247932147,217.01094438548392,106.4378132259509,-0.8020200920203643,104.07027578912675,thyroid nodule,0.6171875
7992,,,,,,,487,640,[],0.0,0.0,0.0,0.0,0.9735917312661498,0.4867958656330749,178.0061783030328,124.86494432988547,2.9307692307692306,104.43232418037951,thyroid nodule,0.76953125
7994,,,,,,,483,507,[],0.013089400226329687,0.0065878153892886294,0.0734858110969928,0.007184562507764297,0.9777447693849417,0.492464665946353,233.9548622263615,115.50205641446671,-0.9022319764793574,104.59770611487329,thyroid nodule,0.6796875
7996,,,,,,,444,544,[],0.003761095230931247,0.0018840907378099329,0.004478681476173415,0.003241701244813278,0.9762342616668948,0.489737981455854,118.69625234234304,58.13838032742251,-0.2761929460580913,103.58293703757226,thyroid nodule,0.5859375
7998,,,,,,,480,508,[],0.0,0.0,0.0,0.0,0.9813976146342067,0.49069880731710336,152.8561213745701,112.58762541898362,1.7935523868567886,103.46369608305395,thyroid nodule,0.486328125
8,,,,,,,600,466,[],0.612449528936743,0.44138901013628207,0.995442613387779,0.44228277068619193,0.9994262581012356,0.7208545143937137,68.47439247436589,16.22838624100958,-0.5556923475669021,103.32621308043599,thyroid nodule,0.74609375
8000,,,,,,,480,508,[],0.0,0.0,0.0,0.0,0.9805977182432462,0.4902988591216231,143.05593311708537,74.14589263045471,-0.6417338548734733,105.05420505069196,thyroid nodule,0.68359375
8004,,,,,,,480,508,[],0.0,0.0,0.0,0.0,0.9172342509467261,0.45861712547336303,169.2766959712999,96.5589034552503,-0.17723336474177773,104.43550418131053,thyroid nodule,0.56640625
8006,,,,,,,480,508,[],0.0,0.0,0.0,0.0,0.9776258210231755,0.48881291051158776,127.69533136982285,83.52530580583144,0.8071763916834339,103.0979088973254,thyroid nodule,0.69140625
801,,,,,,,608,588,[],0.0011177128066356846,0.0005591688984372701,0.0009977943493330534,0.0012703931532495319,0.944466177002931,0.47286828507809026,149.96666296213968,84.83266729302171,0.2732013907461888,101.41622787341475,thyroid nodule,0.5703125
8010,,,,,,,453,504,[],0.0,0.0,0.0,0.0,0.9784287322575661,0.48921436612878305,96.18731725128839,56.85185178134681,1.703929164360819,104.4501238502562,thyroid nodule,0.79296875
8014,,,,,,,443,544,[],0.0,0.0,0.0,0.0,0.9774441803621258,0.4887220901810629,201.3181561608391,156.13897120323415,0.2990517870167761,108.5349798668176,thyroid nodule,0.7265625
8016,,,,,,,483,507,[],0.0021380846325167037,0.001070186390796397,0.0036352620418055137,0.001514386673397274,0.9861198445287541,0.4938171156010757,106.21344587295671,50.848554970915316,-0.5834174659262998,104.39813300035894,thyroid nodule,0.69140625
8018,,,,,,,480,508,[],0.21544895251115848,0.12073005858494817,0.9992540096978739,0.12074094104921579,0.999979946255966,0.5603604436525909,92.13441265063679,45.350836445018,-0.879168920137011,104.04267604462802,thyroid nodule,0.4765625
8020,,,,,,,478,504,[],0.0,0.0,0.0,0.0,0.9829619483513179,0.49148097417565895,240.062791928052,183.52832975284133,1.8176795580110496,103.50596602074802,thyroid nodule,0.72265625
8022,,,,,,,480,504,[],0.0,0.0,0.0,0.0,0.9756756418231995,0.4878378209115998,123.84583889876168,84.27193363210378,1.4204403822185292,103.53028704412282,thyroid nodule,0.75390625
8024,,,,,,,480,621,[],0.9331201524016873,0.8746253427715069,0.9426116838487972,0.9238178633975481,0.9970519076099621,0.9604348855037551,12.727922061357855,4.737254105198504,-0.019938030445911355,104.16765813715756,thyroid nodule,0.6640625
8028,,,,,,,349,508,[],0.0,0.0,0.0,0.0,0.9728708209439132,0.4864354104719566,158.447398713773,115.40993130721868,-0.24005891016200295,104.41881301812828,thyroid nodule,0.76171875
8030,,,,,,,484,613,[],0.06618334892422825,0.03422421090821139,0.047495174960140975,0.10911895122421439,0.9610607022178007,0.5350898267210076,99.34560743988088,36.08086138638096,1.2974744553691921,104.57301582209766,thyroid nodule,0.474609375
8032,,,,,,,487,640,[],0.0,0.0,0.0,0.0,0.9659532587118621,0.48297662935593105,182.05273665789076,117.98706616960008,-0.14566764336542487,105.39946216158569,thyroid nodule,0.494140625
8034,,,,,,,550,815,[],0.0,0.0,0.0,0.0,0.9760984413602263,0.48804922068011314,214.52785350533514,152.43783621769362,0.5879344064991726,105.96265108324587,thyroid nodule,0.7109375
8036,,,,,,,539,815,[],0.5614279021264377,0.39026747630954134,0.9541274978168182,0.39773019271948606,0.9977253333672963,0.6977277630433911,76.38226060332623,26.048098896172444,-0.5831477516059957,107.1600541472435,thyroid nodule,0.57421875
8038,,,,,,,457,680,[],0.0,0.0,0.0,0.0,0.974967829326109,0.4874839146630545,183.69199570726778,101.66283757134983,-0.521862871927555,105.30281998217106,thyroid nodule,0.5390625
8040,,,,,,,480,508,[],0.8291323435110738,0.7081349791464802,0.9498220037294457,0.7356558273885072,0.9959817368128114,0.8658187821006593,35.53794802703239,12.423353120134484,-0.22548032736662435,104.3682019226253,thyroid nodule,0.625
8042,,,,,,,280,435,[],0.0,0.0,0.0,0.0,0.9011666043924108,0.4505833021962054,212.25762615041003,150.93721737614567,7.72014652014652,103.17559982649982,thyroid nodule,0.515625
8044,,,,,,,472,815,[],0.915169573218824,0.8436061071168915,0.97942914308938,0.8588228843992434,0.9981102868745351,0.9284665856368892,37.16718633009736,8.371601131322993,-0.12313934044244634,104.2926199734211,thyroid nodule,0.69921875
8046,,,,,,,545,816,[],0.0,0.0,0.0,0.0,0.9826246670537391,0.49131233352686954,260.5751329944136,204.85601579761513,2.695819317635752,106.00888216868043,thyroid nodule,0.671875
8048,,,,,,,503,688,[],0.0,0.0,0.0,0.0,0.9465754592963582,0.4732877296481791,225.30908259692558,139.0779995476224,2.011105585943975,104.52855611220002,thyroid nodule,0.59765625
8050,,,,,,,481,504,[],0.0,0.0,0.0,0.0,0.9845147783148509,0.49225738915742545,122.36058890761481,84.71236005429786,0.4027200604457877,105.8129498269409,thyroid nodule,0.63671875
8054,,,,,,,483,509,[],0.9153318077803204,0.8438818565400844,0.8492569002123143,0.9925558312655087,0.9967648935024481,0.9946603623839785,8.06225774829855,3.0725199514148684,0.1687344913151365,104.6006369870156,thyroid nodule,0.7109375
8056,,,,,,,488,640,[],0.8857210738892849,0.7948827292110874,0.8060540540540541,0.9828631689955181,0.9941128984622655,0.9884880337288917,16.0,5.226874739173477,0.21935143685736883,104.22152001410723,thyroid nodule,0.67578125
8058,,,,,,,480,613,[],0.0,0.0,0.0,0.0,0.9821341444424836,0.4910670722212418,159.32953250486352,97.40359178229014,-0.017133066818960593,106.61125415936112,thyroid nodule,0.515625
806,,,,,,,514,601,[],0.012959995501953838,0.006522261994029513,1.0,0.006522261994029513,1.0,0.5032611309970147,275.03972429287217,152.29386635533103,-0.9934777380059705,105.8196488302201,thyroid nodule,0.4921875
8060,,,,,,,564,623,[],0.0,0.0,0.0,0.0,0.9756315777081911,0.48781578885409554,136.69436699756335,86.25989817421377,-0.2854677252329997,103.86838298290968,thyroid nodule,0.7578125
8062,,,,,,,488,634,[],0.889172335600907,0.8004593008420515,0.927420546932742,0.8539539948278209,0.9983744144084491,0.926164204618135,21.300541988508805,4.935877482677793,-0.07921600653327888,104.15693907998502,thyroid nodule,0.70703125
8067,,,,,,,483,507,[],0.0,0.0,0.0,0.0,0.9765909586879522,0.4882954793439761,122.82425563126026,84.58023905872615,-0.15446415037138092,103.68330008350313,thyroid nodule,0.69140625
8069,,,,,,,405,504,[],0.9093355761143819,0.8337446020974707,0.9605543710021321,0.8633024592781858,0.9994477309703517,0.9313750951242687,6.191569285815559,2.4852421693714657,-0.10124560843181092,103.51411602459848,thyroid nodule,0.640625
807,,,,,,,514,601,[],0.0,0.0,0.0,0.0,0.9215920476059742,0.4607960238029871,272.3001974013656,180.47094442314915,-0.22689400597644577,104.33442215435207,thyroid nodule,0.6484375
8071,,,,,,,582,785,[],0.0,0.0,0.0,0.0,0.9833096654341497,0.49165483271707483,107.02895431194871,62.28929103251367,-0.16999777925827225,105.745118111372,thyroid nodule,0.6875
8073,,,,,,,373,456,[],0.0,0.0,0.0,0.0,0.96155878305318,0.48077939152659,147.18489734232486,96.30549191531276,-0.14521857923497267,104.41132285632193,thyroid nodule,0.5859375
8075,,,,,,,567,1256,[],0.0,0.0,0.0,0.0,0.9406856507791882,0.4703428253895941,521.0859332579422,379.7115370547897,0.7845388275350299,107.5096600688994,thyroid nodule,0.671875
8077,,,,,,,470,504,[],0.0,0.0,0.0,0.0,0.9733969986357435,0.48669849931787174,135.34917254368253,84.7751198221444,6.352459016393443,104.1874389629811,thyroid nodule,0.7734375
8079,,,,,,,480,508,[],0.007706868577609519,0.0038683406854428232,0.03058760397102227,0.004408864137370925,0.9834253129831225,0.49391708856024674,177.0,86.1294148599588,-0.855861082105426,104.09309715032578,thyroid nodule,0.6171875
8081,,,,,,,310,434,[],0.11901652376355687,0.06327356155285878,0.8142968142968143,0.06419995099240382,0.9979782770521757,0.5310891140222898,53.33854141237835,20.11125083825492,-0.9211590296495957,102.9930969234556,thyroid nodule,0.609375
8084,,,,,,,483,504,[],0.0,0.0,0.0,0.0,0.9790103077351673,0.48950515386758364,131.76683235779234,95.8601658272658,0.7211046709853393,103.11588901095092,thyroid nodule,0.69921875
8088,,,,,,,480,508,[],0.863845223700121,0.7603235419327373,0.9845644983461963,0.7694959069366653,0.99988406709203,0.8846899870143476,10.0,3.230910942691668,-0.21844032744506678,103.55494706891477,thyroid nodule,0.515625
8092,,,,,,,480,508,[],0.0,0.0,0.0,0.0,0.9777169598462374,0.4888584799231187,185.7317852245586,144.9331260323742,0.18248337028824835,103.82293211296201,thyroid nodule,0.6875
8094,,,,,,,480,508,[],0.0,0.0,0.0,0.0,0.8808518367161604,0.4404259183580802,210.01190442448734,135.26045562847798,17.187775677378703,103.88269298709929,thyroid nodule,0.625
8095,,,,,,,444,544,[],0.5621457927752541,0.3909616078950536,0.9992310058443555,0.39107927526635766,0.999977770170236,0.6955285227182968,45.42904618508385,22.23470840656188,-0.6086197556130741,103.48123614676297,thyroid nodule,0.5625
8097,,,,,,,480,504,[],0.0,0.0,0.0,0.0,0.9803647107466492,0.4901823553733246,207.50866624099223,132.86178984659173,-0.5317378800328677,103.19797089323401,thyroid nodule,0.578125
8098,,,,,,,452,504,[],0.0,0.0,0.0,0.0,0.9812459121427713,0.4906229560713857,90.11741869597775,58.301216116101074,0.3788027477919529,103.50421606563032,thyroid nodule,0.50390625
81,,,,,,,499,630,[],0.957901554404145,0.9192044748290864,0.9621389539422326,0.9537013154500903,0.9990509301536775,0.9763761228018839,4.47213595499958,1.9120062741484833,-0.008769667268506576,103.50927687250078,thyroid nodule,0.68359375
8100,,,,,,,385,504,[],0.0,0.0,0.0,0.0,0.9737058251958105,0.48685291259790525,155.38417487910894,92.78828664548476,-0.3690583537292284,103.84025308303535,thyroid nodule,0.73828125
8102,,,,,,,462,504,[],0.0,0.0,0.0,0.0,0.9806355267217212,0.4903177633608606,123.74447152724103,65.00669517829557,-0.5287781525405287,103.33774308674037,thyroid nodule,0.70703125
8104,,,,,,,487,614,[],0.0,0.0,0.0,0.0,0.9755776420047091,0.48778882100235454,287.291616640322,229.57889168124737,4.59738260200154,104.15650811046362,thyroid nodule,0.70703125
8106,,,,,,,403,504,[],0.0,0.0,0.0,0.0,0.9141584691430529,0.45707923457152644,210.7225664232476,123.46291106338327,-0.6460855528652139,104.72862888127565,thyroid nodule,0.54296875
8108,,,,,,,483,504,[],0.0,0.0,0.0,0.0,0.9583350652157648,0.4791675326078824,232.0474038782437,163.863206733898,2.522136331693605,103.77511102706194,thyroid nodule,0.6328125
8110,,,,,,,430,504,[],0.0,0.0,0.0,0.0,0.980326110384305,0.4901630551921525,216.71593376334923,108.26598034211332,-0.7720276470929894,103.56653691269457,thyroid nodule,0.70703125
8112,,,,,,,480,504,[],0.0,0.0,0.0,0.0,0.9783358751906392,0.4891679375953196,221.23900316880247,178.08296585919877,1.6826625386996905,103.53625705465674,thyroid nodule,0.6640625
8114,,,,,,,488,640,[],0.0,0.0,0.0,0.0,0.9352018082014854,0.4676009041007427,236.38919009288193,147.68074631279418,6.659541984732824,103.38535415939987,thyroid nodule,0.73046875
8116,,,,,,,427,504,[],0.0,0.0,0.0,0.0,0.9728351860510717,0.48641759302553583,189.49849229057276,102.0533701707874,-0.6687511495309914,103.80345117300749,thyroid nodule,0.7734375
8118,,,,,,,384,504,[],0.0,0.0,0.0,0.0,0.9718063272964071,0.4859031636482036,218.05985403725717,162.20909110888672,-0.14655033123283245,103.77317108213902,thyroid nodule,0.703125
8124,,,,,,,429,504,[],0.0,0.0,0.0,0.0,0.9756270660074495,0.48781353300372476,205.91829310073328,144.8621589591021,-0.18389154704944177,102.87878499366343,thyroid nodule,0.451171875
8126,,,,,,,356,504,[],0.0,0.0,0.0,0.0,0.9745049749940323,0.48725248749701616,100.29281487847081,58.07791307715073,-0.42870189171559037,102.82526398077607,thyroid nodule,0.5625
8128,,,,,,,549,624,[],0.0005718779040674816,0.0002860207365033965,0.001280819724623759,0.0003681207436039021,0.9805575295159018,0.49046282512975287,148.53178556858632,77.02403129094479,-0.7125897294312534,103.86614291928709,thyroid nodule,0.578125
813,,,,,,,789,750,[],0.0,0.0,0.0,0.0,0.9626585581701422,0.4813292790850711,433.842994836777,211.51590456042533,-0.8910631537137561,107.06667206250131,thyroid nodule,0.6953125
8132,,,,,,,509,815,[],0.0,0.0,0.0,0.0,0.9163861851869891,0.45819309259349456,214.75800334329801,135.06411611870786,0.3188581594695132,105.99719197489321,thyroid nodule,0.63671875
8134,,,,,,,480,616,[],0.17955586421284125,0.09863299877378627,0.9999079189686925,0.0986338946718259,0.9999946116625177,0.5493142531671718,373.91254140741484,152.33951989816504,-0.9013570221810453,104.45856489241123,thyroid nodule,0.42578125
8136,,,,,,,480,508,[],0.0,0.0,0.0,0.0,0.9832746810389197,0.49163734051945984,116.38470664219807,80.10783866564321,-0.17774120551326889,104.75455014966428,thyroid nodule,0.625
8140,,,,,,,525,867,[],0.0,0.0,0.0,0.0,0.9677454253214639,0.48387271266073195,254.86663179004034,177.79502597013996,5.501557632398754,105.77953793108463,thyroid nodule,0.67578125
8142,,,,,,,324,437,[],0.13991540860115464,0.07521991701244814,0.9371381306865177,0.07560137457044673,0.9986381758724185,0.5371197752214326,80.65511034546154,20.259764737387712,-0.9193273946551896,102.04579983837903,thyroid nodule,0.5625
8144,,,,,,,487,640,[],0.0,0.0,0.0,0.0,0.969684937697721,0.4848424688488605,287.59623632332404,225.8011863089184,3.9426315789473683,104.13915780372918,thyroid nodule,0.703125
8146,,,,,,,480,504,[],0.0,0.0,0.0,0.0,0.9752770712209302,0.4876385356104651,190.6772140890746,99.22298593988901,-0.7498621323529412,104.91882194764912,thyroid nodule,0.703125
8148,,,,,,,483,507,[],0.0,0.0,0.0,0.0,0.9339133386036,0.4669566693018,169.61824778202444,103.08580833048903,3.876908979841173,104.76228897459805,thyroid nodule,0.6484375
815,,,,,,,789,923,[],0.006505127542436936,0.003263177464016986,0.03730216430848386,0.0035632626023035666,0.9681846157258266,0.48587393916406507,434.24946210816415,235.00922673718298,-0.9044757142551872,105.6545958854258,thyroid nodule,0.65234375
8150,,,,,,,356,504,[],0.0,0.0,0.0,0.0,0.9792174996160868,0.4896087498080434,113.30489787808787,80.78645563237939,0.014154870940882597,104.18188897892833,thyroid nodule,0.5
8152,,,,,,,290,440,[],0.6877718086467127,0.5241251583975046,0.5380766536575603,0.9528619528619529,0.9621505940618414,0.9575062734618971,71.47027354082255,15.038878402735039,0.7708665603402446,104.61046686396003,thyroid nodule,0.62109375
8156,,,,,,,342,504,[],0.0,0.0,0.0,0.0,0.9805916923762713,0.49029584618813565,267.53589741539474,235.1399616608714,0.7657417289220918,103.48491603508592,thyroid nodule,0.5859375
8158,,,,,,,340,504,[],0.0,0.0,0.0,0.0,0.9775123528775291,0.48875617643876457,150.98402230217235,101.31828711692712,-0.25209916033586566,102.85303392447531,thyroid nodule,0.62890625
8160,,,,,,,488,644,[],0.0,0.0,0.0,0.0,0.969154136600369,0.4845770683001845,200.39710343753387,136.54969815292765,5.470824949698189,103.95458387210965,thyroid nodule,0.7890625
8162,,,,,,,454,635,[],0.9087470449172577,0.8327556325823223,0.905464824120603,0.9120531477380576,0.9989443374753182,0.9554987426066879,6.0,2.7262106384065343,0.007276178424549193,104.29649101570249,thyroid nodule,0.55078125
8166,,,,,,,394,504,[],0.0,0.0,0.0,0.0,0.9734223924517726,0.4867111962258863,195.42824551513658,152.18800800773573,-0.13129770992366413,103.97303500212729,thyroid nodule,0.69140625
8168,,,,,,,373,504,[],0.0,0.0,0.0,0.0,0.976856269768938,0.488428134884469,128.24877240829628,85.4790219213907,1.9528043775649795,103.53035689331591,thyroid nodule,0.455078125
817,,,,,,,789,923,[],0.10358503771677424,0.05462150414172066,0.9544965962020782,0.0547641073080481,0.9995974369093298,0.527180772108689,249.57282416575447,126.4728082453796,-0.9426251413300442,107.05412202514708,thyroid nodule,0.484375
8170,,,,,,,488,634,[],0.0,0.0,0.0,0.0,0.9675599249451624,0.4837799624725812,183.9359764299417,123.77155716248926,0.47005988023952094,104.68049813061953,thyroid nodule,0.78515625
8172,,,,,,,535,808,[],0.8913323195695403,0.8039670816627981,0.8496877787689563,0.9372693726937269,0.9968218790522221,0.9670456258729745,15.0,5.227725428655187,0.10307503075030751,105.03871482796967,thyroid nodule,0.4921875
8174,,,,,,,471,616,[],0.0,0.0,0.0,0.0,0.9729744365462442,0.4864872182731221,240.5879186130445,151.0737743832757,-0.4302458330162113,104.60070706903934,thyroid nodule,0.78515625
8178,,,,,,,557,816,[],0.0,0.0,0.0,0.0,0.9735030803103231,0.48675154015516153,274.71439705082713,196.12453081932205,-0.4930232558139535,106.34690895676613,thyroid nodule,0.6640625
8180,,,,,,,487,640,[],0.9106292966684294,0.8359223300970874,0.8783921648643134,0.9453227931488801,0.9980594283779296,0.9716911107634049,7.0,3.177702797589918,0.07619675010979358,106.14017490297556,thyroid nodule,0.478515625
8182,,,,,,,402,504,[],0.0,0.0,0.0,0.0,0.9744113704762145,0.48720568523810726,126.84970250884408,84.82327554558829,0.0318172547419947,103.44676510430872,thyroid nodule,0.7109375
8184,,,,,,,368,504,[],0.0,0.0,0.0,0.0,0.9703896919416971,0.48519484597084855,155.43680383068457,75.15457770200916,-0.7529968772035862,103.87747315689921,thyroid nodule,0.73046875
8186,,,,,,,480,504,[],0.0,0.0,0.0,0.0,0.9328129405131097,0.46640647025655485,209.39674271851737,148.06604473383769,0.022800429184549355,104.44400389678776,thyroid nodule,0.765625
8188,,,,,,,480,618,[],0.0,0.0,0.0,0.0,0.9578762164586037,0.47893810822930183,294.7498915058394,227.4767633660411,1.734059097978227,103.93899399787188,thyroid nodule,0.72265625
8190,,,,,,,483,616,[],0.0,0.0,0.0,0.0,0.9767479807456964,0.4883739903728482,91.77199604799297,43.743357362824135,1.0357142857142858,103.46371494233608,thyroid nodule,0.68359375
8192,,,,,,,333,504,[],0.011902057874892109,0.005986655698747829,0.023359486447931527,0.00798537031392868,0.963830756734268,0.4859080635240983,136.38618700669312,64.11826015055264,-0.6581530021334959,103.1007890123874,thyroid nodule,0.5625
8194,,,,,,,582,858,[],0.0,0.0,0.0,0.0,0.9704956133186387,0.4852478066593193,299.9032330208008,206.8497346442709,-0.09305281891565499,105.32769910059869,thyroid nodule,0.734375
8196,,,,,,,379,784,[],0.01245280892545219,0.006265415473591699,0.18249380677126342,0.0064463436688737856,0.9962336362910068,0.5013399899799403,176.78037219306964,53.985824580290355,-0.9646763702126419,103.9370740763843,thyroid nodule,0.49609375
82,,,,,,,499,630,[],0.1388101477955465,0.07458140158626768,0.9698555057299452,0.07475469017032471,0.999538683838303,0.5371466870043139,26.74395210510763,8.946871737650913,-0.922921827294199,104.89190206862986,thyroid nodule,0.69140625
8200,,,,,,,589,745,[],0.9479822503078317,0.9011086082770196,0.9689859890762289,0.9278697471348007,0.9984333652418208,0.9631515561883108,30.051601062365442,5.636571152584187,-0.04243223576496271,104.7428089659661,thyroid nodule,0.74609375
8205,,,,,,,482,621,[],0.0,0.0,0.0,0.0,0.9755682847625817,0.48778414238129086,156.16913290091674,99.09179545984233,-0.4307517454132164,104.8012999817729,thyroid nodule,0.7421875
8207,,,,,,,276,504,[],0.0,0.0,0.0,0.0,0.9619057749143374,0.4809528874571687,100.46376486180732,50.2736934900601,-0.32994788186556195,103.09743881225586,thyroid nodule,0.66015625
8209,,,,,,,469,814,[],0.0,0.0,0.0,0.0,0.9751949108743223,0.48759745543716115,251.837028459004,158.6731742956539,-0.499000555247085,103.69891999289393,thyroid nodule,0.7734375
821,,,,,,,604,657,[],0.16842040236393963,0.0919536353109155,1.0,0.0919536353109155,1.0,0.5459768176554578,187.01283147215872,113.68269069983215,-0.9080463646890845,105.21705797873437,thyroid nodule,0.73046875
8211,,,,,,,302,504,[],0.0,0.0,0.0,0.0,0.9664839404986828,0.4832419702493414,134.9323338531393,87.4236437667097,1.6627906976744187,103.7209399510175,thyroid nodule,0.79296875
8214,,,,,,,488,640,[],0.9576990866848262,0.9188316679477325,0.9785527177472167,0.9377157201129589,0.9991254189310083,0.9684205695219836,6.324555320336759,2.3923963146843668,-0.04173203639786633,103.40153402648866,thyroid nodule,0.5703125
8216,,,,,,,488,634,[],0.953732912723449,0.9115577889447236,0.9776580107790299,0.9309508257907997,0.9992366284422868,0.9650937271165432,10.146181835062928,2.3791437514506053,-0.04777456377717645,103.88166410848498,thyroid nodule,0.75
8219,,,,,,,488,634,[],0.8727569331158238,0.7742402315484804,0.7955738278516445,0.9665249734325186,0.9922095325719543,0.9793672530022365,18.03876959669618,6.2308641246577015,0.2148777895855473,104.91616209037602,thyroid nodule,0.66015625
8221,,,,,,,605,945,[],0.0,0.0,0.0,0.0,0.9847634578229966,0.4923817289114983,160.0,105.78731664754204,0.13778954334877563,103.69302006438375,thyroid nodule,0.68359375
8223,,,,,,,660,1072,[],0.0,0.0,0.0,0.0,0.9454043273645546,0.4727021636822773,414.077267160971,255.59369329714755,2.603314393939394,107.10587305948138,thyroid nodule,0.6953125
8227,,,,,,,660,896,[],0.0,0.0,0.0,0.0,0.9843889460743244,0.4921944730371622,351.05469130172304,289.5071288174807,0.4007364222154035,106.93705012090504,thyroid nodule,0.72265625
8229,,,,,,,660,1031,[],0.0,0.0,0.0,0.0,0.9792662118590635,0.48963310592953174,297.0,220.24662500291046,0.2427906143650367,108.77025383524597,thyroid nodule,0.54296875
823,,,,,,,789,600,[],0.7589378385080997,0.6115228246067616,1.0,0.6115228246067616,1.0,0.8057614123033807,204.75241079871006,97.07524127861478,-0.38847717539323845,106.02841200307012,thyroid nodule,0.765625
8231,,,,,,,600,760,[],0.0,0.0,0.0,0.0,0.9677110378452445,0.48385551892262224,170.81274853346787,84.22910742630974,1.924884514962844,105.5248030461371,thyroid nodule,0.7890625
8234,,,,,,,687,1100,[],0.0,0.0,0.0,0.0,0.9794738791158143,0.48973693955790715,276.7417568781408,194.9112045799153,2.083033213285314,106.54106293804944,thyroid nodule,0.71484375
8236,,,,,,,600,912,[],0.0,0.0,0.0,0.0,0.9848383139704895,0.49241915698524474,265.78656763553806,229.40909215900749,1.3819705287489166,107.86829702556133,thyroid nodule,0.62109375
8238,,,,,,,600,760,[],0.0,0.0,0.0,0.0,0.86918839171499,0.434594195857495,286.19259245321905,171.02730295263888,7.056135053527313,107.16476407833397,thyroid nodule,0.56640625
8242,,,,,,,660,1031,[],3.1240725409644014e-05,1.5620606704364397e-05,2.956480605487228e-05,3.311806590495115e-05,0.9479858211652172,0.4740094696155611,200.03849624448932,94.11989505282178,0.12018546116906773,107.36577701754868,thyroid nodule,0.60546875
8244,,,,,,,600,650,[],0.011169278793002536,0.0056160027466913,0.030511636169834783,0.006835820895522388,0.9245975820379966,0.4657167014667595,264.488544513071,93.49747722653039,-0.7759601990049751,107.65291308052838,thyroid nodule,0.6015625
8246,,,,,,,660,1031,[],0.0,0.0,0.0,0.0,0.9843865769557275,0.49219328847786376,189.0,121.62190224765165,-0.24158531254553403,107.6595529448241,thyroid nodule,0.59765625
8248,,,,,,,480,614,[],0.0,0.0,0.0,0.0,0.9568076162129646,0.4784038081064823,207.2065393154583,126.42805521747238,0.7439281201740839,105.24546797387302,thyroid nodule,0.47265625
825,,,,,,,789,923,[],0.7467230369177973,0.5958164547135457,1.0,0.5958164547135457,1.0,0.7979082273567728,78.62314958421574,30.573697852688408,-0.4041835452864543,106.5272418782115,thyroid nodule,0.625
8250,,,,,,,480,613,[],0.09832615973218556,0.051705059853133485,0.12220637184973847,0.0822531605056809,0.9871801549353972,0.5347166577205391,182.44779945001486,77.9652663320831,-0.32693230916946714,106.87289899215102,thyroid nodule,0.546875
8254,,,,,,,484,614,[],0.0,0.0,0.0,0.0,0.96380983230024,0.48190491615012,185.01689099866357,95.25830078811659,-0.6144313725490196,105.20487814210355,thyroid nodule,0.671875
8256,,,,,,,660,1031,[],0.0,0.0,0.0,0.0,0.9823503090002967,0.49117515450014837,408.1482573771448,319.8946454567752,-0.6191392640276072,107.6961241196841,thyroid nodule,0.671875
8258,,,,,,,660,1031,[],0.05843130279165791,0.030094893307495405,1.0,0.030094893307495405,1.0,0.5150474466537477,197.67157094542029,115.11335763189847,-0.9699051066925046,107.87978698499501,thyroid nodule,0.56640625
8260,,,,,,,600,760,[],0.0,0.0,0.0,0.0,0.9747809872777323,0.48739049363886616,383.1891164874172,282.53342669665983,-0.581002781211372,105.83264892920852,thyroid nodule,0.7421875
8264,,,,,,,679,1024,[],0.0,0.0,0.0,0.0,0.9333261355102987,0.4666630677551494,261.21638539724114,165.65341725964953,-0.4463994219807862,107.32509708032012,thyroid nodule,0.447265625
8266,,,,,,,470,783,[],0.0,0.0,0.0,0.0,0.9636387488930918,0.4818193744465459,267.2901045680517,191.90176866868453,5.257761053621825,103.78225101158023,thyroid nodule,0.76953125
8269,,,,,,,522,812,[],0.0,0.0,0.0,0.0,0.9775961637619882,0.4887980818809941,356.69404265473645,165.10966793977417,-0.7585037794575367,105.093376012519,thyroid nodule,0.76953125
827,,,,,,,789,923,[],0.19116311229816021,0.10568289136398387,1.0,0.10568289136398387,1.0,0.5528414456819919,166.35878299432082,93.85174579178559,-0.8943171086360161,106.48138215765357,thyroid nodule,0.82421875
8271,,,,,,,477,616,[],0.0,0.0,0.0,0.0,0.9761718951439622,0.4880859475719811,129.71815249326914,83.03261350549866,1.3439296584376057,105.3941820282489,thyroid nodule,0.63671875
8273,,,,,,,660,874,[],0.0,0.0,0.0,0.0,0.9817701350569441,0.49088506752847205,432.4877449675737,373.2266331092436,0.036717495987158906,105.87739013135433,thyroid nodule,0.63671875
8275,,,,,,,547,836,[],0.0,0.0,0.0,0.0,0.9831010340469887,0.49155051702349434,191.17464745961558,110.8236908767777,-0.6902265809942509,107.25636593997478,thyroid nodule,0.6796875
8278,,,,,,,542,789,[],0.004849440041220241,0.0024306135780151,0.025232613152499604,0.002682493377594474,0.9832034392052001,0.49294296629139733,253.72169485808612,125.58615955248798,-0.893689434329209,107.37615800462663,thyroid nodule,0.609375
8280,,,,,,,574,675,[],0.0,0.0,0.0,0.0,0.9810537358344721,0.49052686791723604,175.7899294684194,92.15466456756718,-0.7278207416220503,104.56949612125754,thyroid nodule,0.6484375
8282,,,,,,,405,397,[],0.0,0.0,0.0,0.0,0.9637669507423487,0.4818834753711744,137.26215049654786,70.50511297855103,-0.5309220227253014,105.68151692859828,thyroid nodule,0.73828125
8285,,,,,,,478,505,[],0.0,0.0,0.0,0.0,0.9781939197091961,0.48909695985459806,84.0,44.57079037658127,0.39929805615550756,105.36506096832454,thyroid nodule,0.7265625
8286,,,,,,,313,655,[],0.6384892783745008,0.46895648211437685,0.8019676602376777,0.5303742833215229,0.9892713148840057,0.7598227991027643,40.75718556544542,20.200619050027434,-0.3386587644140952,103.7973219063133,thyroid nodule,0.54296875
8288,,,,,,,479,505,[],0.0,0.0,0.0,0.0,0.9826769943178172,0.4913384971589086,303.0989031069787,144.1741094829437,-0.9107851113597071,103.63696794956923,thyroid nodule,0.51953125
829,,,,,,,789,925,[],0.9368517046041608,0.8812051043691371,0.9350077563866895,0.9387029401703246,0.9882859280832268,0.9634944341267757,36.041586599755554,10.87520262164345,0.003952035433283521,105.36570101976395,thyroid nodule,0.734375
8290,,,,,,,428,852,[],0.0,0.0,0.0,0.0,0.9649661265412633,0.4824830632706317,259.7039535922156,189.04162518892818,0.5847597312032459,104.76366896182299,thyroid nodule,0.72265625
8292,,,,,,,585,525,[],0.0,0.0,0.0,0.0,0.9211705489559259,0.46058527447796294,241.99380157351138,140.62217554692214,1.27010769380033,104.30576209910214,thyroid nodule,0.7109375
8298,,,,,,,370,534,[],0.0,0.0,0.0,0.0,0.9700177995270558,0.4850088997635279,154.21494411934594,102.5897188496158,1.2215887495248954,101.65623109787703,thyroid nodule,0.78125
8303,,,,,,,338,506,[],0.5854605164949993,0.41388771633600674,0.4345706371191136,0.8968671392636633,0.9693798565899613,0.9331234979268124,91.0,32.82677884960857,1.063800594557512,103.15222898498178,thyroid nodule,0.59765625
8305,,,,,,,487,640,[],0.0,0.0,0.0,0.0,0.9546766092744663,0.47733830463723315,216.85986110169665,154.23911403450424,1.451829591656355,104.27261982113123,thyroid nodule,0.578125
8307,,,,,,,445,544,[],0.0,0.0,0.0,0.0,0.9791870414353998,0.4895935207176999,93.05965668857803,57.99187983439829,-0.16408774018024144,103.21400105021894,thyroid nodule,0.7578125
8309,,,,,,,549,815,[],0.0,0.0,0.0,0.0,0.9820060658284877,0.49100303291424385,354.0706130574415,303.9197181999962,0.5051078320090806,106.59958398900926,thyroid nodule,0.578125
8311,,,,,,,367,504,[],0.0,0.0,0.0,0.0,0.9778377999605042,0.4889188999802521,181.60396471443016,97.70805868018985,-0.8757011683161242,102.27079316973686,thyroid nodule,0.59765625
8316,,,,,,,480,508,[],0.0,0.0,0.0,0.0,0.9851209745596707,0.49256048727983537,78.25404920258043,37.228751213554105,1.6706143597335308,103.15835988149047,thyroid nodule,0.76953125
8318,,,,,,,551,816,[],0.790678596149409,0.6538200627490884,0.9485759980316172,0.6778461538461539,0.9980415399680462,0.8379438469071001,47.59440667466451,15.376404569427217,-0.2854065934065934,103.17015997134149,thyroid nodule,0.75
8320,,,,,,,484,612,[],0.0,0.0,0.0,0.0,0.955921494320641,0.4779607471603205,211.16863332552583,115.84262230605854,3.6575441123514585,105.686065973714,thyroid nodule,0.5625
8322,,,,,,,487,615,[],0.0,0.0,0.0,0.0,0.9736889014452101,0.48684445072260507,218.60418877278605,130.9106248504575,2.5918273645546375,104.14145793765783,thyroid nodule,0.55859375
8323,,,,,,,589,785,[],0.0,0.0,0.0,0.0,0.9787459564539503,0.4893729782269752,293.0938413594707,232.88657629766305,0.26704247509176715,105.23173795081675,thyroid nodule,0.6796875
8325,,,,,,,416,702,[],0.9664667125577736,0.9351094196003806,0.9652327637006483,0.967703820401733,0.9993831763976108,0.9835434983996718,2.8284271247461903,1.1926817186661385,0.0025600630169358013,102.3406048770994,thyroid nodule,0.69921875
8327,,,,,,,482,508,[],0.0,0.0,0.0,0.0,0.9830213377050847,0.49151066885254235,106.94858209975996,55.62772576216179,-0.5442865264354747,104.15223799645901,thyroid nodule,0.765625
8329,,,,,,,291,504,[],0.0,0.0,0.0,0.0,0.9732886688027964,0.4866443344013982,162.324982105495,98.89024742636659,-0.6074486301369864,104.31029088795185,thyroid nodule,0.57421875
8333,,,,,,,480,616,[],0.3822395188395542,0.23627695403052967,0.9931059840058829,0.23666513329390373,0.9997000347959637,0.6181825840449338,80.32179141882398,29.75459517763687,-0.7616919673172549,104.13950798101723,thyroid nodule,0.61328125
8336,,,,,,,564,624,[],0.0,0.0,0.0,0.0,0.981094983297366,0.490547491648683,186.48805268313052,105.5847700488561,-0.5320503439192156,105.16053694300354,thyroid nodule,0.625
8337,,,,,,,281,504,[],0.6340718105423988,0.46420581655480986,0.9880952380952381,0.4668166479190101,0.9996233067639038,0.7332199773414569,25.99422649572415,10.492964532025894,-0.5275590551181102,103.25326188467443,thyroid nodule,0.58984375
834,,,,,,,789,750,[],0.37589609513367633,0.23144830451264475,0.979488682147828,0.23257553356177488,0.9994759096243582,0.6160257215930666,104.17316585863459,47.134308616862974,-0.7625541389086987,105.28509900905192,thyroid nodule,0.5625
8341,,,,,,,480,504,[],0.0,0.0,0.0,0.0,0.977621823150827,0.4888109115754135,117.95338062132852,77.8518931488802,0.10220191109264645,105.79955810680985,thyroid nodule,0.78125
8343,,,,,,,463,504,[],0.0,0.0,0.0,0.0,0.9777114576557253,0.48885572882786266,171.04063818888716,130.15955708111042,-0.13108293351610692,105.80958891659975,thyroid nodule,0.734375
8345,,,,,,,815,1013,[],0.0,0.0,0.0,0.0,0.9862329590896048,0.4931164795448024,248.21995642942525,183.88790248740582,0.705748865355522,107.0964930113405,thyroid nodule,0.734375
8347,,,,,,,472,504,[],0.0,0.0,0.0,0.0,0.9793838903466372,0.4896919451733186,223.3732290392417,179.5768270047122,-0.2265220207253886,104.49607507325709,thyroid nodule,0.8203125
8349,,,,,,,480,616,[],0.0,0.0,0.0,0.0,0.9477258277918106,0.4738629138959053,312.18760322493046,247.92452000841266,2.2398296059637914,105.1325669977814,thyroid nodule,0.69140625
835,,,,,,,789,978,[],0.4711453715518489,0.3081688492712223,1.0,0.3081688492712223,1.0,0.6540844246356111,135.65377840371792,58.61307584640421,-0.6918311507287777,105.00179417431355,thyroid nodule,0.62890625
8351,,,,,,,480,508,[],0.0,0.0,0.0,0.0,0.9796405083236281,0.4898202541618141,153.59660783363256,72.45722164564037,-0.5378110419906688,105.57552496902645,thyroid nodule,0.6484375
8353,,,,,,,488,634,[],0.0,0.0,0.0,0.0,0.9603967201846124,0.4801983600923062,218.28421832216551,153.38260891275152,2.1126833033187546,105.8783601038158,thyroid nodule,0.7109375
8355,,,,,,,488,640,[],0.0,0.0,0.0,0.0,0.9628072670718698,0.4814036335359349,308.2454936286776,231.71034333714434,-0.018331725287255504,104.60363700985909,thyroid nodule,0.55078125
8359,,,,,,,480,504,[],0.88,0.7857142857142857,0.972694587503644,0.8034352676779838,0.9987753910250544,0.9011053293515191,18.988149682454623,6.85145507086145,-0.17401075527730958,105.39723210968077,thyroid nodule,0.57421875
8361,,,,,,,364,504,[],0.0,0.0,0.0,0.0,0.9652199274503728,0.4826099637251864,167.71612373024112,74.35928268190354,-0.696805974892738,105.60937481932342,thyroid nodule,0.6484375
8363,,,,,,,548,817,[],0.0,0.0,0.0,0.0,0.9782988810325325,0.48914944051626624,154.03035407177964,96.23765273467318,1.4606540623403168,105.7368281763047,thyroid nodule,0.73046875
8365,,,,,,,480,508,[],0.0,0.0,0.0,0.0,0.981082960179445,0.4905414800897225,176.3054130815504,140.78974017073926,1.07207615593835,104.03761616908014,thyroid nodule,0.7265625
8367,,,,,,,517,815,[],0.0,0.0,0.0,0.0,0.965791073933799,0.4828955369668995,288.94202842272716,217.47526687963523,2.907301066447908,105.11443600989878,thyroid nodule,0.77734375
837,,,,,,,789,607,[],0.4644689971623498,0.3024810285849094,1.0,0.3024810285849094,1.0,0.6512405142924547,206.0,102.07702525476526,-0.6975189714150907,104.97726313769817,thyroid nodule,0.75
8371,,,,,,,487,640,[],0.45509346647993665,0.29457669872300174,0.3170980059397539,0.8057352307028892,0.9737886022107725,0.8897619164568309,74.44425454970536,28.443974201527887,1.5409659335920656,104.84851198270917,thyroid nodule,0.466796875
8373,,,,,,,517,815,[],0.0,0.0,0.0,0.0,0.9727244560139159,0.48636222800695794,133.3210350506743,81.36166229184518,-0.024773203070481507,106.79406789131463,thyroid nodule,0.69140625
8375,,,,,,,480,616,[],0.0,0.0,0.0,0.0,0.9065490652832836,0.4532745326416418,174.48276569474544,87.95548632852599,3.2641539189402304,104.52295606955886,thyroid nodule,0.447265625
8377,,,,,,,549,819,[],0.0,0.0,0.0,0.0,0.9135599232371372,0.4567799616185686,396.0600759558893,248.73389934207088,2.8653787493645146,105.00285401940346,thyroid nodule,0.60546875
8379,,,,,,,369,504,[],0.004243512322506937,0.0021262675825973174,0.003808965719308526,0.004789977892409728,0.9814473267780555,0.4931186523352326,70.88300112753717,38.66693049967935,0.2575534266764923,104.37265201471746,thyroid nodule,0.73046875
8381,,,,,,,480,504,[],0.0,0.0,0.0,0.0,0.9534705718176205,0.47673528590881026,173.63455056460828,116.08307316731407,1.0203819316929856,103.21149090304971,thyroid nodule,0.703125
8383,,,,,,,480,621,[],0.0,0.0,0.0,0.0,0.9667278341600591,0.48336391708002957,195.11073257268657,143.83546740905587,1.2461503102735003,104.93899299763143,thyroid nodule,0.419921875
8387,,,,,,,447,550,[],0.0,0.0,0.0,0.0,0.9778394283312316,0.4889197141656158,138.40283769688608,78.6084191234577,-0.3368553459119497,104.73218909464777,thyroid nodule,0.6328125
8389,,,,,,,480,508,[],0.8236616794949407,0.7001911483605352,0.7215151515151516,0.9595003022365505,0.9923056635841877,0.9759029829103691,31.0,10.135678355053708,0.3298408220834173,104.73795887082815,thyroid nodule,0.6015625
8391,,,,,,,432,504,[],0.0,0.0,0.0,0.0,0.9803311242986122,0.4901655621493061,223.80660212509505,183.4433112020248,2.569991617770327,105.09838606230915,thyroid nodule,0.734375
8393,,,,,,,488,634,[],0.0,0.0,0.0,0.0,0.9687472442770779,0.48437362213853896,113.28636030999996,60.957952193441095,1.98006851448147,103.3982140943408,thyroid nodule,0.7890625
8397,,,,,,,460,614,[],0.7541937786563435,0.6053861071932299,0.6253984154448593,0.9497960030426665,0.9692998331958848,0.9595479181192756,52.29144529456784,19.392057149360795,0.5187054837148192,103.39413397014141,thyroid nodule,0.625
84,,,,,,,499,630,[],0.0,0.0,0.0,0.0,0.9720997894638502,0.4860498947319251,191.03206437271302,109.4878371552018,-0.4295654546694863,105.28006893582642,thyroid nodule,0.66796875
8404,,,,,,,480,508,[],0.0,0.0,0.0,0.0,0.9814114068062849,0.49070570340314246,105.5111365293254,69.26483775545424,0.7499024580569645,103.42298494651914,thyroid nodule,0.7578125
8406,,,,,,,517,816,[],0.0,0.0,0.0,0.0,0.9796954557064459,0.48984772785322295,174.4866687726877,108.27016731718379,1.8824127414435785,103.98410493507981,thyroid nodule,0.68359375
8408,,,,,,,464,701,[],0.0,0.0,0.0,0.0,0.9662783979366107,0.4831391989683054,247.3146780607106,129.52685181498606,-0.11915283915617443,105.96566181629896,thyroid nodule,0.55859375
841,,,,,,,789,923,[],0.656917090766912,0.48911134692497676,0.9864954448169404,0.49240834231474656,0.998854568792542,0.7456314555536443,101.19878483702173,42.80879348890485,-0.5008508707243746,109.83914299868047,thyroid nodule,0.6171875
8412,,,,,,,480,618,[],0.9016003008398445,0.820830797321972,0.972858431018936,0.8400685198162423,0.9989393827277949,0.9195039512720187,29.0,5.402066823673263,-0.13649458849178542,105.6239060126245,thyroid nodule,0.66015625
8414,,,,,,,380,504,[],0.0,0.0,0.0,0.0,0.9504504751813155,0.47522523759065777,172.63661224452719,111.27506289477672,-0.03774389593773323,106.26867809332907,thyroid nodule,0.56640625
8418,,,,,,,480,508,[],0.0,0.0,0.0,0.0,0.9497014888193239,0.47485074440966196,177.50195022920448,112.23329482447784,3.0681665547347214,104.27578003145754,thyroid nodule,0.546875
8420,,,,,,,488,640,[],0.0,0.0,0.0,0.0,0.9590151409240613,0.47950757046203063,168.67660307978917,106.50660916552636,1.6578115117014547,103.32369315437973,thyroid nodule,0.69140625
8422,,,,,,,482,507,[],0.0,0.0,0.0,0.0,0.9628319353296536,0.4814159676648268,131.72656528705988,68.0368214527179,-0.40128815457854944,104.63782702572644,thyroid nodule,0.640625
8426,,,,,,,480,508,[],0.0,0.0,0.0,0.0,0.9810392445466122,0.4905196222733061,132.19984805636778,90.42908659274073,1.3255578093306288,105.43818213045597,thyroid nodule,0.79296875
8428,,,,,,,488,634,[],0.0,0.0,0.0,0.0,0.9665408863526145,0.48327044317630724,251.29486159610835,185.96090686650288,0.20808347325497722,102.65456093475223,thyroid nodule,0.69921875
843,,,,,,,600,576,[],0.3467713313430343,0.20975400313178763,0.7059973647298848,0.22982939214899475,0.9746935012384342,0.6022614466937145,93.44623593501514,44.64579587982479,-0.6744614022221914,104.35359179973602,thyroid nodule,0.53125
8430,,,,,,,487,640,[],0.0,0.0,0.0,0.0,0.9574916558531689,0.47874582792658443,214.99325475585306,143.4649565380512,5.997343251859724,103.82819199003279,thyroid nodule,0.75390625
8432,,,,,,,480,616,[],0.25859375830154396,0.14849708936918027,0.8984715351103891,0.15103145247374822,0.9936080403878873,0.5723197464308177,263.3253466680293,87.30821223685322,-0.8319017948017774,103.13778021372855,thyroid nodule,0.46875
8434,,,,,,,483,507,[],0.0,0.0,0.0,0.0,0.9731841278233031,0.48659206391165155,95.29950010082874,52.66759643112578,-0.024572649572649572,104.78778020478785,thyroid nodule,0.58984375
8436,,,,,,,480,504,[],0.0,0.0,0.0,0.0,0.9840947762463842,0.4920473881231921,121.0,82.47397915198569,-0.4533625730994152,104.29891105741262,thyroid nodule,0.734375
8438,,,,,,,462,784,[],0.0,0.0,0.0,0.0,0.9674839280019247,0.48374196400096237,171.11238057347515,67.7065908288863,1.4448885149347916,104.34056213125587,thyroid nodule,0.60546875
8440,,,,,,,431,504,[],0.0,0.0,0.0,0.0,0.9735412801927747,0.4867706400963874,106.47600363810169,63.10550275327464,-0.3140803173029251,105.42637086473405,thyroid nodule,0.6484375
8442,,,,,,,306,504,[],0.0,0.0,0.0,0.0,0.9725660600503631,0.48628303002518153,96.02499503029289,63.29717310057332,0.11084207694377186,104.18216907419264,thyroid nodule,0.7265625
8444,,,,,,,456,504,[],0.0,0.0,0.0,0.0,0.9561973631994356,0.4780986815997178,219.0570701894828,157.20740921557024,2.2742254449571524,102.99111600033939,thyroid nodule,0.73828125
8446,,,,,,,480,616,[],0.384655885671305,0.23812628049916185,0.7070371906539472,0.26419383168879473,0.9923314382081839,0.6282626349484893,83.33925803125709,35.04651763347855,-0.6263367257322933,103.89666305854917,thyroid nodule,0.369140625
8450,,,,,,,432,504,[],0.0,0.0,0.0,0.0,0.9257192442482034,0.4628596221241017,126.14237936282731,70.42460122028078,0.6950005469861066,104.53680506907403,thyroid nodule,0.66015625
8452,,,,,,,487,640,[],0.0,0.0,0.0,0.0,0.9462177525142108,0.4731088762571054,281.1928156722701,208.02078957084908,4.657580919931857,105.35000101663172,thyroid nodule,0.5234375
8454,,,,,,,350,612,[],0.0,0.0,0.0,0.0,0.9766225791213982,0.4883112895606991,204.0,160.44401144070358,0.9796,104.02958607301116,thyroid nodule,0.734375
8458,,,,,,,565,621,[],0.0,0.0,0.0,0.0,0.9201772694965894,0.4600886347482947,191.55155963865187,114.28819681666678,-0.378349947402695,106.23616701923311,thyroid nodule,0.67578125
8460,,,,,,,487,640,[],0.5630919353295705,0.3918774966711052,0.41224261100994536,0.888050694025347,0.9863927929797708,0.9372217435025589,48.61991952830467,12.76553951740535,1.1541943270971635,105.38831120356917,thyroid nodule,0.58984375
8462,,,,,,,480,616,[],0.0,0.0,0.0,0.0,0.9347768810494494,0.4673884405247247,212.8722593805846,122.23922071409922,1.60437430786268,104.79388013482094,thyroid nodule,0.8125
8464,,,,,,,448,504,[],0.0,0.0,0.0,0.0,0.975708863984837,0.4878544319924185,198.8270714162903,151.36504154805755,1.601244614648157,102.67209098674357,thyroid nodule,0.77734375
8466,,,,,,,480,504,[],0.31473543672264775,0.18675728641120795,0.3734367183591796,0.2719820257469031,0.96666696236893,0.6193244940579166,85.66795293536437,47.496066316251415,-0.27167840660675247,104.13169814273715,thyroid nodule,0.6171875
8470,,,,,,,480,508,[],0.0,0.0,0.0,0.0,0.9757236985382977,0.48786184926914883,181.0,125.34297473381748,-0.41155159921333195,103.3459238242358,thyroid nodule,0.78125
8472,,,,,,,488,640,[],0.865474552957359,0.7628516003879728,0.8724348308374931,0.8586244541484717,0.9977511537558992,0.9281878039521854,12.6563252600827,5.071628922001565,-0.015829694323144104,103.94686507061124,thyroid nodule,0.52734375
8476,,,,,,,485,509,[],0.9444774935554233,0.894796167574676,0.977125859062468,0.913940324282836,0.9990568511516567,0.9564985877172463,11.0,2.919167170090737,-0.0646646838722057,104.77853007614613,thyroid nodule,0.78125
8480,,,,,,,447,553,[],0.9192785851864822,0.8506156837329877,0.9259259259259259,0.9127260083449235,0.9991404539221906,0.9559332311335571,4.47213595499958,2.037488249339381,-0.014255910987482615,104.97414297424257,thyroid nodule,0.62890625
8482,,,,,,,377,504,[],0.0,0.0,0.0,0.0,0.9618496917734244,0.4809248458867122,179.99581425929955,108.85725380824621,-0.2718046305106248,103.84058207273483,thyroid nodule,0.78125
8484,,,,,,,483,636,[],0.0,0.0,0.0,0.0,0.985264952276089,0.4926324761380445,190.91201913897865,130.05823729128213,-0.21529494878134936,104.94125308468938,thyroid nodule,0.640625
8486,,,,,,,480,508,[],0.0,0.0,0.0,0.0,0.9278286095006352,0.4639143047503176,184.0244548966251,125.93648759034458,6.952576379388965,104.16028904728591,thyroid nodule,0.58203125
8488,,,,,,,408,504,[],0.0,0.0,0.0,0.0,0.9797443142795471,0.48987215713977356,176.36666220032583,138.40889819322032,1.3092841163310962,104.43017305806279,thyroid nodule,0.7578125
8490,,,,,,,488,640,[],0.0,0.0,0.0,0.0,0.9637900734287984,0.4818950367143992,312.59878379736693,258.3240856566673,0.21576441935126758,104.23836996778846,thyroid nodule,0.59765625
8494,,,,,,,560,808,[],0.0,0.0,0.0,0.0,0.9853832259671851,0.49269161298359254,142.7838863728248,95.85737456469239,1.2441939890710383,105.2865688689053,thyroid nodule,0.7578125
8498,,,,,,,457,680,[],0.0,0.0,0.0,0.0,0.9322724689453601,0.46613623447268004,222.80978354802232,153.95469667725493,6.35626102292769,105.29840993694961,thyroid nodule,0.55078125
8500,,,,,,,480,508,[],0.0,0.0,0.0,0.0,0.9825932787338737,0.49129663936693685,156.82790201936564,105.92865692808655,-0.2095546250475828,105.25999893434346,thyroid nodule,0.68359375
8502,,,,,,,480,618,[],0.0,0.0,0.0,0.0,0.944580884817721,0.4722904424088605,258.18877572517505,170.24628140962767,2.7802146523565097,104.58545596338809,thyroid nodule,0.62109375
8504,,,,,,,488,634,[],0.0,0.0,0.0,0.0,0.9421848200374459,0.47109241001872293,220.84541734666828,136.1598782105551,3.547631307929969,104.81220111250877,thyroid nodule,0.6328125
8506,,,,,,,366,504,[],0.0,0.0,0.0,0.0,0.9958307479616385,0.49791537398081925,117.25014324646928,102.22566808572736,0.037940379403794036,104.9196720123291,thyroid nodule,0.53125
8508,,,,,,,329,504,[],0.0,0.0,0.0,0.0,0.9789117974163744,0.4894558987081872,166.0,133.1606308909109,0.5903225806451613,104.09339796751738,thyroid nodule,0.63671875
8510,,,,,,,480,504,[],0.0,0.0,0.0,0.0,0.9781426311738185,0.48907131558690925,94.3880222721934,54.27565657180706,-0.056589996349032494,103.59164793044329,thyroid nodule,0.72265625
8512,,,,,,,412,504,[],0.0,0.0,0.0,0.0,0.9766226866200302,0.4883113433100151,112.0044641967453,71.23203954441,0.08641975308641975,104.23145000822842,thyroid nodule,0.625
8514,,,,,,,497,815,[],0.0,0.0,0.0,0.0,0.9819092708098495,0.49095463540492473,172.85540741351207,122.45710134626624,0.23558597091531222,104.96603301726282,thyroid nodule,0.734375
8518,,,,,,,414,504,[],0.0,0.0,0.0,0.0,0.9708422748086403,0.48542113740432014,169.37824032241122,123.93016854596767,0.9004123057405645,104.60924683138728,thyroid nodule,0.6796875
8520,,,,,,,445,544,[],0.0,0.0,0.0,0.0,0.9775990785556699,0.4887995392778349,154.20035570099088,117.08336250673986,-0.10777534154157531,104.37777196057141,thyroid nodule,0.79296875
8522,,,,,,,483,507,[],0.0,0.0,0.0,0.0,0.9837592626803785,0.49187963134018925,180.0,140.92186631265616,2.052469135802469,103.90969412401319,thyroid nodule,0.67578125
8528,,,,,,,487,640,[],0.0,0.0,0.0,0.0,0.9532898206751055,0.47664491033755274,198.78504499748047,131.3399131232938,0.703125,103.76888117752969,thyroid nodule,0.79296875
8532,,,,,,,457,680,[],0.0,0.0,0.0,0.0,0.9351195482398174,0.4675597741199087,296.9246497225238,208.7992778227358,6.112851548593806,104.80507090687752,thyroid nodule,0.8359375
8534,,,,,,,552,812,[],0.0,0.0,0.0,0.0,0.9811269264793838,0.4905634632396919,184.05080818427322,136.2281973337545,-0.023302342003059903,105.26752914302051,thyroid nodule,0.578125
8536,,,,,,,433,504,[],0.0,0.0,0.0,0.0,0.9459151262211224,0.4729575631105612,170.5244822845162,106.87566408251548,6.195945945945946,105.35703110508621,thyroid nodule,0.443359375
8538,,,,,,,483,507,[],0.801480669043049,0.6687256920613132,0.7094660194174758,0.920919974795211,0.995047723069667,0.957983848932439,11.707262574833386,5.8990749746846305,0.2980466288594833,104.38273288309574,thyroid nodule,0.494140625
8540,,,,,,,480,508,[],0.5041455964268295,0.33702852043793113,0.984559855624624,0.33881930787013076,0.9983429635129174,0.6685811356915241,87.66413177577246,38.05820320881923,-0.6558672325156126,104.18800916522741,thyroid nodule,0.70703125
8542,,,,,,,744,1102,[],0.0,0.0,0.0,0.0,0.9602193855623453,0.48010969278117266,257.02529031936734,149.0257811857942,2.16663389697208,108.330745017156,thyroid nodule,0.75390625
8544,,,,,,,459,612,[],0.5611540873928497,0.3900029061319384,0.9467372134038801,0.39875204278710447,0.9962331928056477,0.6974926177963761,85.05291372683836,35.35166247968549,-0.5788144406477492,105.10821617208421,thyroid nodule,0.56640625
8546,,,,,,,334,504,[],0.0,0.0,0.0,0.0,0.981971016239342,0.490985508119671,174.0,145.40835458211487,0.25661486770264597,105.55342491716146,thyroid nodule,0.5703125
8548,,,,,,,480,508,[],0.8522095263483139,0.7424783058505584,0.9621603874251006,0.7648107872988256,0.9930102092388557,0.8789104982688407,82.17022296240413,29.056663226196658,-0.20511091779034363,105.89029104448855,thyroid nodule,0.6953125
8550,,,,,,,568,1280,[],0.0,0.0,0.0,0.0,0.8987322282412933,0.44936611412064664,428.54287939161037,262.412640030716,2.752473174561633,107.06790210679173,thyroid nodule,0.6484375
8554,,,,,,,271,504,[],0.0,0.0,0.0,0.0,0.9568864885056577,0.47844324425282886,242.51236923908704,205.71299504123664,-0.3148651991095721,103.97073510102928,thyroid nodule,0.63671875
8556,,,,,,,336,504,[],0.0,0.0,0.0,0.0,0.9766395264571369,0.48831976322856846,224.2598729014503,172.30463826429786,-0.25296981499513144,103.56612713076174,thyroid nodule,0.5390625
8558,,,,,,,315,438,[],0.8523173383794165,0.742641992322079,0.9631686454742755,0.7643483106225621,0.9951196406972909,0.8797339756599265,31.24543653622154,8.408411544487933,-0.20642318018337472,103.80681185051799,thyroid nodule,0.6171875
856,,,,,,,473,852,[],0.0,0.0,0.0,0.0,0.8945038453193183,0.44725192265965913,289.8126978970646,139.09073054727693,-0.5080799280535102,104.38163322396576,thyroid nodule,0.578125
8560,,,,,,,566,1024,[],0.0,0.0,0.0,0.0,0.972776379596096,0.486388189798048,203.84304977707168,117.8471751869626,-0.41304009342156484,107.28101595304906,thyroid nodule,0.6953125
8562,,,,,,,487,640,[],0.0,0.0,0.0,0.0,0.9646637845996995,0.48233189229984974,237.97319774285228,185.31812500635064,0.11406804424963474,102.10324008949101,thyroid nodule,0.61328125
8564,,,,,,,481,508,[],0.0,0.0,0.0,0.0,0.9788605566802877,0.48943027834014385,164.74570703315385,117.83573467348388,0.8177287290850836,103.50547707639635,thyroid nodule,0.72265625
8566,,,,,,,488,634,[],0.0,0.0,0.0,0.0,0.9478198901160251,0.47390994505801254,201.17392871315482,125.22509703601182,2.2499488647985273,101.43894888460636,thyroid nodule,0.828125
8568,,,,,,,670,935,[],0.0,0.0,0.0,0.0,0.9565778560807197,0.47828892804035983,254.20934248286557,152.1109890638803,0.7521948643474817,107.37188789062202,thyroid nodule,0.625
8570,,,,,,,480,504,[],0.0,0.0,0.0,0.0,0.9832411647800916,0.4916205823900458,234.37096597480394,153.7874697151186,-0.6291586998087955,104.78123999200761,thyroid nodule,0.60546875
8572,,,,,,,461,701,[],0.0,0.0,0.0,0.0,0.9750595843370982,0.4875297921685491,143.58969322343438,88.78231912743914,-0.3190576283061832,104.92666298523545,thyroid nodule,0.71875
8574,,,,,,,328,504,[],0.0,0.0,0.0,0.0,0.9763244810998319,0.48816224054991597,160.8843960323458,96.63580485587191,-0.5778562478642214,101.33225587196648,thyroid nodule,0.72265625
8576,,,,,,,488,640,[],0.5389049729702031,0.36883636108578244,0.413696798048934,0.772797413476376,0.950102272765315,0.8614498431208455,80.65605913657136,27.729303477894234,0.8680285105444926,103.47682610154152,thyroid nodule,0.578125
8578,,,,,,,480,508,[],0.9655412460842325,0.933378196500673,0.9839870274652883,0.9477743069113628,0.9993236185551122,0.9735489627332374,5.0,1.7995205169247712,-0.03680203045685279,104.66901795007288,thyroid nodule,0.79296875
858,,,,,,,473,855,[],0.5384704698506076,0.36842941503588167,0.9966332378223496,0.3688885353696044,0.9998718294841273,0.6843801824268658,122.7574716127421,39.719827265919,-0.6298653091526143,104.99531403183937,thyroid nodule,0.5703125
8580,,,,,,,466,504,[],0.0,0.0,0.0,0.0,1.0,0.5,685.006569311565,685.006569311565,-1.0,105.04297399893403,thyroid nodule,0.46875
8582,,,,,,,446,544,[],0.0,0.0,0.0,0.0,0.9762807285590325,0.48814036427951624,203.54397235142645,155.30533909032116,2.236827195467422,104.42522284574807,thyroid nodule,0.55078125
8586,,,,,,,480,504,[],0.742973708068903,0.5910566173818969,0.9992940345923049,0.5913035222633628,0.9998837547224644,0.7955936384929136,83.56554190392269,34.11844554174569,-0.40827874299819616,103.93310501240194,thyroid nodule,0.67578125
8588,,,,,,,412,504,[],0.0,0.0,0.0,0.0,0.9755725575074243,0.48778627875371217,249.90258101179575,182.09892621108938,-0.4594564490977946,103.9937159512192,thyroid nodule,0.6796875
8592,,,,,,,480,624,[],0.0,0.0,0.0,0.0,0.945961827754795,0.4729809138773975,192.50974001333023,121.15992661221833,8.400116822429906,107.6546530239284,thyroid nodule,0.6875
8594,,,,,,,457,680,[],0.0,0.0,0.0,0.0,0.9490230805596912,0.4745115402798456,297.173516486067,185.12233188714282,-0.4710813383117359,104.02640583924949,thyroid nodule,0.71875
8596,,,,,,,480,504,[],0.0,0.0,0.0,0.0,0.9751117261805072,0.4875558630902536,176.89925762744923,98.84579182080877,-0.6241847464395048,103.44869503751397,thyroid nodule,0.7734375
8598,,,,,,,480,508,[],0.0,0.0,0.0,0.0,0.9836385362084472,0.4918192681042236,242.716612882518,174.2782312663445,-0.4466657146937027,104.58263591863215,thyroid nodule,0.46484375
86,,,,,,,565,779,[],0.0,0.0,0.0,0.0,0.9796081243638383,0.48980406218191913,268.59177499388875,208.63649130706898,0.12221514958625079,106.46590101532638,thyroid nodule,0.734375
860,,,,,,,586,836,[],0.6640267598012691,0.4970359733421702,0.9866536077651736,0.5004003499354992,0.9974282704344054,0.7489143101849522,128.11947183842275,50.43377983706507,-0.49283077059948693,106.26294696703553,thyroid nodule,0.75390625
8604,,,,,,,488,634,[],0.0,0.0,0.0,0.0,0.9410727005239018,0.4705363502619509,237.39393451591053,167.02669304764592,0.9772168863077954,104.30248104967177,thyroid nodule,0.734375
8606,,,,,,,480,616,[],0.9096045197740112,0.8341968911917098,0.9768961493582263,0.8509859727586908,0.999659514171433,0.9253227434650619,10.209616059033856,3.240589611800593,-0.12888798536287863,103.25078200548887,thyroid nodule,0.62109375
8608,,,,,,,298,408,[],0.0,0.0,0.0,0.0,0.9073520322079485,0.45367601610397423,186.5893865209098,103.8980335949365,4.95703544575725,102.88142482750118,thyroid nodule,0.625
861,,,,,,,582,837,[],0.8136166647870986,0.685795763172189,0.9756578184768749,0.6977341807129042,0.9950074492027768,0.8463708149578405,130.36095041505314,42.05159647391942,-0.2848576954959934,105.2535679191351,thyroid nodule,0.8125
8610,,,,,,,480,440,[],0.5847181628392484,0.41314609393438756,0.996867881548975,0.41368309110244594,0.9999457425137,0.706814416808073,27.18543532143726,12.862160054361206,-0.5850171334042302,105.62786599621177,thyroid nodule,0.404296875
8612,,,,,,,366,504,[],0.0,0.0,0.0,0.0,0.9800374739915247,0.49001873699576237,130.2084837685759,88.38918351531872,3.2126436781609193,103.89389400370419,thyroid nodule,0.70703125
8614,,,,,,,480,504,[],0.0,0.0,0.0,0.0,0.9773214107801136,0.4886607053900568,173.05546169557152,126.20881629769366,4.2936046511627906,103.19831990636885,thyroid nodule,0.5625
8616,,,,,,,408,696,[],0.0,0.0,0.0,0.0,0.9774227977799914,0.4887113988899957,104.72914262282404,55.098189012276485,1.1973684210526316,104.53460505232215,thyroid nodule,0.65625
862,,,,,,,574,615,[],0.0,0.0,0.0,0.0,0.9749896698957807,0.48749483494789037,180.09080988245785,110.80921317222548,0.9308817013735047,105.59361497871578,thyroid nodule,0.578125
8624,,,,,,,480,621,[],0.0,0.0,0.0,0.0,0.9570259415749736,0.4785129707874868,138.93091748118374,72.17539181538521,7.334859385219097,104.59907609038055,thyroid nodule,0.80078125
8626,,,,,,,339,504,[],0.0,0.0,0.0,0.0,0.9725285400561675,0.48626427002808376,122.7432224982968,78.1689786043963,3.63356504468719,103.85599313303828,thyroid nodule,0.8359375
8630,,,,,,,408,504,[],0.0,0.0,0.0,0.0,0.9780401531968873,0.48902007659844365,207.39473330969008,165.48423907921963,5.748125937031484,104.062186088413,thyroid nodule,0.71484375
8632,,,,,,,480,508,[],0.0,0.0,0.0,0.0,0.945964193831666,0.472982096915833,163.5676493689784,97.84172492162818,-0.2893621960420173,104.60680699907243,thyroid nodule,0.6015625
8635,,,,,,,480,504,[],0.0,0.0,0.0,0.0,0.9685739462353467,0.4842869731176733,114.01578674099571,57.8853963870107,2.0477926285945727,104.15631905198097,thyroid nodule,0.81640625
8639,,,,,,,324,435,[],0.02976960911208905,0.01510970963079753,0.030311017395888245,0.029247202441505596,0.9731475534275371,0.5011973779345213,62.68011111905273,30.262829670491456,-0.035096642929806715,103.5817179363221,thyroid nodule,0.734375
864,,,,,,,532,547,[],0.2276972146013812,0.1284753465814638,1.0,0.1284753465814638,1.0,0.5642376732907319,170.71174416163015,125.25971053829049,-0.8715246534185362,103.82956312969327,thyroid nodule,0.75390625
8641,,,,,,,452,547,[],0.0,0.0,0.0,0.0,0.9837916980262968,0.4918958490131484,180.46022502909645,141.871284962982,-0.03807664144495972,104.76059908978641,thyroid nodule,0.6640625
8645,,,,,,,480,504,[],0.0,0.0,0.0,0.0,0.9803205754558117,0.4901602877279059,87.0,45.38580092656688,2.344876325088339,104.48049404658377,thyroid nodule,0.734375
8647,,,,,,,604,824,[],0.0,0.0,0.0,0.0,0.9825965606147838,0.4912982803073919,195.01230697758626,98.45552092506124,-0.5442975748306751,103.60374790616333,thyroid nodule,0.6484375
8649,,,,,,,488,640,[],0.0,0.0,0.0,0.0,0.9442056426688644,0.4721028213344322,231.07790893982056,128.99060934260424,-0.49042891441178377,104.12244801409543,thyroid nodule,0.765625
8651,,,,,,,442,504,[],0.0,0.0,0.0,0.0,0.9667922264403312,0.4833961132201656,178.84224653824168,94.52240405386048,-0.6521223985163817,103.83554198779166,thyroid nodule,0.75390625
8653,,,,,,,560,701,[],0.0039038579301898346,0.001955746443225831,0.008044164037854889,0.002577319587628866,0.9831290976790102,0.49285320863331955,174.38463235044537,75.22171730399569,-0.6796038002829998,105.62291601672769,thyroid nodule,0.5390625
8655,,,,,,,480,618,[],0.0,0.0,0.0,0.0,0.9362288960041508,0.4681144480020754,255.2789627562739,162.1985061578505,4.0683667932718395,103.12020895071328,thyroid nodule,0.79296875
8657,,,,,,,384,504,[],0.0,0.0,0.0,0.0,0.9716573856435982,0.4858286928217991,127.35206100771713,88.6149166992191,0.6027356526910497,103.24539197608829,thyroid nodule,0.703125
8659,,,,,,,451,504,[],0.0,0.0,0.0,0.0,0.9778246575833311,0.4889123287916656,114.35683426407554,73.82581540178886,0.22610203070827142,103.36738312616944,thyroid nodule,0.70703125
866,,,,,,,453,436,[],0.012105821578279094,0.006089771633563741,0.96398891966759,0.0060911573198907795,0.9999073915769078,0.5029992744483993,126.14277624977183,44.17282737304507,-0.9936812994468949,103.04802795872092,thyroid nodule,0.68359375
8661,,,,,,,472,812,[],0.0,0.0,0.0,0.0,0.9777227257721223,0.48886136288606113,221.38202275704322,149.11617122236157,-0.22335547861888275,104.39639282412827,thyroid nodule,0.79296875
8663,,,,,,,488,640,[],0.0,0.0,0.0,0.0,0.9563691237739068,0.4781845618869534,270.0074073057997,203.96043905905225,0.7757009345794392,104.55701500177383,thyroid nodule,0.71484375
8667,,,,,,,298,435,[],0.0,0.0,0.0,0.0,0.9662412866967848,0.4831206433483924,174.6542278086873,136.69636098925616,4.409203980099503,101.72860394231975,thyroid nodule,0.49609375
8669,,,,,,,566,1280,[],0.24828286245982067,0.1417368461716758,0.146594641244676,0.8105063179287797,0.8478355650669805,0.8291709414978801,383.6371864051939,140.13537455552748,4.5288945833701515,105.72958691045642,thyroid nodule,0.73828125
8675,,,,,,,602,656,[],0.9397037796422694,0.8862653300086509,0.947654804657743,0.9318850660816523,0.9974430058768337,0.964664035979243,11.180339887498949,4.060911000804996,-0.01664080475145808,104.83262105844915,thyroid nodule,0.74609375
868,,,,,,,455,496,[],0.0,0.0,0.0,0.0,0.958974358974359,0.4794871794871795,213.02065458749067,152.37663860870666,1.0849598163030998,105.83925899118185,thyroid nodule,0.5234375
8685,,,,,,,487,640,[],0.0008263487191594853,0.00041334514319456744,0.0005548949663099485,0.0016177490177952392,0.9589787638318156,0.4802982564248054,129.8649248910408,58.90486553204383,1.9154148370695632,104.40331301651895,thyroid nodule,0.75390625
8687,,,,,,,365,504,[],0.0,0.0,0.0,0.0,0.9763275680436103,0.48816378402180516,142.86601249906607,108.34972371179465,-0.06720843399956072,102.50905808061361,thyroid nodule,0.72265625
8689,,,,,,,479,502,[],0.0,0.0,0.0,0.0,0.9806768828034031,0.4903384414017016,124.62117997364358,74.09706967720444,-0.11605754276827372,104.32594083249569,thyroid nodule,0.74609375
8691,,,,,,,482,509,[],0.0,0.0,0.0,0.0,0.980912238446485,0.4904561192232425,235.21563474474027,167.91247069225892,-0.654172835658069,104.55786599777639,thyroid nodule,0.5625
8693,,,,,,,336,504,[],0.0,0.0,0.0,0.0,0.9868554638510326,0.4934277319255163,217.0818729524385,161.85922450563288,0.1596417281348788,103.58728794381022,thyroid nodule,0.53515625
8697,,,,,,,480,504,[],0.0,0.0,0.0,0.0,0.9178953870627906,0.4589476935313953,208.7860144420158,143.40027998403755,2.4884055365809816,103.4794261213392,thyroid nodule,0.61328125
8699,,,,,,,480,504,[],0.0,0.0,0.0,0.0,0.9815160339686471,0.49075801698432353,139.88831213154776,63.27432857644219,-0.6616661346951803,103.34630380384624,thyroid nodule,0.64453125
870,,,,,,,600,814,[],0.0006506506506506507,0.00032543119633514405,0.0026156941649899397,0.00037153472420691625,0.9612158673030279,0.4807937010136174,404.533928506682,177.8438516056032,-0.857959416976279,105.26319895870984,thyroid nodule,0.73828125
8701,,,,,,,430,504,[],0.0,0.0,0.0,0.0,0.9796376688574685,0.48981883442873425,236.28371406137725,148.46451281446184,-0.602273803884415,103.85986277833581,thyroid nodule,0.68359375
8703,,,,,,,480,508,[],0.0,0.0,0.0,0.0,0.9722964793705235,0.4861482396852618,283.02455718167727,245.7295060276433,0.1118421052631579,104.56242598593235,thyroid nodule,0.54296875
8705,,,,,,,487,640,[],0.0,0.0,0.0,0.0,0.9515598969179508,0.4757799484589754,262.5080936985318,181.99783492161814,2.4207261029411766,105.28896981850266,thyroid nodule,0.8203125
8707,,,,,,,566,625,[],0.0,0.0,0.0,0.0,0.9778151674092133,0.48890758370460663,192.18556875439987,148.13586173058044,0.8127191956979191,104.54855603165925,thyroid nodule,0.62109375
8709,,,,,,,480,504,[],0.0,0.0,0.0,0.0,0.973948620891202,0.486974310445601,238.14171296655044,109.45229507162558,-0.7868367114552494,102.4137248750776,thyroid nodule,0.703125
8711,,,,,,,418,504,[],0.0,0.0,0.0,0.0,0.9817029663448344,0.4908514831724172,171.81003706723064,94.6851464131811,-0.6424880569367262,103.79824205301702,thyroid nodule,0.625
8713,,,,,,,457,680,[],0.0,0.0,0.0,0.0,0.9654267029795006,0.4827133514897503,311.35349684883903,267.1420171189074,1.5450180072028812,103.63828903064132,thyroid nodule,0.62890625
8715,,,,,,,301,436,[],0.0,0.0,0.0,0.0,0.9626038555082187,0.48130192775410935,171.45974327997473,111.13322741865268,-0.47393800229621125,104.37752213329077,thyroid nodule,0.6953125
8717,,,,,,,448,504,[],0.0,0.0,0.0,0.0,0.9914978016959625,0.49574890084798123,202.78349070854594,162.18768902778896,-0.2210828547990156,103.8354120682925,thyroid nodule,0.41796875
8719,,,,,,,394,504,[],0.0,0.0,0.0,0.0,0.9714513638703036,0.4857256819351518,96.20057015855032,52.924895882065734,0.29724041159962583,103.20398095063865,thyroid nodule,0.5859375
8721,,,,,,,480,504,[],0.0,0.0,0.0,0.0,0.9825522452908954,0.4912761226454477,125.68353063510817,75.82366517380963,-0.4280927115330913,103.8914539385587,thyroid nodule,0.7265625
8723,,,,,,,617,1024,[],0.0,0.0,0.0,0.0,0.9490419847203041,0.47452099236015205,242.39131584887045,157.68406918538972,0.40520126639529624,104.01189513504505,thyroid nodule,0.78125
8725,,,,,,,487,640,[],0.0,0.0,0.0,0.0,0.948545659677021,0.4742728298385105,163.70365042483252,89.5583076238048,0.27459897469819744,104.48536416515708,thyroid nodule,0.61328125
8727,,,,,,,296,436,[],0.37785339571813414,0.23293418407481864,1.0,0.23293418407481864,1.0,0.6164670920374093,63.27123868515017,35.47470107948379,-0.7670658159251814,103.14575000666082,thyroid nodule,0.5234375
8729,,,,,,,480,508,[],0.0,0.0,0.0,0.0,0.9822363555068969,0.49111817775344846,159.45548255434736,117.63732087544787,-0.061796512911057165,103.22316200472414,thyroid nodule,0.73046875
8733,,,,,,,323,506,[],0.0,0.0,0.0,0.0,0.9744016021464654,0.4872008010732327,126.98128682967948,57.79439253018044,-0.4784882960638159,103.69254904799163,thyroid nodule,0.65625
8735,,,,,,,488,640,[],0.0,0.0,0.0,0.0,0.9555441475124546,0.4777720737562273,192.10895272387947,110.65103722501911,4.30188679245283,103.5571270622313,thyroid nodule,0.81640625
8737,,,,,,,602,766,[],0.0,0.0,0.0,0.0,0.9759566252244452,0.4879783126122226,205.30221625691235,137.65310094479037,0.7872896585525241,105.75625789351761,thyroid nodule,0.7421875
8739,,,,,,,380,453,[],0.0,0.0,0.0,0.0,0.9626027950153877,0.48130139750769385,318.55265348122725,234.3777037526838,-0.56307102858827,103.7883311510086,thyroid nodule,0.640625
8741,,,,,,,480,504,[],0.001007759750075582,0.000504133897963299,0.002240143369175627,0.000650110518788194,0.9803388394000123,0.49049447495940024,146.10491271662195,69.07383816011951,-0.7097906644129502,104.04968610964715,thyroid nodule,0.6796875
8743,,,,,,,483,507,[],0.0,0.0,0.0,0.0,0.9852340761326402,0.4926170380663201,140.04963359050123,77.53189576344472,-0.7059526859680587,103.71387097984552,thyroid nodule,0.6484375
8747,,,,,,,436,504,[],0.0,0.0,0.0,0.0,0.9810669750001152,0.4905334875000576,101.71651431026143,65.25540597084921,0.5433721366879459,103.00678689964116,thyroid nodule,0.7890625
8749,,,,,,,469,504,[],0.0,0.0,0.0,0.0,0.9814081099181231,0.49070405495906155,96.33509222154092,60.22060515159741,-0.127357533968769,103.08046801947057,thyroid nodule,0.73828125
8751,,,,,,,480,508,[],0.0,0.0,0.0,0.0,0.9821079221981576,0.4910539610990788,251.05686309421077,214.05608837332798,-0.16760865328396024,103.63957891240716,thyroid nodule,0.671875
8753,,,,,,,406,504,[],0.0,0.0,0.0,0.0,0.9689633239343507,0.48448166196717535,150.90843188047745,108.29578770868693,0.25015130119023604,104.22501992434263,thyroid nodule,0.78125
8755,,,,,,,454,504,[],0.0,0.0,0.0,0.0,0.9761246951466446,0.4880623475733223,141.03900169811186,88.72727159797502,-0.1933718455457586,103.45250484533608,thyroid nodule,0.73828125
8757,,,,,,,607,919,[],0.0,0.0,0.0,0.0,0.970011607240016,0.485005803620008,348.55609304015377,290.0295289822837,1.5623740895707423,106.56832298263907,thyroid nodule,0.423828125
876,,,,,,,532,547,[],0.022776083786291926,0.01151922329055531,0.6400894187779433,0.011594320267789655,0.997773331612237,0.5046838259400134,108.0150354053146,24.785554660558635,-0.9818864053557931,105.59338587336242,thyroid nodule,0.6953125
8763,,,,,,,480,504,[],0.9203641000835495,0.852476376669925,0.9824446113405934,0.8656629994209613,0.9972721039809777,0.9314675517009694,60.437570637338965,17.904082438061284,-0.11886839275374307,104.28697103634477,thyroid nodule,0.7109375
8765,,,,,,,480,508,[],0.0,0.0,0.0,0.0,0.984339708503985,0.4921698542519925,158.97984260740927,125.51688473694873,-0.1311095668288163,103.38023398071527,thyroid nodule,0.6953125
8767,,,,,,,336,436,[],0.0,0.0,0.0,0.0,0.9650217675695383,0.48251088378476914,99.17748850166917,56.31516856060671,-0.259645937358148,102.71435207687318,thyroid nodule,0.59375
8769,,,,,,,567,1232,[],0.0,0.0,0.0,0.0,0.9674544655148802,0.4837272327574401,417.2713721424977,318.48897561504106,3.6656333953296136,104.03676587156951,thyroid nodule,0.71875
8771,,,,,,,545,817,[],0.0,0.0,0.0,0.0,0.9787238991530963,0.48936194957654816,212.46176126540982,133.90844519367246,-0.40394891176853903,106.28580814227462,thyroid nodule,0.77734375
8773,,,,,,,527,816,[],0.0,0.0,0.0,0.0,0.9425605202938697,0.47128026014693486,140.19678002645455,85.25773883279732,0.6023383953769654,104.90427212789655,thyroid nodule,0.52734375
8775,,,,,,,487,640,[],0.9414729767572109,0.8894179894179894,0.9069328297814945,0.9787481804949054,0.9965657403566984,0.9876569604258019,7.615773105863909,2.9904255811011464,0.07918486171761281,104.9349328968674,thyroid nodule,0.71484375
8777,,,,,,,488,640,[],0.8352586639879458,0.7171194480379474,0.8822281167108753,0.793037672865999,0.9985590310457411,0.8957983519558701,13.266177013662157,5.461445025084375,-0.10109680495946591,106.06713313609362,thyroid nodule,0.388671875
8779,,,,,,,606,896,[],0.0,0.0,0.0,0.0,0.9808628974817278,0.4904314487408639,211.35373026714495,98.27101309499042,-0.5490204949554359,104.93593313731253,thyroid nodule,0.462890625
878,,,,,,,453,381,[],0.06292806645674308,0.03248617945831067,1.0,0.03248617945831067,1.0,0.5162430897291553,234.0939982143925,127.56638793665094,-0.9675138205416893,104.12510810419917,thyroid nodule,0.53515625
8781,,,,,,,457,504,[],0.9575138356747552,0.9184906893172166,0.9559673580414825,0.9590653249189834,0.998846145278774,0.9789557350988787,4.242640687119285,1.6516514784465812,0.003240661777247143,104.35550194233656,thyroid nodule,0.65234375
8783,,,,,,,480,504,[],0.0,0.0,0.0,0.0,0.98186388340949,0.490931941704745,305.5064641868321,265.32082336744975,1.6801968019680196,104.38059200532734,thyroid nodule,0.7109375
8785,,,,,,,567,1120,[],0.0,0.0,0.0,0.0,0.9604868326409816,0.4802434163204908,288.70192061387064,187.03058571805278,5.464489372731985,107.09807300008833,thyroid nodule,0.74609375
8787,,,,,,,480,504,[],0.028152366625476818,0.014277151108931393,0.036464857341684066,0.022926146307315366,0.9699642503861305,0.49644519834672296,108.72073423640042,54.469176880042006,-0.37128106405320266,106.39402992092073,thyroid nodule,0.7109375
8789,,,,,,,483,614,[],0.0,0.0,0.0,0.0,0.9807917863638682,0.4903958931819341,139.02728230864147,89.49004354772725,1.3376086057095573,104.19013793580234,thyroid nodule,0.6484375
8791,,,,,,,564,702,[],0.0,0.0,0.0,0.0,0.9785973164814917,0.48929865824074587,228.56946427727394,154.78913507747296,-0.5257647540504182,105.36283999681473,thyroid nodule,0.73828125
8793,,,,,,,310,436,[],0.5567539129291069,0.3857650596919712,0.9931956827780385,0.3867872807017544,0.9997665357119856,0.6932769082068699,31.390284202093085,15.329275491671071,-0.6105628654970761,104.02948595583439,thyroid nodule,0.4921875
8795,,,,,,,552,813,[],0.0,0.0,0.0,0.0,0.9455292493180211,0.47276462465901054,289.01142927525893,177.29029642179975,6.175687666370896,105.23267788812518,thyroid nodule,0.53515625
8797,,,,,,,795,1260,[],0.0,0.0,0.0,0.0,0.9740205456328473,0.4870102728164237,355.0802726145174,254.8865893746488,3.0074395536267824,108.16057212650776,thyroid nodule,0.66796875
8799,,,,,,,566,1136,[],0.0,0.0,0.0,0.0,0.9690079552025512,0.4845039776012756,369.6218905252323,282.6545901301223,1.3707364107508737,108.48896880634129,thyroid nodule,0.671875
88,,,,,,,574,797,[],0.8304199362293933,0.710015467904099,0.7542929915372607,0.9236380099602596,0.9863322356769554,0.9549851228186075,37.0,12.961556017134285,0.22450827506413804,105.98466196097434,thyroid nodule,0.6171875
880,,,,,,,583,837,[],0.0,0.0,0.0,0.0,0.9654324801124189,0.48271624005620944,313.77571358869295,201.6405820981434,-0.43772556790036093,105.49910296685994,thyroid nodule,0.734375
8801,,,,,,,480,508,[],0.0,0.0,0.0,0.0,0.9144761599916951,0.45723807999584754,161.5239920259526,107.21025538209726,0.5626333675808108,104.79113087058067,thyroid nodule,0.52734375
8803,,,,,,,529,815,[],0.0,0.0,0.0,0.0,0.9732294693979034,0.4866147346989517,275.3546571029083,207.84077829117,1.3737520798668885,105.00415391288698,thyroid nodule,0.7421875
8807,,,,,,,309,408,[],0.0,0.0,0.0,0.0,0.9599638672036862,0.4799819336018431,134.91233590213875,87.69696399053564,-0.10636330003699593,105.55507405661047,thyroid nodule,0.6328125
8809,,,,,,,349,504,[],0.0,0.0,0.0,0.0,0.9641298853713376,0.4820649426856688,192.98989372702712,148.6805971269501,0.6354966887417218,103.72109012678266,thyroid nodule,0.5546875
8813,,,,,,,478,504,[],0.0,0.0,0.0,0.0,0.9811075961364297,0.49055379806821486,86.23165780163902,50.448438243450084,0.2759601706970128,104.00340589694679,thyroid nodule,0.76171875
8815,,,,,,,481,504,[],0.0,0.0,0.0,0.0,0.9777303118009125,0.48886515590045626,111.45514266950163,64.07034726681275,0.04445761707172496,104.26096012815833,thyroid nodule,0.8125
8817,,,,,,,400,504,[],0.0,0.0,0.0,0.0,0.9772013602112181,0.48860068010560903,211.08194976128942,153.98619231560141,-0.5425765332776095,104.31229090318084,thyroid nodule,0.6875
882,,,,,,,532,547,[],0.9432328949558848,0.8925645872715816,0.9473015448405002,0.939199045219467,0.9971441204398345,0.9681715828296507,8.0,3.7159125152154977,-0.00855324227556027,105.79240880906582,thyroid nodule,0.72265625
8821,,,,,,,480,504,[],0.0,0.0,0.0,0.0,0.9802032191649509,0.49010160958247545,138.32000676089805,95.96535861885084,1.39656912209889,103.98939484730363,thyroid nodule,0.66796875
8823,,,,,,,480,504,[],0.0,0.0,0.0,0.0,0.978780427731138,0.489390213865569,135.0,91.02201270052628,1.1384097602019352,105.17760715447366,thyroid nodule,0.70703125
8825,,,,,,,480,508,[],0.0,0.0,0.0,0.0,0.9831011931506165,0.49155059657530825,127.12768928346887,94.39634659495799,0.17128027681660898,104.41360319964588,thyroid nodule,0.64453125
8827,,,,,,,400,703,[],0.0,0.0,0.0,0.0,0.9737481026342898,0.4868740513171449,170.7012005464423,125.17624661401729,0.11347846225104215,104.54367590136826,thyroid nodule,0.6015625
8831,,,,,,,566,1192,[],0.0,0.0,0.0,0.0,0.9632103595907435,0.48160517979537176,290.80061898145954,216.74561650799328,0.1507583369216784,107.5488009955734,thyroid nodule,0.6640625
8833,,,,,,,317,504,[],0.0,0.0,0.0,0.0,0.9761274062262913,0.4880637031131457,134.88585699139463,94.92544864278928,-0.12305148795465282,103.78934210166335,thyroid nodule,0.76171875
8836,,,,,,,480,508,[],0.0,0.0,0.0,0.0,0.9800457354399857,0.49002286771999287,177.46814455627737,142.25000627730623,0.6642436829352717,104.41274382174015,thyroid nodule,0.60546875
8838,,,,,,,276,504,[],0.0,0.0,0.0,0.0,0.9656406162216505,0.48282030811082527,146.97890046187968,106.03588837136999,0.2142110762800418,104.07781694084406,thyroid nodule,0.69921875
884,,,,,,,453,381,[],0.0,0.0,0.0,0.0,0.9436061840101994,0.4718030920050997,367.78451381558466,183.8082303005453,-0.9503725327872424,103.7328711245209,thyroid nodule,0.77734375
8840,,,,,,,598,960,[],0.0,0.0,0.0,0.0,0.9809617695625472,0.4904808847812736,345.6689932484195,278.4746215579811,0.1874379070537587,105.8645301964134,thyroid nodule,0.69921875
8842,,,,,,,412,504,[],0.0,0.0,0.0,0.0,0.9866172605032968,0.4933086302516484,239.02530041608674,190.16356110574208,-0.18509687034277197,103.9247140288353,thyroid nodule,0.55078125
8844,,,,,,,488,634,[],0.0,0.0,0.0,0.0,0.9500513318214379,0.47502566591071893,206.49114541496527,155.55205313901956,1.3418975390806376,105.08473496884108,thyroid nodule,0.65625
8846,,,,,,,564,800,[],0.0,0.0,0.0,0.0,0.9791327333776172,0.4895663666888086,281.0602556806574,224.49876009413288,-0.2100413365483982,106.81474697776139,thyroid nodule,0.57421875
8848,,,,,,,336,504,[],0.0,0.0,0.0,0.0,0.97922353380695,0.489611766903475,124.0016128770023,91.99912178135264,0.01801003838204901,103.27672213315964,thyroid nodule,0.65625
8850,,,,,,,422,504,[],0.0,0.0,0.0,0.0,0.977998303162029,0.4889991515810145,219.60247936139456,175.38044604086937,0.5994455994455995,104.09827693365514,thyroid nodule,0.703125
8852,,,,,,,302,434,[],0.9306598274656097,0.8703122274550846,0.873741353646791,0.995510774142059,0.988086976636595,0.991798875389327,9.944722215136409,3.575488873541442,0.139365522745411,104.51655508950353,thyroid nodule,0.6953125
8854,,,,,,,480,508,[],0.0,0.0,0.0,0.0,0.9775207675111158,0.4887603837555579,156.8837137075132,116.78458466471737,2.90961262553802,104.44946400821209,thyroid nodule,0.66015625
8856,,,,,,,488,640,[],0.0,0.0,0.0,0.0,0.9486395705767964,0.4743197852883982,189.0,111.69959047838047,12.260580912863071,104.77334004826844,thyroid nodule,0.7578125
8858,,,,,,,517,815,[],0.0,0.0,0.0,0.0,0.9798297333970747,0.48991486669853734,188.0,133.68481883641695,0.16334772315833448,104.86286110244691,thyroid nodule,0.73828125
886,,,,,,,599,752,[],0.9466695372563182,0.8987393517419627,0.9957193782141187,0.9022252816351385,0.999218472847933,0.9507218772415358,25.019992006393608,7.803344232484701,-0.0938960299704796,104.57524610683322,thyroid nodule,0.86328125
8860,,,,,,,401,784,[],0.0,0.0,0.0,0.0,0.9709739419217343,0.4854869709608671,151.5783616030122,91.9638178488381,0.0506389020350213,104.14753900840878,thyroid nodule,0.7421875
8862,,,,,,,487,640,[],0.06349503652369358,0.0327884708385724,0.0460973619798749,0.10198555956678701,0.9540048257232028,0.5279951926449948,198.93214537939852,82.74275712358559,1.2123947051744886,105.36955017596483,thyroid nodule,0.462890625
8864,,,,,,,480,618,[],0.0,0.0,0.0,0.0,0.9490539121272352,0.4745269560636176,196.0568792196871,118.35615198473586,2.438466866774417,105.38618080317974,thyroid nodule,0.498046875
8866,,,,,,,566,1280,[],0.0,0.0,0.0,0.0,0.934625594776873,0.4673127973884365,565.8524542670112,424.23247056880103,3.9169997896065643,107.9360090661794,thyroid nodule,0.6171875
8868,,,,,,,322,439,[],0.0,0.0,0.0,0.0,0.960064611741459,0.4800323058707295,176.80059944183512,90.99927209450698,-0.6316626889419252,103.72995096258819,thyroid nodule,0.5703125
888,,,,,,,599,776,[],0.24391719263616177,0.13889845718740368,0.9999347428869747,0.13889971627219738,0.9999971791812291,0.5694484477267132,137.01112773887152,63.224496134672066,-0.8610912189417769,106.33805906400084,thyroid nodule,0.56640625
8880,,,,,,,306,504,[],0.0,0.0,0.0,0.0,0.9660122634806179,0.48300613174030893,162.1835366209038,101.15025973502523,1.3186714542190305,103.7941521499306,thyroid nodule,0.55859375
8882,,,,,,,480,504,[],0.0,0.0,0.0,0.0,0.9771958044301464,0.4885979022150732,244.10038918445008,200.5801565563557,0.7055137844611529,103.68440905585885,thyroid nodule,0.6015625
8886,,,,,,,310,504,[],0.0,0.0,0.0,0.0,0.9611534487212606,0.4805767243606303,130.6013982778315,80.64162507748733,3.2964285714285713,102.87670488469303,thyroid nodule,0.625
8888,,,,,,,552,819,[],0.0,0.0,0.0,0.0,0.905880284052914,0.452940142026457,308.691590681715,174.15782487743422,1.0424805423047954,104.96880300343037,thyroid nodule,0.77734375
8890,,,,,,,420,504,[],0.0,0.0,0.0,0.0,0.9660790238457245,0.48303951192286226,251.12277770236835,202.11349153100068,0.8340270551508845,108.16528298892081,thyroid nodule,0.71484375
8892,,,,,,,504,702,[],0.0,0.0,0.0,0.0,0.9649739161358598,0.4824869580679299,209.0315764010622,147.9521733395795,1.3830243902439023,104.91274204105139,thyroid nodule,0.81640625
8895,,,,,,,480,504,[],0.0,0.0,0.0,0.0,0.9856195438857684,0.4928097719428842,189.79830832127735,140.55025967643613,-0.380466472303207,105.8864698279649,thyroid nodule,0.71875
8899,,,,,,,564,800,[],0.0,0.0,0.0,0.0,0.9642353176806897,0.48211765884034485,157.52569237451107,87.50666889168758,0.3285424416638485,105.46456300653517,thyroid nodule,0.6640625
890,,,,,,,541,439,[],0.04051012753188297,0.020673813169984685,1.0,0.020673813169984685,1.0,0.5103369065849923,258.0,152.46386457060154,-0.9793261868300153,105.26172909885645,thyroid nodule,0.6640625
8903,,,,,,,487,640,[],0.0426070633430829,0.02176725099246175,0.0266870830143279,0.10560484743562,0.942037198062913,0.5238210227492665,89.59072878398959,27.585388904774454,2.9571521315732525,104.1446179151535,thyroid nodule,0.431640625
8907,,,,,,,480,508,[],0.955910247513301,0.9155441332860688,0.9307207207207208,0.9825011887779362,0.9967041680060003,0.9896026783919682,6.359911333029994,2.33075940996325,0.05563480741797432,104.83500105328858,thyroid nodule,0.75390625
8909,,,,,,,480,504,[],0.0,0.0,0.0,0.0,0.9858167115219678,0.4929083557609839,133.9589489358587,82.59076537686617,-0.35849417160328684,105.48954317346215,thyroid nodule,0.6171875
8911,,,,,,,480,616,[],0.0,0.0,0.0,0.0,0.9640658901945809,0.48203294509729044,251.88201602233983,185.40390748277537,0.35750819672131146,104.54776603728533,thyroid nodule,0.75390625
8913,,,,,,,448,616,[],0.0,0.0,0.0,0.0,0.956310997829046,0.478155498914523,215.76954770319793,134.30634495056245,-0.3189059212503757,103.77795086242259,thyroid nodule,0.73828125
8915,,,,,,,602,934,[],0.0,0.0,0.0,0.0,0.9785793887785572,0.4892896943892786,369.6534580388272,295.35823861653074,4.125641025641026,110.77156104147434,thyroid nodule,0.63671875
8917,,,,,,,480,504,[],0.0,0.0,0.0,0.0,0.9810954711043091,0.49054773555215453,152.13546451081285,92.68905791667434,-0.559959859508279,105.09845591150224,thyroid nodule,0.671875
892,,,,,,,665,838,[],0.7861016086624636,0.6475843565426395,1.0,0.6475843565426395,1.0,0.8237921782713198,68.47627326307996,31.478726995914144,-0.3524156434573606,103.59453805722296,thyroid nodule,0.828125
8921,,,,,,,390,504,[],0.0,0.0,0.0,0.0,0.977882155544738,0.488941077772369,109.02201587826043,72.26629799114457,0.235106998264893,104.50984491035342,thyroid nodule,0.5859375
8923,,,,,,,488,640,[],0.9432457786116323,0.8925876608965824,0.9682233991333654,0.9195244627343393,0.9997871880773732,0.9596558254058563,3.605551275463989,1.3470876631648485,-0.05029721079103795,101.91198694519699,thyroid nodule,0.5078125
8925,,,,,,,444,544,[],0.0,0.0,0.0,0.0,0.9791536505310583,0.48957682526552915,245.08322295386984,148.91038868483054,-0.6676020766100743,104.31775101460516,thyroid nodule,0.65234375
8928,,,,,,,430,784,[],0.0,0.0,0.0,0.0,0.9812618459159073,0.49063092295795363,245.1244556887012,198.1105068339597,-0.16103190767141887,104.95716286823153,thyroid nodule,0.66796875
8930,,,,,,,590,785,[],0.0,0.0,0.0,0.0,0.9670667402767332,0.4835333701383666,183.87275054813898,109.48541071588012,3.938722294654498,102.34085517004132,thyroid nodule,0.77734375
8932,,,,,,,483,507,[],0.0,0.0,0.0,0.0,0.9479226618705036,0.4739613309352518,199.7652254684033,98.59692827624816,-0.48480939459988437,105.56390485726297,thyroid nodule,0.5703125
8934,,,,,,,480,618,[],0.0,0.0,0.0,0.0,0.9551991572118683,0.47759957860593416,223.26408067120232,160.04611199780766,0.6011890017339608,104.21301913447678,thyroid nodule,0.6328125
8936,,,,,,,376,504,[],0.0,0.0,0.0,0.0,0.979004189494038,0.489502094747019,101.74182284769545,69.40750254976099,0.1759927797833935,104.52435608021915,thyroid nodule,0.7109375
8938,,,,,,,469,815,[],0.0,0.0,0.0,0.0,0.9715705144195548,0.4857852572097774,160.00781224061996,88.21360921756003,6.744635193133047,104.66379811987281,thyroid nodule,0.66015625
894,,,,,,,455,496,[],0.5447729608803434,0.3743559913578195,0.4817924175177798,0.6266954162899074,0.9541369502562671,0.7904161832730873,95.01681235208602,33.61672019399483,0.30075815538707656,105.21504795178771,thyroid nodule,0.625
8940,,,,,,,457,680,[],0.0,0.0,0.0,0.0,0.9307949865771143,0.4653974932885572,191.976040101722,97.40895431960098,1.2164948453608246,103.2985420897603,thyroid nodule,0.7265625
8942,,,,,,,487,613,[],0.0,0.0,0.0,0.0,0.9765249956866076,0.4882624978433038,106.0,55.5790582641309,1.360204081632653,103.93444402143359,thyroid nodule,0.61328125
8949,,,,,,,398,508,[],0.0,0.0,0.0,0.0,0.984146957752173,0.4920734788760865,168.10537910385247,122.42830750193903,-0.2711431226765799,103.09004806913435,thyroid nodule,0.6796875
8951,,,,,,,480,621,[],0.09830310122878877,0.05169230769230769,0.37569884457696606,0.056549789621318375,0.9940233002087385,0.5252865449150285,105.25373937173771,32.4390316191314,-0.8494810659186536,103.36187412030995,thyroid nodule,0.45703125
8954,,,,,,,487,640,[],0.913359499927315,0.8405351170568562,0.9652788446766016,0.866740240033108,0.999257631450148,0.932998935741628,10.44030650891055,3.4386660632626795,-0.10208304593737068,104.8917721491307,thyroid nodule,0.435546875
8956,,,,,,,390,504,[],0.4629195630585899,0.30116807938805046,0.4349805912212601,0.4946939468545717,0.9590379963307916,0.7268659715926816,77.8164445946218,24.079181252990818,0.13727820697852108,104.02162605896592,thyroid nodule,0.63671875
8957,,,,,,,313,436,[],0.0,0.0,0.0,0.0,0.9541305253588879,0.47706526267944394,101.16793091204552,51.22884457507425,0.356710732691015,104.44672289304435,thyroid nodule,0.59375
896,,,,,,,532,547,[],0.7489699325114295,0.5986825992239968,1.0,0.5986825992239968,1.0,0.7993412996119984,95.72825661410437,39.002923425318784,-0.4013174007760032,104.14245794527233,thyroid nodule,0.7734375
8961,,,,,,,564,800,[],0.0,0.0,0.0,0.0,0.9791088896661438,0.4895544448330719,183.27819799388686,127.00379166353788,0.1507768800497203,105.4406720213592,thyroid nodule,0.69140625
8963,,,,,,,557,815,[],0.0,0.0,0.0,0.0,0.9856625630267565,0.49283128151337824,371.40085479958964,283.3859074739671,-0.6756855195379572,105.49622308462858,thyroid nodule,0.59375
8965,,,,,,,288,504,[],0.008859824912983863,0.004449623900836953,0.008618920582803202,0.009114583333333334,0.9656264230418944,0.4873705031876139,83.74276079015537,44.39723269262258,0.05750868055555555,104.12880685180426,thyroid nodule,0.62109375
8969,,,,,,,275,408,[],0.0,0.0,0.0,0.0,0.9684670308125803,0.48423351540629017,198.66403727685056,168.27598680812653,0.3630271974773354,103.68489986285567,thyroid nodule,0.66796875
8971,,,,,,,480,504,[],0.0,0.0,0.0,0.0,0.98457420965337,0.492287104826685,123.5556554755791,92.74168357632672,0.16403286978508216,103.15157985314727,thyroid nodule,0.49609375
8973,,,,,,,445,552,[],0.0,0.0,0.0,0.0,0.8892977931588337,0.44464889657941686,196.59742447136256,133.54760530406114,5.56567640559784,103.85278309695423,thyroid nodule,0.58203125
8975,,,,,,,487,640,[],0.0,0.0,0.0,0.0,0.9473303003553564,0.4736651501776782,240.34870484122075,156.2852061044725,5.750518027351844,102.9436169192195,thyroid nodule,0.83203125
8977,,,,,,,624,496,[],0.0,0.0,0.0,0.0,0.9625051776986165,0.48125258884930827,177.54013625700415,136.93664423639586,0.4639668779919783,104.71527907066047,thyroid nodule,0.58203125
8979,,,,,,,480,508,[],0.0,0.0,0.0,0.0,0.983698860092348,0.491849430046174,116.34418929809844,70.24180102865466,-0.21507760532150777,103.5551568493247,thyroid nodule,0.68359375
898,,,,,,,532,547,[],0.0,0.0,0.0,0.0,1.0,0.5,761.6278618853173,761.6278618853173,-1.0,103.96866500377655,thyroid nodule,0.453125
8981,,,,,,,284,435,[],0.0,0.0,0.0,0.0,0.963558314287401,0.4817791571437005,78.10377204087015,46.0416653803945,-0.13005838534326555,104.38903304748237,thyroid nodule,0.6328125
8983,,,,,,,355,544,[],0.0,0.0,0.0,0.0,0.9713051430012929,0.48565257150064645,190.33521936261073,150.62621688833417,0.9211822660098522,103.40309515595436,thyroid nodule,0.44140625
8985,,,,,,,440,552,[],0.0,0.0,0.0,0.0,0.9890901528543204,0.4945450764271602,190.41196509258467,146.04781490853105,0.06843177189409369,103.35938399657607,thyroid nodule,0.609375
8987,,,,,,,482,615,[],0.004542936288088642,0.0022766394580487534,0.008954897892322813,0.003043462123742716,0.9663249062106892,0.484684184167216,177.00098869267543,78.98476624616362,-0.6601343577181458,104.40104198642075,thyroid nodule,0.609375
8989,,,,,,,420,504,[],0.0,0.0,0.0,0.0,0.9821151151818988,0.4910575575909494,68.0,35.24319459956019,1.0418933623503808,105.40903196670115,thyroid nodule,0.74609375
8991,,,,,,,327,435,[],0.0,0.0,0.0,0.0,0.9563643142400321,0.47818215712001605,173.89990403062177,127.64705515876175,1.1955266955266954,104.03720592148602,thyroid nodule,0.58203125
8995,,,,,,,256,439,[],0.0,0.0,0.0,0.0,0.9593458482091443,0.47967292410457213,110.27420350225053,55.04261779272158,-0.48265754763067903,102.92349592782557,thyroid nodule,0.6796875
8997,,,,,,,815,1260,[],0.0,0.0,0.0,0.0,0.9798203839789641,0.48991019198948205,212.14876853166393,121.8037527336121,2.340035673747365,108.39310684241354,thyroid nodule,0.7578125
8999,,,,,,,481,621,[],0.0,0.0,0.0,0.0,0.9580055632633255,0.47900278163166277,196.18867807020467,131.68209531517948,1.0255480468106148,104.7084890305996,thyroid nodule,0.6875
90,,,,,,,518,834,[],0.0,0.0,0.0,0.0,0.9797757294663301,0.48988786473316503,277.0624466481916,220.56644165200748,0.3919508647163407,105.30960978940129,thyroid nodule,0.7109375
900,,,,,,,532,547,[],0.0,0.0,0.0,0.0,0.9129879974731523,0.45649399873657615,232.61985955148816,141.24379457705564,-0.614202487209172,104.85279187560081,thyroid nodule,0.5390625
9002,,,,,,,354,504,[],0.0,0.0,0.0,0.0,0.9768380900015464,0.4884190450007732,123.92961638984157,89.11632450837647,0.0589159465828751,104.27404101938009,thyroid nodule,0.62109375
9004,,,,,,,480,508,[],0.0,0.0,0.0,0.0,0.9794567274069053,0.48972836370345263,213.56228368084282,127.46688168048684,-0.5554730294308792,104.53556501306593,thyroid nodule,0.640625
9006,,,,,,,624,496,[],0.0,0.0,0.0,0.0,0.9334852691604949,0.46674263458024745,265.19011851022645,207.5550200361268,9.666840458811262,104.57178601063788,thyroid nodule,0.52734375
9010,,,,,,,564,864,[],0.0,0.0,0.0,0.0,0.9803484830225687,0.49017424151128436,194.72223461489625,144.96604140840836,0.5737104825291182,105.03601492382586,thyroid nodule,0.734375
9013,,,,,,,407,615,[],0.0,0.0,0.0,0.0,0.9660339782149244,0.4830169891074622,167.97945591151642,114.22556760916827,0.9594372801875732,104.84601114876568,thyroid nodule,0.65234375
9015,,,,,,,480,618,[],0.0,0.0,0.0,0.0,0.973977451494494,0.486988725747247,364.5418266507158,269.8835594286043,-0.6756535947712419,104.67970790341496,thyroid nodule,0.431640625
9017,,,,,,,478,504,[],0.0,0.0,0.0,0.0,0.9730200064047463,0.48651000320237314,105.20071282870711,54.787722417924364,0.7845596432552955,103.55029697529972,thyroid nodule,0.57421875
902,,,,,,,480,609,[],0.0,0.0,0.0,0.0,0.9721544901204555,0.48607724506022776,171.80366610959297,108.13461546672451,-0.5943009320905459,103.4686251077801,thyroid nodule,0.63671875
9023,,,,,,,488,640,[],0.0,0.0,0.0,0.0,0.8767188413069962,0.4383594206534981,282.076762507218,169.37538087762374,2.961069269120611,105.61267496086657,thyroid nodule,0.5546875
9025,,,,,,,286,504,[],0.0,0.0,0.0,0.0,0.995155910079768,0.497577955039884,147.9550595048903,103.60739771272327,-0.8930172966047405,103.01602794788778,thyroid nodule,0.416015625
9027,,,,,,,480,508,[],0.0,0.0,0.0,0.0,0.9840261811553678,0.4920130905776839,218.36780609883584,182.37608082346094,0.5770961145194274,104.69456808641553,thyroid nodule,0.72265625
9029,,,,,,,563,800,[],0.012240168030709061,0.006157770085625797,0.01566265060240964,0.010045173561578698,0.975503717917966,0.49277444573977236,140.27383687409448,67.49062823080133,-0.35865430337612936,103.60426898114383,thyroid nodule,0.76953125
9031,,,,,,,480,618,[],0.0,0.0,0.0,0.0,0.9623430241374081,0.48117151206870407,183.43731611503682,124.5106894883625,0.6893939393939394,105.51869287155569,thyroid nodule,0.7421875
9035,,,,,,,480,508,[],0.0,0.0,0.0,0.0,0.984144135192982,0.492072067596491,191.04004807837845,155.59152692958148,0.673219746614242,103.6120681092143,thyroid nodule,0.765625
9037,,,,,,,408,357,[],0.0,0.0,0.0,0.0,0.9638825238920248,0.4819412619460124,137.37337810684335,88.11516382507124,1.0581210191082802,102.93971584178507,thyroid nodule,0.7265625
9039,,,,,,,469,504,[],0.0,0.0,0.0,0.0,0.9770210802753921,0.48851054013769607,187.09260293787477,108.41771322241561,-0.527027027027027,104.38307211734354,thyroid nodule,0.71484375
9041,,,,,,,480,618,[],0.0,0.0,0.0,0.0,0.9531916748076134,0.4765958374038067,179.17442158367993,90.00549573658223,-0.3943992858149697,103.86116290464997,thyroid nodule,0.76953125
9043,,,,,,,480,618,[],0.9256254554287102,0.8615482003979019,0.8685386088066369,0.9907445923460898,0.9949760298790346,0.9928603111125622,10.0,3.886677952204813,0.14070299500831948,104.81072007678449,thyroid nodule,0.73828125
9045,,,,,,,402,784,[],0.0,0.0,0.0,0.0,0.9875653929940054,0.4937826964970027,322.13847852172813,190.8517832252414,4.408022130013832,105.15719698742032,thyroid nodule,0.61328125
9047,,,,,,,566,1205,[],0.0,0.0,0.0,0.0,0.89168017450724,0.44584008725362,390.036728590429,221.9717544794361,2.946865737183006,105.30729009769857,thyroid nodule,0.671875
9049,,,,,,,483,507,[],0.0,0.0,0.0,0.0,0.9810231570565988,0.4905115785282994,81.76903565979497,43.04522025198156,0.2218958611481976,105.34349107183516,thyroid nodule,0.59765625
905,,,,,,,562,698,[],0.0,0.0,0.0,0.0,0.9729832906011566,0.4864916453005783,164.92634376654317,97.93634677564769,1.281917211328976,105.4907429497689,thyroid nodule,0.7265625
9051,,,,,,,420,504,[],0.0,0.0,0.0,0.0,0.9807928681087957,0.49039643405439787,221.4100033283865,185.37549914381881,0.5499807024314937,102.48984699137509,thyroid nodule,0.58984375
9055,,,,,,,601,768,[],0.0,0.0,0.0,0.0,0.9727627585500489,0.48638137927502445,255.1385833347219,190.08874363514624,-0.019636130480083353,105.51907401531935,thyroid nodule,0.69140625
9057,,,,,,,459,504,[],0.01565458906703699,0.007889044407685456,0.016976998904709748,0.014523307566174749,0.9841896885060356,0.49935649803610516,62.959897361059944,34.49046364855318,-0.1445303349730616,104.68814801424742,thyroid nodule,0.6953125
9059,,,,,,,480,508,[],0.0,0.0,0.0,0.0,0.9853856495543495,0.49269282477717474,94.19129471453293,61.28800191527485,0.23839662447257384,104.65923696756363,thyroid nodule,0.7578125
9061,,,,,,,451,504,[],0.0,0.0,0.0,0.0,0.9747500155716223,0.48737500778581117,209.415836883277,108.99782712511356,-0.7165295035232102,104.76074903272092,thyroid nodule,0.64453125
9065,,,,,,,557,816,[],0.0,0.0,0.0,0.0,0.9796323417783691,0.48981617088918455,163.3738021022214,106.22005848865643,0.38311097634930263,105.18267704173923,thyroid nodule,0.51953125
9071,,,,,,,481,507,[],0.0,0.0,0.0,0.0,0.9823088707477283,0.49115443537386416,75.63001812761146,41.227060178787944,-0.24893086243763365,105.34454113803804,thyroid nodule,0.66796875
9073,,,,,,,483,504,[],0.0,0.0,0.0,0.0,0.9395482822299948,0.4697741411149974,146.0,91.62555640446661,0.6876930387265384,104.77539012208581,thyroid nodule,0.63671875
9075,,,,,,,480,508,[],0.0,0.0,0.0,0.0,0.9780811540741716,0.4890405770370858,278.4572675524855,229.7459207861726,4.639830508474576,103.74979092739522,thyroid nodule,0.62890625
9077,,,,,,,480,504,[],0.0,0.0,0.0,0.0,0.9848566448838698,0.4924283224419349,267.6320789330149,218.5343387416042,-0.41526117570001636,104.09707692451775,thyroid nodule,0.5703125
9079,,,,,,,431,504,[],0.0,0.0,0.0,0.0,0.9814702064896755,0.49073510324483777,196.15478580635474,164.3766956636656,-0.26603103383810056,103.80292194895446,thyroid nodule,0.65625
9081,,,,,,,488,640,[],0.007233487489624096,0.0036298720618863434,0.004999180462219309,0.013078902229845627,0.9605370933770185,0.4868079978034321,105.73196196392931,50.200987385679966,1.6162092624356776,104.62116706185043,thyroid nodule,0.5078125
9085,,,,,,,349,504,[],0.9090272918124562,0.8332264271969211,0.9853973070358429,0.8436434486117876,0.9990585531061634,0.9213510008589756,33.83784863137726,7.049906221262151,-0.1438545218379607,103.24935102835298,thyroid nodule,0.66796875
9090,,,,,,,424,504,[],0.0,0.0,0.0,0.0,0.9776934473271021,0.48884672366355103,164.39099586150553,97.23632740009228,-0.5694879832810867,103.2125810161233,thyroid nodule,0.6953125
9092,,,,,,,412,504,[],0.0,0.0,0.0,0.0,0.971629609708173,0.4858148048540865,189.01719486931916,95.77444020527018,-0.7969038544654434,102.99559799022973,thyroid nodule,0.76953125
9096,,,,,,,480,508,[],0.0,0.0,0.0,0.0,0.9742655694335128,0.4871327847167564,107.56393447619885,56.052337775621545,4.342172797262617,102.62167011387646,thyroid nodule,0.703125
9100,,,,,,,443,544,[],0.0,0.0,0.0,0.0,0.9805516992622479,0.49027584963112397,128.05018475226854,86.95008354196389,0.8077972709551657,103.22539997287095,thyroid nodule,0.6640625
9108,,,,,,,488,640,[],0.0,0.0,0.0,0.0,0.9434016805397699,0.47170084026988496,145.74033107411628,64.48232223867464,1.1826703825690397,103.03635708987713,thyroid nodule,0.80078125
9110,,,,,,,480,616,[],0.9520449995233101,0.9084788937409025,0.9174092788240699,0.9893985930843159,0.996852097609485,0.9931253453469004,8.0,2.606114914434748,0.07847022688992371,105.04440497606993,thyroid nodule,0.79296875
9112,,,,,,,487,640,[],0.0,0.0,0.0,0.0,0.9722097847825438,0.4861048923912719,117.535312984013,73.77249746948372,-0.17618719889883,105.54841416887939,thyroid nodule,0.78125
9114,,,,,,,487,640,[],0.0,0.0,0.0,0.0,0.9379794230644006,0.4689897115322003,168.67660979601663,84.66893898708884,3.1958149779735683,103.6615688353777,thyroid nodule,0.80078125
9118,,,,,,,480,508,[],0.0,0.0,0.0,0.0,0.9804240341908992,0.4902120170954496,167.09803727326502,128.7057392143136,-0.09806949806949807,103.77232101745903,thyroid nodule,0.70703125
912,,,,,,,562,796,[],0.0,0.0,0.0,0.0,0.9866276505082185,0.4933138252541093,215.31635999010769,135.8763263925305,-0.5970492031456608,103.638218017295,thyroid nodule,0.60546875
9120,,,,,,,292,504,[],0.0,0.0,0.0,0.0,0.9731013098250786,0.4865506549125393,84.46566585151388,50.475047620915866,0.16116446578631452,103.64667885005474,thyroid nodule,0.671875
9122,,,,,,,565,703,[],0.0,0.0,0.0,0.0,0.9654281988931104,0.4827140994465552,196.07906389475676,121.22380190091528,1.5631857737419599,101.77049390040338,thyroid nodule,0.474609375
9124,,,,,,,363,504,[],0.0032910775231594345,0.0016482510225260974,0.004865741575058569,0.0024864167971268072,0.9679126983665809,0.48519955758185385,113.13965114740165,52.87732579264404,-0.48899530343493874,104.5452558901161,thyroid nodule,0.578125
9126,,,,,,,480,504,[],0.0,0.0,0.0,0.0,0.9815791244092369,0.49078956220461845,120.6755306122327,81.28461685132547,0.0706256109481916,104.01077498681843,thyroid nodule,0.56640625
9128,,,,,,,487,640,[],0.9525878352852286,0.9094679891794409,0.9502543810062182,0.9549327778829767,0.9991383783889634,0.9770355781359701,5.0,1.72815103573248,0.004923309979170612,105.41146108880639,thyroid nodule,0.67578125
9130,,,,,,,288,437,[],0.0,0.0,0.0,0.0,1.0,0.5,521.9818004490195,521.9818004490195,-1.0,103.76096097752452,thyroid nodule,0.4609375
9132,,,,,,,427,504,[],0.0,0.0,0.0,0.0,0.972340094119202,0.486170047059601,152.24781327105342,105.54752239272287,0.749776052553001,102.53767785616219,thyroid nodule,0.78515625
9134,,,,,,,480,508,[],0.0,0.0,0.0,0.0,0.983818030127855,0.4919090150639275,108.02962328267104,70.13576549637914,-0.504602618955011,103.05183893069625,thyroid nodule,0.66015625
9136,,,,,,,480,633,[],0.9442703365581142,0.89442436757873,0.9551769765133973,0.9336099585062241,0.9971501982242195,0.9653800783652218,13.601470508735444,3.7315522239777903,-0.02257908067036698,104.37210206873715,thyroid nodule,0.71875
9138,,,,,,,480,618,[],0.0,0.0,0.0,0.0,0.9601390038751331,0.48006950193756653,197.41377794022668,139.8968859658696,0.2501636482653284,105.19568785093725,thyroid nodule,0.67578125
914,,,,,,,562,791,[],0.0,0.0,0.0,0.0,0.9814085229945965,0.49070426149729823,257.0,170.48802579343297,-0.6699291258859265,105.16015696339309,thyroid nodule,0.59375
9146,,,,,,,280,447,[],0.7660657199399779,0.6208318646457526,0.9841864103710326,0.6270872645707979,0.9970846682393663,0.8120859664050821,56.41850447756032,22.336898204737373,-0.3628368996332823,101.61809111014009,thyroid nodule,0.64453125
9148,,,,,,,256,504,[],0.0,0.0,0.0,0.0,0.9223387478315723,0.46116937391578616,147.32039876652217,107.41737926108698,3.4686932849364793,103.76227111555636,thyroid nodule,0.44921875
9150,,,,,,,480,508,[],0.0,0.0,0.0,0.0,0.9846030675880667,0.49230153379403335,139.7667582025601,88.41981862449141,-0.4395705521472393,102.76646306738257,thyroid nodule,0.72265625
9152,,,,,,,480,504,[],0.0,0.0,0.0,0.0,0.979380639360731,0.4896903196803655,188.3333319596725,82.79798094320367,-0.812089795577108,103.38815511204302,thyroid nodule,0.69140625
9154,,,,,,,421,504,[],0.0,0.0,0.0,0.0,0.9725653604428945,0.48628268022144727,135.1451070699804,83.08904179807791,-0.39165574486675403,103.60365803353488,thyroid nodule,0.65234375
9156,,,,,,,457,680,[],0.0,0.0,0.0,0.0,0.9025740801095605,0.45128704005478026,204.62893246068603,102.2326418524838,3.227110412798172,103.86018292047083,thyroid nodule,0.65625
9158,,,,,,,480,508,[],0.0,0.0,0.0,0.0,0.9853230405100928,0.4926615202550464,172.7636771040412,120.5960706351389,-0.4548725168152667,104.65978807769716,thyroid nodule,0.58984375
916,,,,,,,562,698,[],0.0,0.0,0.0,0.0,0.976892798895998,0.488446399447999,137.0,85.02639397615033,-0.08553992552751345,104.46299402974546,thyroid nodule,0.7421875
9160,,,,,,,446,544,[],0.0,0.0,0.0,0.0,0.9835441463111185,0.49177207315555926,131.8935111314516,91.07975752319622,1.6559571619812583,101.69373312965035,thyroid nodule,0.6484375
9162,,,,,,,480,508,[],0.0,0.0,0.0,0.0,0.9847002758966642,0.4923501379483321,104.17578742426987,63.2230454666668,4.878357030015798,107.73874493315816,thyroid nodule,0.71875
9164,,,,,,,443,544,[],0.0,0.0,0.0,0.0,0.9841508010340349,0.4920754005170174,163.49174181110462,111.13973511414244,-0.521795369292459,102.51855803653598,thyroid nodule,0.55078125
9170,,,,,,,488,640,[],0.0,0.0,0.0,0.0,0.9661598982135439,0.48307994910677193,261.597684932733,190.31600960257782,1.4682765151515151,105.53166409954429,thyroid nodule,0.68359375
9172,,,,,,,483,507,[],0.0,0.0,0.0,0.0,0.9760660642199955,0.48803303210999777,96.78301978956992,56.26641129444106,5.666666666666667,104.08252710476518,thyroid nodule,0.64453125
9174,,,,,,,390,504,[],0.0,0.0,0.0,0.0,0.977943631331244,0.488971815665622,131.86773205539882,63.447409674269146,-0.6226276027271053,103.50804612971842,thyroid nodule,0.68359375
9178,,,,,,,480,504,[],0.0,0.0,0.0,0.0,0.9593055435440629,0.47965277177203147,247.72100050484647,174.3087981426533,-0.11716697936210131,103.47303585149348,thyroid nodule,0.703125
918,,,,,,,562,698,[],0.0,0.0,0.0,0.0,0.969854489783063,0.4849272448915315,265.02186228816714,152.82632305555953,-0.5945408332412421,104.4794050976634,thyroid nodule,0.6484375
9180,,,,,,,427,452,[],0.0,0.0,0.0,0.0,0.9763116679718089,0.48815583398590445,187.49263723261032,147.7432495847371,0.11701596806387225,105.82406911998987,thyroid nodule,0.69140625
9182,,,,,,,483,507,[],0.0,0.0,0.0,0.0,0.9847243369275257,0.49236216846376285,195.1020174672341,159.34411785531225,-0.04214360041623309,107.54990088753402,thyroid nodule,0.71484375
9185,,,,,,,480,504,[],0.0,0.0,0.0,0.0,0.9745606248890467,0.48728031244452336,152.33597322327904,84.44591435633846,-0.6546987951807229,103.40658505447209,thyroid nodule,0.4921875
9186,,,,,,,480,508,[],0.0,0.0,0.0,0.0,0.9825258667514539,0.49126293337572696,169.84628221545927,79.95167234442023,-0.7724685181990685,103.5457169637084,thyroid nodule,0.671875
9188,,,,,,,375,504,[],0.0,0.0,0.0,0.0,0.9641928054216169,0.48209640271080845,143.81312841558795,87.27588200399158,-0.18422046055115138,103.52906701155007,thyroid nodule,0.69140625
9192,,,,,,,660,896,[],0.0,0.0,0.0,0.0,0.9787562520668874,0.4893781260334437,140.24353803109997,80.37471195460863,0.5991229201599381,105.52826407365501,thyroid nodule,0.80859375
9194,,,,,,,660,1008,[],0.0,0.0,0.0,0.0,0.9824217924039214,0.4912108962019607,273.54962968898485,176.26779881790452,-0.5815280211790149,106.5398920327425,thyroid nodule,0.65234375
9196,,,,,,,613,955,[],0.0,0.0,0.0,0.0,0.9710841423390971,0.48554207116954856,303.0066003006273,214.69879884600084,2.602874919545162,105.33226002007723,thyroid nodule,0.73828125
9198,,,,,,,660,1008,[],0.0,0.0,0.0,0.0,0.9833379519521531,0.49166897597607656,189.90787240133042,133.8226760063226,0.2846912420756046,107.20789502374828,thyroid nodule,0.67578125
9202,,,,,,,471,610,[],0.0,0.0,0.0,0.0,0.9798273012493697,0.48991365062468484,135.86756267511987,79.84465831803922,2.3377752027809966,105.37863103672862,thyroid nodule,0.64453125
9208,,,,,,,480,613,[],0.0,0.0,0.0,0.0,0.9790300487229726,0.4895150243614863,202.82699033993998,154.3643250625874,0.02927659574468085,104.10962719470263,thyroid nodule,0.54296875
9212,,,,,,,660,1031,[],0.0,0.0,0.0,0.0,0.9672327907666755,0.4836163953833377,199.13245389242235,98.04036028197352,1.2519725381698945,107.60188195854425,thyroid nodule,0.6328125
9214,,,,,,,660,1008,[],0.000576761744966443,0.00028846406000052445,0.002584890142168958,0.0003245938887823303,0.9857925399537742,0.4930585669212783,291.26242445285527,149.69483608632856,-0.874426427844254,106.90197884105146,thyroid nodule,0.625
9216,,,,,,,476,610,[],0.0,0.0,0.0,0.0,0.9747957366203952,0.4873978683101976,213.14842242545328,168.2807118286792,-0.035173160173160176,105.22574814967811,thyroid nodule,0.79296875
9218,,,,,,,660,896,[],0.0,0.0,0.0,0.0,0.8275092669233814,0.4137546334616907,414.26488946400224,259.7494093977431,11.849865951742627,106.11442499794066,thyroid nodule,0.59375
922,,,,,,,609,1156,[],0.0,0.0,0.0,0.0,0.9658499355908874,0.4829249677954437,332.09704303433347,230.55319852237125,-0.031406406406406406,106.98486003093421,thyroid nodule,0.51953125
9220,,,,,,,660,896,[],0.0,0.0,0.0,0.0,0.9812091293426277,0.49060456467131386,297.64810977456864,239.5545392394478,0.4924520603835169,107.79397492296994,thyroid nodule,0.6640625
9222,,,,,,,660,1072,[],0.0,0.0,0.0,0.0,0.9695531359543311,0.48477656797716556,374.49831432518266,281.04588968909036,0.07789668656102079,106.7900569178164,thyroid nodule,0.53515625
9224,,,,,,,660,1072,[],0.0,0.0,0.0,0.0,0.9770550684132571,0.48852753420662853,214.0,149.69289927413226,0.07261438790660008,107.2957159485668,thyroid nodule,0.75390625
9228,,,,,,,687,1101,[],0.0,0.0,0.0,0.0,0.9770236161038113,0.48851180805190564,203.97327251707443,125.20325830554181,0.8691344583560152,107.73634491488338,thyroid nodule,0.76171875
9230,,,,,,,687,1101,[],0.0,0.0,0.0,0.0,0.9819202055626931,0.49096010278134655,499.93564415283015,341.06766469338277,-0.6425079644073383,109.31321396492422,thyroid nodule,0.5859375
9232,,,,,,,660,1008,[],0.0,0.0,0.0,0.0,0.9891728139283549,0.49458640696417744,187.37702030032563,122.57429748886165,-0.03730233815380457,107.56707191467285,thyroid nodule,0.59375
9234,,,,,,,600,650,[],0.3155239327296248,0.18731280239612932,1.0,0.18731280239612932,1.0,0.5936564011980646,120.42922165246735,74.1205571835364,-0.8126871976038706,106.39135004021227,thyroid nodule,0.50390625
9238,,,,,,,480,613,[],0.0,0.0,0.0,0.0,0.9802459827861373,0.49012299139306864,164.01981569895725,94.99787345509692,-0.4608135397634388,104.94747385382652,thyroid nodule,0.69140625
924,,,,,,,471,503,[],0.0,0.0,0.0,0.0,0.9827427669968493,0.49137138349842463,96.85269919660885,49.591834455717986,-0.46802794196668457,104.19208882376552,thyroid nodule,0.51171875
9240,,,,,,,600,760,[],0.8896302685078998,0.8012018368984414,0.9816151094936312,0.8134077437692814,0.9977931318446807,0.9056004378069811,61.474302246871844,15.901706471262559,-0.1713577593677424,104.4681640341878,thyroid nodule,0.7109375
9242,,,,,,,682,1094,[],0.9426412714083947,0.8915056412916612,0.9808940827304767,0.9072600335220599,0.9980024972513825,0.9526312653867212,20.518284528683193,7.952920542178173,-0.07506829789761255,108.27588499523699,thyroid nodule,0.71875
9244,,,,,,,660,1031,[],0.0,0.0,0.0,0.0,0.978148316500183,0.4890741582500915,278.3388222881234,153.7206939065701,-0.7188130515417694,107.46694006957114,thyroid nodule,0.7421875
9246,,,,,,,660,1031,[],0.0,0.0,0.0,0.0,0.9821870308899084,0.4910935154449542,348.1264127457958,274.80769596313434,-0.3555349142170255,108.19510300643742,thyroid nodule,0.6015625
9248,,,,,,,660,1008,[],0.544399681567076,0.3740035466282172,0.5173069869796443,0.5744870424112826,0.966362512340295,0.7704247773757888,116.12664110378834,42.74860895220015,0.11053408685912122,106.1331951059401,thyroid nodule,0.63671875
9250,,,,,,,600,760,[],0.0,0.0,0.0,0.0,0.9689799100254982,0.4844899550127491,444.4361554070629,339.6181968358964,-0.46496458441714356,107.01837204396725,thyroid nodule,0.65625
9252,,,,,,,600,760,[],0.9604054616073254,0.9238269595877407,0.9399128011258588,0.981811630755927,0.9887355638037841,0.9852735972798556,19.6799240888709,7.349536133624357,0.04457735821863515,105.70896579883993,thyroid nodule,0.765625
9254,,,,,,,600,912,[],0.0,0.0,0.0,0.0,0.9637019527005075,0.48185097635025376,198.9840443417524,110.32896029426297,0.6709644146467251,106.18139593861997,thyroid nodule,0.7578125
9258,,,,,,,600,760,[],0.0,0.0,0.0,0.0,0.8802417683628828,0.4401208841814414,273.0210598787115,166.82962331906361,1.3968202764976958,104.6193758957088,thyroid nodule,0.7265625
9260,,,,,,,600,760,[],0.9503957098992345,0.9054800164812525,0.9595668500567636,0.9413982179575051,0.9989579769899714,0.9701780974737382,7.0,2.697949045225398,-0.018934201507882113,105.29145994223654,thyroid nodule,0.6328125
9262,,,,,,,676,996,[],0.0,0.0,0.0,0.0,0.9652110579137345,0.48260552895686726,216.31895957979984,116.45308127033819,0.15089850670716273,105.60323484241962,thyroid nodule,0.5703125
9266,,,,,,,660,1031,[],0.0,0.0,0.0,0.0,0.9480121963147972,0.4740060981573986,409.3763299365724,238.53035745315916,-0.6476672686127048,107.31161711737514,thyroid nodule,0.7421875
9268,,,,,,,660,1031,[],0.0,0.0,0.0,0.0,0.9631446499868098,0.4815723249934049,282.8491647380974,210.94855828742394,3.352117605880294,108.24433388188481,thyroid nodule,0.447265625
9270,,,,,,,690,1134,[],0.0,0.0,0.0,0.0,0.983087937843131,0.4915439689215655,209.11934376747166,134.97898227623276,2.4792602377807134,107.01099084690213,thyroid nodule,0.71875
9274,,,,,,,676,996,[],0.0,0.0,0.0,0.0,0.95836036309944,0.47918018154972,273.01776496266604,188.8818390944318,2.1066816395283547,107.15013300068676,thyroid nodule,0.53125
9276,,,,,,,705,948,[],0.0,0.0,0.0,0.0,0.9843881286410745,0.49219406432053725,301.65708205180226,161.25297449577474,-0.5892280658738915,106.23713699169457,thyroid nodule,0.65234375
9278,,,,,,,600,912,[],0.0,0.0,0.0,0.0,0.9650803813974212,0.4825401906987106,245.02448816416276,161.77801511320848,0.4282870051305613,106.21132701635361,thyroid nodule,0.58984375
928,,,,,,,693,1050,[],0.0,0.0,0.0,0.0,0.9752724553589903,0.48763622767949516,421.23627574082457,330.93296901301,-0.3556687613877217,109.4804760068655,thyroid nodule,0.625
9280,,,,,,,660,896,[],0.0,0.0,0.0,0.0,0.9363983941884917,0.46819919709424584,217.0449036902465,127.23070007301794,1.2944827586206897,106.82985722087324,thyroid nodule,0.55859375
9282,,,,,,,660,896,[],0.0,0.0,0.0,0.0,0.9715216678797784,0.4857608339398892,397.8607663142382,204.0336552247768,-0.8898628738867763,106.71086492948234,thyroid nodule,0.66796875
9284,,,,,,,660,1008,[],0.0,0.0,0.0,0.0,0.9848641631248671,0.49243208156243357,199.44924166313595,105.87570616798932,-0.7289546978912067,106.82147718034685,thyroid nodule,0.609375
9288,,,,,,,702,996,[],0.0,0.0,0.0,0.0,0.9801582567279251,0.49007912836396256,312.87697262662203,147.9264289314496,-0.7619038765455053,108.85534505359828,thyroid nodule,0.6328125
9290,,,,,,,600,760,[],0.0,0.0,0.0,0.0,0.9564332310691225,0.47821661553456124,301.7966969377202,216.47239163547712,3.3178924259055984,106.30598803982139,thyroid nodule,0.734375
9292,,,,,,,676,996,[],0.0,0.0,0.0,0.0,0.9849839311717272,0.4924919655858636,244.45571362677896,181.1201759579841,0.5459317585301837,107.30556701309979,thyroid nodule,0.6640625
9294,,,,,,,660,896,[],0.0,0.0,0.0,0.0,0.9784186639311138,0.4892093319655569,335.0013432805897,169.87012096738158,-0.8550928824879983,106.35620914399624,thyroid nodule,0.68359375
9298,,,,,,,660,1031,[],0.0,0.0,0.0,0.0,0.9816742518521181,0.49083712592605905,404.2833164997042,339.2273916153692,-0.03729053575643144,108.11334196478128,thyroid nodule,0.66796875
93,,,,,,,493,799,[],0.0,0.0,0.0,0.0,0.9807752056295344,0.4903876028147672,140.34810830555142,81.73827231940382,-0.7385955160274227,105.35577987320721,thyroid nodule,0.578125
930,,,,,,,428,609,[],0.0,0.0,0.0,0.0,0.9627400061343421,0.48137000306717104,270.84207399560694,187.90387239513188,-0.43504681589880323,105.58677394874394,thyroid nodule,0.6953125
9300,,,,,,,600,760,[],0.030118062806200305,0.015289273046030906,0.0548646671543526,0.020756074611169534,0.9692282775933274,0.4949921761022485,303.3235850461965,116.03401628711433,-0.6216859467537499,104.9113420303911,thyroid nodule,0.578125
9306,,,,,,,600,760,[],0.9099062372604974,0.8347045624532535,0.8883778524677163,0.9325039457803361,0.9971655035947793,0.9648347246875577,12.577622707954404,5.01148717514803,0.049670411289573856,105.1814469974488,thyroid nodule,0.76171875
9308,,,,,,,600,760,[],0.0,0.0,0.0,0.0,0.9758454600043439,0.48792273000217196,433.16601844816694,239.89170806534574,-0.853770593240003,106.15210607647896,thyroid nodule,0.515625
9312,,,,,,,660,896,[],0.0,0.0,0.0,0.0,0.9850795789992167,0.49253978949960836,107.01400767477266,54.37063648036951,0.3103033944127366,106.55704303644598,thyroid nodule,0.71484375
9316,,,,,,,660,1031,[],0.0,0.0,0.0,0.0,0.9730347824601879,0.48651739123009397,300.21388815626767,157.8226614097785,-0.5224766984685602,107.97508899122477,thyroid nodule,0.703125
932,,,,,,,562,698,[],0.0,0.0,0.0,0.0,0.9752974720247428,0.4876487360123714,178.02247040316232,93.82964140530031,-0.5353968895172693,104.79074995964766,thyroid nodule,0.8046875
9320,,,,,,,600,760,[],0.9171527481386637,0.8469825698519752,0.9320481927710843,0.9027259148618372,0.9984167549990118,0.9505713349304246,10.816653826391969,4.223065443046329,-0.03146004480955937,106.74125608056784,thyroid nodule,0.546875
9322,,,,,,,660,896,[],0.8610563705812228,0.7560131584568719,0.979573761417105,0.7681222328327112,0.9993507201903147,0.883736476511513,25.238858928247925,11.253658351036846,-0.21586075180137165,106.83337808586657,thyroid nodule,0.55859375
9324,,,,,,,660,896,[],0.9553634026641739,0.9145413870246085,0.9846806050679257,0.9277414669571532,0.9997260245647409,0.9637337457609471,5.830951894845301,2.56989877623063,-0.05782498184458969,106.98476992547512,thyroid nodule,0.5390625
9326,,,,,,,660,1008,[],0.9350316918576305,0.8779901568043951,0.8897523632778519,0.985166634559815,0.9970740656942283,0.9911203501270216,19.1049731745428,4.2818480252099205,0.10723688435112053,106.67167510837317,thyroid nodule,0.64453125
9328,,,,,,,702,996,[],0.0,0.0,0.0,0.0,0.9826139940503829,0.4913069970251914,216.51522824223716,111.26022305833601,-0.2788140227231302,107.09616215899587,thyroid nodule,0.70703125
9330,,,,,,,660,896,[],0.0,0.0,0.0,0.0,0.9773615346032063,0.48868076730160315,238.0166166955391,164.79788043956512,0.1729927659194427,106.68202489614487,thyroid nodule,0.7265625
9332,,,,,,,600,760,[],0.0,0.0,0.0,0.0,0.9625467493211742,0.4812733746605871,414.96294908777713,223.04103845408693,-0.7771868332825358,106.88971891067922,thyroid nodule,0.625
9336,,,,,,,660,896,[],0.0,0.0,0.0,0.0,0.9861674856709732,0.4930837428354866,210.0,162.21394124007477,0.9041031652989449,106.85737803578377,thyroid nodule,0.55078125
9338,,,,,,,600,760,[],0.0,0.0,0.0,0.0,0.9675460862573939,0.48377304312869696,176.8934516200581,92.21928636214375,-0.3166626360338573,105.39716109633446,thyroid nodule,0.61328125
934,,,,,,,477,609,[],0.0,0.0,0.0,0.0,0.9781215388023333,0.48906076940116666,207.6214102328597,114.34047857074444,-0.6981612591045688,105.0670959521085,thyroid nodule,0.6484375
9350,,,,,,,660,1031,[],0.0,0.0,0.0,0.0,0.9578674360200908,0.4789337180100454,245.44632592226156,119.65113828646733,1.4508695652173913,107.3591778986156,thyroid nodule,0.62109375
9352,,,,,,,600,760,[],0.010098040910898621,0.005074642428876801,0.016980693184461503,0.007185569800920343,0.9593030674373981,0.48324431861915923,226.90515322824817,102.09237307774265,-0.5768388414499102,106.11683409661055,thyroid nodule,0.74609375
9356,,,,,,,660,1031,[],0.0,0.0,0.0,0.0,0.9800518203995281,0.49002591019976405,180.7736104915034,102.89447146085394,0.8228346456692913,106.74915602430701,thyroid nodule,0.73828125
9358,,,,,,,676,996,[],0.0,0.0,0.0,0.0,0.9849036952149026,0.4924518476074513,151.0854037543106,91.50442649951863,2.230204342273308,106.3093279954046,thyroid nodule,0.7734375
9362,,,,,,,660,896,[],0.0,0.0,0.0,0.0,0.9822230028048808,0.4911115014024404,183.10993797050975,103.1572520798432,-0.37247560002455343,107.45153902098536,thyroid nodule,0.66796875
9364,,,,,,,660,1031,[],0.0,0.0,0.0,0.0,0.9869480351969128,0.4934740175984564,163.4937305332832,113.18284531238312,-0.10983423166887013,106.48847208358347,thyroid nodule,0.6875
9366,,,,,,,600,760,[],0.0,0.0,0.0,0.0,0.953816371681416,0.476908185840708,181.79645672047772,107.64273284020837,0.09439991334488734,105.574204120785,thyroid nodule,0.68359375
9368,,,,,,,600,760,[],0.0,0.0,0.0,0.0,0.9697205522949854,0.4848602761474927,334.71181634355247,272.73968317277166,0.7999734888653235,106.15283506922424,thyroid nodule,0.71484375
9370,,,,,,,660,896,[],0.0,0.0,0.0,0.0,0.974854579037327,0.4874272895186635,179.72755707858798,112.3274362682963,0.32962827988338195,106.52935202233493,thyroid nodule,0.72265625
9374,,,,,,,600,570,[],0.0,0.0,0.0,0.0,0.9649818743685743,0.48249093718428715,229.5111489669611,161.70603594875084,1.1584249084249085,105.26651912368834,thyroid nodule,0.71484375
9376,,,,,,,600,760,[],0.0,0.0,0.0,0.0,0.971652466838524,0.485826233419262,200.24534947542017,132.4378728150308,0.5212179333493168,105.24843889288604,thyroid nodule,0.71484375
938,,,,,,,499,849,[],0.16329172242820472,0.08890454974378575,1.0,0.08890454974378575,1.0,0.5444522748718928,147.79693252818544,69.0505462382857,-0.9110954502562142,107.54852090030909,thyroid nodule,0.60546875
9380,,,,,,,600,760,[],0.0003593567514149672,0.00017971066582801688,1.0,0.00017971066582801688,1.0,0.5000898553329141,214.54364999492498,121.51462498490115,-0.999820289334172,106.57563293352723,thyroid nodule,0.431640625
9382,,,,,,,484,615,[],0.0,0.0,0.0,0.0,0.9729514500059812,0.4864757250029906,182.98421297139222,127.10337929300522,0.5594088669950739,104.5896359719336,thyroid nodule,0.75390625
9384,,,,,,,600,760,[],0.0,0.0,0.0,0.0,0.979148740765839,0.4895743703829195,182.43015527065796,80.67283526576173,0.2650797944279145,105.579944094643,thyroid nodule,0.65234375
9388,,,,,,,660,896,[],0.0,0.0,0.0,0.0,0.9854965404752175,0.49274827023760875,230.69486230106907,143.8117490303382,-0.5567830077916534,107.41802910342813,thyroid nodule,0.6953125
9390,,,,,,,660,1031,[],0.0,0.0,0.0,0.0,0.987109906130403,0.4935549530652015,364.2320688791694,172.50964313552421,-0.8863088623670501,106.94861994124949,thyroid nodule,0.5859375
9392,,,,,,,600,650,[],0.7729866563693311,0.62997412406462,0.6520448787549765,0.9490096923725242,0.9873668884754065,0.9681882904239654,39.0,12.607991191236882,0.4554361567635904,105.83366989158094,thyroid nodule,0.5078125
9396,,,,,,,702,994,[],0.0,0.0,0.0,0.0,0.9871092818470072,0.4935546409235036,221.0,132.70610001577333,-0.5256743581410465,107.79154603369534,thyroid nodule,0.6953125
9398,,,,,,,687,1113,[],0.0,0.0,0.0,0.0,0.9830887951260925,0.49154439756304624,340.01676373847846,161.6759923297466,-0.7888461674133126,108.7154031265527,thyroid nodule,0.71875
94,,,,,,,566,797,[],0.06492709939716809,0.033552792443603235,1.0,0.033552792443603235,1.0,0.5167763962218016,236.98098864969867,143.61572043435714,-0.9664472075563968,105.44813214801252,thyroid nodule,0.68359375
940,,,,,,,501,699,[],0.0,0.0,0.0,0.0,0.9731095805652304,0.4865547902826152,119.10414614977668,70.7866437355666,0.555798319327731,104.91540213115513,thyroid nodule,0.7265625
9400,,,,,,,660,1031,[],0.019239413827204892,0.009713144517066086,0.0541936790923825,0.011695778589073738,0.9852895069771253,0.4984926427830995,241.3694136917884,114.29280713201305,-0.784185558446101,106.60448390990496,thyroid nodule,0.56640625
9402,,,,,,,660,1031,[],0.0,0.0,0.0,0.0,0.9798726561025939,0.48993632805129694,179.546513103189,114.9913081803457,0.06152266624545885,107.69252385944128,thyroid nodule,0.69921875
9404,,,,,,,660,1008,[],0.0,0.0,0.0,0.0,0.9840162531102336,0.4920081265551168,236.31969799382864,178.55310337622902,0.28477064220183484,110.21022987551987,thyroid nodule,0.70703125
9406,,,,,,,660,1008,[],0.0,0.0,0.0,0.0,0.9828478447255932,0.4914239223627966,145.5738414455019,78.78020472276084,-0.22790150781574214,109.02870795689523,thyroid nodule,0.58203125
9408,,,,,,,702,996,[],0.0,0.0,0.0,0.0,0.9860586807840642,0.4930293403920321,158.06960492137634,82.16036235750722,-0.312216543085451,111.80092999711633,thyroid nodule,0.578125
9412,,,,,,,600,760,[],0.0,0.0,0.0,0.0,0.9675540931797839,0.48377704658989196,400.84575643256056,220.55937944190612,-0.7684415259983584,107.98133909702301,thyroid nodule,0.6953125
9414,,,,,,,687,1100,[],0.0,0.0,0.0,0.0,0.976431040045577,0.4882155200227885,468.37440549034005,245.54947044570284,-0.7602241476180619,107.30398586019874,thyroid nodule,0.64453125
9416,,,,,,,660,896,[],0.0,0.0,0.0,0.0,0.9789312361217914,0.4894656180608957,264.33302746462783,149.82110574646532,-0.6757752958456891,109.12988102063537,thyroid nodule,0.68359375
942,,,,,,,551,1024,[],0.784717335825833,0.6457076686427349,0.788984625781382,0.7804959575490421,0.9806490470740205,0.8805725023115313,79.58452795186331,28.61075450179024,-0.01075897800154595,107.23116504959762,thyroid nodule,0.5859375
9422,,,,,,,660,896,[],0.0,0.0,0.0,0.0,0.9753283201338828,0.4876641600669414,367.2854456755898,218.43850148629454,-0.7396358379244324,111.52265383861959,thyroid nodule,0.7109375
9424,,,,,,,702,996,[],0.0,0.0,0.0,0.0,0.971108959382842,0.485554479691421,357.61795256720256,261.2271590996085,2.224512803994202,108.16551209427416,thyroid nodule,0.69140625
9426,,,,,,,660,896,[],0.0,0.0,0.0,0.0,0.9784868969979736,0.4892434484989868,185.14129721651713,111.99180091815647,2.088997555012225,109.3643750064075,thyroid nodule,0.70703125
9430,,,,,,,600,760,[],0.0,0.0,0.0,0.0,0.9713071225494061,0.48565356127470305,237.0,139.58128049667943,-0.5006457341189765,106.01449199020863,thyroid nodule,0.73828125
9432,,,,,,,600,760,[],0.0,0.0,0.0,0.0,0.88256441386753,0.441282206933765,290.7600383659588,145.91134828339872,3.6553475935828876,106.41295998357236,thyroid nodule,0.703125
9436,,,,,,,600,760,[],0.0041513223970539,0.0020799785292538917,0.005374479889042996,0.0033816952110832335,0.959834211981825,0.4816079535964541,207.68485741623053,107.84727573506986,-0.3707865168539326,104.97697303071618,thyroid nodule,0.51171875
9438,,,,,,,660,896,[],0.0,0.0,0.0,0.0,0.9752517045405693,0.48762585227028465,390.8712059932784,319.1456621540701,0.46483460559796436,107.40433796308935,thyroid nodule,0.58203125
944,,,,,,,499,739,[],0.0,0.0,0.0,0.0,0.9826403545799915,0.4913201772899958,293.0342129199828,133.8200284089169,-0.8799192734611504,105.13454698957503,thyroid nodule,0.65625
9440,,,,,,,600,760,[],0.0,0.0,0.0,0.0,0.955109504432155,0.4775547522160775,195.06856992816563,101.44544820338156,-0.3364366304423064,106.63181403651834,thyroid nodule,0.7734375
9442,,,,,,,600,650,[],0.0,0.0,0.0,0.0,0.9754209613521806,0.4877104806760903,238.3149177034455,115.43161452404412,-0.8124751073151303,106.37415992096066,thyroid nodule,0.7890625
9444,,,,,,,600,760,[],0.503941043404496,0.3368457113156061,0.8383312753572059,0.3602471132223261,0.9854078323771515,0.6728274727997388,111.83022847155415,46.89842324912123,-0.5702807185991864,105.29180895537138,thyroid nodule,0.609375
9446,,,,,,,702,996,[],0.8403259552912675,0.724622542968379,0.98874188393487,0.7306509782227092,0.9987078544931799,0.8646794163579445,115.0,34.54612515293135,-0.26102960732789343,108.55493997223675,thyroid nodule,0.73046875
9452,,,,,,,600,760,[],0.00048409018972611666,0.00024210369487485101,0.001311541565778854,0.00029682398337785694,0.975985133538572,0.4881409787609749,248.67505032063417,118.97287302477314,-0.7736831289814371,106.55785305425525,thyroid nodule,0.703125
9454,,,,,,,660,1031,[],0.7409925762626329,0.5885529841142592,0.9684115523465704,0.6000731324342345,0.9985645985844733,0.7993188655093539,64.40263931830457,25.741247825531875,-0.38035318663827405,107.9079881310463,thyroid nodule,0.4921875
9456,,,,,,,480,616,[],0.0,0.0,0.0,0.0,0.9737880419227781,0.48689402096138906,303.64666361625063,253.29455319645334,2.51599634369287,104.9287028145045,thyroid nodule,0.546875
946,,,,,,,499,630,[],0.810879368658399,0.6819151457691396,0.9921601986389553,0.6856094306049823,0.9963816173427701,0.8409955239738762,79.94243571068355,30.10416659462216,-0.30897305541433656,106.28321790136397,thyroid nodule,0.78515625
9460,,,,,,,600,912,[],0.0031087235144937417,0.0015567815589665156,0.0023241590214067276,0.004692903013337724,0.954270036295402,0.47948146965436983,187.00160426660574,90.7089099497698,1.0191832702124155,105.68492696620524,thyroid nodule,0.63671875
9462,,,,,,,702,1058,[],0.0,0.0,0.0,0.0,0.9682261624815202,0.4841130812407601,222.92150675387825,134.36986618988826,2.132895266192839,107.53317107446492,thyroid nodule,0.474609375
9464,,,,,,,660,896,[],0.0,0.0,0.0,0.0,0.9809921996452516,0.4904960998226258,368.80834987961714,305.74056672080775,0.5241625480505216,107.49646998010576,thyroid nodule,0.73046875
9466,,,,,,,600,760,[],0.0,0.0,0.0,0.0,0.9674529845105538,0.4837264922552769,349.46630380347847,280.1875076784269,0.12739351309105118,105.85376992821693,thyroid nodule,0.71484375
9468,,,,,,,660,1008,[],0.0,0.0,0.0,0.0,0.9874341773731975,0.49371708868659875,227.17217440537763,129.00760417359763,-0.5021066129327716,107.36031807027757,thyroid nodule,0.671875
9472,,,,,,,680,948,[],0.0,0.0,0.0,0.0,0.9854745664856823,0.49273728324284116,407.0849269409693,344.73759256880464,3.5687714145863927,106.85247904621065,thyroid nodule,0.703125
9474,,,,,,,605,940,[],0.0,0.0,0.0,0.0,0.9657548686567219,0.48287743432836094,321.91611060282474,241.5280382970744,-0.19555574695318892,107.11927292868495,thyroid nodule,0.69921875
9478,,,,,,,704,1069,[],0.0,0.0,0.0,0.0,0.9878968907160427,0.49394844535802135,208.53236685290435,147.7898530579347,0.6968105065666041,107.85152693279088,thyroid nodule,0.65625
948,,,,,,,604,574,[],0.0,0.0,0.0,0.0,0.9732920297263891,0.48664601486319453,232.01939574095957,148.8377557990033,-0.5404127934457224,105.86925013922155,thyroid nodule,0.734375
9480,,,,,,,660,1031,[],0.0,0.0,0.0,0.0,0.9155150435730497,0.45775752178652485,324.5053928502134,184.9547647977195,5.343135062611807,105.61887500807643,thyroid nodule,0.6484375
9482,,,,,,,600,760,[],0.0,0.0,0.0,0.0,0.9608153369270436,0.4804076684635218,323.49312820512665,245.12356806156595,1.4243761202261134,106.32642894051969,thyroid nodule,0.74609375
9486,,,,,,,660,1031,[],0.9325471215787859,0.873619005045022,0.9033280507131537,0.9637196195843607,0.9978026761123577,0.9807611478483592,13.0,4.249600667223996,0.06685452624163438,106.62038391456008,thyroid nodule,0.69140625
9488,,,,,,,660,896,[],0.0,0.0,0.0,0.0,0.9683187463113879,0.48415937315569396,228.7206515811843,130.60110678919762,-0.47904191616766467,106.8763080984354,thyroid nodule,0.73828125
9490,,,,,,,600,760,[],0.0,0.0,0.0,0.0,0.9565994839377336,0.4782997419688668,298.0011744933379,225.82830336294046,-0.014299828402059175,105.38319102488458,thyroid nodule,0.70703125
9492,,,,,,,687,1101,[],0.0,0.0,0.0,0.0,0.979252793453239,0.4896263967266195,278.003596988505,195.34669951417527,15.326041666666667,106.20741592720151,thyroid nodule,0.80078125
9498,,,,,,,600,650,[],0.0,0.0,0.0,0.0,0.9681288337670386,0.4840644168835193,269.32282969524175,128.9461335473038,-0.5408288231343579,105.19191808998585,thyroid nodule,0.6171875
9500,,,,,,,600,912,[],0.0,0.0,0.0,0.0,0.9608278212258416,0.4804139106129208,217.15312284785537,115.83613860804596,-0.17711642871506134,106.7328059580177,thyroid nodule,0.72265625
9504,,,,,,,702,996,[],0.3447930852394319,0.20830814695412722,0.9791633780584057,0.20923564730486408,0.9995874355368026,0.6044115414208333,89.1403387922662,37.54041464925147,-0.7863118127234703,107.45620890520513,thyroid nodule,0.5546875
9506,,,,,,,600,912,[],0.7494730088901109,0.5993257356443988,0.6163325293940307,0.9559855038578443,0.9807938999268052,0.9683897018923248,149.164338901763,42.81401287507482,0.5510872106616788,107.52863995730877,thyroid nodule,0.578125
9508,,,,,,,660,1031,[],0.0,0.0,0.0,0.0,0.9778501092454581,0.48892505462272906,389.21716303369766,324.6702666355494,0.20923202614379086,106.32753907702863,thyroid nodule,0.7421875
951,,,,,,,501,559,[],0.10395445134575569,0.05482697998449426,1.0,0.05482697998449426,1.0,0.5274134899922471,361.5596754534072,153.70814174494052,-0.9451730200155057,104.28567021153867,thyroid nodule,0.6953125
9512,,,,,,,600,760,[],0.0,0.0,0.0,0.0,0.9717582656141945,0.48587913280709727,202.5209020287861,140.06711541554793,0.37476849329992373,105.7739790994674,thyroid nodule,0.7265625
9514,,,,,,,476,610,[],0.9116853466168535,0.8377038237818251,0.9915349887133182,0.8437379946215905,0.9997320931030048,0.9217350438622977,25.56216946409118,5.732030309383396,-0.14905877833269304,104.59863697178662,thyroid nodule,0.6875
9516,,,,,,,702,996,[],0.0,0.0,0.0,0.0,0.9829720952786799,0.49148604763933995,396.3175383619833,290.670929220428,-0.3790590504769049,106.37432895600796,thyroid nodule,0.59375
9518,,,,,,,660,1031,[],0.0,0.0,0.0,0.0,0.9790518940612807,0.48952594703064034,273.71914705459335,143.1946926130728,-0.7911393425443758,106.71499487943947,thyroid nodule,0.5703125
952,,,,,,,501,927,[],0.011142885317029878,0.005602657543755268,0.010915765069551777,0.011379657603222558,0.9774717984937195,0.494425728048471,120.86396464531543,65.35847501506517,0.042497482376636454,106.29799799062312,thyroid nodule,0.5625
9520,,,,,,,660,1031,[],0.0,0.0,0.0,0.0,0.9698618176183281,0.48493090880916406,259.72772554552495,137.73197983213714,1.1707447950203906,107.78375598601997,thyroid nodule,0.61328125
9522,,,,,,,600,760,[],0.9003673053945214,0.8187891373287616,0.9898993830644377,0.8256874776792962,0.9986840704060366,0.9121857740426664,63.85036518113184,17.52967415098568,-0.16588747118600045,105.06927501410246,thyroid nodule,0.72265625
9524,,,,,,,600,650,[],0.0,0.0,0.0,0.0,0.7337603291543945,0.36688016457719724,406.9519013345527,226.22393232493084,6.851458056445939,105.50009296275675,thyroid nodule,0.55859375
9528,,,,,,,660,896,[],0.0,0.0,0.0,0.0,0.9807940892329882,0.4903970446164941,185.45564224096145,112.54465078328808,2.3056206088992974,106.27589793875813,thyroid nodule,0.66015625
9532,,,,,,,600,760,[],0.0,0.0,0.0,0.0,0.9734899484655741,0.48674497423278706,287.92394666945637,212.87214909808688,2.2575387123064385,106.27120779827237,thyroid nodule,0.76171875
9534,,,,,,,660,896,[],0.0,0.0,0.0,0.0,0.9849899944797129,0.49249499723985646,197.29888402832336,137.88909809755899,-0.2550513698630137,107.1318332105875,thyroid nodule,0.578125
9536,,,,,,,600,760,[],0.0,0.0,0.0,0.0,0.9725505019622667,0.48627525098113333,200.8084843638272,138.03731320163806,0.9704708699122107,106.13146401010454,thyroid nodule,0.7734375
9538,,,,,,,660,896,[],0.0,0.0,0.0,0.0,0.981985574708297,0.4909927873541485,342.8410710518797,283.2893090103838,0.09121199500208246,105.85744003765285,thyroid nodule,0.5859375
9542,,,,,,,600,760,[],0.4619128768286774,0.30031645793658096,1.0,0.30031645793658096,1.0,0.6501582289682905,141.8572942141323,81.26094794854394,-0.699683542063419,105.51306395791471,thyroid nodule,0.64453125
9544,,,,,,,702,1058,[],0.0,0.0,0.0,0.0,0.9860622229575552,0.4930311114787776,186.53577542737503,114.33367553387724,-0.419723322426956,107.9810787923634,thyroid nodule,0.640625
9546,,,,,,,600,760,[],0.0,0.0,0.0,0.0,0.9666608817155495,0.48333044085777477,301.80291582421796,224.69393006701495,1.2848429399207075,106.78549692966044,thyroid nodule,0.703125
9548,,,,,,,484,614,[],0.0,0.0,0.0,0.0,0.9828026874395631,0.49140134371978156,173.37429688010596,84.99773145394742,-0.7481177275838466,105.28839891776443,thyroid nodule,0.62890625
9550,,,,,,,660,1031,[],0.942745969983324,0.8916929547844374,0.9316819816220535,0.9540758924005318,0.9989801441217386,0.9765280182611352,7.231804752433737,2.8532166906836807,0.024036002863864172,106.6638850606978,thyroid nodule,0.5625
9554,,,,,,,660,896,[],0.0,0.0,0.0,0.0,0.9793686624244251,0.48968433121221255,363.62466812070073,177.42539834265384,-0.8807552967073282,107.69215412437916,thyroid nodule,0.734375
956,,,,,,,446,686,[],0.06953918775005037,0.03602206649768898,1.0,0.03602206649768898,1.0,0.5180110332488445,234.47174669882938,124.1850652804581,-0.963977933502311,105.17339711077511,thyroid nodule,0.55078125
9560,,,,,,,600,760,[],0.0,0.0,0.0,0.0,0.9660371099164277,0.48301855495821383,178.1210199139713,113.18316474219809,-0.060055338951075336,106.65124491788447,thyroid nodule,0.73046875
9562,,,,,,,476,610,[],0.0,0.0,0.0,0.0,0.9762132478798381,0.48810662393991905,185.0607111932706,131.12756915472337,-0.03837922670851762,103.98771497420967,thyroid nodule,0.73046875
9564,,,,,,,660,716,[],0.0,0.0,0.0,0.0,0.9854914129382779,0.49274570646913896,224.00580308200975,105.19879061425578,-0.7959710579160425,105.08356499485672,thyroid nodule,0.5546875
9566,,,,,,,660,1072,[],0.0,0.0,0.0,0.0,0.9764695529743048,0.4882347764871524,364.6326084284883,242.30372868984682,-0.3752336448598131,106.81134788319468,thyroid nodule,0.65234375
9568,,,,,,,682,1094,[],0.0,0.0,0.0,0.0,0.971626128457248,0.485813064228624,443.6865139534406,258.16304298703,-0.6089006895458509,108.21250290609896,thyroid nodule,0.66015625
9570,,,,,,,660,896,[],0.0,0.0,0.0,0.0,0.9831231997792305,0.49156159988961523,165.41034379462525,108.73151529845147,-0.15427830596369924,108.06450108066201,thyroid nodule,0.63671875
9572,,,,,,,660,1031,[],0.0,0.0,0.0,0.0,0.9933087390347018,0.4966543695173509,181.30539185454847,117.47565746555657,-0.8375617547639389,107.34050697647035,thyroid nodule,0.5859375
9574,,,,,,,702,996,[],0.0,0.0,0.0,0.0,0.9822845159996898,0.4911422579998449,155.0290295396317,78.85169083973537,-0.2354910009472687,106.40330007299781,thyroid nodule,0.78515625
9576,,,,,,,687,1100,[],0.0,0.0,0.0,0.0,0.9854106991770378,0.4927053495885189,288.3864591570155,226.42778782344425,0.4458868724334349,107.43431909941137,thyroid nodule,0.70703125
9577,,,,,,,600,760,[],0.0,0.0,0.0,0.0,0.9746234747422241,0.48731173737111205,268.4778389350059,205.17378993175885,0.1697996281759967,106.25272686593235,thyroid nodule,0.69921875
9579,,,,,,,660,1031,[],0.0,0.0,0.0,0.0,0.9582160453018478,0.4791080226509239,297.71000935385996,185.37254353580803,1.351911096144132,107.62177198193967,thyroid nodule,0.5234375
958,,,,,,,501,507,[],0.00014271720585659517,7.136369534189698e-05,0.000627961408917052,8.050704802611356e-05,0.8508515587060056,0.42546603287701584,430.47984783012413,147.14022659706146,-0.8717961854296881,105.6955570820719,thyroid nodule,0.419921875
9581,,,,,,,600,760,[],0.9389896225339264,0.8849957007738607,0.9666588401033106,0.912860310421286,0.999364624815428,0.956112467618357,28.72967290928665,4.695505325346917,-0.05565410199556541,105.82095920108259,thyroid nodule,0.6953125
9587,,,,,,,484,615,[],0.0,0.0,0.0,0.0,0.9793780904888131,0.48968904524440654,144.08052076929386,66.03407332282866,-0.49606904802597845,104.93645211681724,thyroid nodule,0.734375
9593,,,,,,,600,940,[],0.9356521739130435,0.8790849673202614,0.9655827702702703,0.9075213335979361,0.9981677364238262,0.9528445350108812,19.30257451929063,5.672916150031021,-0.060130978368723956,107.71773383021355,thyroid nodule,0.71875
9595,,,,,,,660,1031,[],0.0,0.0,0.0,0.0,0.9749879199011001,0.48749395995055006,323.5095046599633,197.15134790598853,-0.629645976584278,106.17319587618113,thyroid nodule,0.74609375
9597,,,,,,,660,896,[],0.0,0.0,0.0,0.0,0.9814422696499858,0.4907211348249929,251.513910233738,185.5270733310046,3.477263416632528,104.91135297343135,thyroid nodule,0.58203125
9599,,,,,,,600,760,[],0.0,0.0,0.0,0.0,0.9515100779187327,0.4757550389593663,221.88859898438872,118.34912055605513,2.8588089768510336,102.71600121632218,thyroid nodule,0.5546875
96,,,,,,,574,797,[],0.0,0.0,0.0,0.0,0.9817228978375053,0.49086144891875266,473.09625224903544,219.8967101109226,-0.9482195224130708,107.3099160566926,thyroid nodule,0.6015625
960,,,,,,,501,621,[],0.0,0.0,0.0,0.0,0.9836985812148956,0.4918492906074478,99.79541288222481,52.562204330569415,0.6139504982320797,107.03896195627749,thyroid nodule,0.65625
9601,,,,,,,682,1094,[],0.0,0.0,0.0,0.0,0.9788999397796964,0.4894499698898482,156.5317855261587,73.69312682534162,1.8443756825627957,108.09929086826742,thyroid nodule,0.56640625
9603,,,,,,,660,1031,[],0.0,0.0,0.0,0.0,0.9748987011442124,0.4874493505721062,221.0,133.0252427319751,1.1247325361862808,109.40209496766329,thyroid nodule,0.69921875
9605,,,,,,,600,760,[],0.0,0.0,0.0,0.0,0.971088443163965,0.4855442215819825,209.3356141089063,100.21853401166153,-0.34786651513586114,105.39286094717681,thyroid nodule,0.7734375
9607,,,,,,,600,760,[],0.0,0.0,0.0,0.0,0.9611629786893838,0.4805814893446919,389.92819190666086,311.9410599464369,2.063770147161878,106.7548559512943,thyroid nodule,0.7265625
9609,,,,,,,660,1072,[],0.0,0.0,0.0,0.0,0.9706767036153997,0.48533835180769985,310.4214761530677,230.77965549853056,0.7452741425027799,106.81641800329089,thyroid nodule,0.703125
9611,,,,,,,484,614,[],0.0,0.0,0.0,0.0,0.982691504846153,0.4913457524230765,216.55126209727618,118.3233531337422,-0.8529477552324652,104.94990320876241,thyroid nodule,0.7421875
9613,,,,,,,660,1031,[],0.0,0.0,0.0,0.0,0.9845849143204596,0.4922924571602298,177.65626522329197,116.71578109869593,2.630517900590893,107.08109196275473,thyroid nodule,0.609375
9615,,,,,,,660,1031,[],0.0,0.0,0.0,0.0,0.9734462853287353,0.48672314266436767,306.86446514335773,220.96960498286123,0.31088082901554404,107.74509492330253,thyroid nodule,0.69140625
9617,,,,,,,687,1100,[],0.0,0.0,0.0,0.0,0.9760052035946304,0.4880026017973152,458.2815559636733,374.9331160921064,3.611196319018405,107.104382943362,thyroid nodule,0.65234375
9619,,,,,,,660,896,[],0.0,0.0,0.0,0.0,0.979469018672153,0.4897345093360765,223.20069343898535,154.11143762517577,0.684454430557506,106.62088403478265,thyroid nodule,0.6484375
962,,,,,,,600,854,[],0.0,0.0,0.0,0.0,0.964449921603796,0.482224960801898,270.20639167645925,194.78386187495863,5.449270202919188,106.39208019711077,thyroid nodule,0.76953125
9621,,,,,,,660,1031,[],0.0,0.0,0.0,0.0,0.9673675019297139,0.48368375096485694,285.39603487040176,203.7976625044313,-0.2618626123780763,107.6565939001739,thyroid nodule,0.66015625
9625,,,,,,,479,607,[],0.0,0.0,0.0,0.0,0.9030966049104199,0.45154830245520994,367.6891345040183,259.1398924059376,9.611934625617636,103.89100387692451,thyroid nodule,0.82421875
9631,,,,,,,660,896,[],0.0,0.0,0.0,0.0,0.985829934764953,0.4929149673824765,312.20602124379855,221.34012989431707,-0.568801488174329,106.83408798649907,thyroid nodule,0.6015625
9635,,,,,,,660,1031,[],0.0,0.0,0.0,0.0,0.9812586837280808,0.4906293418640404,348.58901153445623,275.4787956130978,1.7374108493624378,106.70755617320538,thyroid nodule,0.7265625
9637,,,,,,,600,650,[],0.0,0.0,0.0,0.0,0.9663999738393957,0.48319998691969784,263.51433581537634,151.62093134606866,-0.4647508247959715,105.3430400788784,thyroid nodule,0.82421875
9639,,,,,,,660,896,[],0.8280012897216351,0.7064865195329216,0.7397733819857883,0.940123657663521,0.992980099055724,0.9665518783596225,30.0,10.932269520090586,0.2708265538561666,106.19682702235878,thyroid nodule,0.5859375
964,,,,,,,600,854,[],0.753066030522678,0.6039341688945574,0.9984995944849959,0.6044827416899887,0.9999215546594412,0.802202148174715,63.788713735268246,25.048030703814383,-0.3946089262041538,105.60250515118241,thyroid nodule,0.5859375
9642,,,,,,,676,1031,[],0.0,0.0,0.0,0.0,0.9816938551116501,0.49084692755582504,225.86098859870432,156.54630595209827,0.667107001321004,107.08705196157098,thyroid nodule,0.6953125
9644,,,,,,,600,650,[],0.0,0.0,0.0,0.0,0.9649134381415493,0.48245671907077464,510.99765160045087,229.0695739169679,-0.9316747655358479,105.49352294765413,thyroid nodule,0.76953125
9646,,,,,,,600,760,[],0.0,0.0,0.0,0.0,0.9649840599078685,0.48249202995393425,286.9285553947487,151.86034004525604,-0.7403244560101877,106.18068603798747,thyroid nodule,0.78515625
9648,,,,,,,600,650,[],0.0,0.0,0.0,0.0,0.9668700881427135,0.48343504407135673,352.22719940402106,205.9643898739161,-0.7890351954357395,105.55831482633948,thyroid nodule,0.69921875
9650,,,,,,,687,1100,[],0.0,0.0,0.0,0.0,0.8974445961083573,0.4487222980541786,353.5715861325327,216.42721426292536,18.090391282813275,107.7835860196501,thyroid nodule,0.6953125
9652,,,,,,,660,1031,[],0.0,0.0,0.0,0.0,0.9581073535553736,0.4790536767776868,262.76348365583436,159.780110956189,1.249055693964478,106.45591095089912,thyroid nodule,0.59375
9654,,,,,,,484,615,[],0.0,0.0,0.0,0.0,0.9820969537496205,0.49104847687481024,150.0774778362415,103.50876660736152,3.3146341463414632,104.81891082599759,thyroid nodule,0.546875
9658,,,,,,,687,1100,[],0.0,0.0,0.0,0.0,0.9876260617482342,0.4938130308741171,437.0882586667394,376.2581525859816,0.4342512376237624,107.92794800363481,thyroid nodule,0.609375
966,,,,,,,600,650,[],0.0,0.0,0.0,0.0,0.9601948803249055,0.48009744016245276,174.07139338924335,112.30882342287649,0.7157073391383015,104.69007794745266,thyroid nodule,0.8125
9660,,,,,,,702,1058,[],0.9479585163038401,0.9010657193605683,0.9399666481378544,0.9560874481718808,0.999560624347378,0.9778240362596294,5.957737973711325,1.9951649500233564,0.017150395778364115,107.53565095365047,thyroid nodule,0.703125
9662,,,,,,,660,1008,[],0.0,0.0,0.0,0.0,0.9837651023619196,0.4918825511809598,352.32165688199734,282.0224366477576,3.508588186007541,107.12741292081773,thyroid nodule,0.734375
9664,,,,,,,600,760,[],0.0,0.0,0.0,0.0,0.9605514502914579,0.48027572514572897,313.7004941022567,155.80887917058342,-0.7831321867741982,105.71752698160708,thyroid nodule,0.7578125
9668,,,,,,,702,994,[],0.0,0.0,0.0,0.0,0.9777427347852472,0.4888713673926236,381.87432487665365,302.33653558588594,2.824869952935348,106.25831712968647,thyroid nodule,0.70703125
9670,,,,,,,660,896,[],0.0,0.0,0.0,0.0,0.9755043822607586,0.4877521911303793,330.83374624494695,158.74545721939515,-0.7770032461985307,106.93441005423665,thyroid nodule,0.73046875
9676,,,,,,,660,896,[],0.0,0.0,0.0,0.0,0.9825264121509907,0.49126320607549534,283.72556657932245,135.61172689188226,-0.8332649968802923,107.43064898997545,thyroid nodule,0.5625
9678,,,,,,,600,760,[],0.0,0.0,0.0,0.0,0.9653521426325621,0.48267607131628104,338.5300287759322,215.64963255715492,-0.36084100989423407,105.90432002209127,thyroid nodule,0.77734375
968,,,,,,,600,760,[],0.0,0.0,0.0,0.0,0.9681131476539262,0.4840565738269631,218.65188973409636,113.71154382718663,-0.5584893374572685,105.40671087801456,thyroid nodule,0.8125
9680,,,,,,,660,1031,[],0.0,0.0,0.0,0.0,0.9748261194713678,0.4874130597356839,162.69910643687774,84.45456233380514,3.4287571502860112,106.64679389446974,thyroid nodule,0.68359375
9682,,,,,,,660,1031,[],0.8710544071643256,0.7715645578423489,0.9965193959467804,0.7736494584758875,0.9998045923939165,0.886727025434902,35.046392914442954,13.771362297251237,-0.22364836889014797,109.41487597301602,thyroid nodule,0.53125
9684,,,,,,,600,760,[],0.0,0.0,0.0,0.0,0.9708331583263883,0.48541657916319414,195.8430359008944,121.9157043387405,2.6277151498487763,106.05165385641158,thyroid nodule,0.74609375
9688,,,,,,,660,1031,[],0.0,0.0,0.0,0.0,0.9820584475876954,0.4910292237938477,165.40072311874297,95.28962906048429,-0.3009748649283533,107.42078791372478,thyroid nodule,0.6171875
9692,,,,,,,660,1008,[],0.7603195301285353,0.6133189548492027,0.958237812456843,0.6301631125803756,0.997522229469082,0.8138426710247288,95.0086834889667,36.824857924019156,-0.34237294292876086,106.47317115217447,thyroid nodule,0.6875
9694,,,,,,,605,954,[],0.8765194673246489,0.7801821587752729,0.8676100854823647,0.8856137263528376,0.9967295557306417,0.9411716410417397,20.96255585459755,7.20322933328993,0.020750843232145474,108.33298601210117,thyroid nodule,0.60546875
9696,,,,,,,600,650,[],0.0,0.0,0.0,0.0,0.9811820045334614,0.4905910022667307,398.8039871312892,352.22170003828063,1.7422874341610233,105.35789094865322,thyroid nodule,0.69140625
970,,,,,,,600,854,[],0.0,0.0,0.0,0.0,0.904409120174056,0.452204560087028,290.6933068122472,176.02164697910467,-0.3051960626109408,110.91025290079415,thyroid nodule,0.5
9700,,,,,,,660,1031,[],0.0,0.0,0.0,0.0,0.9801874395730377,0.49009371978651883,327.525566341267,251.33042312811907,0.07643519271426248,106.38088011182845,thyroid nodule,0.6328125
9702,,,,,,,660,1031,[],0.0,0.0,0.0,0.0,0.980132807941477,0.4900664039707385,346.1356670437362,201.06262368073286,-0.039033592106217804,107.34687699005008,thyroid nodule,0.6171875
9704,,,,,,,660,1031,[],0.0,0.0,0.0,0.0,0.9669945122985716,0.4834972561492858,260.18681607124995,137.17911443904381,-0.581814894429154,107.77686513029039,thyroid nodule,0.79296875
9706,,,,,,,600,760,[],0.0,0.0,0.0,0.0,0.8934905963384604,0.4467452981692302,368.5145839833223,202.2057751678229,5.2306889352818375,105.96875217743218,thyroid nodule,0.58203125
9708,,,,,,,600,650,[],0.0,0.0,0.0,0.0,0.9750740217979603,0.48753701089898016,186.11930803102277,131.64178194528708,-0.28194741669214307,109.07051898539066,thyroid nodule,0.56640625
9709,,,,,,,600,760,[],0.0,0.0,0.0,0.0,0.9787567611668125,0.48937838058340627,143.14852246719965,76.80432659894795,2.867523083099157,105.17697711475194,thyroid nodule,0.72265625
9711,,,,,,,600,912,[],0.0,0.0,0.0,0.0,0.9633881380157124,0.4816940690078562,523.0,257.32099640378647,-0.882745537771497,105.01176491379738,thyroid nodule,0.74609375
9713,,,,,,,660,716,[],0.0,0.0,0.0,0.0,0.9836133403050902,0.4918066701525451,424.0765770361216,282.47304225834694,-0.7795044356072194,106.20951605960727,thyroid nodule,0.578125
9717,,,,,,,470,838,[],0.7768348505889009,0.6351021781179043,0.9703822679087697,0.6476566184983491,0.9987558664540035,0.8232062424761764,58.31722619747904,16.037526053873453,-0.3325757900604605,106.60215304233134,thyroid nodule,0.640625
9719,,,,,,,600,760,[],0.0506742294520548,0.02599577259875374,0.031821236559139786,0.12434348739495799,0.935740347559235,0.5300419174770965,167.03218115467908,48.79929061690188,2.907563025210084,105.82586913369596,thyroid nodule,0.6640625
9721,,,,,,,600,760,[],0.0,0.0,0.0,0.0,0.9628698820771991,0.4814349410385996,226.03735850314692,144.81776051918175,-0.15085845896147404,104.36301212757826,thyroid nodule,0.7109375
9725,,,,,,,600,760,[],0.0,0.0,0.0,0.0,0.9451324575819441,0.47256622879097204,290.0,171.91244092581277,5.3719496532237345,104.91048195399344,thyroid nodule,0.78125
9727,,,,,,,660,896,[],0.0,0.0,0.0,0.0,0.9765682103010332,0.4882841051505166,177.3393439359517,97.70124860013352,7.17090479006505,106.44696094095707,thyroid nodule,0.73828125
9729,,,,,,,660,1031,[],0.0,0.0,0.0,0.0,0.9802383826735617,0.49011919133678084,309.27431189448066,232.8093583804484,-0.09058872305140962,108.14713197760284,thyroid nodule,0.74609375
973,,,,,,,600,760,[],0.0,0.0,0.0,0.0,0.9446075796112162,0.4723037898056081,272.0980499500765,165.79023781612221,0.8457775101610718,105.43854185380042,thyroid nodule,0.6953125
9731,,,,,,,687,1100,[],0.0,0.0,0.0,0.0,0.9757966326328298,0.4878983163164149,379.6448995167843,288.24836084606585,3.3379441927021225,107.65241296030581,thyroid nodule,0.69140625
9735,,,,,,,702,994,[],0.0,0.0,0.0,0.0,0.9869539002055258,0.4934769501027629,252.01785601045586,197.32104257189602,0.14662420382165606,106.98966099880636,thyroid nodule,0.75390625
9737,,,,,,,660,896,[],0.0,0.0,0.0,0.0,0.968991520222279,0.4844957601111395,131.095341676488,67.98000252440816,0.09903247673630369,107.26747591979802,thyroid nodule,0.73828125
9739,,,,,,,702,1058,[],0.0,0.0,0.0,0.0,0.923314467066454,0.461657233533227,351.5255323841246,213.06288962590972,7.477771102433163,107.38497809506953,thyroid nodule,0.53515625
974,,,,,,,600,854,[],0.0,0.0,0.0,0.0,0.9617846223892549,0.48089231119462744,220.29797781818726,146.73913616368017,0.6450614630791713,105.73644796386361,thyroid nodule,0.77734375
9741,,,,,,,484,613,[],0.0,0.0,0.0,0.0,0.9777001074652771,0.48885005373263857,163.26282297344696,114.48292179772639,2.8400467016929363,105.10828602127731,thyroid nodule,0.671875
9743,,,,,,,549,815,[],0.0,0.0,0.0,0.0,0.9984981925655954,0.4992490962827977,137.9311353819462,77.50969245776277,-0.9382762514113662,105.13356700539589,thyroid nodule,0.4921875
9746,,,,,,,333,504,[],0.0,0.0,0.0,0.0,0.968539409740587,0.4842697048702935,135.83648030624641,94.31208718262847,-0.29018671907903976,104.11511710844934,thyroid nodule,0.72265625
9748,,,,,,,440,701,[],0.0,0.0,0.0,0.0,0.966535532439736,0.483267766219868,123.35152966691193,68.66522410874025,-0.11914252812472319,103.66730019450188,thyroid nodule,0.734375
9755,,,,,,,300,435,[],0.0,0.0,0.0,0.0,0.9723540495531771,0.48617702477658853,72.02221746890486,42.38862539159124,0.3615710435117443,103.20167103782296,thyroid nodule,0.734375
9757,,,,,,,607,960,[],0.0,0.0,0.0,0.0,0.9790392140652557,0.48951960703262787,334.33402126952546,248.9100486512995,4.762310606060606,105.73372710496187,thyroid nodule,0.65625
9759,,,,,,,753,761,[],0.0,0.0,0.0,0.0,0.9463870245098471,0.47319351225492357,227.13255673441395,129.83359356850795,3.9679633867276887,105.11225601658225,thyroid nodule,0.63671875
9763,,,,,,,244,504,[],0.0,0.0,0.0,0.0,0.9449043176104044,0.4724521588052022,99.44168102104157,52.02651906048154,1.025176542830826,103.87308290228248,thyroid nodule,0.63671875
9766,,,,,,,330,504,[],0.0,0.0,0.0,0.0,0.9687789710895269,0.48438948554476347,217.59308236222503,126.28065200314008,-0.8322219667356481,104.06468692235649,thyroid nodule,0.734375
9767,,,,,,,566,1257,[],0.0,0.0,0.0,0.0,0.9638161665942471,0.48190808329712354,429.26163350532994,328.198212248936,4.184546745082134,106.79811681620777,thyroid nodule,0.6640625
978,,,,,,,599,759,[],0.0,0.0,0.0,0.0,0.9745316775415702,0.4872658387707851,173.23971612204178,103.797101966314,-0.3656618610747051,105.71315814740956,thyroid nodule,0.6171875
98,,,,,,,574,797,[],0.0,0.0,0.0,0.0,0.9468465593068391,0.47342327965341957,362.102816793436,219.72531866163175,-0.27805049088359046,105.65174510702491,thyroid nodule,0.6953125
980,,,,,,,600,854,[],0.0,0.0,0.0,0.0,0.933241363008367,0.4666206815041835,401.2667438332488,296.0770023922857,0.5123718954851815,105.35972099751234,thyroid nodule,0.5234375
982,,,,,,,600,650,[],0.0,0.0,0.0,0.0,0.9447950786929775,0.47239753934648876,197.5850418391481,127.39735543361087,-0.2580071833228422,105.8528299909085,thyroid nodule,0.79296875
984,,,,,,,600,760,[],0.8038208485431375,0.6719903515824867,0.9977209832329481,0.6730234260614935,0.9999020248203788,0.8364627254409361,43.262566828458404,17.498373560047686,-0.32543923865300145,104.92166294716299,thyroid nodule,0.5
986,,,,,,,600,650,[],0.0,0.0,0.0,0.0,0.9747086247086247,0.48735431235431237,181.66608336145862,119.82118727738859,-0.23493589743589743,104.99121411703527,thyroid nodule,0.54296875
988,,,,,,,600,760,[],0.0,0.0,0.0,0.0,0.967895483315257,0.4839477416576285,291.60667001395285,228.10153055978208,0.1380385260970346,105.4762729909271,thyroid nodule,0.74609375
990,,,,,,,600,760,[],0.0,0.0,0.0,0.0,0.9499530448274454,0.4749765224137227,387.33189902201445,310.700509304489,0.4559192292464036,106.06759297661483,thyroid nodule,0.70703125
996,,,,,,,629,1029,[],0.0,0.0,0.0,0.0,0.9803128220730873,0.49015641103654367,227.76166117965641,136.01466165105188,-0.36529375513557927,106.38962895609438,thyroid nodule,0.68359375
998,,,,,,,557,913,[],0.0,0.0,0.0,0.0,0.9608950806926906,0.4804475403463453,231.94553635374442,126.87239083053959,-0.37752420240194284,105.87137984111905,thyroid nodule,0.609375
