sample_id,source_sample_id,target_uid,target_class_id,target_class_name,target_instance_id,target_color,height,width,bbox,dice,iou,precision,recall,specificity,balanced_accuracy,hd95,assd,relative_area_error,infer_ms
AP/US_107,,,,,,,480,640,"[[318, 126, 405, 133]]",0.7167630057803468,0.5585585585585585,0.5662100456621004,0.9763779527559056,0.998760971919711,0.9875694623378083,4.0,2.0314551566865626,0.7244094488188977,237.03165649203584
AP/US_108,,,,,,,480,640,"[[313, 127, 404, 134]]",0.813200498132005,0.6852046169989506,0.7006437768240343,0.9688427299703264,0.9990897998864696,0.983966264928398,3.0,1.49802991279824,0.3827893175074184,237.03165649203584
AP/US_109,,,,,,,480,640,"[[311, 125, 395, 134]]",0.8071099407504937,0.6766004415011038,0.6950113378684807,0.9623233908948194,0.9991225294637643,0.980722960179292,4.0,1.5794328768488877,0.38461538461538464,237.03165649203584
AP/US_110,,,,,,,480,640,"[[310, 126, 397, 134]]",0.8010471204188482,0.6681222707423581,0.6891891891891891,0.95625,0.9990996868475992,0.9776748434237996,4.0,1.6411557747627032,0.3875,237.03165649203584
AP/US_111,,,,,,,480,640,"[[311, 125, 399, 133]]",0.7077881619937695,0.5477338476374156,0.5546875,0.9776247848537005,0.9985128123175667,0.9880687985856336,4.0,2.349425741172988,0.7624784853700516,152.5996754935477
AP/US_112,,,,,,,480,640,"[[312, 124, 386, 135]]",0.7804551539491299,0.6399560922063666,0.6580135440180587,0.9588815789473685,0.9990117158960442,0.9789466474217063,4.067708094089714,1.915892594653495,0.45723684210526316,152.5996754935477
AP/US_113,,,,,,,480,640,"[[310, 123, 407, 134]]",0.6574783052577846,0.4897338403041825,0.4938650306748466,0.983206106870229,0.9978469718964589,0.990526539383344,6.0,3.2041089487435546,0.9908396946564886,152.5996754935477
AP/US_114,,,,,,,480,640,"[[311, 126, 376, 133]]",0.7018943170488534,0.5407066052227343,0.5517241379310345,0.9643835616438357,0.9990679029445794,0.9817257322942075,4.0,2.094790024047965,0.7479452054794521,152.5996754935477
AP/US_115,,,,,,,480,640,"[[312, 124, 388, 135]]",0.7672702883970489,0.6224156692056583,0.6434195725534309,0.9501661129568106,0.9989660728380485,0.9745660928974296,4.288539740695341,1.9925716678509284,0.47674418604651164,164.6584967384115
AP/US_116,,,,,,,480,640,"[[311, 125, 387, 134]]",0.8422555317630264,0.7274969173859432,0.7496823379923762,0.9609120521172638,0.9993574396743491,0.9801347458958065,3.0,1.324413794088578,0.28175895765472314,164.6584967384115
AP/US_117,,,,,,,480,640,"[[316, 127, 376, 132]]",0.7474489795918368,0.5967413441955194,0.643956043956044,0.8905775075987842,0.9994720908785777,0.9450247992386809,4.0,1.4477848523769676,0.3829787234042553,164.6584967384115
AP/US_118,,,,,,,480,640,"[[316, 127, 374, 133]]",0.6969353007945517,0.5348432055749129,0.5531531531531532,0.941717791411043,0.9991918507270084,0.9704548210690257,4.414762138029506,2.1017371601357966,0.7024539877300614,164.6584967384115
AP/US_119,,,,,,,480,640,"[[313, 126, 374, 133]]",0.6962809917355371,0.5340729001584786,0.5488599348534202,0.9519774011299436,0.9990972670329742,0.9755373340814588,4.0,2.1581569841213994,0.7344632768361582,158.9403219986707
AP/US_120,,,,,,,480,640,"[[318, 126, 392, 134]]",0.7987421383647799,0.6649214659685864,0.6737400530503979,0.9806949806949807,0.9991978661936468,0.9899464234443138,4.0,1.5672224170503266,0.4555984555984556,158.9403219986707
AP/US_485,,,,,,,480,640,"[[265, 130, 350, 142]]",0.6644067796610169,0.49746192893401014,0.5034246575342466,0.9767441860465116,0.9981082720696156,0.9874262290580635,6.0,3.1973119485918984,0.9401993355481728,158.9403219986707
AP/US_641,,,,,,,480,640,"[[278, 115, 418, 134]]",0.5201958384332925,0.35153019023986765,0.35699286014279713,0.9582863585118376,0.9950018445185154,0.9766441015151766,9.848857801796104,4.903717366258773,1.6843291995490417,158.9403219986707
AP/US_642,,,,,,,480,640,"[[279, 116, 412, 135]]",0.5290867728306793,0.3596995139195758,0.3671628326567433,0.9465116279069767,0.9954201214337011,0.9709658746703389,9.0,4.877584331223821,1.577906976744186,149.12091149017215
AP/US_643,,,,,,,480,640,"[[278, 115, 396, 134]]",0.5453287197231834,0.3748810656517602,0.3799421407907425,0.9656862745098039,0.995802652880046,0.980744463694925,9.104632933884051,4.776658291359342,1.5416666666666667,149.12091149017215
AP/US_644,,,,,,,480,640,"[[277, 114, 396, 133]]",0.5424430641821946,0.3721590909090909,0.3771593090211132,0.9656019656019657,0.9957635139986813,0.9806827398003235,9.0,4.994819602315261,1.5601965601965602,149.12091149017215
AP/US_767,,,,,,,480,640,"[[257, 110, 390, 133]]",0.4691011235955056,0.30642201834862387,0.31006312662458224,0.9630911188004614,0.9939347050432046,0.978512911921833,13.0,6.124006805619598,2.1061130334486737,149.12091149017215
AP/US_768,,,,,,,480,640,"[[269, 111, 389, 134]]",0.5383430859254696,0.3683101559207754,0.3747855917667238,0.9551912568306011,0.9952397277045889,0.9752154922675951,11.0,5.448770273414791,1.5486338797814208,149.04960474814288
AP/US_769,,,,,,,480,640,"[[269, 108, 390, 134]]",0.4791666666666667,0.3150684931506849,0.3201465201465201,0.9520697167755992,0.9939402250213856,0.9730049708984924,14.866068747318506,6.310974394674831,1.973856209150327,149.04960474814288
AP/US_770,,,,,,,480,640,"[[265, 111, 393, 134]]",0.5268120212139069,0.3576,0.3646003262642741,0.9490445859872612,0.994912785951714,0.9719786859694876,11.180339887498949,5.418435865044738,1.6029723991507432,149.04960474814288
AP/US_771,,,,,,,480,640,"[[265, 111, 393, 132]]",0.47701149425287354,0.3132075471698113,0.31882202304737517,0.9467680608365019,0.994791309711466,0.970779685273984,10.770329614269007,5.507475276327951,1.9695817490494296,149.04960474814288
AP/US_772,,,,,,,480,640,"[[273, 111, 392, 132]]",0.43256464011180995,0.2759696834596522,0.28123580190822356,0.9364599092284418,0.9948391558659746,0.9656495325472082,11.40175425099138,5.630986590593565,2.329803328290469,151.69154823524877
AP/US_773,,,,,,,480,640,"[[272, 112, 391, 132]]",0.5085207907293797,0.34095063985374774,0.3466542750929368,0.9539641943734015,0.9954114967136395,0.9746878455435205,10.0,5.230360481208482,1.751918158567775,151.69154823524877
AP/US_774,,,,,,,480,640,"[[269, 113, 388, 130]]",0.5368461244749905,0.36691022964509395,0.3721545791424034,0.963013698630137,0.9961301269292263,0.9795719127796816,8.469555621796978,4.543595398669689,1.5876712328767124,151.69154823524877
AP/US_775,,,,,,,480,640,"[[271, 112, 389, 131]]",0.5512544802867384,0.38050470064324593,0.3868209255533199,0.9588528678304239,0.9960215145007474,0.9774371911655857,8.94427190999916,4.756405809556762,1.4788029925187032,151.69154823524877
AP/US_776,,,,,,,480,640,"[[270, 113, 390, 130]]",0.5571428571428572,0.38613861386138615,0.3922710428798306,0.9610894941634242,0.9962536182933077,0.9786715562283659,8.0,4.429691948885297,1.450064850843061,150.19270151969977
AP/US_777,,,,,,,480,640,"[[271, 112, 389, 129]]",0.5293894577171028,0.3599793708096957,0.36487192890747516,0.9640883977900553,0.9960355786423734,0.9800619882162143,8.246211251235321,4.7212840855618925,1.6422651933701657,150.19270151969977
AP/US_778,,,,,,,480,640,"[[270, 112, 389, 129]]",0.5111531190926276,0.34332148298628745,0.34845360824742266,0.9588652482269504,0.995875952299385,0.9773706002631677,9.055385138137417,4.75687368050802,1.75177304964539,150.19270151969977
AP/US_779,,,,,,,480,640,"[[274, 112, 393, 131]]",0.5243445692883895,0.3553299492385787,0.3604531410916581,0.9615384615384616,0.9959474274974549,0.9787429445179583,8.980495168499704,4.752194704923426,1.6675824175824177,150.19270151969977
AP/US_780,,,,,,,480,640,"[[274, 113, 393, 131]]",0.5340433624952453,0.3642968344577063,0.372809346787042,0.9410187667560321,0.9961462405450736,0.9685825036505529,8.526387033993842,4.548766040832882,1.5241286863270778,150.77921224292368
AP/US_781,,,,,,,480,640,"[[275, 111, 394, 131]]",0.599250936329588,0.42780748663101603,0.4330708661417323,0.9723756906077348,0.9962389199954292,0.9843073053015821,8.0,4.506036369514902,1.245303867403315,150.77921224292368
AP/US_782,,,,,,,480,640,"[[275, 112, 390, 132]]",0.6041447137337548,0.43281328636134875,0.44012282497441146,0.9630459126539753,0.9964284198532845,0.9797371662536298,8.858785249260027,4.236207118487312,1.1881298992161253,150.77921224292368
AP/US_783,,,,,,,480,640,"[[275, 112, 391, 129]]",0.5720966484801248,0.40065502183406115,0.40574903261470424,0.9696169088507266,0.9964920066700822,0.9830544577604043,8.0,4.219425914631414,1.3896961690885072,150.77921224292368
AP/US_784,,,,,,,480,640,"[[273, 111, 394, 131]]",0.5581395348837209,0.3870967741935484,0.39492242595204513,0.9513023782559457,0.9957984702122311,0.9735504242340884,9.055385138137417,4.79840587802033,1.4088335220838053,150.25768300984055
AP/US_785,,,,,,,480,640,"[[274, 110, 397, 130]]",0.5902348578491965,0.4186760192897852,0.42444444444444446,0.9685598377281948,0.995770931440104,0.9821653845841494,10.0,4.814609226068096,1.281947261663286,150.25768300984055
AP/US_786,,,,,,,480,640,"[[273, 111, 387, 131]]",0.5904892234006158,0.41893203883495145,0.42512315270935963,0.9664053751399776,0.9961900968636042,0.9812977360017909,9.433981132056603,4.670254575963465,1.2732362821948489,150.25768300984055
AP/US_787,,,,,,,480,640,"[[274, 112, 391, 131]]",0.553680981595092,0.3828207847295864,0.3879634605051048,0.9665327978580991,0.9962832799809432,0.9814080389195212,8.0,4.438583215644654,1.4912985274431056,150.25768300984055
AP/US_826,,,,,,,480,640,"[[272, 111, 398, 129]]",0.5696081554635234,0.39821826280623607,0.4017977528089888,0.9781181619256017,0.9956543883821004,0.9868862751538511,8.08985077373906,4.784809329132901,1.4343544857768054,150.10821449686773
AP/US_827,,,,,,,480,640,"[[278, 110, 395, 130]]",0.5361842105263158,0.36629213483146067,0.37265660722450844,0.9554513481828839,0.9955214185221334,0.9754863833525087,10.965549442140343,5.285227625262741,1.563892145369285,150.10821449686773
AP/US_909,,,,,,,480,640,"[[346, 114, 432, 139]]",0.4672970843183609,0.30488431876606686,0.3111227701993704,0.9382911392405063,0.9957171002844394,0.9670041197624728,14.0,6.364643518200751,2.0158227848101267,150.10821449686773
AP/US_910,,,,,,,480,640,"[[347, 115, 432, 140]]",0.5215348472983555,0.3527542372881356,0.35653104925053536,0.9708454810495627,0.9960784825489211,0.9834619817992418,11.970469991071957,6.046802899636222,1.7230320699708455,150.10821449686773
AP/US_911,,,,,,,480,640,"[[345, 115, 433, 138]]",0.4983922829581994,0.33190578158458245,0.33750680457267285,0.9523809523809523,0.9960299984668031,0.9742054754238777,11.0,5.9230444615896385,1.8218125960061444,150.28279251419008
AP/US_912,,,,,,,480,640,"[[344, 113, 431, 139]]",0.39886960032297136,0.2491174987392839,0.2530737704918033,0.940952380952381,0.9952457813646368,0.9680990811585088,14.80532133506744,6.743972927155155,2.718095238095238,150.28279251419008
AP/US_913,,,,,,,480,640,"[[343, 115, 429, 137]]",0.45120290512936906,0.2913247362250879,0.2960095294818344,0.9484732824427481,0.9961457694765812,0.9723095259596646,13.0,5.583214396605614,2.204198473282443,150.28279251419008
AP/US_914,,,,,,,480,640,"[[341, 114, 430, 138]]",0.40444634459170586,0.2534833869239014,0.25861126298523784,0.9274509803921569,0.9955785972806417,0.9615147888363993,15.0,6.001382530086523,2.5862745098039217,150.28279251419008
AP/US_915,,,,,,,480,640,"[[344, 115, 430, 138]]",0.4165938864628821,0.26309983452840596,0.2684299380979178,0.9298245614035088,0.9957611506193611,0.9627928560114349,13.024963126763444,5.947163793493949,2.4639376218323585,150.3592332592234
AP/US_916,,,,,,,480,640,"[[345, 114, 430, 138]]",0.3861003861003861,0.23923444976076555,0.2440347071583514,0.9240246406570842,0.9954550345110902,0.9597398375840872,14.89417037710502,6.425317234844263,2.786447638603696,150.3592332592234
AP/US_917,,,,,,,480,640,"[[347, 113, 431, 138]]",0.4306538942107455,0.27441613588110403,0.27976190476190477,0.9349005424954792,0.9956595042508161,0.9652800233731476,13.0,6.500711706150715,2.3417721518987342,150.3592332592234
AP/US_918,,,,,,,480,640,"[[345, 113, 431, 136]]",0.4431137724550898,0.2846153846153846,0.2905215928210881,0.9333333333333333,0.9958747085391902,0.9646040209362619,11.719464915183648,6.335374777212999,2.2126126126126127,150.3592332592234
AP/US_919,,,,,,,480,640,"[[344, 113, 429, 137]]",0.4100346020761246,0.2578890097932535,0.264804469273743,0.9080459770114943,0.9957088542379956,0.9518774156247449,13.001920240520265,6.331592903705764,2.42911877394636,150.8139109937474
AP/US_920,,,,,,,480,640,"[[345, 113, 431, 138]]",0.42492917847025496,0.2697841726618705,0.2750130958617077,0.9341637010676157,0.995486534610844,0.9648251178392299,13.0,6.475126564238661,2.3967971530249113,150.8139109937474
AP/US_921,,,,,,,480,640,"[[347, 110, 429, 138]]",0.4546153846153846,0.29417620706819314,0.3018386108273749,0.9205607476635514,0.9955408112004906,0.958050779432021,14.0,6.887963234162662,2.0498442367601246,150.8139109937474
AP/US_922,,,,,,,480,640,"[[342, 112, 431, 139]]",0.470378301213419,0.3075128324778348,0.3150095602294455,0.928169014084507,0.9953244804071911,0.9617467472458491,14.0,6.920883244106236,1.9464788732394367,150.8139109937474
AP/US_923,,,,,,,480,640,"[[341, 112, 429, 136]]",0.43666666666666665,0.279317697228145,0.2857142857142857,0.9257950530035336,0.9957278057880079,0.9607614293957707,13.0,6.212579199417378,2.2402826855123674,150.5728702468332
AP/US_924,,,,,,,480,640,"[[336, 110, 429, 138]]",0.4628042509427494,0.3010704727921499,0.30850091407678243,0.9259259259259259,0.9950631544257043,0.9604945401758151,15.0,6.853290281254131,2.001371742112483,150.5728702468332
AP/US_925,,,,,,,480,640,"[[338, 111, 430, 138]]",0.4977898673920435,0.3313716613852422,0.3399907106363214,0.9289340101522843,0.9953624531676305,0.9621482316599574,13.0,6.671547148229952,1.732233502538071,150.5728702468332
AP/US_940,,,,,,,480,640,"[[337, 108, 434, 134]]",0.4727272727272727,0.30952380952380953,0.31721644826028017,0.9273447820343461,0.9950692298404598,0.9612070059374029,13.019202405202648,6.832643909621057,1.9233817701453104,150.5728702468332
AP/US_958,,,,,,,480,640,"[[349, 116, 412, 129]]",0.6414814814814814,0.4721919302071974,0.48164627363737483,0.9600886917960089,0.9984808426433338,0.9792847672196714,6.0,3.4163265288630438,0.9933481152993349,150.28320872806944
AP/US_1027,,,,,,,480,640,"[[265, 117, 411, 141]]",0.5716370712721965,0.40020435967302453,0.4055919917155678,0.9678747940691927,0.9943722915427503,0.9811235428059715,14.866068747318506,5.1564302320302815,1.386326194398682,150.28320872806944
AP/US_1028,,,,,,,480,640,"[[255, 120, 413, 141]]",0.6344112564798815,0.4645697758496023,0.4686360320933625,0.9816653934300993,0.9952368654193814,0.9884511294247403,9.0,4.241775870382157,1.0947288006111535,150.28320872806944
AP/US_1116,,,,,,,480,640,"[[267, 125, 367, 137]]",0.5283018867924528,0.358974358974359,0.37042801556420235,0.9206963249516441,0.9973620970187458,0.959029210985195,8.0,3.4332655822603058,1.4854932301740813,150.28320872806944
AP/US_1150,,,,,,,480,640,"[[279, 124, 346, 133]]",0.6737891737891738,0.5080558539205156,0.5091496232508074,0.9957894736842106,0.9985133262694597,0.9971513999768351,6.0,2.9741197405037267,0.9557894736842105,151.02212424972095
AP/US_1361,,,,,,,480,640,"[[289, 110, 414, 130]]",0.6953662182361734,0.5329972502291476,0.5406787540678754,0.974036850921273,0.9967713051378078,0.9854040780295403,7.0,3.716438969365327,0.8015075376884422,151.02212424972095
AP/US_1362,,,,,,,480,640,"[[284, 112, 403, 131]]",0.6829745596868885,0.5185735512630015,0.5250752256770311,0.976679104477612,0.9969065227617205,0.9867928136196662,7.0,3.6342411012397315,0.8600746268656716,151.02212424972095
AP/US_1363,,,,,,,480,640,"[[284, 111, 407, 131]]",0.6069383630852139,0.43568665377176014,0.44166666666666665,0.9698600645855759,0.9962810713387816,0.9830705679621787,7.024873734152914,4.2585278878625585,1.1959095801937567,151.02212424972095
AP/US_1364,,,,,,,480,640,"[[278, 111, 401, 131]]",0.5924713584288053,0.42093023255813955,0.4276937618147448,0.9637912673056444,0.9960458563120999,0.9799185618088722,8.0,4.599766694009936,1.25346112886049,151.15708525991067
AP/US_1365,,,,,,,480,640,"[[281, 113, 399, 130]]",0.6172656539459059,0.44640943193997856,0.4502702702702703,0.9811542991755006,0.9966802785040688,0.9889172888397847,7.280109889280518,3.987191936540116,1.1790341578327443,151.15708525991067
AP/US_1366,,,,,,,480,640,"[[278, 114, 395, 131]]",0.5941240478781284,0.42260061919504643,0.42812336644014637,0.9703791469194313,0.9964289911083837,0.9834040690139074,7.2383014737975,4.196272282174063,1.2665876777251184,151.15708525991067
AP/US_1367,,,,,,,480,640,"[[279, 113, 394, 130]]",0.6690265486725664,0.5026595744680851,0.5069742489270386,0.9833506763787722,0.9969990758851747,0.9901748761319734,7.0,3.6867694464803864,0.9396462018730489,151.15708525991067
AP/US_1368,,,,,,,480,640,"[[272, 113, 394, 132]]",0.6412164348107409,0.4719047619047619,0.4766714766714767,0.9792490118577075,0.9964466275621514,0.9878478197099294,7.2383014737975,4.099678627858966,1.0543478260869565,150.34088175161742
AP/US_1369,,,,,,,480,640,"[[270, 113, 391, 131]]",0.6337535014005602,0.4638646847770374,0.4689119170984456,0.9773218142548596,0.9966533234946486,0.9869875688747541,7.397592015084693,3.9686302298093072,1.0842332613390928,150.34088175161742
AP/US_1370,,,,,,,480,640,"[[269, 112, 386, 130]]",0.5987438939288207,0.42729083665338646,0.4339908952959029,0.9651293588301463,0.996346850096797,0.9807381044634716,7.615773105863909,4.446746917634796,1.2238470191226096,150.34088175161742
AP/US_1371,,,,,,,480,640,"[[275, 114, 385, 131]]",0.6145206578419575,0.44354371742906773,0.45111896348645464,0.9635220125786164,0.9969582741795989,0.9802401433791077,7.0,3.8814617829288744,1.1358490566037736,150.34088175161742
AP/US_1372,,,,,,,480,640,"[[274, 114, 385, 131]]",0.6380554500569693,0.46848856664807587,0.47700170357751276,0.963302752293578,0.9969934188190437,0.9801480855563108,7.0,3.793887344879303,1.0194954128440368,149.61103949462995
AP/US_1373,,,,,,,480,640,"[[273, 113, 385, 131]]",0.6436269044964698,0.4745205479452055,0.4755628775398133,0.9954022988505747,0.9968824470342441,0.9961423729424095,8.0,3.8451560308527597,1.0931034482758621,149.61103949462995
AP/US_1374,,,,,,,480,640,"[[268, 114, 383, 131]]",0.6406308674427338,0.4712707182320442,0.48328611898017,0.9498886414253898,0.997022546375799,0.9734555939005944,7.0,3.7592811640920614,0.965478841870824,149.61103949462995
AP/US_1497,,,,,,,480,640,"[[268, 118, 398, 135]]",0.6474418604651163,0.4786795048143054,0.482886216466235,0.9821260583254939,0.9963480402564865,0.9892370492909902,8.0,3.8188483306277186,1.0338664158043274,149.61103949462995
AP/US_1498,,,,,,,480,640,"[[267, 118, 391, 134]]",0.5963834868645513,0.42489061740398637,0.4284313725490196,0.9809203142536476,0.9961933864169842,0.9885568503353159,8.0,4.088573498711869,1.2895622895622896,149.82293275534175
AP/US_1499,,,,,,,480,640,"[[268, 116, 402, 134]]",0.5998101866497944,0.4283777677361048,0.4340659340659341,0.970317297850563,0.9959637257815382,0.9831405118160506,8.0,4.159146031135263,1.2354145342886387,149.82293275534175
AP/US_1500,,,,,,,480,640,"[[269, 116, 402, 134]]",0.5768025078369906,0.4052863436123348,0.413855150697256,0.9513960703205792,0.9957450699304125,0.9735705701254957,8.0,4.463581048805985,1.2988624612202688,149.82293275534175
AP/US_1501,,,,,,,480,640,"[[271, 119, 390, 132]]",0.5537052456286428,0.3828439838802533,0.38461538461538464,0.9881129271916791,0.9965288539019401,0.9923208905468096,7.0,3.977085641015152,1.5690936106983655,149.82293275534175
AP/US_1502,,,,,,,480,640,"[[303, 117, 401, 130]]",0.633901705115346,0.46402349486049926,0.4650478292862399,0.9952755905511811,0.9976285616427185,0.9964520760969497,6.324555320336759,3.344228890948325,1.1401574803149606,149.9725442554336
AP/US_1503,,,,,,,480,640,"[[273, 114, 405, 135]]",0.5493349829879369,0.3786780383795309,0.3884514435695538,0.9376979936642027,0.995435146757746,0.9665665702109744,8.94427190999916,4.999102314937656,1.4139387539598733,149.9725442554336
AP/US_1504,,,,,,,480,640,"[[304, 116, 397, 129]]",0.6754063974829575,0.5098970704671417,0.5214574898785425,0.9583333333333334,0.9980719542749765,0.9782026438041549,6.0,3.0357270196099386,0.8377976190476191,149.9725442554336
AP/US_1505,,,,,,,480,640,"[[302, 118, 390, 129]]",0.6069594980034227,0.4357084357084357,0.4385820280296785,0.9851851851851852,0.9977792995499902,0.9914822423675878,6.0,3.533571810086555,1.2462962962962962,149.9725442554336
AP/US_1506,,,,,,,480,640,"[[300, 119, 386, 129]]",0.6230859835100118,0.4525235243798118,0.45564168819982775,0.9851024208566108,0.9979391057936562,0.9915207633251335,6.0,3.399312314297569,1.1620111731843576,151.13508925423957
AP/US_1507,,,,,,,480,640,"[[299, 118, 390, 129]]",0.6477953184540011,0.47906602254428343,0.4857142857142857,0.9722222222222222,0.9979451250538182,0.9850836736380202,6.0,3.2346095517833016,1.0016339869281046,151.13508925423957
AP/US_1508,,,,,,,480,640,"[[251, 118, 397, 137]]",0.48489840746842394,0.3200434940195723,0.3224981738495252,0.9767699115044248,0.993943766813801,0.985356839159113,9.137464797715152,5.831517638163097,2.0287610619469025,151.13508925423957
AP/US_1509,,,,,,,480,640,"[[256, 118, 392, 137]]",0.5247299602046618,0.3556840077071291,0.35830745341614906,0.9798301486199575,0.9946025899731599,0.9872163692965588,9.366553145059614,5.507103137060536,1.7346072186836519,151.13508925423957
AP/US_1510,,,,,,,480,640,"[[254, 119, 392, 137]]",0.5511955855303495,0.38044858231062206,0.38271604938271603,0.9846659364731654,0.9952658780816686,0.989965907277417,8.0,4.86586670974464,1.5728368017524643,151.19182324269786
AP/US_1511,,,,,,,480,640,"[[274, 120, 385, 134]]",0.695583596214511,0.5332527206771464,0.5407725321888412,0.974585635359116,0.9975546450317504,0.9860701401954333,5.0,3.172476244052058,0.8022099447513812,151.19182324269786
AP/US_1512,,,,,,,480,640,"[[275, 120, 376, 135]]",0.6649168853893264,0.4980340760157274,0.5053191489361702,0.9718670076726342,0.997571944206933,0.9847194759397836,6.0,3.49234362460426,0.9232736572890026,151.19182324269786
AP/US_1513,,,,,,,480,640,"[[278, 121, 381, 133]]",0.7008547008547008,0.5394736842105263,0.5424791086350975,0.9898348157560356,0.9978558350983803,0.9938453254272079,6.0,2.9248141004600527,0.8246505717916137,151.19182324269786
AP/US_1514,,,,,,,480,640,"[[288, 123, 377, 134]]",0.6320346320346321,0.4620253164556962,0.46386020651310567,0.9915110356536503,0.9977985134258066,0.9946547745397285,7.0,3.4033577923117138,1.137521222410866,149.78688774863258
AP/US_1515,,,,,,,480,640,"[[278, 121, 376, 134]]",0.6308476146364057,0.46075778078484436,0.4623217922606925,0.9927113702623906,0.9974161049739979,0.9950637376181943,7.0,3.6671534185189167,1.1472303206997085,149.78688774863258
AP/US_1516,,,,,,,480,640,"[[284, 121, 379, 132]]",0.6388583973655324,0.4693548387096774,0.47278635255889523,0.9847715736040609,0.997883297620096,0.9913274356120785,6.0,3.036128616754414,1.0829103214890017,149.78688774863258
AP/US_1517,,,,,,,480,640,"[[276, 120, 378, 135]]",0.6074201898188093,0.436183395291202,0.4441640378548896,0.9604365620736699,0.9971253022348247,0.9787809321542473,7.0,4.046771870951002,1.1623465211459754,149.78688774863258
AP/US_1577,,,,,,,480,640,"[[230, 122, 404, 137]]",0.6390041493775933,0.4695121951219512,0.47384615384615386,0.9808917197452229,0.9955285934680856,0.9882101566066543,8.0,3.6910860756973656,1.070063694267516,150.61708074063063
AP/US_1678,,,,,,,480,640,"[[242, 107, 428, 128]]",0.4719617224880383,0.3088677354709419,0.3186046511627907,0.9099630996309963,0.9913779855809315,0.9506705426059638,14.0,6.682431230664141,1.8560885608856088,150.61708074063063
AP/US_1700,,,,,,,480,640,"[[237, 104, 418, 128]]",0.5101966496722505,0.34245905646541186,0.349812734082397,0.9421654337592468,0.9914822071681609,0.9668238204637039,16.320074626605905,6.48027570894473,1.6933422999327505,150.61708074063063
AP/US_1701,,,,,,,480,640,"[[240, 107, 407, 128]]",0.5773950484391819,0.40587167070217917,0.41009174311926605,0.9752727272727273,0.993692471184501,0.9844825992286141,14.0,4.927130222795556,1.3781818181818182,150.61708074063063
AP/US_1702,,,,,,,480,640,"[[237, 105, 418, 128]]",0.5120481927710844,0.3441295546558704,0.34889687018984095,0.9618104667609618,0.9917000778322095,0.9767552722965857,17.070345661174205,6.117320920483714,1.7567185289957568,150.6128105102107
AP/US_1713,,,,,,,480,640,"[[346, 104, 403, 127]]",0.46964064436183395,0.3068825910931174,0.31091058244462677,0.959493670886076,0.9972621045941233,0.9783778877400997,11.40175425099138,5.8919444272048525,2.0860759493670886,150.6128105102107
AP/US_1714,,,,,,,480,640,"[[345, 102, 409, 127]]",0.4696652719665272,0.3069036226930964,0.31158917418459403,0.9532908704883227,0.9967658747624124,0.9750283726253676,11.704699910719626,6.403613693337261,2.059447983014862,150.6128105102107
AP/US_1715,,,,,,,480,640,"[[346, 102, 411, 128]]",0.45213849287169044,0.29210526315789476,0.29580279813457694,0.958963282937365,0.9965540511904335,0.9777586670638992,12.457672841961761,6.582180631970647,2.2419006479481642,150.6128105102107
AP/US_1716,,,,,,,480,640,"[[341, 101, 411, 128]]",0.45896946564885494,0.2978328173374613,0.30289672544080604,0.9468503937007874,0.9963905155661054,0.9716204546334464,13.235523325323964,6.583881022841087,2.125984251968504,151.9610957475379
AP/US_1746,,,,,,,480,640,"[[253, 105, 406, 134]]",0.49499399279134965,0.3288983501862693,0.3332434618495551,0.9618677042801557,0.9919160551133485,0.9768918796967521,16.0,6.974275764456183,1.8863813229571984,151.9610957475379
AP/US_1798,,,,,,,480,640,"[[273, 116, 410, 139]]",0.46440177252584935,0.3024240092343209,0.3089622641509434,0.9346016646848989,0.994261634226512,0.9644316494557055,12.649110640673518,5.429912816818173,2.0249702734839476,151.9610957475379
AP/US_1799,,,,,,,480,640,"[[270, 117, 407, 139]]",0.47808056872037913,0.3141300116776956,0.31897233201581027,0.9539007092198581,0.9943757874876776,0.9741382483537679,12.0,5.349327883162657,1.9905437352245863,151.9610957475379
AP/US_1800,,,,,,,480,640,"[[272, 120, 373, 141]]",0.4890131841789852,0.32363828662083555,0.3277986073915372,0.9622641509433962,0.9959062381753891,0.9790851945593927,11.045361017187261,5.406257141307868,1.9355345911949686,150.08218822185881
AP/US_1801,,,,,,,480,640,"[[279, 117, 378, 140]]",0.47898872565767,0.31491464510332434,0.32053040695016005,0.9472972972972973,0.9951510800757032,0.9712241886865003,11.058858904218425,6.796670227469183,1.9554054054054053,150.08218822185881
AP/US_1802,,,,,,,480,640,"[[272, 119, 378, 140]]",0.45285876561908367,0.29270680372001956,0.296039603960396,0.9629629629629629,0.9953617175344691,0.979162340248716,11.0,5.751891184470793,2.252818035426731,150.08218822185881
AP/US_1803,,,,,,,480,640,"[[287, 118, 391, 136]]",0.4885245901639344,0.3232104121475054,0.3276525563496427,0.9597423510466989,0.9960108161354823,0.9778765835910905,10.04987562112089,5.111898523511278,1.92914653784219,150.08218822185881
AP/US_1804,,,,,,,480,640,"[[294, 117, 391, 133]]",0.5554493307839388,0.38451356717405694,0.39019476158495636,0.9635157545605307,0.9970384576496182,0.9802771061050745,8.58403056178568,4.142379805456963,1.4693200663349917,152.27615548064932
AP/US_1805,,,,,,,480,640,"[[299, 117, 389, 133]]",0.5408872260823089,0.3706959706959707,0.37509266123054114,0.9693486590038314,0.9972511885430321,0.9832999237734317,9.0,4.056990849104988,1.5842911877394636,152.27615548064932
AP/US_1806,,,,,,,480,640,"[[300, 115, 394, 133]]",0.6544622425629291,0.48639455782312924,0.4893908281998631,0.9875690607734806,0.9975658779153995,0.9925674693444401,8.0,3.501323791796597,1.0179558011049723,152.27615548064932
AP/US_1812,,,,,,,480,640,"[[272, 115, 401, 145]]",0.38657407407407407,0.23959827833572453,0.24645808736717828,0.8959227467811158,0.9916641634124361,0.9437934550967759,18.00416345659799,7.913727124008051,2.6351931330472103,152.27615548064932
AP/US_1813,,,,,,,480,640,"[[285, 110, 425, 140]]",0.5078878177037687,0.3403817914831131,0.3438148917235242,0.9715004191114837,0.9927714071900317,0.9821359131507577,15.033296378372908,6.576851105471932,1.8256496227996648,152.66369949677028
AP/US_1814,,,,,,,480,640,"[[281, 107, 425, 141]]",0.4113252064490759,0.2589108910891089,0.26241846462619167,0.9509090909090909,0.9903952956550147,0.9706521932820529,16.978335849521812,8.769227030544448,2.6236363636363635,152.66369949677028
AP/US_1815,,,,,,,480,640,"[[268, 112, 412, 145]]",0.4204872434298868,0.2662132620840418,0.2761400856638952,0.8810289389067524,0.9906097608806496,0.935819349893701,18.384776310850235,8.402711777778466,2.190514469453376,152.66369949677028
AP/US_1816,,,,,,,480,640,"[[277, 107, 434, 144]]",0.40310077519379844,0.2524271844660194,0.25680421422300265,0.9367493995196157,0.9889328683351256,0.9628411339273706,19.0,9.416939227008328,2.647718174539632,152.66369949677028
AP/US_1817,,,,,,,480,640,"[[259, 103, 436, 149]]",0.3525107241988393,0.21396844846071375,0.2169928549238894,0.9388440860215054,0.9835106243785,0.9611773552000027,23.0,11.970764732980612,3.3266129032258065,154.90657373447903
AP/US_1818,,,,,,,480,640,"[[269, 112, 418, 149]]",0.36286295542814867,0.22164482602801627,0.22433112279899384,0.9487427466150871,0.988921042832973,0.96883189472403,19.1049731745428,9.139749860022516,3.2292069632495166,154.90657373447903
AP/US_1819,,,,,,,480,640,"[[241, 114, 413, 156]]",0.41966922622563496,0.26555783965613905,0.26760828625235406,0.9719562243502052,0.9872799586574126,0.9796180915038089,19.034165148850676,9.395141743918762,2.632010943912449,154.90657373447903
BM/US_637,,,,,,,480,640,"[[161, 174, 232, 185], [292, 183, 386, 191]]",0.7625396825396825,0.616213442791175,0.6415598290598291,0.9397496087636933,0.9978066304482842,0.9687781196059888,5.0,2.062915428378089,0.4647887323943662,154.90657373447903
BM/US_639,,,,,,,480,640,"[[291, 182, 378, 190]]",0.7423382519863791,0.5902527075812274,0.5945454545454546,0.9879154078549849,0.9985450417240277,0.9932302247895063,4.0,2.411920003058142,0.6616314199395771,151.86301051289774
BM/US_646,,,,,,,480,640,"[[297, 180, 384, 188]]",0.7698795180722892,0.6258570029382958,0.6422110552763819,0.9609022556390977,0.9988386318038723,0.979870443721485,4.0,2.007089836723531,0.49624060150375937,151.86301051289774
BM/US_666,,,,,,,480,640,"[[302, 180, 386, 186]]",0.7366197183098592,0.5830546265328874,0.5997706422018348,0.9543795620437956,0.9988619020909696,0.9766207320673825,3.0,2.748897940317153,0.5912408759124088,151.86301051289774
BM/US_671,,,,,,,480,640,"[[300, 182, 392, 189]]",0.7518159806295399,0.6023278370514064,0.6106194690265486,0.9779527559055118,0.9987082674147407,0.9883305116601262,4.0,2.0347966490845724,0.6015748031496063,151.86301051289774
BM/US_672,,,,,,,480,640,"[[299, 182, 408, 189]]",0.6752730883813307,0.5097451274362819,0.5182926829268293,0.9686609686609686,0.9979379963327656,0.983299482496867,4.0,2.776905085785397,0.8689458689458689,152.02362602576613
BM/US_693,,,,,,,480,640,"[[178, 174, 375, 192]]",0.611454119650841,0.44035571910456917,0.4480499219968799,0.9624664879356568,0.9942134324257135,0.9783399601806851,9.481547795660283,4.372234209339972,1.1481233243967828,152.02362602576613
BM/US_695,,,,,,,480,640,"[[219, 172, 379, 196]]",0.7886700597477317,0.6510778224333211,0.6575645756457564,0.9850746268656716,0.9969612725980792,0.9910179497318754,5.327935748426147,2.710988343899241,0.498065229408513,152.02362602576613
BM/US_778,,,,,,,480,640,"[[229, 159, 363, 176]]",0.5839924074659918,0.41242180518319926,0.4148314606741573,0.9861111111111112,0.9957487657707076,0.9909299384409094,9.219544457292887,4.395572259591486,1.3771367521367521,152.02362602576613
BM/US_810,,,,,,,480,640,"[[195, 163, 256, 170], [294, 167, 426, 194]]",0.5433455433455433,0.3730092204526404,0.37584459459459457,0.9801762114537445,0.9927510642889373,0.986463637871341,13.0,5.061626807568573,1.6079295154185023,151.32487722439691
BM/US_848,,,,,,,480,640,"[[282, 173, 393, 189]]",0.5937950937950938,0.42226782965623394,0.4306645735217164,0.9558652729384437,0.9964483790833032,0.9761568260108735,9.0,4.507233575147011,1.2195121951219512,151.32487722439691
BM/US_889,,,,,,,480,640,"[[280, 173, 388, 187]]",0.6532066508313539,0.48500881834215165,0.49165673420738976,0.972877358490566,0.9972156212461483,0.9850464898683571,7.133780435089979,3.72901248240003,0.9787735849056604,151.32487722439691
BM/US_891,,,,,,,480,640,"[[274, 171, 388, 188]]",0.6435805292388108,0.47447013487475914,0.48402948402948404,0.9600389863547758,0.9965705775147465,0.9783047819347612,8.06225774829855,4.1133196993809955,0.9834307992202729,151.32487722439691
BM/US_892,,,,,,,480,640,"[[271, 172, 369, 189]]",0.5496794871794872,0.37900552486187844,0.383668903803132,0.9689265536723164,0.9964044738524986,0.9826655137624075,9.0,5.176566694781982,1.5254237288135593,151.5905759879388
BM/US_893,,,,,,,480,640,"[[268, 171, 375, 190]]",0.6596692111959288,0.4921689606074988,0.5,0.9691588785046729,0.9966125502237612,0.982885714364217,9.0,4.379456610197257,0.9383177570093458,151.5905759879388
BM/US_894,,,,,,,480,640,"[[272, 172, 382, 189]]",0.5820143884892086,0.4104515474378488,0.41658084449021626,0.9653937947494033,0.9963017606622231,0.9808477777058132,8.523450915439893,4.871116542305651,1.3174224343675418,151.5905759879388
BM/US_895,,,,,,,480,640,"[[266, 173, 381, 190]]",0.6638036809815951,0.4967860422405877,0.5041938490214353,0.9712746858168761,0.9965238527734036,0.9838992692951398,9.0,4.3168721078237935,0.926391382405745,151.5905759879388
BM/US_896,,,,,,,480,640,"[[261, 172, 371, 191]]",0.5619016176956091,0.3907254361799816,0.39562993956299397,0.969248291571754,0.9957560997904166,0.9825021956810853,10.0,5.426790365557233,1.4498861047835991,151.5112052729819
BM/US_897,,,,,,,480,640,"[[257, 171, 376, 189]]",0.6893203883495146,0.5259259259259259,0.5296182536200088,0.9869174161896974,0.996496468688823,0.9917069424392602,9.0,4.126518493475682,0.8634505314799673,151.5112052729819
BM/US_898,,,,,,,480,640,"[[254, 171, 374, 188]]",0.6749766282330945,0.5094073377234243,0.5186781609195402,0.9661016949152542,0.996716533966721,0.9814091144409876,8.0,3.9176006258879768,0.8626226583407671,151.5112052729819
BM/US_899,,,,,,,480,640,"[[255, 171, 376, 187]]",0.6842105263157895,0.52,0.532051282051282,0.9582593250444049,0.9968994426184518,0.9775793838314284,8.0,3.7458666138550765,0.8010657193605684,151.5112052729819
BM/US_900,,,,,,,480,640,"[[249, 172, 368, 189]]",0.6506024096385542,0.48214285714285715,0.4932084309133489,0.9555353901996371,0.9964651843527237,0.9760002872761804,8.0,4.286323759539733,0.9373865698729582,152.45977451559156
BM/US_901,,,,,,,480,640,"[[251, 172, 365, 189]]",0.5664383561643835,0.39512661251791686,0.4022373540856031,0.9571759259259259,0.995988065392249,0.9765819956590875,9.0,4.960980868973707,1.3796296296296295,152.45977451559156
BM/US_902,,,,,,,480,640,"[[251, 172, 358, 191]]",0.5498595505617978,0.3791767554479419,0.38495575221238937,0.961916461916462,0.9959169152637523,0.978916688590107,10.0,5.198062583328635,1.4987714987714988,152.45977451559156
BM/US_903,,,,,,,480,640,"[[245, 172, 355, 191]]",0.576703591809332,0.405188679245283,0.4131794131794132,0.9544444444444444,0.996016976820111,0.9752307106322777,10.0,5.06494873804448,1.31,152.45977451559156
BM/US_904,,,,,,,480,640,"[[239, 173, 353, 195]]",0.49818401937046003,0.3317210802095929,0.33966157655798596,0.9341657207718501,0.9947766870484691,0.9644712039101596,13.0,6.012972293077673,1.7502837684449488,152.05407049506903
BM/US_905,,,,,,,480,640,"[[237, 173, 354, 191]]",0.5677966101694916,0.39644970414201186,0.4038015762633287,0.9560922063666301,0.9958013510116263,0.9759467786891282,9.794554078602447,4.965447541094376,1.3677277716794731,152.05407049506903
BM/US_906,,,,,,,480,640,"[[235, 173, 346, 190]]",0.5449927431059507,0.3745635910224439,0.3798684876074861,0.9640564826700898,0.9959989687390878,0.9800277257045888,9.219544457292887,5.08087425236084,1.5378690629011553,152.05407049506903
BM/US_907,,,,,,,480,640,"[[239, 173, 343, 190]]",0.596102407336645,0.42460533478497553,0.42786615469007133,0.982367758186398,0.9965960196601894,0.9894818889232937,8.06225774829855,4.51570603033391,1.2959697732997482,152.05407049506903
BM/US_908,,,,,,,480,640,"[[235, 174, 347, 190]]",0.5915593705293276,0.42001015744032505,0.4320794148380355,0.937641723356009,0.9964514001788991,0.9670465617674541,9.0,4.6328763505785435,1.1700680272108843,151.41928623779677
BM/US_909,,,,,,,480,640,"[[233, 173, 343, 190]]",0.5841900035448423,0.4126189283925889,0.42256410256410254,0.9460390355912744,0.996324213509005,0.9711816245501397,9.486832980505138,4.677659894047222,1.2388059701492538,151.41928623779677
BM/US_910,,,,,,,480,640,"[[229, 173, 346, 193]]",0.5348258706467661,0.36502546689303905,0.37245560848852316,0.948180815876516,0.9952692356665024,0.9717250257715092,11.036288813749806,5.411984113777122,1.545755237045204,151.41928623779677
BM/US_911,,,,,,,480,640,"[[225, 175, 339, 191]]",0.596401028277635,0.4249084249084249,0.43726440495422725,0.9376443418013857,0.9965886907754281,0.9671165162884069,10.0,4.1048157709241275,1.1443418013856812,151.41928623779677
BM/US_912,,,,,,,480,640,"[[224, 173, 339, 190]]",0.5885135135135136,0.4169459071325993,0.42467089224768406,0.9581958195819582,0.996147454544861,0.9771716370634096,9.848857801796104,4.707471957591013,1.2563256325632564,152.83254976384342
BM/US_913,,,,,,,480,640,"[[224, 173, 338, 190]]",0.6046511627906976,0.43333333333333335,0.44274432379072065,0.953241232731137,0.9963135777234302,0.9747774052272836,9.722149114344258,4.554420354831585,1.153028692879915,152.83254976384342
BM/US_914,,,,,,,480,640,"[[222, 173, 337, 190]]",0.5783378746594006,0.4068040249161476,0.4167893961708395,0.9443826473859844,0.9961214622218014,0.9702520548038929,9.0,4.780439711298697,1.2658509454949944,152.83254976384342
BM/US_985,,,,,,,480,640,"[[146, 170, 201, 183], [273, 203, 346, 220]]",0.699382515437114,0.5377311344327836,0.5426122037317196,0.9835466179159049,0.9970369741200761,0.9902917960179904,6.324555320336759,3.0901920886558027,0.8126142595978062,152.83254976384342
BM/US_991,,,,,,,480,640,"[[262, 201, 350, 226]]",0.4895700297999149,0.3241262683201804,0.3297018348623853,0.9504132231404959,0.9961871524323619,0.9733001877864289,11.018144406874903,5.7576910941366535,1.8826446280991735,154.56211002310738
BM/US_1033,,,,,,,480,640,"[[189, 203, 270, 218], [339, 234, 389, 241]]",0.6099729416312331,0.43882091212458285,0.4437570303712036,0.9752781211372065,0.9967720983971461,0.9860251097671763,7.0,3.347023155736163,1.1977750309023485,154.56211002310738
BM/US_1043,,,,,,,480,640,"[[188, 205, 280, 220], [343, 228, 393, 235]]",0.6598075008297378,0.4923229321446261,0.5045685279187817,0.9530201342281879,0.9968120931417541,0.974916113684971,9.0,3.134207070313252,0.8887823585810163,154.56211002310738
BM/US_1081,,,,,,,480,640,"[[167, 201, 231, 211], [292, 206, 386, 218]]",0.7116719242902209,0.5523996082272282,0.5581395348837209,0.9817232375979112,0.9970821856487971,0.9894027116233541,5.0,2.6014853268745948,0.7589208006962577,154.56211002310738
BM/US_1093,,,,,,,480,640,"[[275, 201, 365, 211]]",0.7163695299837926,0.5580808080808081,0.5632965165675446,0.983679525222552,0.9983231438768653,0.9910013345497086,4.920820393249919,2.658686219701732,0.7462908011869436,153.05991322384216
BM/US_1095,,,,,,,480,640,"[[277, 200, 359, 212]]",0.6283744974152786,0.4581239530988275,0.46395250212044103,0.9733096085409253,0.9979389377702699,0.9856242731555975,7.0,3.4642861438878043,1.097864768683274,153.05991322384216
BM/US_1100,,,,,,,480,640,"[[266, 197, 356, 209]]",0.7022078621432418,0.5410788381742738,0.5511411665257819,0.9673590504451038,0.9982676836548938,0.9828133670499988,5.0,2.7382864829948024,0.755192878338279,153.05991322384216
BM/US_1101,,,,,,,480,640,"[[268, 197, 360, 207]]",0.7680180180180181,0.623400365630713,0.6446124763705104,0.9498607242339833,0.9987731742810344,0.9743169492575088,4.0,2.0682147263466155,0.4735376044568245,153.05991322384216
BM/US_1119,,,,,,,480,640,"[[268, 182, 430, 201]]",0.5425005886508123,0.3722132471728595,0.38095238095238093,0.9419460343417825,0.9938818930834671,0.9679139637126248,12.36931687685298,5.164959504058379,1.472608340147179,153.76705676317215
BM/US_1126,,,,,,,480,640,"[[228, 181, 401, 197]]",0.5347170743760811,0.3649241146711636,0.37660981552384265,0.9216354344122658,0.9941475560900054,0.9578914952511356,9.219544457292887,4.9069086752255835,1.4471890971039183,153.76705676317215
BM/US_1537,,,,,,,480,640,"[[310, 218, 407, 230]]",0.7024567788898999,0.541374474053296,0.5471296952515946,0.9809402795425667,0.9979145793422602,0.9894274294424135,6.0,3.0773413919970416,0.7928843710292249,153.76705676317215
BM/US_1538,,,,,,,480,640,"[[312, 216, 410, 227]]",0.7811607992388202,0.6409055425448869,0.6434169278996865,0.9939467312348669,0.998514887033495,0.9962308091341809,5.0,2.1430415695267433,0.5447941888619855,153.76705676317215
BM/US_1539,,,,,,,480,640,"[[317, 216, 414, 226]]",0.7503797468354431,0.600486223662885,0.609375,0.9762845849802372,0.9984499463191936,0.9873672656497154,5.0,2.3405012158676786,0.6021080368906456,153.78608126775362
BM/US_1540,,,,,,,480,640,"[[316, 215, 420, 227]]",0.7058311575282855,0.5453934095494284,0.5494579945799458,0.98661800486618,0.9978294786179164,0.9922237417420482,5.127634042946947,3.016615044354554,0.7956204379562044,153.78608126775362
BM/US_1541,,,,,,,480,640,"[[317, 215, 417, 224]]",0.7126099706744868,0.5535307517084282,0.5586206896551724,0.9838056680161943,0.9981204663592846,0.9909630671877394,4.0,2.6774628614100036,0.7611336032388664,153.78608126775362
BM/US_1542,,,,,,,480,640,"[[319, 213, 415, 222]]",0.6363137685134393,0.4666130329847144,0.46963562753036436,0.9863945578231292,0.9978637496249332,0.9921291537240312,5.0,3.129340517445987,1.1003401360544218,153.78608126775362
BM/US_1567,,,,,,,480,640,"[[355, 204, 426, 212]]",0.7222625090645395,0.565266742338252,0.565266742338252,1.0,0.9987512308364471,0.9993756154182236,4.061552812808831,2.39521354787284,0.7690763052208835,155.30980000039563
BM/US_1583,,,,,,,480,640,"[[216, 195, 303, 205], [372, 201, 427, 210]]",0.7048903878583473,0.5442708333333334,0.5451225873761085,0.9971374045801527,0.9971517416185425,0.9971445730993476,5.0,2.7091996128255564,0.8291984732824428,155.30980000039563
BM/US_1584,,,,,,,480,640,"[[208, 194, 310, 204], [377, 200, 438, 211]]",0.6856663872590109,0.5216836734693877,0.52190557209698,0.999185667752443,0.9963264612448198,0.9977560644986314,6.0,3.0778401364209067,0.9144951140065146,155.30980000039563
BM/US_1587,,,,,,,480,640,"[[210, 193, 315, 203]]",0.6930232558139535,0.5302491103202847,0.5306267806267806,0.9986595174262735,0.9978495956978861,0.9982545565620797,4.0,2.8295559038891915,0.8820375335120644,155.30980000039563
BM/US_1588,,,,,,,480,640,"[[204, 192, 314, 202]]",0.6936251189343482,0.5309541150764748,0.5352422907488987,0.9851351351351352,0.9979344775827188,0.991534806358927,4.277064977301324,2.747224760659864,0.8405405405405405,155.68341323523782
BM/US_1589,,,,,,,480,640,"[[205, 192, 318, 201]]",0.649746192893401,0.48120300751879697,0.4859529233105543,0.9800918836140888,0.9977915295207587,0.9889417065674238,5.0,2.856763204496075,1.0168453292496171,155.68341323523782
BM/US_1590,,,,,,,480,640,"[[211, 192, 319, 200]]",0.6348012889366272,0.46498819826907944,0.46904761904761905,0.9817275747508306,0.997817989680298,0.9897727822155643,5.0,2.941563263780531,1.0930232558139534,155.68341323523782
BM/US_1591,,,,,,,480,640,"[[204, 191, 314, 198]]",0.6381679389312978,0.46860986547085204,0.4724943481537302,0.9827586206896551,0.9977166119740868,0.9902376163318709,6.0,3.0651637728219905,1.0799373040752351,155.68341323523782
BM/US_1592,,,,,,,480,640,"[[202, 191, 315, 200]]",0.6438356164383562,0.47474747474747475,0.47602970965563807,0.9943582510578279,0.9974681148875497,0.9959131829726888,5.0,3.1648136813300156,1.0888575458392102,153.44559398363344
BM/US_1608,,,,,,,480,640,"[[198, 186, 300, 193]]",0.7111770524233432,0.5518035303146585,0.5599688473520249,0.9742547425474255,0.9981563782785468,0.9862055604129861,4.0,2.5784386940592086,0.7398373983739838,153.44559398363344
BM/US_1609,,,,,,,480,640,"[[200, 184, 303, 194]]",0.726693951796271,0.5707142857142857,0.5760634462869503,0.9839901477832512,0.9980808647858271,0.9910355062845392,5.0,2.6772327920586747,0.708128078817734,153.44559398363344
BM/US_1610,,,,,,,480,640,"[[205, 183, 306, 195]]",0.6930063578564941,0.5302293259207783,0.5377026074700493,0.9744572158365262,0.9978591266150377,0.986158171225782,6.0,3.057830618978779,0.8122605363984674,153.44559398363344
BM/US_1611,,,,,,,480,640,"[[198, 183, 315, 197]]",0.6777233320768941,0.5125427594070695,0.5226744186046511,0.9635584137191854,0.9973193324778706,0.9804388730985281,7.0,3.361224076167383,0.8435155412647374,151.39723825268447
BM/US_1612,,,,,,,480,640,"[[200, 182, 310, 194]]",0.6981356604522015,0.5362583790371724,0.5398773006134969,0.9876543209876543,0.9975514921207016,0.9926029065541779,6.0,3.192089363572737,0.8294051627384961,151.39723825268447
BM/US_1613,,,,,,,480,640,"[[203, 184, 307, 195]]",0.704619692020532,0.5439481268011528,0.5539251650770359,0.967948717948718,0.9980157953136218,0.9829822566311699,6.0,2.8537839032775083,0.7474358974358974,151.39723825268447
BM/US_1614,,,,,,,480,640,"[[204, 183, 310, 195]]",0.6994818652849741,0.5378486055776892,0.5428954423592494,0.9830097087378641,0.9977739770739222,0.9903918429058931,5.656854249492381,3.028516979570074,0.8106796116504854,151.39723825268447
BM/US_1615,,,,,,,480,640,"[[202, 182, 305, 194]]",0.6524575902566333,0.4841833440929632,0.4873294346978557,0.9868421052631579,0.9974252708523691,0.9921336880577635,7.0815199157362185,3.485822442249668,1.025,153.9325787452981
BM/US_1616,,,,,,,480,640,"[[207, 182, 302, 194]]",0.6489618541767262,0.48034310221586846,0.4851985559566787,0.9795918367346939,0.9976738419778542,0.988632839356274,7.0,3.4994992879521165,1.0189504373177842,153.9325787452981
BM/US_1617,,,,,,,480,640,"[[203, 180, 299, 192]]",0.6546296296296297,0.4865794907088782,0.4882596685082873,0.9929775280898876,0.9975822870715982,0.9952799075807429,6.0,3.5736328262096517,1.0337078651685394,153.9325787452981
BM/US_1618,,,,,,,480,640,"[[206, 182, 305, 192]]",0.7082906857727738,0.5483359746434231,0.5518341307814992,0.9885714285714285,0.9981663947797716,0.9933689116756002,4.4606611916055625,2.641866960975617,0.7914285714285715,153.9325787452981
BM/US_1619,,,,,,,480,640,"[[206, 181, 307, 191]]",0.6616470588235294,0.49437412095639943,0.4982282069454288,0.9845938375350141,0.9976899434231906,0.9911418904791023,6.0,3.079572640101691,0.9761904761904762,153.0141702387482
BM/US_1620,,,,,,,480,640,"[[196, 181, 301, 192]]",0.6621315192743764,0.49491525423728816,0.4989747095010253,0.9838274932614556,0.9976081551142407,0.9907178241878482,5.0,3.2252843331752574,0.9716981132075472,153.0141702387482
BM/US_1621,,,,,,,480,640,"[[208, 181, 302, 192]]",0.713216957605985,0.5542635658914729,0.5559875583203733,0.9944367176634215,0.9981369155021029,0.9962868165827622,6.0,2.673325064062545,0.7885952712100139,153.0141702387482
BM/US_1628,,,,,,,480,640,"[[198, 180, 300, 192]]",0.681657848324515,0.517056856187291,0.5212407282535402,0.9847133757961783,0.9976828810600004,0.9911981284280893,6.0,3.223003563995033,0.889171974522293,153.0141702387482
BM/US_1641,,,,,,,480,640,"[[206, 180, 312, 191]]",0.617660656495608,0.4468227424749164,0.45043830074173974,0.9823529411764705,0.9973411196659272,0.9898470304211988,6.0,3.5515693536580373,1.1808823529411765,152.34916275949217
BM/US_1652,,,,,,,480,640,"[[225, 178, 325, 192]]",0.627080521817364,0.4567496723460026,0.4612839179351423,0.9789325842696629,0.9973441048262901,0.9881383445479766,6.0,3.7947120750347865,1.122191011235955,152.34916275949217
BM/US_1653,,,,,,,480,640,"[[221, 178, 329, 192]]",0.6360185575706453,0.46629560915275203,0.4706616729088639,0.9804941482444733,0.9972326559649644,0.9888634021047189,7.0,3.7372806311925846,1.083224967490247,152.34916275949217
BM/US_1654,,,,,,,480,640,"[[231, 178, 333, 192]]",0.6518324607329843,0.48349514563106794,0.4838082901554404,0.9986631016042781,0.9973992664430319,0.998031184023655,6.0,3.58997368067223,1.0641711229946524,152.34916275949217
BM/US_1655,,,,,,,480,640,"[[233, 178, 336, 193]]",0.6565874730021598,0.4887459807073955,0.4909560723514212,0.9908735332464146,0.9974284753926633,0.994151004319539,6.0,3.549661699854802,1.0182529335071708,152.35017475788482
BM/US_1656,,,,,,,480,640,"[[234, 177, 335, 190]]",0.6954459203036053,0.5330909090909091,0.536996336996337,0.9865410497981157,0.9979377204632297,0.9922393851306728,5.0990195135927845,2.8905950308109434,0.8371467025572006,152.35017475788482
BM/US_1657,,,,,,,480,640,"[[235, 177, 333, 191]]",0.6765834932821497,0.5112400290065264,0.5134741442097597,0.9915611814345991,0.9978204764281916,0.9946908289313954,6.0,3.1508203872738867,0.9310829817158931,152.35017475788482
BM/US_1658,,,,,,,480,640,"[[237, 176, 341, 192]]",0.6792611251049538,0.5143038779402416,0.5202572347266881,0.9782345828295043,0.9975650595842322,0.9878998212068683,5.0990195135927845,3.356585694082553,0.8802902055622733,152.35017475788482
BM/US_1659,,,,,,,480,640,"[[237, 177, 344, 192]]",0.6457627118644068,0.47684605757196497,0.48350253807106597,0.9719387755102041,0.9973434807581849,0.9846411281341945,6.0,3.6297048926863673,1.010204081632653,154.35854526003823
BM/US_1671,,,,,,,480,640,"[[256, 175, 353, 189]]",0.6456071076011846,0.47667638483965014,0.48337028824833705,0.9717682020802377,0.9977196136066318,0.9847439078434348,6.0,3.3362548428041205,1.0104011887072808,154.35854526003823
BM/US_1672,,,,,,,480,640,"[[257, 177, 357, 188]]",0.609026644915715,0.43784206411258797,0.4419889502762431,0.9790209790209791,0.9976942744954799,0.9883576267582295,5.0,3.3206502257350463,1.215034965034965,154.35854526003823
BM/US_1673,,,,,,,480,640,"[[264, 176, 357, 189]]",0.6456178551986935,0.4766881028938907,0.4805510534846029,0.9834162520729685,0.9979093076579353,0.9906627798654519,5.034656829757472,3.212300300920873,1.0464344941956882,154.35854526003823
BM/US_1674,,,,,,,480,640,"[[259, 175, 358, 189]]",0.6198019801980198,0.4490674318507891,0.45626822157434405,0.9660493827160493,0.9975664813799943,0.9818079320480217,6.0,3.5149271451528667,1.117283950617284,153.5577642498538
BM/US_1675,,,,,,,480,640,"[[255, 174, 355, 189]]",0.5556109725685785,0.3846685082872928,0.3917018284106892,0.9554030874785592,0.9971788909290744,0.9762909892038167,6.0,4.057740480219447,1.4391080617495713,153.5577642498538
BM/US_1676,,,,,,,480,640,"[[258, 176, 356, 189]]",0.7137055837563452,0.5548539857932123,0.5637530072173216,0.9723374827109267,0.9982249891508987,0.9852812359309127,5.0,2.639880517408633,0.7247579529737206,153.5577642498538
BM/US_1677,,,,,,,480,640,"[[271, 175, 359, 188]]",0.6297411198073449,0.45957820738137084,0.4640638864241349,0.9794007490636704,0.9980304305009359,0.9887155897823031,6.0,3.1957898904031032,1.1104868913857677,153.5577642498538
BM/US_1678,,,,,,,480,640,"[[267, 174, 357, 186]]",0.6533776301218162,0.48519736842105265,0.4892205638474295,0.9833333333333333,0.9979908675799086,0.990662100456621,6.0,3.1877019402726416,1.01,154.15385874803178
BM/US_1679,,,,,,,480,640,"[[263, 174, 361, 187]]",0.6090621707060063,0.43787878787878787,0.442911877394636,0.9747048903878583,0.9976288864898714,0.9861668884388648,6.0,3.4738131138420107,1.2006745362563238,154.15385874803178
BM/US_1680,,,,,,,480,640,"[[262, 176, 374, 187]]",0.6579212916246215,0.49022556390977445,0.5069984447900466,0.9367816091954023,0.997931511497403,0.9673565603464027,6.0,2.765192940054583,0.8477011494252874,154.15385874803178
BM/US_1693,,,,,,,480,640,"[[271, 174, 379, 186]]",0.6882453151618398,0.5246753246753246,0.5326301911667766,0.9723225030084236,0.9976857971922747,0.9850041501003491,6.0,3.0904702331697607,0.825511432009627,154.15385874803178
BM/US_1694,,,,,,,480,640,"[[278, 173, 395, 187]]",0.6290201944652206,0.45881069285324605,0.46464088397790054,0.9733796296296297,0.9968368066436853,0.9851082181366575,7.0,3.9711640002110657,1.0949074074074074,154.74534599343315
BM/US_1695,,,,,,,480,640,"[[279, 173, 397, 187]]",0.5682083171395258,0.3968512486427796,0.4001094690749863,0.9798927613941019,0.9964236068055891,0.9881581840998455,7.280109889280518,4.368157969778827,1.4490616621983914,154.74534599343315
BM/US_1696,,,,,,,480,640,"[[275, 172, 397, 187]]",0.6384022424667134,0.4688625836335564,0.4744791666666667,0.9753747323340471,0.9967054782444019,0.9860401052892245,8.0,3.901511859792192,1.0556745182012848,154.74534599343315
BM/US_1697,,,,,,,480,640,"[[278, 172, 403, 188]]",0.5675579322638146,0.39621702339472376,0.4012096774193548,0.9695493300852619,0.9961224496457003,0.9828358898654811,8.48528137423857,4.418026397518942,1.4165651644336175,154.74534599343315
CP/US_0,,,,,,,480,640,"[[295, 138, 417, 158]]",0.5220516171185887,0.3532272325375774,0.3571747876620474,0.9696601941747572,0.9953064208684753,0.9824833075216163,8.54400374531753,5.348109806497552,1.7148058252427185,153.7660114991013
CP/US_1,,,,,,,480,640,"[[296, 138, 420, 158]]",0.46936026936026937,0.3066432028156621,0.30977777777777776,0.9680555555555556,0.994932785173584,0.9814941703645698,11.0,5.457496233912223,2.125,153.7660114991013
CP/US_2,,,,,,,480,640,"[[294, 138, 420, 159]]",0.4923566878980892,0.3265737220109844,0.33190210390725633,0.9531442663378545,0.994921488695743,0.9740328775167988,10.072100132030588,5.470773329082754,1.871763255240444,153.7660114991013
CP/US_3,,,,,,,480,640,"[[299, 138, 419, 158]]",0.48242255482074486,0.31788990825688074,0.3230769230769231,0.9519230769230769,0.9952622099245608,0.9735926434238189,10.0,5.302588077567659,1.9464285714285714,153.7660114991013
CP/US_4,,,,,,,480,640,"[[298, 137, 421, 160]]",0.46691176470588236,0.30455635491606714,0.30887717875962706,0.9560853199498118,0.994435433073436,0.9752603765116239,11.009016994374939,5.992164288568079,2.095357590966123,154.73834623117
CP/US_5,,,,,,,480,640,"[[299, 138, 421, 159]]",0.4683053040103493,0.30574324324324326,0.3095339888841385,0.9614873837981408,0.9947299206714375,0.9781086522347892,10.885164807134505,5.735360805474498,2.106241699867198,154.73834623117
CP/US_6,,,,,,,480,640,"[[302, 137, 422, 159]]",0.5088161209068011,0.34121621621621623,0.3463351907415345,0.9584816132858838,0.9950221473640231,0.9767518803249534,11.0,5.574636044578901,1.767497034400949,154.73834623117
CP/US_7,,,,,,,480,640,"[[301, 138, 423, 157]]",0.49744114636642783,0.3310626702997275,0.3351724137931035,0.9642857142857143,0.9952813564631711,0.9797835353744426,11.153344113436605,4.943043257443754,1.876984126984127,154.73834623117
CP/US_8,,,,,,,480,640,"[[314, 135, 425, 158]]",0.44413697682462816,0.28546020453534904,0.2895805142083897,0.9525222551928784,0.9948617735526514,0.9736920143727649,12.033218389437828,5.958808726069246,2.2893175074183976,152.248959755525
CP/US_9,,,,,,,480,640,"[[305, 138, 417, 159]]",0.46810061975938755,0.30556877677296523,0.3082093134901584,0.9727272727272728,0.9952991452991453,0.984013209013209,10.720826148465228,5.558803438988571,2.1560606060606062,152.248959755525
CP/US_10,,,,,,,480,640,"[[302, 139, 412, 160]]",0.4430153626295105,0.28453418999541075,0.29245283018867924,0.9131075110456554,0.9951063711784837,0.9541069411120695,11.0,6.083309807522364,2.122238586156112,152.248959755525
CP/US_11,,,,,,,480,640,"[[301, 137, 421, 162]]",0.44061650045330913,0.28255813953488373,0.28734726054394955,0.944300518134715,0.9940997558969807,0.9692001370158478,12.165525060596439,6.5268097095515,2.2862694300518136,152.248959755525
CP/US_12,,,,,,,480,640,"[[311, 138, 414, 161]]",0.46153846153846156,0.3,0.3046986236355007,0.9511111111111111,0.9952206182203736,0.9731658646657424,10.44030650891055,6.394510860147281,2.1214814814814815,154.82930798316374
CP/US_13,,,,,,,480,640,"[[301, 135, 432, 163]]",0.47799054961452375,0.31405228758169934,0.3248816768086545,0.9040451552210724,0.9934767767372125,0.9487609659791425,13.90682170454353,6.769826947798211,1.7826904985888994,154.82930798316374
CP/US_14,,,,,,,480,640,"[[308, 135, 425, 163]]",0.4110803324099723,0.25871687587168757,0.2634943181818182,0.9345088161209067,0.9932312030443268,0.9638700095826167,15.849110640673516,7.553326127153332,2.5465994962216625,154.82930798316374
CP/US_15,,,,,,,480,640,"[[304, 137, 423, 163]]",0.44899152294650685,0.28948360346777235,0.29504417979254705,0.9388753056234719,0.9940107447565457,0.9664430251900088,12.002079728939613,6.689343392804412,2.182151589242054,154.82930798316374
CP/US_16,,,,,,,480,640,"[[303, 137, 427, 167]]",0.48161764705882354,0.3171912832929782,0.32587064676616917,0.9225352112676056,0.9938048242033141,0.9581700177354598,13.72583134589192,6.537732085852572,1.8309859154929577,154.61467747809365
CP/US_17,,,,,,,480,640,"[[306, 137, 425, 167]]",0.44086618545252637,0.2827635327635328,0.28967530098504196,0.9221835075493612,0.9936442960249919,0.9579139017871765,14.317821063276353,6.83913598283901,2.1835075493612077,154.61467747809365
CP/US_18,,,,,,,480,640,"[[304, 138, 419, 165]]",0.46346433770014556,0.30162940507768093,0.3072172906213817,0.943127962085308,0.9941408035096424,0.9686343827974753,12.36931687685298,6.831455080581917,2.0699052132701423,154.61467747809365
CP/US_19,,,,,,,480,640,"[[309, 137, 418, 165]]",0.4335065729134821,0.27673692427790786,0.28247011952191237,0.9316688567674113,0.994122810738842,0.9628958337531266,16.0,6.8105494729492015,2.298291721419185,154.61467747809365
CP/US_20,,,,,,,480,640,"[[306, 138, 419, 166]]",0.4489173528514791,0.2894219425874951,0.2952266345768151,0.9363867684478372,0.9942659277970328,0.965326348122435,12.36931687685298,6.5896376927109985,2.1717557251908395,155.1646224979777
CP/US_21,,,,,,,480,640,"[[311, 138, 419, 167]]",0.4294478527607362,0.2734375,0.28106508875739644,0.9097127222982216,0.9944496833284933,0.9520812028133574,12.056102566973092,6.845182274806153,2.2366621067031462,155.1646224979777
CP/US_22,,,,,,,480,640,"[[304, 139, 414, 167]]",0.43891402714932126,0.2811594202898551,0.2901709401709402,0.9005305039787799,0.9945797954615169,0.9475551497201484,13.038404810405298,6.602457200079461,2.103448275862069,155.1646224979777
CP/US_23,,,,,,,480,640,"[[311, 139, 414, 167]]",0.38068382093761016,0.2350892468437092,0.2401067140951534,0.9183673469387755,0.9944261803191004,0.9563967636289379,14.906248123122948,6.827021776115479,2.824829931972789,155.1646224979777
CP/US_24,,,,,,,480,640,"[[308, 139, 414, 169]]",0.38986232790988734,0.24212980956082394,0.2470261697065821,0.9243323442136498,0.9938047669691967,0.9590685555914233,15.0,7.4552490520666925,2.741839762611276,154.06666402122937
CP/US_25,,,,,,,480,640,"[[314, 138, 417, 166]]",0.3921832884097035,0.24392288348700755,0.24946420917273895,0.9165354330708662,0.9942883238464926,0.9554118784586794,14.866068747318506,6.935590938698927,2.674015748031496,154.06666402122937
CP/US_26,,,,,,,480,640,"[[312, 139, 413, 167]]",0.3570422535211268,0.21731675953707671,0.22207621550591328,0.9102333931777379,0.9942082486800612,0.9522208209288996,15.613985498626976,7.005953697748948,3.098743267504488,154.06666402122937
CP/US_27,,,,,,,480,640,"[[311, 137, 418, 167]]",0.40804597701149425,0.2563176895306859,0.2611360850020433,0.9328467153284672,0.9941014305988287,0.963474072963648,14.0,6.875563596232559,2.5722627737226276,154.06666402122937
CP/US_28,,,,,,,480,640,"[[303, 138, 417, 167]]",0.37244897959183676,0.22884012539184953,0.23463238248292487,0.9026275115919629,0.993785740149338,0.9482066258706504,15.811388300841896,6.6047727317933695,2.846986089644513,153.3166985027492
CP/US_29,,,,,,,480,640,"[[302, 139, 414, 166]]",0.40216010165184246,0.25168986083499006,0.2586841029832448,0.9029957203994294,0.994081546758717,0.9485386335790732,15.0,6.552311214871333,2.4907275320970044,153.3166985027492
CP/US_30,,,,,,,480,640,"[[301, 137, 418, 167]]",0.34509803921568627,0.20853080568720378,0.21407185628742514,0.8895800933125972,0.9931497241948479,0.9413649087537226,16.654801769532373,7.101231182694218,3.15552099533437,153.3166985027492
CP/US_31,,,,,,,480,640,"[[310, 139, 417, 167]]",0.4527837588434328,0.2926441351888668,0.3004081632653061,0.9188514357053683,0.9944059869647094,0.9566287113350389,14.82557047248446,6.682698470193479,2.058676654182272,153.3166985027492
CP/US_32,,,,,,,480,640,"[[307, 138, 417, 167]]",0.3673469387755102,0.225,0.23076923076923078,0.9,0.993835013210686,0.946917506605343,15.132745950421556,6.987011704168711,2.9,152.9884790070355
CP/US_33,,,,,,,480,640,"[[299, 137, 419, 168]]",0.4070155902004454,0.25550506815798674,0.2607920085622547,0.926489226869455,0.9932378406780435,0.9598635337737493,14.804898953566997,7.270731927534353,2.552598225602028,152.9884790070355
CP/US_34,,,,,,,480,640,"[[302, 138, 418, 167]]",0.4075382803297998,0.2559171597633136,0.26241941600303376,0.9117259552042161,0.9936529380859611,0.9526894466450886,15.0,6.967861830643648,2.474308300395257,152.9884790070355
CP/US_35,,,,,,,480,640,"[[300, 138, 418, 168]]",0.39380281690140845,0.24517713083128725,0.2513484358144552,0.9089726918075423,0.9932056482536036,0.9510891700305729,16.132260227798703,7.280545360183384,2.6163849154746424,152.9884790070355
CP/US_36,,,,,,,480,640,"[[312, 138, 416, 167]]",0.3926022063595068,0.24424707307226484,0.24979355904211395,0.9166666666666666,0.9940725517061395,0.955369609186403,14.317821063276353,7.29770664443894,2.66969696969697,152.95690673519857
CP/US_37,,,,,,,480,640,"[[297, 139, 419, 168]]",0.42167654530059273,0.26716738197424894,0.2727272727272727,0.9291044776119403,0.9934986096424235,0.9613015436271819,15.0,6.808590791034256,2.406716417910448,152.95690673519857
CP/US_38,,,,,,,480,640,"[[298, 140, 416, 167]]",0.36081835089894604,0.2201210287443268,0.22462369741412583,0.9165354330708662,0.9934467404954903,0.9549910867831782,16.0,6.981440868819796,3.0803149606299214,152.95690673519857
CP/US_39,,,,,,,480,640,"[[298, 139, 414, 166]]",0.3869790082141771,0.23990946812523575,0.24641611778380473,0.9008498583569405,0.993654035641807,0.9472519469993738,15.0,6.900216540483483,2.6558073654390935,152.95690673519857
CP/US_40,,,,,,,480,640,"[[295, 139, 419, 167]]",0.3880938752146537,0.24076704545454544,0.24798829553767374,0.8921052631578947,0.9932906931210025,0.9426979781394487,15.0,6.8511497851240835,2.5973684210526318,153.30287648248486
CP/US_41,,,,,,,480,640,"[[297, 138, 418, 166]]",0.34840579710144925,0.21095121095121094,0.21806966618287374,0.8659942363112392,0.9929691425290207,0.9294816894201299,16.18623753639814,7.35679331497031,2.9711815561959654,153.30287648248486
CP/US_42,,,,,,,480,640,"[[300, 138, 416, 166]]",0.3663093415007657,0.22422197225346832,0.2299115724721261,0.9006024096385542,0.9934656940783464,0.9470340518584504,16.278820596099706,6.9802773963145555,2.9171686746987953,153.30287648248486
CP/US_43,,,,,,,480,640,"[[296, 140, 413, 168]]",0.3562855337965888,0.2167563412759416,0.22292490118577074,0.8867924528301887,0.9935869834683786,0.9401897181492836,16.654801769532373,6.574701475657422,2.9779874213836477,153.30287648248486
CP/US_44,,,,,,,480,640,"[[314, 140, 416, 166]]",0.41072740631888316,0.2584373555247342,0.2625645843118835,0.9426644182124789,0.9948794384994472,0.968771928355963,13.266177013662157,6.343387276595531,2.590219224283305,152.80693574459292
CP/US_45,,,,,,,480,640,"[[302, 140, 411, 166]]",0.40571817562968004,0.25448334756618274,0.2596949891067538,0.926905132192846,0.9944578006700222,0.960681466431434,14.317821063276353,6.410119460861724,2.5692068429237946,152.80693574459292
CP/US_46,,,,,,,480,640,"[[306, 141, 413, 165]]",0.36654545454545456,0.22439893143365983,0.22898682417083144,0.9180327868852459,0.9944660216337139,0.9562494042594799,14.019617866190007,6.352289182047996,3.0091074681238617,152.80693574459292
CP/US_47,,,,,,,480,640,"[[306, 141, 411, 165]]",0.43878273177636234,0.2810516772438803,0.2863741339491917,0.9379727685325264,0.9949598582888312,0.9664663134106788,13.0,6.085563471928688,2.275340393343419,152.80693574459292
CP/US_48,,,,,,,480,640,"[[299, 141, 412, 167]]",0.4178720668595307,0.26412027631044294,0.26903973509933776,0.935251798561151,0.9942382669124484,0.9647450327367997,14.0,6.621490926706879,2.4762589928057555,154.59607375669293
CP/US_49,,,,,,,480,640,"[[298, 141, 410, 165]]",0.3936955063715627,0.24509394572025053,0.25149957155098546,0.9058641975308642,0.9943011299877346,0.9500826637592994,15.0,6.347325894343879,2.6018518518518516,154.59607375669293
CP/US_50,,,,,,,480,640,"[[298, 140, 413, 166]]",0.40906190172303764,0.25711993582029685,0.26281262812628126,0.9223021582733812,0.9941338640478948,0.958218011160638,14.317821063276353,6.57835581504761,2.5093525179856115,154.59607375669293
CP/US_51,,,,,,,480,640,"[[296, 141, 407, 164]]",0.4118673647469459,0.25934065934065936,0.26504941599281223,0.9233176838810642,0.9946633785771837,0.9589905312291239,14.0,6.168689487124565,2.483568075117371,154.59607375669293
CP/US_52,,,,,,,480,640,"[[299, 140, 407, 164]]",0.4138403562863994,0.2609071274298056,0.2658450704225352,0.9335394126738794,0.9945588527921763,0.9640491327330278,14.0,6.113353569051854,2.511591962905719,155.60292601003312
CP/US_53,,,,,,,480,640,"[[293, 141, 408, 165]]",0.4011916583912612,0.25093167701863356,0.2553729456384324,0.9351851851851852,0.9942358882016754,0.9647105366934303,13.030723848324238,6.508831980872802,2.662037037037037,155.60292601003312
CP/US_54,,,,,,,480,640,"[[286, 140, 408, 165]]",0.3783783783783784,0.23333333333333334,0.23710122095313116,0.9362363919129082,0.9936814360787717,0.9649589139958399,15.0,6.385489984266113,2.948678071539658,155.60292601003312
CP/US_55,,,,,,,480,640,"[[291, 143, 397, 165]]",0.4387485865058424,0.2810236600676002,0.2844574780058651,0.9588138385502472,0.9952249399040421,0.9770193892271446,11.0,5.837419102794788,2.370675453047776,155.60292601003312
CP/US_56,,,,,,,480,640,"[[287, 142, 397, 165]]",0.4608788853161844,0.2994428969359331,0.30467642890883323,0.9457478005865103,0.9951976719148631,0.9704727362506866,12.0,5.567333235810256,2.1041055718475072,153.75873548327945
CP/US_57,,,,,,,480,640,"[[288, 143, 395, 166]]",0.4600570613409415,0.2987494210282538,0.30641330166270786,0.9227467811158798,0.9952365571401072,0.9589916691279935,12.0,5.880040163015714,2.011444921316166,153.75873548327945
CP/US_58,,,,,,,480,640,"[[284, 143, 397, 168]]",0.42055185537583256,0.26626506024096386,0.27216748768472904,0.9246861924686193,0.9942150135570326,0.9594506030128259,13.038404810405298,6.511707454850958,2.397489539748954,153.75873548327945
CP/US_59,,,,,,,480,640,"[[284, 144, 396, 167]]",0.4209466263846928,0.26658163265306123,0.2715461238631442,0.935820895522388,0.9945127719962157,0.9651668337593018,13.0,6.080283293933064,2.446268656716418,153.75873548327945
CP/US_60,,,,,,,480,640,"[[283, 143, 397, 168]]",0.43243243243243246,0.27586206896551724,0.28173628173628174,0.9297297297297298,0.9942765776936631,0.9620031537116964,13.92838827718412,6.032312177806601,2.3,154.11165475961752
CP/US_61,,,,,,,480,640,"[[285, 144, 393, 169]]",0.42668428005284015,0.27120067170445006,0.27512776831345825,0.95,0.9944473443820958,0.9722236721910479,14.317821063276353,6.492015476597457,2.4529411764705884,154.11165475961752
CP/US_62,,,,,,,480,640,"[[282, 144, 391, 168]]",0.4074450084602369,0.25584360390990224,0.2612847222222222,0.9247311827956989,0.9944478696717327,0.9595895262337157,14.033885405237289,6.09653978978581,2.5391705069124426,154.11165475961752
CP/US_63,,,,,,,480,640,"[[277, 145, 389, 169]]",0.4656050955414013,0.3034454130344541,0.30843881856540084,0.9493506493506494,0.9946513069869138,0.9720009781687816,14.265115431412731,5.881151851346844,2.0779220779220777,154.11165475961752
CP/US_345,,,,,,,480,640,"[[297, 149, 411, 175]]",0.43078724026924203,0.2745244311823946,0.2783661119515885,0.9521345407503234,0.993773394642117,0.9729539676962202,17.72004514666935,6.612778376322294,2.4204398447606725,153.4558450221084
CP/US_351,,,,,,,480,640,"[[309, 148, 415, 174]]",0.4443666899930021,0.28565002249212773,0.2926267281105991,0.9229651162790697,0.9949920394633816,0.9589785778712256,15.599999999999966,5.985824405726072,2.1540697674418605,153.4558450221084
CP/US_352,,,,,,,480,640,"[[307, 148, 413, 174]]",0.44224196855775805,0.2838964458095656,0.29144144144144146,0.9164305949008499,0.9948677625010603,0.9556491787009551,14.727128425310518,6.097816673409725,2.144475920679887,153.4558450221084
CP/US_819,,,,,,,480,640,"[[406, 141, 483, 159], [289, 152, 394, 177]]",0.46391090169201116,0.30200780814277745,0.3061916878710772,0.9567137809187279,0.991982173895997,0.9743479774073625,11.704699910719626,5.613439292721592,2.124558303886926,153.4558450221084
CP/US_820,,,,,,,480,640,"[[409, 139, 493, 163], [293, 150, 394, 173]]",0.4684358665058303,0.3058545550013127,0.3095111583421892,0.9628099173553719,0.9915062583744567,0.9771580878649143,12.0,5.905666521766891,2.1107438016528928,154.59820750402287
CP/US_821,,,,,,,480,640,"[[412, 141, 475, 162], [291, 150, 389, 173]]",0.462386200287494,0.3007167341851044,0.3055731475617479,0.9498031496062992,0.9928376401118282,0.9713203948590636,12.033275663033836,5.716958419049792,2.108267716535433,154.59820750402287
CP/US_822,,,,,,,480,640,"[[417, 143, 481, 162], [286, 151, 400, 177]]",0.4961893301243482,0.3299546545745532,0.3373329697300245,0.9378316906747536,0.99205573409267,0.9649437123837118,13.228433488430072,5.727219266071771,1.78013646702047,154.59820750402287
CP/US_823,,,,,,,480,640,"[[426, 144, 472, 160], [298, 150, 395, 177]]",0.4520107238605898,0.2919986144786976,0.29735449735449737,0.9418994413407821,0.993496678147598,0.96769805974419,12.165525060596439,5.785796666740631,2.1675977653631286,154.59820750402287
CP/US_824,,,,,,,480,640,"[[428, 143, 473, 159], [303, 150, 395, 174]]",0.4748803827751196,0.31137254901960787,0.315204446208813,0.9624242424242424,0.9943696450428396,0.978396943733541,11.0,5.108090726007982,2.0533333333333332,154.49320847983472
CP/US_825,,,,,,,480,640,"[[423, 144, 473, 160], [302, 150, 408, 175]]",0.4931645569620253,0.3272849462365591,0.33174386920980925,0.960552268244576,0.9935921302737551,0.9770721992591656,11.009016994374939,5.137809989498582,1.8954635108481261,154.49320847983472
CP/US_826,,,,,,,480,640,"[[425, 142, 478, 160], [305, 149, 402, 173]]",0.46579634464751957,0.3036078965282505,0.3090783090783091,0.9449152542372882,0.9934891071521864,0.9692021806947373,11.0,5.380067279165096,2.0572033898305087,154.49320847983472
CP/US_827,,,,,,,480,640,"[[434, 141, 483, 157], [307, 150, 403, 173]]",0.4852515905147484,0.3203512791141657,0.3249419054996127,0.9577625570776256,0.9943099463313354,0.9760362517044805,10.04987562112089,5.087874119666466,1.947488584474886,154.49320847983472
CP/US_828,,,,,,,480,640,"[[433, 141, 482, 158], [310, 148, 403, 173]]",0.46171107994389904,0.300145878920496,0.30526706231454004,0.9470655926352128,0.9938856988029289,0.9704756457190709,11.119599395858684,5.436251186077202,2.102416570771001,153.194918500958
CP/US_829,,,,,,,480,640,"[[429, 143, 477, 158], [304, 148, 406, 173]]",0.46999199786609763,0.30718270571827055,0.3131887664415215,0.9412393162393162,0.9936917169500823,0.9674655165946993,11.704699910719626,5.274294277683761,2.0053418803418803,153.194918500958
CP/US_830,,,,,,,480,640,"[[438, 144, 474, 158], [308, 149, 404, 171]]",0.46163642152180834,0.30008278145695366,0.3075943996605855,0.9247448979591837,0.9946739073677615,0.9597094026634726,11.180339887498949,5.026465230970256,2.006377551020408,153.194918500958
CP/US_831,,,,,,,480,640,"[[446, 140, 478, 156], [308, 146, 409, 173]]",0.4144903117101938,0.2614240170031881,0.26613775694194014,0.9365482233502538,0.9933586151978382,0.964953419274046,13.0,6.213850145633162,2.519035532994924,153.194918500958
CP/US_832,,,,,,,480,640,"[[432, 143, 475, 158], [306, 146, 408, 174]]",0.4158102766798419,0.2624750499001996,0.2662841714478569,0.9483173076923077,0.9929039586379779,0.9706106331651427,12.649110640673518,6.17554511682834,2.561298076923077,152.9910005046986
CP/US_833,,,,,,,480,640,"[[431, 143, 474, 158], [309, 147, 406, 172]]",0.42675698560541914,0.271259418729817,0.2754098360655738,0.9473684210526315,0.9935085280122192,0.9704384745324254,13.0,5.846510974449421,2.4398496240601504,152.9910005046986
CP/US_834,,,,,,,480,640,"[[430, 144, 476, 158], [306, 147, 407, 172]]",0.46263533139688406,0.3009275163174167,0.30736842105263157,0.9348986125933831,0.9935545593166657,0.9642265859550244,12.513899365212795,5.618892876811571,2.04162219850587,152.9910005046986
CP/US_835,,,,,,,480,640,"[[436, 144, 473, 158], [314, 149, 409, 172]]",0.4358264081255771,0.27863046044864226,0.28331332533013204,0.944,0.9941556534508076,0.9690778267254038,13.0,5.3581007775924006,2.332,152.9910005046986
CP/US_836,,,,,,,480,640,"[[437, 142, 478, 159], [313, 147, 409, 173]]",0.42312008978675647,0.2683274021352313,0.2724972894831948,0.946047678795483,0.993430220983476,0.9697389498894795,12.649110640673518,6.046505901433484,2.4717691342534502,154.10455848905258
CP/US_837,,,,,,,480,640,"[[447, 139, 490, 156], [312, 148, 416, 173]]",0.49239211773509606,0.32660489741892784,0.33288364249578417,0.9454022988505747,0.9935392414324723,0.9694707701415235,11.704699910719626,5.571418224330038,1.8400383141762453,154.10455848905258
CP/US_838,,,,,,,480,640,"[[445, 136, 492, 159], [314, 148, 418, 174]]",0.44243146603098926,0.28405264768901134,0.2907268170426065,0.9252243270189432,0.9926060673357349,0.9589151971773391,12.26742096872471,5.9967776462952225,2.1824526420737786,154.10455848905258
CP/US_839,,,,,,,480,640,"[[445, 140, 489, 159], [319, 148, 421, 174]]",0.47493274639276106,0.3114175753688262,0.31638970348647766,0.9519607843137254,0.9931478215428833,0.9725543029283044,13.510538253122249,5.587041555741308,2.0088235294117647,154.10455848905258
CP/US_840,,,,,,,480,640,"[[321, 143, 433, 174], [448, 144, 495, 160]]",0.4538779256539697,0.2935589195607005,0.29843089921544963,0.9473180076628352,0.9924058323207776,0.9698619199918064,12.649110640673518,6.067567045510061,2.1743295019157087,152.86185400327668
CP/US_841,,,,,,,480,640,"[[325, 145, 431, 174], [454, 145, 496, 157]]",0.47023809523809523,0.30739299610894943,0.3138033763654419,0.9376854599406528,0.9932296718693356,0.9654575659049942,13.367644708587251,5.726428882805469,1.9881305637982196,152.86185400327668
CP/US_842,,,,,,,480,640,"[[456, 144, 494, 159], [329, 147, 429, 174]]",0.4323718846261551,0.27581279028224365,0.2807272727272727,0.9403166869671132,0.9935439439387165,0.9669303154529149,13.341664064126334,5.489434693177413,2.3495736906211935,152.86185400327668
CP/US_843,,,,,,,480,640,"[[329, 147, 433, 176]]",0.44505494505494503,0.2862190812720848,0.29162916291629165,0.9391304347826087,0.9948647678705426,0.9669976013265756,16.139946006547355,6.050823618021815,2.2202898550724637,152.86185400327668
CP/US_844,,,,,,,480,640,"[[334, 147, 434, 174]]",0.40543601359003395,0.25426136363636365,0.2589199614271938,0.9339130434782609,0.9949873624133714,0.9644502029458162,14.317821063276353,6.326878286339935,2.6069565217391304,151.68440775596537
CP/US_845,,,,,,,480,640,"[[334, 145, 443, 175]]",0.4416746564397571,0.2834290401968827,0.288517745302714,0.94141689373297,0.9944398399822493,0.9679283668576096,15.811388300841896,6.421652813081726,2.2629427792915533,151.68440775596537
CP/US_846,,,,,,,480,640,"[[343, 146, 441, 175]]",0.41486725663716817,0.26172398392139345,0.2669703872437358,0.9301587301587302,0.9947516064846528,0.9624551683216915,14.979910312097772,6.620373708965247,2.484126984126984,151.68440775596537
CP/US_847,,,,,,,480,640,"[[345, 145, 442, 174]]",0.38108985925658606,0.23539901917075345,0.24120603015075376,0.9072164948453608,0.9945828359717955,0.9508996654085782,14.906248123122948,7.049322664822462,2.761168384879725,151.68440775596537
CP/US_848,,,,,,,480,640,"[[347, 147, 449, 175]]",0.3994324228449805,0.2495567375886525,0.25475113122171944,0.9244663382594417,0.9946280223489926,0.9595471803042172,15.069463863518335,6.498545902061888,2.6288998357963873,152.0814967516344
CP/US_849,,,,,,,480,640,"[[355, 148, 434, 173]]",0.45977011494252873,0.29850746268656714,0.30322173089071386,0.9504950495049505,0.9964035931462853,0.9734493213256179,10.202918582875641,5.965928030597797,2.1346534653465348,152.0814967516344
CP/US_850,,,,,,,480,640,"[[355, 144, 453, 174]]",0.4069690992767916,0.2554684275691292,0.26063157894736844,0.9280359820089955,0.9942714161281168,0.9611536990685561,15.196966120270623,7.415155038288517,2.56071964017991,152.0814967516344
CP/US_851,,,,,,,480,640,"[[360, 146, 453, 174]]",0.41338854382332646,0.26054806437581557,0.26434245366284204,0.9477848101265823,0.9945623809399546,0.9711735955332685,16.10578446959466,7.100712054000374,2.5854430379746836,152.0814967516344
CP/US_852,,,,,,,480,640,"[[356, 148, 434, 174]]",0.45438898450946646,0.29398663697104677,0.30397236614853196,0.899488926746167,0.9960569186564171,0.9477729227012921,12.835311203635838,6.534966368832957,1.959114139693356,151.36249098577537
CP/US_853,,,,,,,480,640,"[[363, 148, 439, 174]]",0.4131118096093399,0.26032823995472554,0.26713124274099886,0.9108910891089109,0.9958851627838732,0.9533881259463921,13.0,6.880011300710625,2.40990099009901,151.36249098577537
CP/US_854,,,,,,,480,640,"[[367, 148, 440, 174]]",0.43700604370060436,0.27959547888161806,0.2862362971985384,0.9233791748526523,0.9961785640921971,0.9597788694724247,11.40175425099138,6.673210481062226,2.225933202357564,151.36249098577537
CP/US_855,,,,,,,480,640,"[[365, 149, 444, 174]]",0.46946730186227803,0.3067345783814375,0.31257208765859285,0.9426086956521739,0.9961125152874032,0.9693606054697885,12.161401106246345,6.337816829913688,2.0156521739130433,151.36249098577537
CP/US_856,,,,,,,480,640,"[[372, 146, 448, 173]]",0.4055630327501122,0.2543612830613393,0.2584333905088622,0.9416666666666667,0.9957713875847679,0.9687190271257173,13.379035964562537,6.965129583572868,2.64375,153.33038274548016
CP/US_857,,,,,,,480,640,"[[370, 146, 450, 173]]",0.4477366255144033,0.28844114528101805,0.29421308815575986,0.9363166953528399,0.9957439036719838,0.9660302995124119,14.106601717798213,6.627975947807325,2.1824440619621344,153.33038274548016
CP/US_858,,,,,,,480,640,"[[371, 148, 448, 173]]",0.4807017543859649,0.3163972286374134,0.3221634332745444,0.9464594127806563,0.9962396574272473,0.9713495351039518,13.601470508735444,6.028934165130907,1.9378238341968912,153.33038274548016
CP/US_859,,,,,,,480,640,"[[372, 147, 449, 174]]",0.3986165153480329,0.24892008639308855,0.25427468284611143,0.922,0.9955917835017933,0.9587958917508967,13.899632846996667,7.042729457471298,2.626,153.33038274548016
CP/US_1067,,,,,,,480,640,"[[326, 180, 414, 209], [188, 209, 256, 232]]",0.3684873949579832,0.22585629667782642,0.23256430654998675,0.8867542972699697,0.9905490005257812,0.9386516488978754,15.172266054944059,7.547323132743363,2.8129423660262893,153.57598097762093
CP/US_1223,,,,,,,480,640,"[[332, 165, 430, 175]]",0.5779036827195467,0.4063745019920319,0.4106280193236715,0.9751434034416826,0.9976131239056075,0.9863782636736451,6.0,3.496638933780369,1.3747609942638623,153.57598097762093
CP/US_1224,,,,,,,480,640,"[[332, 165, 430, 175]]",0.6677559912854031,0.5012264922322158,0.5066115702479339,0.9792332268370607,0.9980526724379758,0.9886429496375182,5.0,2.886622708649911,0.9329073482428115,153.57598097762093
CP/US_1225,,,,,,,480,640,"[[332, 164, 430, 175]]",0.6405579399141631,0.4711917916337806,0.4753184713375796,0.9819078947368421,0.997850563615489,0.9898792291761656,6.0,3.1653742122593664,1.0657894736842106,153.57598097762093
CP/US_1226,,,,,,,480,640,"[[335, 165, 427, 176]]",0.6033977738722905,0.4320469798657718,0.43829787234042555,0.9680451127819549,0.9978478354441938,0.9829464741130743,6.0,3.359340360700784,1.2086466165413534,152.05894876271486
CP/US_1227,,,,,,,480,640,"[[340, 164, 427, 177]]",0.6169607285145133,0.44609053497942386,0.45166666666666666,0.9730700179533214,0.9978541822249326,0.985462100089127,6.0,3.5277059065301204,1.1543985637342908,152.05894876271486
CP/US_1228,,,,,,,480,640,"[[336, 166, 432, 177]]",0.6234718826405868,0.45293072824156305,0.46617915904936014,0.940959409594096,0.9980955983538665,0.9695275039739812,6.155300367309771,2.9202063277673163,1.018450184501845,152.05894876271486
CP/US_1229,,,,,,,480,640,"[[332, 165, 426, 176]]",0.6242905788876277,0.4537953795379538,0.45871559633027525,0.9769094138543517,0.9978834909029243,0.987396452378638,5.822247012577653,3.2118032935737637,1.1296625222024868,152.05894876271486
CP/US_1230,,,,,,,480,640,"[[332, 166, 428, 175]]",0.6698393813206425,0.5035778175313059,0.5085817524841915,0.980836236933798,0.9982258516890283,0.9895310443114131,5.0,2.6416967824685664,0.9285714285714286,151.53033725800924
CP/US_1231,,,,,,,480,640,"[[335, 164, 427, 175]]",0.5772833723653396,0.405761316872428,0.4125523012552301,0.9610136452241715,0.997711021334455,0.9793623332793133,7.0,3.5247411879738735,1.3294346978557505,151.53033725800924
CP/US_1232,,,,,,,480,640,"[[338, 166, 428, 176]]",0.6670838548185232,0.5004694835680751,0.5154738878143134,0.9450354609929078,0.9983661409619223,0.9717008009774151,5.0,2.700858098903386,0.8333333333333334,151.53033725800924
CP/US_1233,,,,,,,480,640,"[[337, 165, 429, 176]]",0.6023958927552767,0.4310204081632653,0.44036697247706424,0.9530685920577617,0.9978118090566973,0.9754402005572296,6.0,3.524216843796239,1.1642599277978338,151.53033725800924
CP/US_1234,,,,,,,480,640,"[[339, 164, 429, 176]]",0.6087431693989072,0.4375490966221524,0.44595676541232987,0.9586919104991394,0.9977431274643777,0.9782175189817586,6.0,3.658519928610082,1.1497418244406197,152.6738535030745
CP/US_1235,,,,,,,480,640,"[[338, 165, 430, 175]]",0.5982404692082112,0.42677824267782427,0.4358974358974359,0.9532710280373832,0.9978478143902956,0.9755594212138394,5.0,3.4285320911103727,1.1869158878504673,152.6738535030745
CP/US_1236,,,,,,,480,640,"[[334, 163, 431, 175]]",0.582089552238806,0.4105263157894737,0.41839080459770117,0.9562171628721541,0.9975246959680917,0.9768709294201229,7.0,3.7082081943963647,1.2854640980735552,152.6738535030745
CP/US_1237,,,,,,,480,640,"[[334, 165, 433, 175]]",0.6385281385281385,0.46899841017488075,0.47696038803556995,0.9656301145662848,0.9978896829305682,0.9817598987484265,4.147012637917984,3.1318581201237206,1.0245499181669395,152.6738535030745
CP/US_1238,,,,,,,480,640,"[[334, 165, 431, 176]]",0.6334596643205198,0.4635499207606973,0.47139403706688154,0.9653465346534653,0.9978603625641728,0.981603448608819,6.0,3.1982732209085296,1.0478547854785478,153.65832252427936
CP/US_1239,,,,,,,480,640,"[[334, 166, 418, 175]]",0.6712898751733704,0.5052192066805845,0.5143464399574921,0.9660678642714571,0.998509939712878,0.9822889019921676,4.024621125123531,2.5917875355800626,0.8782435129740519,153.65832252427936
CP/US_1240,,,,,,,480,640,"[[335, 165, 411, 175]]",0.6301939058171745,0.46006066734074824,0.4661885245901639,0.9722222222222222,0.9983014488217727,0.9852618355219975,6.60142603922608,3.180729339851339,1.0854700854700854,153.65832252427936
CP/US_1241,,,,,,,480,640,"[[342, 165, 418, 174]]",0.5699782451051486,0.39858012170385393,0.40020366598778007,0.9899244332493703,0.9980802013018125,0.9940023172755914,6.0,3.5524362677725656,1.473551637279597,153.65832252427936
CP/US_1242,,,,,,,480,640,"[[342, 165, 427, 175]]",0.6243781094527363,0.4538878842676311,0.4576116681859617,0.9823874755381604,0.9980599238968466,0.9902236997175036,6.0,3.2650108758337737,1.1467710371819961,152.20482350559905
CP/US_1243,,,,,,,480,640,"[[338, 165, 428, 175]]",0.616532721010333,0.445643153526971,0.45240101095197977,0.9675675675675676,0.9978802850201373,0.9827239262938524,6.0,3.403129390523134,1.1387387387387387,152.20482350559905
CP/US_1244,,,,,,,480,640,"[[332, 166, 427, 176]]",0.7224466243508367,0.5654923215898826,0.5716894977168949,0.9811912225705329,0.9984701300226382,0.9898306762965856,5.674264014027667,2.353976273057284,0.7163009404388715,152.20482350559905
CP/US_1245,,,,,,,480,640,"[[340, 166, 420, 175]]",0.7044299201161947,0.5437219730941704,0.5517633674630261,0.9738955823293173,0.9987153654035513,0.9863054738664343,5.0,2.311496945528471,0.7650602409638554,152.20482350559905
CP/US_1246,,,,,,,480,640,"[[336, 165, 424, 176]]",0.6619552414605419,0.49471830985915494,0.5004452359750667,0.9773913043478261,0.9981704035874439,0.9877808539676349,5.0,2.971658988157124,0.9530434782608695,152.62563349097036
CP/US_1247,,,,,,,480,640,"[[338, 165, 426, 175]]",0.6328502415458938,0.4628975265017668,0.46995515695067264,0.9685767097966729,0.9980727779064041,0.9833247438515385,6.0,3.138678061494197,1.0609981515711646,152.62563349097036
CP/US_1248,,,,,,,480,640,"[[336, 165, 423, 175]]",0.5842696629213483,0.4126984126984127,0.4186046511627907,0.9669421487603306,0.9978807757013002,0.9824114622308153,6.0,3.507215311332825,1.3099173553719008,152.62563349097036
CP/US_1249,,,,,,,480,640,"[[337, 166, 426, 175]]",0.592,0.42045454545454547,0.43317073170731707,0.9347368421052632,0.9981057950933246,0.9664213185992939,6.0,3.1892212820775745,1.1578947368421053,152.62563349097036
SG/US_680,,,,,,,480,640,"[[238, 183, 376, 193]]",0.6505165657285358,0.4820485744456177,0.4820485744456177,1.0,0.9967971216538737,0.9983985608269368,6.0,3.2862505096388297,1.0744797371303396,154.88140773959458
SG/US_681,,,,,,,480,640,"[[242, 182, 361, 192]]",0.6624888093106536,0.49531459170013387,0.5013550135501355,0.9762532981530343,0.9975982404500688,0.9869257693015516,6.0,2.965803087871406,0.9472295514511874,154.88140773959458
SG/US_682,,,,,,,480,640,"[[240, 183, 366, 194]]",0.5816046966731898,0.41004415011037526,0.4116343490304709,0.9906666666666667,0.9965345080763583,0.9936005873715126,7.0,3.915045556149158,1.4066666666666667,154.88140773959458
SG/US_683,,,,,,,480,640,"[[235, 183, 365, 195]]",0.6179735051915503,0.4471502590673575,0.45159602302459445,0.9784580498866213,0.9965787188477334,0.9875183843671773,7.0,3.7709019958169425,1.1666666666666667,154.88140773959458
SG/US_684,,,,,,,480,640,"[[241, 182, 367, 194]]",0.5425163524432474,0.3722280887011616,0.3753993610223642,0.9778085991678225,0.996172657833,0.9869906285004113,7.0,4.281831960268618,1.6047156726768377,153.29234447563067
SG/US_685,,,,,,,480,640,"[[242, 182, 363, 194]]",0.5821890937622597,0.41062534587714444,0.4129104062326099,0.9867021276595744,0.9965573278337597,0.991629727746667,7.0,4.00558329278043,1.389627659574468,153.29234447563067
SG/US_686,,,,,,,480,640,"[[240, 182, 369, 193]]",0.5665610142630745,0.3952459922609176,0.40033594624860025,0.9688346883468835,0.9965052763474754,0.9826699823471794,7.0,3.955723726533363,1.4200542005420054,153.29234447563067
SG/US_687,,,,,,,480,640,"[[243, 182, 367, 194]]",0.5579068872643325,0.38687299893276417,0.38957549704459965,0.9823848238482384,0.9962931782733259,0.9893390010607821,7.615773105863909,4.218904223561504,1.521680216802168,153.29234447563067
SG/US_688,,,,,,,480,640,"[[243, 182, 367, 194]]",0.5568445475638051,0.3858520900321543,0.3889789303079417,0.9795918367346939,0.9963095296363369,0.9879506831855154,7.280109889280518,4.229347197425004,1.5183673469387755,154.44115473655984
SG/US_689,,,,,,,480,640,"[[243, 183, 360, 193]]",0.5871229176046826,0.41555130656469086,0.41555130656469086,1.0,0.9970086250766601,0.99850431253833,6.324555320336759,3.588182092667196,1.406441717791411,154.44115473655984
SG/US_690,,,,,,,480,640,"[[243, 184, 373, 193]]",0.6491405460060667,0.4805389221556886,0.5115537848605578,0.8879668049792531,0.9979998499071708,0.942983327443212,5.0,2.253543340176169,0.73582295988935,154.44115473655984
SG/US_691,,,,,,,480,640,"[[225, 182, 363, 195]]",0.6216914138153647,0.45105386416861826,0.4555345316934721,0.9786585365853658,0.9962412153512553,0.9874498759683106,7.0,3.961666610826772,1.1483739837398375,154.44115473655984
SG/US_710,,,,,,,480,640,"[[253, 182, 351, 192]]",0.6690721649484536,0.5027110766847405,0.5042735042735043,0.9938744257274119,0.997918753078647,0.9958965894030294,5.0,2.9990868518311924,0.9709035222052067,155.31926648691297
SG/US_711,,,,,,,480,640,"[[246, 181, 358, 195]]",0.519872813990461,0.35123523093447906,0.3546637744034707,0.9732142857142857,0.9961178097922538,0.9846660477532698,8.052919086053764,4.8011620446308925,1.744047619047619,155.31926648691297
SG/US_712,,,,,,,480,640,"[[247, 182, 357, 196]]",0.6044168926772568,0.4330927262631871,0.4350250976017847,0.9898477157360406,0.9966939937078182,0.9932708547219293,7.0,4.222359763157926,1.2753807106598984,155.31926648691297
SG/US_720,,,,,,,480,640,"[[275, 184, 369, 200]]",0.5347159603246168,0.3649230769230769,0.3674101610904585,0.9817880794701986,0.9966698847995408,0.9892289821348696,9.0,4.704157412137669,1.6721854304635762,155.31926648691297
SG/US_721,,,,,,,480,640,"[[275, 184, 364, 202]]",0.5315273236805231,0.3619592875318066,0.36427656850192064,0.9827288428324698,0.9967614742630152,0.9897451585477425,9.055385138137417,4.812418598501857,1.697754749568221,154.31654898566194
SG/US_722,,,,,,,480,640,"[[268, 183, 363, 202]]",0.474370112945265,0.3109339407744875,0.3123569794050343,0.9855595667870036,0.9960801706201939,0.9908198687035987,9.219544457292887,5.546356319617753,2.155234657039711,154.31654898566194
SG/US_723,,,,,,,480,640,"[[267, 184, 351, 201]]",0.5180972078593589,0.3496161898115841,0.3503496503496504,0.9940476190476191,0.9969709419099043,0.9955092804787617,8.54400374531753,4.7705739190731595,1.8373015873015872,154.31654898566194
SG/US_724,,,,,,,480,640,"[[264, 183, 360, 200]]",0.5323741007194245,0.3627450980392157,0.3650609402205456,0.9828125,0.9964313674321503,0.9896219337160752,9.0,4.797276739165871,1.6921875,154.31654898566194
SG/US_725,,,,,,,480,640,"[[262, 184, 356, 200]]",0.5123339658444023,0.34438775510204084,0.3474903474903475,0.9747292418772563,0.9966932554150388,0.9857112486461476,9.0,4.606768403597888,1.8050541516245486,154.09561473643407
SG/US_726,,,,,,,480,640,"[[260, 184, 357, 201]]",0.5336384439359267,0.36392009987515606,0.36620603015075376,0.9831365935919055,0.9967091423222562,0.9899228679570808,8.0,4.430664526326016,1.684654300168634,154.09561473643407
SG/US_727,,,,,,,480,640,"[[261, 184, 350, 200]]",0.6038480513073508,0.43250883392226147,0.4358974358974359,0.9823434991974318,0.997416635951164,0.9898800675742979,8.0,3.854046120535908,1.2536115569823434,154.09561473643407
SG/US_734,,,,,,,480,640,"[[252, 183, 336, 201]]",0.5357142857142857,0.36585365853658536,0.36759700476514634,0.9872029250457038,0.9969705171643519,0.9920867211050279,8.246211251235321,4.790633293772461,1.6855575868372943,154.09561473643407
SG/US_735,,,,,,,480,640,"[[248, 183, 336, 203]]",0.5271389144434223,0.3579013116801999,0.35857321652065083,0.9947916666666666,0.9966571436025882,0.9957244051346275,10.770329614269007,4.910354594035457,1.7743055555555556,153.69384325458668
SG/US_736,,,,,,,480,640,"[[248, 183, 325, 201]]",0.5333333333333333,0.36363636363636365,0.3644128113879004,0.9941747572815534,0.9970882175522116,0.9956314874168825,10.770329614269007,4.783181626559026,1.7281553398058251,153.69384325458668
SG/US_737,,,,,,,480,640,"[[243, 182, 336, 200]]",0.5398936170212766,0.3697632058287796,0.37088915956151036,0.99185667752443,0.9966306354497596,0.9942436564870948,9.0,4.821206518913765,1.6742671009771988,153.69384325458668
SG/US_738,,,,,,,480,640,"[[242, 181, 338, 201]]",0.5035183737294762,0.33646812957157785,0.336996336996337,0.9953632148377125,0.995866946335544,0.9956150805866282,10.02970585407783,5.499776306339292,1.9536321483771253,153.69384325458668
SG/US_739,,,,,,,480,640,"[[243, 181, 326, 202]]",0.5392111368909512,0.3691232528589581,0.3700636942675159,0.9931623931623932,0.9967744565660519,0.9949684248642225,10.770329614269007,4.930936221532739,1.6837606837606838,154.9234602425713
SG/US_740,,,,,,,480,640,"[[250, 183, 332, 205]]",0.5048975957257347,0.3377010125074449,0.34013197360527897,0.9792746113989638,0.9964125092540954,0.9878435603265296,11.788923577737794,5.466531092122037,1.8791018998272884,154.9234602425713
SG/US_741,,,,,,,480,640,"[[244, 181, 331, 201]]",0.5092952875054042,0.34164733178654294,0.3422428820453225,0.9949324324324325,0.9963079893544852,0.9956202108934589,9.232908883453488,5.476033275337655,1.9070945945945945,154.9234602425713
SG/US_742,,,,,,,480,640,"[[248, 182, 331, 201]]",0.5002442598925256,0.33355048859934855,0.33355048859934855,1.0,0.9966643624791319,0.998332181239566,10.04987562112089,5.132617939236722,1.998046875,154.9234602425713
SG/US_743,,,,,,,480,640,"[[244, 182, 320, 198]]",0.5589419206440484,0.38786911412609737,0.38786911412609737,1.0,0.997499299021238,0.998749649510619,7.924099870362655,4.177373666154649,1.5781893004115226,153.59303550212644
SG/US_744,,,,,,,480,640,"[[246, 182, 323, 199]]",0.5456570155902004,0.37519142419601836,0.37576687116564417,0.9959349593495935,0.9973460098856242,0.9966404846176089,8.0,4.588615219997806,1.6504065040650406,153.59303550212644
SG/US_745,,,,,,,480,640,"[[237, 180, 330, 202]]",0.5350060704168353,0.3651933701657459,0.3674263479710951,0.9836309523809523,0.9962874517172983,0.9899592020491252,9.0,5.3501767583521005,1.6770833333333333,153.59303550212644
SG/US_746,,,,,,,480,640,"[[237, 180, 319, 200]]",0.5016106764841234,0.3347665847665848,0.3353846153846154,0.9945255474452555,0.9964780924305076,0.9955018199378816,10.0,5.656748272391429,1.9653284671532847,153.59303550212644
SG/US_747,,,,,,,480,640,"[[229, 180, 317, 199]]",0.5358228397742075,0.36595492289442466,0.367699642431466,0.9872,0.9965391829079344,0.9918695914539672,9.299731014256551,5.2319253986064735,1.6848,151.37458275421523
SG/US_748,,,,,,,480,640,"[[238, 181, 315, 200]]",0.5742971887550201,0.4028169014084507,0.40509915014164305,0.9862068965517241,0.9972604526775813,0.9917336746146528,9.0,4.64793554412494,1.4344827586206896,151.37458275421523
SG/US_749,,,,,,,480,640,"[[232, 181, 313, 200]]",0.5176003966286564,0.3491638795986622,0.35175202156334234,0.9793621013133208,0.9968630468879925,0.9881125741006567,9.848857801796104,5.09234637556672,1.7842401500938085,151.37458275421523
SG/US_750,,,,,,,480,640,"[[235, 180, 305, 201]]",0.5215909090909091,0.3528055342044581,0.3558139534883721,0.9765957446808511,0.9972907769047696,0.9869432607928104,8.94427190999916,4.96079660988936,1.7446808510638299,151.37458275421523
SG/US_751,,,,,,,480,640,"[[231, 180, 308, 201]]",0.5757575757575758,0.40425531914893614,0.4069423929098966,0.9839285714285714,0.9973812940255674,0.9906549327270694,8.246211251235321,4.554338936816972,1.417857142857143,152.55608726874925
SG/US_752,,,,,,,480,640,"[[234, 180, 307, 200]]",0.5177265053460889,0.3492786636294609,0.3519510328997705,0.9787234042553191,0.9972386137645486,0.9879810090099339,8.960990336999412,4.898691649070252,1.7808510638297872,152.55608726874925
SG/US_806,,,,,,,480,640,"[[250, 185, 330, 198]]",0.5751231527093597,0.40363007778738114,0.4075043630017452,0.9769874476987448,0.9977862689992892,0.9873868583490171,7.0,3.7054179316794187,1.397489539748954,152.55608726874925
SG/US_807,,,,,,,480,640,"[[254, 186, 355, 209]]",0.4264099037138927,0.270979020979021,0.2734891927657697,0.9672386895475819,0.9946274615979306,0.9809330755727562,15.0,6.362796038510332,2.5366614664586584,152.55608726874925
SG/US_808,,,,,,,480,640,"[[253, 185, 334, 203]]",0.5130072840790842,0.3449965010496851,0.3503909026297086,0.9572815533980582,0.9970197433849063,0.9771506483914822,10.198039027185569,4.735332095408713,1.7320388349514564,154.6040797547903
SG/US_809,,,,,,,480,640,"[[255, 184, 334, 200]]",0.5366705471478463,0.36674622116149563,0.3714746172441579,0.9664570230607966,0.9974569888792167,0.9819570059700067,7.0,4.422660668790645,1.60167714884696,154.6040797547903
SG/US_810,,,,,,,480,640,"[[253, 184, 332, 199]]",0.568935427574171,0.3975609756097561,0.40114848236259226,0.978,0.9976198239321813,0.9878099119660906,7.0,4.098484821497652,1.438,154.6040797547903
SG/US_811,,,,,,,480,640,"[[250, 184, 324, 201]]",0.5011547344110855,0.33436055469953774,0.3364341085271318,0.9819004524886877,0.9972095267279093,0.9895549896082985,10.032419153728577,4.910823668596557,1.918552036199095,154.6040797547903
SG/US_812,,,,,,,480,640,"[[254, 185, 333, 204]]",0.4949290060851927,0.3288409703504043,0.33356117566643884,0.9587426326129665,0.9968209044282356,0.9777817685206011,11.0,5.100261916038586,1.87426326129666,157.87500402075239
SG/US_813,,,,,,,480,640,"[[257, 184, 319, 199]]",0.5390173410404624,0.36894164193867457,0.3715139442231076,0.9815789473684211,0.9979434195945506,0.9897611834814859,8.0,4.378278553977547,1.6421052631578947,157.87500402075239
SG/US_814,,,,,,,480,640,"[[255, 184, 327, 200]]",0.5353016688061617,0.3654688869412796,0.3674008810572687,0.9858156028368794,0.9976595377098022,0.9917375702733409,7.615773105863909,4.417735883497183,1.6832151300236406,157.87500402075239
SG/US_815,,,,,,,480,640,"[[257, 183, 330, 201]]",0.4928909952606635,0.3270440251572327,0.32989690721649484,0.9742388758782201,0.9972455203032862,0.9857421980907531,8.0,5.085114428757761,1.9531615925058547,157.87500402075239
SG/US_816,,,,,,,480,640,"[[256, 184, 335, 204]]",0.44702320887991925,0.28784925276153345,0.28992146596858637,0.9757709251101322,0.9964628715614874,0.9861168983358097,11.0,5.693263483092028,2.3656387665198237,152.96394549659453
SG/US_817,,,,,,,480,640,"[[248, 183, 341, 205]]",0.45575757575757575,0.29513343799058084,0.29637414608512874,0.986013986013986,0.9956331450487236,0.9908235655313549,12.0,6.112861590352924,2.326923076923077,152.96394549659453
SG/US_818,,,,,,,480,640,"[[247, 181, 357, 208]]",0.4906015037593985,0.32503113325031135,0.3261141191170346,0.9898862199747156,0.994719476255593,0.9923028481151543,11.40175425099138,6.320220491618752,2.0353982300884956,152.96394549659453
SG/US_819,,,,,,,480,640,"[[240, 181, 353, 209]]",0.48366013071895425,0.31896551724137934,0.32059866089011424,0.9842805320435308,0.9943696082879366,0.9893250701657337,13.0,6.292000849989753,2.0701330108827087,152.96394549659453
SG/US_820,,,,,,,480,640,"[[243, 182, 327, 202]]",0.5315358690418873,0.3619672131147541,0.36387607119314436,0.9857142857142858,0.9968529872162797,0.9912836364652827,10.109140983546759,4.861511733468432,1.7089285714285714,153.88109048944898
SG/US_821,,,,,,,480,640,"[[251, 181, 343, 205]]",0.4981655116184264,0.3317046688382193,0.3324265505984766,0.9934959349593496,0.995997847252801,0.9947468911060753,10.198039027185569,5.69256457129861,1.9886178861788617,153.88109048944898
SG/US_822,,,,,,,480,640,"[[251, 182, 345, 205]]",0.49468763280917977,0.3286278938452851,0.3301191151446398,0.9864406779661017,0.9961482012980659,0.9912944396320837,10.007481343168132,5.434842843114527,1.988135593220339,153.88109048944898
SG/US_823,,,,,,,480,640,"[[250, 183, 355, 205]]",0.5067698259187621,0.3393782383419689,0.34096824570536177,0.9864457831325302,0.9958699793825195,0.9911578812575248,10.0,5.260039460088853,1.8930722891566265,153.88109048944898
SG/US_824,,,,,,,480,640,"[[253, 183, 340, 204]]",0.49678012879484823,0.33047735618115054,0.33210332103321033,0.9854014598540146,0.9964585262773437,0.9909299930656792,11.004536101718724,5.135088466013418,1.967153284671533,152.16721524484456
SG/US_825,,,,,,,480,640,"[[254, 183, 345, 204]]",0.470961887477314,0.3080118694362018,0.3104066985645933,0.9755639097744361,0.9962402337381142,0.9859020717562752,10.146181835062928,5.267779455777142,2.142857142857143,152.16721524484456
SG/US_826,,,,,,,480,640,"[[254, 184, 355, 204]]",0.502167914860071,0.3352631578947368,0.3375728669846317,0.98,0.9959223617680639,0.987961180884032,10.153590005366164,5.386134926437276,1.903076923076923,152.16721524484456
SG/US_827,,,,,,,480,640,"[[251, 182, 353, 204]]",0.4715693707354056,0.30853174603174605,0.31037924151696605,0.9810725552050473,0.9954919984603642,0.9882822768327058,11.538079797869086,5.871196201114,2.1608832807570977,152.16721524484456
SG/US_828,,,,,,,480,640,"[[248, 182, 352, 206]]",0.4901023890784983,0.32459312839059673,0.3257713248638838,0.9889807162534435,0.9951513015786004,0.992066008916022,13.130038112453779,5.863046581641212,2.0358126721763083,153.75259099528193
SG/US_829,,,,,,,480,640,"[[248, 182, 358, 204]]",0.5314586994727593,0.36189564384873146,0.36398651901781415,0.984375,0.9956890925229741,0.9900320462614871,10.0,5.220158595489362,1.7044270833333333,153.75259099528193
SG/US_830,,,,,,,480,640,"[[247, 181, 362, 205]]",0.488,0.32275132275132273,0.32332155477031804,0.9945652173913043,0.9950010441683199,0.9947831307798121,11.0,5.821883754337662,2.0760869565217392,153.75259099528193
SG/US_831,,,,,,,480,640,"[[249, 182, 355, 204]]",0.4899425287356322,0.32445290199809707,0.32694151486097794,0.9770773638968482,0.9954192794826787,0.9862483216897635,11.0,5.740221699009992,1.988538681948424,153.75259099528193
SG/US_832,,,,,,,480,640,"[[252, 182, 351, 206]]",0.5059171597633136,0.33861386138613864,0.34063745019920316,0.9827586206896551,0.9956803173857437,0.9892194690376994,12.0,5.680909403739747,1.8850574712643677,154.54272652277723
SG/US_833,,,,,,,480,640,"[[252, 183, 341, 202]]",0.5340909090909091,0.3643410852713178,0.3659961064243997,0.9877408056042032,0.9968137390788216,0.9922772723415124,9.019384798348094,4.707684924263326,1.6987740805604203,154.54272652277723
SG/US_834,,,,,,,480,640,"[[251, 183, 338, 202]]",0.4982834722903384,0.3318092749836708,0.33377135348226017,0.9825918762088974,0.9966936543597135,0.9896427652843054,10.0,4.982967894494049,1.943907156673114,154.54272652277723
SG/US_835,,,,,,,480,640,"[[250, 184, 342, 201]]",0.5210550670985655,0.3523153942428035,0.3538654934003771,0.987719298245614,0.996647425235626,0.9921833617406199,10.0,4.712125571148437,1.7912280701754386,154.54272652277723
SG/US_836,,,,,,,480,640,"[[249, 183, 354, 205]]",0.4720904779277636,0.30897803247373445,0.3122586872586873,0.9671150971599403,0.9953512042827642,0.9812331507213523,12.175714651409256,5.661262107561367,2.0971599402092678,152.55683273426257
SG/US_837,,,,,,,480,640,"[[257, 184, 358, 203]]",0.5333333333333333,0.36363636363636365,0.36551724137931035,0.986046511627907,0.9963986886529334,0.9912226001404202,9.0,4.855074665312782,1.697674418604651,152.55683273426257
SG/US_838,,,,,,,480,640,"[[259, 184, 354, 204]]",0.48066058235549763,0.31636155606407323,0.3190998268897865,0.9735915492957746,0.9961517388922226,0.9848716440939986,10.0,5.350598699978013,2.051056338028169,152.55683273426257
SG/US_839,,,,,,,480,640,"[[258, 184, 342, 202]]",0.5397614314115308,0.36963921034717495,0.37268359643102267,0.9783783783783784,0.9970193546283161,0.9876988665033473,9.916871790987855,4.601370038588479,1.6252252252252253,152.55683273426257
SG/US_840,,,,,,,480,640,"[[256, 183, 343, 201]]",0.5192307692307693,0.35064935064935066,0.3543307086614173,0.9712230215827338,0.996791067165834,0.9840070443742839,8.532259271101735,5.053484424957763,1.7410071942446044,155.13906499836594
SG/US_841,,,,,,,480,640,"[[257, 183, 352, 202]]",0.5070052539404554,0.3395894428152493,0.3419964559952747,0.9796954314720813,0.996366708087499,0.9880310697797902,9.0,5.19869224489843,1.8646362098138747,155.13906499836594
SG/US_842,,,,,,,480,640,"[[257, 185, 334, 200]]",0.5681818181818182,0.3968253968253968,0.4028837998303647,0.9634888438133874,0.9977046497145484,0.9805967467639679,8.0,4.129325721987058,1.3914807302231238,155.13906499836594
SG/US_843,,,,,,,480,640,"[[257, 186, 343, 201]]",0.6231422505307855,0.4525828835774865,0.45716510903426794,0.9783333333333334,0.9977266797129811,0.9880300065231573,8.0,3.6303237429485136,1.14,155.13906499836594
SG/US_844,,,,,,,480,640,"[[268, 186, 330, 198]]",0.6614718614718614,0.49417852522639066,0.4973958333333333,0.9870801033591732,0.9987419046780939,0.9929110040186335,6.0,2.7083500069123896,0.9844961240310077,153.2223355025053
SG/US_845,,,,,,,480,640,"[[268, 187, 327, 198]]",0.6717850287907869,0.5057803468208093,0.5094614264919942,0.9859154929577465,0.9989017256269452,0.9924086092923459,6.0,2.517913835859974,0.9352112676056338,153.2223355025053
SG/US_846,,,,,,,480,640,"[[264, 187, 327, 198]]",0.6660808435852372,0.4993412384716733,0.5033200531208499,0.9844155844155844,0.9987810243958085,0.9915983044056964,6.0,2.645208303473836,0.9558441558441558,153.2223355025053
SG/US_847,,,,,,,480,640,"[[259, 185, 328, 198]]",0.5948795180722891,0.42336548767416937,0.43028322440087147,0.9634146341463414,0.9982952508230386,0.98085494248469,7.0,3.441125491010583,1.2390243902439024,153.2223355025053
SG/US_848,,,,,,,480,640,"[[264, 186, 335, 198]]",0.6254948535233571,0.45506912442396313,0.466903073286052,0.947242206235012,0.9985299055032384,0.9728860558691252,6.078624403783308,2.93375687680032,1.0287769784172662,152.64257724629715
SG/US_849,,,,,,,480,640,"[[272, 187, 337, 200]]",0.619533527696793,0.44878563885955647,0.45260915867944623,0.9815242494226328,0.9983244612360521,0.9899243553293424,8.0,3.4529989093021953,1.1685912240184757,152.64257724629715
SG/US_850,,,,,,,480,640,"[[257, 187, 337, 199]]",0.6238881829733164,0.4533702677746999,0.4610328638497653,0.9646365422396856,0.9981284093762125,0.981382475807949,7.0,3.312961849432681,1.0923379174852652,152.64257724629715
SG/US_851,,,,,,,480,640,"[[264, 185, 338, 200]]",0.5967130214917825,0.4252252252252252,0.43302752293577984,0.959349593495935,0.9979850541883485,0.9786673238421417,8.0,3.76598981759018,1.2154471544715446,152.64257724629715
SG/US_852,,,,,,,480,640,"[[255, 186, 349, 204]]",0.4778681120144535,0.313946587537092,0.3180998196031269,0.9600725952813067,0.9963019608738329,0.9781872780775698,12.0,4.810120395667984,2.0181488203266786,152.66026026802137
SG/US_853,,,,,,,480,640,"[[264, 186, 348, 201]]",0.5890557939914163,0.417490494296578,0.4252517428350116,0.9581151832460733,0.9975801217766211,0.9778476525113472,8.0,3.868110603416828,1.2530541012216405,152.66026026802137
SG/US_854,,,,,,,480,640,"[[275, 187, 356, 202]]",0.597713663581927,0.42624223602484473,0.42890625,0.9856373429084381,0.9976161203745072,0.9916267316414726,8.0,4.049329348965727,1.2980251346499103,152.66026026802137
SG/US_855,,,,,,,480,640,"[[271, 185, 343, 199]]",0.642023346303502,0.47277936962750716,0.47368421052631576,0.9959758551307847,0.9982067342021435,0.9970912946664641,6.0,3.3230807011758214,1.1026156941649898,152.66026026802137
XM/US_473,,,,,,,480,640,"[[312, 142, 385, 154]]",0.6222826086956522,0.4516765285996055,0.4557213930348259,0.9807280513918629,0.9982166900855141,0.9894723707386885,6.0,3.3447560939194174,1.15203426124197,153.24603675981052
XM/US_474,,,,,,,480,640,"[[313, 141, 390, 155]]",0.532051282051282,0.3624454148471616,0.3679078014184397,0.9606481481481481,0.9976757680070933,0.9791619580776207,7.165136746702243,4.192360851000554,1.6111111111111112,153.24603675981052
XM/US_499,,,,,,,480,640,"[[256, 150, 332, 161]]",0.5792682926829268,0.40772532188841204,0.40807560137457044,0.9978991596638656,0.9977536808335833,0.9978264202487244,8.0,3.9357157483414342,1.4453781512605042,153.24603675981052
XM/US_500,,,,,,,480,640,"[[263, 150, 335, 164]]",0.5761511216056671,0.4046434494195688,0.4063280599500416,0.9898580121703854,0.997675305747831,0.9937666589591082,8.0,4.240510574820142,1.436105476673428,153.24603675981052
XM/US_501,,,,,,,480,640,"[[285, 151, 338, 160]]",0.5906735751295337,0.41911764705882354,0.42097488921713444,0.9895833333333334,0.9987227609216974,0.9941530471275154,6.0,3.2139051448965987,1.3506944444444444,153.5106867668219
XM/US_502,,,,,,,480,640,"[[290, 150, 344, 157]]",0.7192784667418264,0.5616197183098591,0.5778985507246377,0.9522388059701492,0.999240708454858,0.9757397572125036,3.0,2.0785258001179376,0.6477611940298508,153.5106867668219
XM/US_503,,,,,,,480,640,"[[272, 149, 356, 162]]",0.5649651972157773,0.3936944219886823,0.39625711960943855,0.9838383838383838,0.9975807371904599,0.9907095605144218,7.0710678118654755,3.903257230749099,1.4828282828282828,153.5106867668219
XM/US_504,,,,,,,480,640,"[[275, 149, 350, 161]]",0.6585209003215434,0.49089165867689355,0.49660523763336567,0.9770992366412213,0.9983076602016461,0.9877034484214338,6.0,3.167622873076175,0.9675572519083969,153.5106867668219
XM/US_505,,,,,,,480,640,"[[268, 149, 357, 161]]",0.6299297676931388,0.4597791798107255,0.4619651347068146,0.9898132427843803,0.9977854675794411,0.9937993551819106,7.0,3.435543475487757,1.1426146010186757,157.41729125147685
XM/US_506,,,,,,,480,640,"[[274, 150, 357, 159]]",0.6044728434504792,0.43315018315018317,0.43434343434343436,0.9936974789915967,0.9979916798163821,0.9958445794039894,5.385164807134504,3.343901531126445,1.2878151260504203,157.41729125147685
XM/US_507,,,,,,,480,640,"[[288, 148, 362, 159]]",0.6573816155988857,0.4896265560165975,0.4989429175475687,0.963265306122449,0.9984545662026018,0.9808599361625254,5.0,2.9356304991924698,0.9306122448979591,157.41729125147685
XM/US_508,,,,,,,480,640,"[[282, 150, 357, 159]]",0.6237623762376238,0.45323741007194246,0.4574688796680498,0.98,0.9982950285248574,0.9891475142624286,5.0,3.2095675598535145,1.1422222222222222,157.41729125147685
XM/US_509,,,,,,,480,640,"[[301, 149, 361, 159]]",0.5944986690328306,0.42297979797979796,0.4256670902160102,0.9852941176470589,0.9985270155771362,0.9919105666120975,6.0,3.305845961621262,1.3147058823529412,153.98610424017534
XM/US_510,,,,,,,480,640,"[[304, 148, 362, 157]]",0.6481665014866204,0.47947214076246336,0.48516320474777447,0.9761194029850746,0.9988692095872778,0.9874943062861762,5.0,2.6863718648032298,1.0119402985074626,153.98610424017534
XM/US_511,,,,,,,480,640,"[[305, 150, 361, 159]]",0.6521739130434783,0.4838709677419355,0.4871447902571042,0.9863013698630136,0.9987648084475369,0.9925330891552753,6.0,2.9982226477418674,1.0246575342465754,153.98610424017534
XM/US_512,,,,,,,480,640,"[[310, 150, 361, 161]]",0.5861344537815126,0.4145616641901932,0.4176646706586826,0.9823943661971831,0.9987325522292745,0.9905634592132289,7.0,3.189637254673624,1.352112676056338,153.98610424017534
XM/US_514,,,,,,,480,640,"[[296, 149, 369, 158]]",0.7747875354107648,0.6323699421965318,0.6345707656612529,0.9945454545454545,0.9989727702592532,0.9967591124023538,4.604101966249685,1.9509712115911204,0.5672727272727273,154.34547324548475
XM/US_515,,,,,,,480,640,"[[292, 150, 369, 159]]",0.6213183730715287,0.4506612410986775,0.4534288638689867,0.9866369710467706,0.9982591743792196,0.9924480727129952,6.0,3.1661956240757725,1.175946547884187,154.34547324548475
XM/US_516,,,,,,,480,640,"[[296, 148, 372, 159]]",0.5708502024291497,0.39943342776203966,0.40209125475285173,0.9837209302325581,0.9979496039378035,0.9908352670851808,8.028015986734346,3.559217675949689,1.4465116279069767,154.34547324548475
XM/US_517,,,,,,,480,640,"[[300, 148, 375, 161]]",0.6145110410094637,0.4435336976320583,0.445970695970696,0.9878296146044625,0.99802743334844,0.9929285239764513,8.0,3.2490617235488273,1.2150101419878296,154.34547324548475
XM/US_518,,,,,,,480,640,"[[304, 148, 373, 157]]",0.7310989867498051,0.5761670761670762,0.5782983970406905,0.9936440677966102,0.9988850056075741,0.9962645367020921,4.0,2.210265964458444,0.7182203389830508,151.97355175041594
XM/US_519,,,,,,,480,640,"[[303, 148, 376, 156]]",0.642570281124498,0.47337278106508873,0.47337278106508873,1.0,0.9985495436766623,0.9992747718383311,6.0,2.7562770994107235,1.1125,151.97355175041594
XM/US_520,,,,,,,480,640,"[[304, 148, 379, 157]]",0.6635586635586636,0.4965116279069767,0.4982497082847141,0.9930232558139535,0.9985982983994524,0.9958107771067028,5.0,2.6192525340355037,0.9930232558139535,151.97355175041594
XM/US_521,,,,,,,480,640,"[[307, 148, 380, 157]]",0.6486486486486487,0.48,0.4817001180637544,0.9927007299270073,0.9985690490858538,0.9956348895064305,6.0,2.7066126115296516,1.0608272506082725,151.97355175041594
XM/US_522,,,,,,,480,640,"[[313, 146, 381, 156]]",0.7013832384052074,0.5401002506265664,0.5414572864321608,0.9953810623556582,0.9988101718894145,0.9970956171225362,6.0,2.3626518549811224,0.8383371824480369,156.0500822670292
XM/US_523,,,,,,,480,640,"[[317, 148, 383, 157]]",0.6875529212531752,0.5238709677419355,0.5259067357512953,0.9926650366748166,0.9988070054206284,0.9957360210477225,5.588931888902911,2.498941349986446,0.8875305623471883,156.0500822670292
XM/US_524,,,,,,,480,640,"[[316, 143, 396, 155]]",0.5383153894870171,0.3682842287694974,0.369244135534318,0.9929906542056075,0.9976334215638977,0.9953120378847526,7.0710678118654755,3.9641284564440595,1.689252336448598,156.0500822670292
XM/US_525,,,,,,,480,640,"[[317, 144, 394, 155]]",0.5700483091787439,0.39864864864864863,0.3998063891577928,0.9927884615384616,0.9979790341086888,0.9953837478235752,7.0,3.6047796293721874,1.4831730769230769,156.0500822670292
XM/US_526,,,,,,,480,640,"[[318, 143, 396, 155]]",0.5412208936438011,0.3710094909404659,0.3710094909404659,1.0,0.9976236268213972,0.9988118134106986,7.0,4.0756822020492,1.6953488372093024,155.19114874769002
XM/US_527,,,,,,,480,640,"[[316, 144, 401, 154]]",0.5980582524271845,0.4265927977839335,0.42896935933147634,0.9871794871794872,0.9979949923711905,0.9925872397753388,7.0,3.245188622757012,1.3012820512820513,155.19114874769002
XM/US_528,,,,,,,480,640,"[[324, 144, 403, 154]]",0.5967399007795889,0.42525252525252527,0.4256825075834176,0.9976303317535545,0.9981484982625872,0.9978894150080708,6.97082039324993,3.194639750062442,1.3436018957345972,155.19114874769002
XM/US_529,,,,,,,480,640,"[[325, 144, 405, 154]]",0.6341463414634146,0.4642857142857143,0.4657534246575342,0.9932584269662922,0.9983472152043161,0.9958028210853042,5.0,2.809147148386325,1.1325842696629214,155.19114874769002
XM/US_530,,,,,,,480,640,"[[325, 144, 389, 153]]",0.5945945945945946,0.4230769230769231,0.4247104247104247,0.990990990990991,0.9985433428814438,0.9947671669362174,5.0,3.0754037977875712,1.3333333333333333,155.66054426017217
XM/US_531,,,,,,,480,640,"[[325, 144, 409, 152]]",0.6125,0.44144144144144143,0.44455645161290325,0.984375,0.9982037606926768,0.9912893803463384,5.0,3.0238338447320405,1.2142857142857142,155.66054426017217
XM/US_532,,,,,,,480,640,"[[321, 145, 412, 153]]",0.6211734693877551,0.45050878815911194,0.45050878815911194,1.0,0.9980633360829179,0.9990316680414589,5.0,2.986540260994165,1.219712525667351,155.66054426017217
XM/US_585,,,,,,,480,640,"[[273, 139, 346, 159]]",0.509090909090909,0.34146341463414637,0.3466299862448418,0.9581749049429658,0.9969022479897219,0.9775385764663438,10.605318061589779,5.438173205669793,1.7642585551330798,155.66054426017217
XM/US_586,,,,,,,480,640,"[[279, 140, 342, 160]]",0.5294482331060136,0.3600337268128162,0.3655821917808219,0.9595505617977528,0.997584391452462,0.9785674766251073,10.671322682661467,4.87784472973308,1.6247191011235955,156.03851826745085
XM/US_610,,,,,,,480,640,"[[270, 136, 349, 155]]",0.4683864441072332,0.3058124174372523,0.30866666666666664,0.9706498951781971,0.9966190993176254,0.9836344972479112,12.789466384404102,5.057758535467308,2.1446540880503147,156.03851826745085
XM/US_611,,,,,,,480,640,"[[268, 138, 357, 156]]",0.519291874716296,0.3507050889025138,0.35135135135135137,0.9947826086956522,0.9965560538116592,0.9956693312536558,11.12634833937427,4.8576215397208875,1.8313043478260869,156.03851826745085
XM/US_612,,,,,,,480,640,"[[275, 137, 357, 156]]",0.5035360678925035,0.33648393194706994,0.33904761904761904,0.978021978021978,0.9966052945665147,0.9873136362942463,11.153344113436614,5.164048113607616,1.8846153846153846,156.03851826745085
XM/US_629,,,,,,,480,640,"[[280, 136, 349, 155]]",0.48683440608543005,0.3217324052590874,0.32525410476935107,0.9674418604651163,0.9971868174854125,0.9823143389752644,11.092603621796348,5.000131320380137,1.9744186046511627,151.9525917537976
XM/US_630,,,,,,,480,640,"[[277, 136, 349, 154]]",0.5060799073537927,0.3387596899224806,0.34328358208955223,0.9625550660792952,0.9972746180879294,0.9799148420836123,11.0,4.702550613971391,1.803964757709251,151.9525917537976
XM/US_631,,,,,,,480,640,"[[269, 136, 350, 154]]",0.4884453781512605,0.3231410701876303,0.32885431400282883,0.9489795918367347,0.9969058719963484,0.9729427319165416,10.019950248448355,4.977292478185718,1.8857142857142857,151.9525917537976
XM/US_632,,,,,,,480,640,"[[270, 136, 352, 154]]",0.5294117647058824,0.36,0.3680057388809182,0.9430147058823529,0.9971270739851821,0.9700708899337676,10.44030650891055,4.562855133754348,1.5625,151.9525917537976
XM/US_646,,,,,,,480,640,"[[289, 135, 358, 154]]",0.49473031618102914,0.328665568369028,0.33222314737718567,0.9684466019417476,0.9973858169159159,0.9829162094288317,9.03046182597558,5.023639579603869,1.9150485436893203,151.86740923672915
XM/US_647,,,,,,,480,640,"[[287, 134, 362, 154]]",0.4994511525795829,0.33284564740307243,0.33955223880597013,0.9439834024896265,0.9971146134234052,0.9705490079565159,9.449836686591164,5.070081940426509,1.7800829875518671,151.86740923672915
XM/US_648,,,,,,,480,640,"[[284, 135, 359, 154]]",0.5039018952062431,0.33681073025335323,0.3401053423626787,0.9720430107526882,0.9971408544835119,0.9845919326181001,10.0,4.8927673346729605,1.8580645161290323,151.86740923672915
XM/US_649,,,,,,,480,640,"[[285, 135, 363, 153]]",0.5624667729930888,0.39127218934911245,0.39595808383233533,0.9706422018348624,0.9973683781448207,0.9840052899898415,8.97213595499958,4.347960429188159,1.4513761467889907,151.86740923672915
XM/US_650,,,,,,,480,640,"[[290, 134, 365, 156]]",0.5634328358208955,0.3922077922077922,0.39580602883355176,0.9773462783171522,0.9969926479702005,0.9871694631436763,10.0,5.108144387444593,1.4692556634304208,153.97049600142054
XM/US_651,,,,,,,480,640,"[[287, 132, 361, 155]]",0.48521303258145365,0.3203176704169424,0.32592592592592595,0.9490196078431372,0.9967361179040726,0.9728778628736049,11.0,5.7527285106921315,1.911764705882353,153.97049600142054
XM/US_652,,,,,,,480,640,"[[280, 135, 357, 154]]",0.47861396859772604,0.3145907473309609,0.3189033189033189,0.9587852494577006,0.9969224650272708,0.9778538572424857,10.770329614269007,5.045948953231203,2.0065075921908893,153.97049600142054
XM/US_653,,,,,,,480,640,"[[287, 136, 361, 154]]",0.5546875,0.3837837837837838,0.3898039215686275,0.9613152804642167,0.997463178591575,0.9793892295278959,9.46833483354815,4.476639064660771,1.4661508704061896,153.97049600142054
XM/US_654,,,,,,,480,640,"[[289, 136, 360, 153]]",0.526381129733085,0.35720303285593935,0.3608510638297872,0.9724770642201835,0.9975518639736084,0.985014464096896,9.219544457292887,4.332199157232008,1.694954128440367,153.81265102769248
XM/US_655,,,,,,,480,640,"[[292, 136, 355, 154]]",0.6208991494532199,0.4502202643171806,0.4526129317980514,0.988394584139265,0.99798488993521,0.9931897370372375,8.966563145999494,4.060226521795632,1.183752417794971,153.81265102769248
XM/US_656,,,,,,,480,640,"[[289, 135, 364, 153]]",0.5646794150731158,0.3934169278996865,0.3980967486122125,0.9709864603481625,0.9975251318136317,0.9842557960808971,9.0,4.231917099609901,1.4390715667311411,153.81265102769248
XM/US_657,,,,,,,480,640,"[[291, 136, 359, 152]]",0.5823293172690763,0.41076487252124644,0.4134980988593156,0.9841628959276018,0.9979886425129907,0.9910757692202963,8.246211251235321,3.862279845534013,1.3800904977375565,153.81265102769248
XM/US_658,,,,,,,480,640,"[[289, 135, 361, 152]]",0.550251256281407,0.37954939341421146,0.38522427440633245,0.9626373626373627,0.9977212342499471,0.9801792984436548,8.529114120613416,4.1220647861498465,1.498901098901099,153.9713169913739
XM/US_660,,,,,,,480,640,"[[290, 136, 360, 153]]",0.5602968460111317,0.38917525773195877,0.3932291666666667,0.9741935483870968,0.9977211599589222,0.9859573541730096,9.0,4.240919518226794,1.4774193548387098,153.9713169913739
XM/US_661,,,,,,,480,640,"[[288, 134, 364, 152]]",0.5234066553863508,0.3544690603514133,0.36024844720496896,0.9567010309278351,0.9973134668992387,0.9770072489135369,8.991640786499872,4.670297190207764,1.6556701030927834,153.9713169913739
XM/US_662,,,,,,,480,640,"[[289, 136, 362, 152]]",0.6020469596628537,0.4306632213608958,0.43327556325823224,0.9861932938856016,0.9978675744148057,0.9920304341502036,8.0,3.8340180592398636,1.2761341222879685,153.9713169913739
XM/US_663,,,,,,,480,640,"[[289, 135, 359, 151]]",0.5703324808184144,0.39892665474060823,0.40361990950226245,0.971677559912854,0.9978516077081316,0.9847645838104928,8.06225774829855,4.068767157572384,1.4074074074074074,155.18734947545454
XM/US_664,,,,,,,480,640,"[[282, 136, 355, 151]]",0.55704270235819,0.38604240282685515,0.3905272564789991,0.9711111111111111,0.9977766911165444,0.9844439011138277,8.0,4.112027324497859,1.4866666666666666,155.18734947545454
XM/US_665,,,,,,,480,640,"[[285, 136, 352, 151]]",0.5776602775941837,0.40613382899628253,0.4091760299625468,0.9820224719101124,0.9979429838144448,0.9899827278622786,7.615773105863909,4.040364802141967,1.4,155.18734947545454
XM/US_667,,,,,,,480,640,"[[282, 136, 363, 150]]",0.5449101796407185,0.37448559670781895,0.37665562913907286,0.9848484848484849,0.9975451362400485,0.9911968105442667,8.0,4.034412312761198,1.6147186147186148,155.18734947545454
XM/US_668,,,,,,,480,640,"[[287, 134, 364, 151]]",0.5704735376044568,0.3990646921278254,0.4034672970843184,0.973384030418251,0.9975315807665469,0.9854578055923989,8.0,4.268016565223213,1.4125475285171103,155.16141799162142
XM/US_669,,,,,,,480,640,"[[285, 135, 363, 151]]",0.5246876859012493,0.3556451612903226,0.35970636215334423,0.9692307692307692,0.9974408710818432,0.9833358201563063,8.246211251235321,4.249845146181117,1.6945054945054945,155.16141799162142
XM/US_670,,,,,,,480,640,"[[285, 136, 358, 150]]",0.5769728331177232,0.40545454545454546,0.40730593607305937,0.9889135254988913,0.9978842636813812,0.9933988945901362,7.0,3.8187773703300913,1.4279379157427938,155.16141799162142
XM/US_671,,,,,,,480,640,"[[277, 134, 363, 150]]",0.5630530973451328,0.3918398768283295,0.39796716184519154,0.9621928166351607,0.9974891659139599,0.9798409912745603,8.0,3.7583299442836036,1.4177693761814745,155.16141799162142
XM/US_672,,,,,,,480,640,"[[286, 136, 365, 150]]",0.5875706214689266,0.416,0.41711229946524064,0.9936305732484076,0.997867824692155,0.9957491989702814,8.0,3.522264684476486,1.3821656050955413,153.7526984757278
XM/US_673,,,,,,,480,640,"[[286, 136, 360, 150]]",0.607215793056501,0.4359726295210166,0.43940886699507387,0.9823788546255506,0.9981450450861625,0.9902619498558566,7.0,3.386640440185658,1.2356828193832599,153.7526984757278
XM/US_674,,,,,,,480,640,"[[281, 136, 352, 149]]",0.5851142225497421,0.41354166666666664,0.4201058201058201,0.9635922330097088,0.9982137502118726,0.9809029916107908,6.082762530298219,3.395979953523375,1.2936893203883495,153.7526984757278
XM/US_675,,,,,,,480,640,"[[282, 136, 353, 149]]",0.6133909287257019,0.4423676012461059,0.445141065830721,0.9861111111111112,0.9982690502268815,0.9921900806689963,6.0,3.2827531327078665,1.2152777777777777,153.7526984757278
XM/US_676,,,,,,,480,640,"[[285, 136, 358, 148]]",0.6071942446043166,0.4359504132231405,0.43730569948186526,0.9929411764705882,0.9982299731073262,0.9955855747889573,5.0,3.273862346400828,1.2705882352941176,153.72474276227877
XM/US_677,,,,,,,480,640,"[[286, 136, 360, 148]]",0.6236559139784946,0.453125,0.4569327731092437,0.981941309255079,0.99831462688708,0.9901279680710795,6.0,3.1443282893040694,1.1489841986455982,153.72474276227877
XM/US_678,,,,,,,480,640,"[[286, 136, 362, 149]]",0.5901856763925729,0.41862652869238004,0.4190207156308851,0.9977578475336323,0.9979886162853622,0.9978732319094972,6.1673900068117,3.581073117783336,1.3811659192825112,153.72474276227877
XM/US_679,,,,,,,480,640,"[[284, 136, 361, 149]]",0.6101694915254238,0.43902439024390244,0.4411764705882353,0.989010989010989,0.9981417790021028,0.9935763840065459,6.0,3.2458150594771755,1.2417582417582418,153.72474276227877
XM/US_680,,,,,,,480,640,"[[287, 135, 367, 148]]",0.6552162849872774,0.48722800378429515,0.48861480075901326,0.9942084942084942,0.9982424791803888,0.9962254866944416,6.037243138634198,2.942204681247873,1.0347490347490347,153.64223226788454
XM/US_681,,,,,,,480,640,"[[285, 137, 367, 148]]",0.6610058785107773,0.49365853658536585,0.49559255631733595,0.9921568627450981,0.9983207799406567,0.9952388213428773,5.0,2.8248461766352206,1.0019607843137255,153.64223226788454
XM/US_682,,,,,,,480,640,"[[285, 138, 356, 148]]",0.6321401370906321,0.4621380846325167,0.4621380846325167,1.0,0.9984256075101455,0.9992128037550727,5.70037866083061,2.894149552247999,1.163855421686747,153.64223226788454
XM/US_683,,,,,,,480,640,"[[282, 136, 364, 147]]",0.7129506008010681,0.553941908713693,0.5556711758584808,0.994413407821229,0.9986075920472962,0.9965104999342627,5.0,2.3485335546025277,0.7895716945996276,153.64223226788454
XM/US_684,,,,,,,480,640,"[[285, 137, 365, 148]]",0.6616438356164384,0.49437052200614123,0.49742533470648814,0.9877300613496932,0.9984089256661809,0.993069493507937,5.0,2.7426868982237655,0.9856850715746421,154.15803526411764
XM/US_698,,,,,,,480,640,"[[259, 125, 374, 142]]",0.5942903096099719,0.42276887871853547,0.42766203703703703,0.9736495388669302,0.9967726250730157,0.9852110819699729,8.0,3.886724667018363,1.2766798418972332,154.15803526411764
XM/US_714,,,,,,,480,640,"[[264, 134, 375, 146]]",0.7006869479882237,0.5392749244712991,0.5404996214988645,0.99581589958159,0.9980194660062711,0.9969176827939306,4.123105625617661,2.4858923546992053,0.8423988842398884,154.15803526411764
XM/US_715,,,,,,,480,640,"[[252, 133, 375, 148]]",0.6242091944327288,0.4537093807480074,0.45426642111724985,0.9973045822102425,0.9970991130921693,0.9972018476512059,5.0,3.2740284360579763,1.1954177897574123,154.15803526411764
XM/US_797,,,,,,,480,640,"[[238, 124, 393, 139]]",0.5665010230926629,0.3951876019575856,0.3951876019575856,1.0,0.9951572505722804,0.9975786252861403,8.290880125347647,4.202341749310492,1.5304437564499485,153.6482649971731
XM/US_798,,,,,,,480,640,"[[231, 124, 379, 136]]",0.5153289700310024,0.3470997679814385,0.3483931066604565,0.9894179894179894,0.9954347286943128,0.9924263590561511,7.0,4.2816351109916795,1.83994708994709,153.6482649971731
XM/US_799,,,,,,,480,640,"[[216, 122, 402, 138]]",0.5597579425113465,0.38865546218487396,0.39125837151921045,0.983170947741364,0.9943575183535847,0.9887642330474744,7.0710678118654755,4.266932864712185,1.512843224092117,153.6482649971731
XM/US_800,,,,,,,480,640,"[[222, 124, 392, 137]]",0.5722731303576707,0.40082815734989646,0.4013266998341625,0.9969104016477858,0.9952845746157287,0.9960974881317572,6.0,3.9470472386622313,1.4840370751802265,153.6482649971731
XM/US_801,,,,,,,480,640,"[[219, 123, 397, 137]]",0.5384196185286103,0.36838180462341535,0.37128898910184144,0.979187314172448,0.9945360902181971,0.9868617021953225,7.0,4.412699404536847,1.637264618434093,154.20468151569366
XM/US_802,,,,,,,480,640,"[[218, 124, 396, 140]]",0.5826972010178118,0.4111310592459605,0.4114265181458857,0.998256320836966,0.9946479858063799,0.996452153321673,7.664392248374595,4.1599410080472765,1.4263295553618134,154.20468151569366
XM/US_803,,,,,,,480,640,"[[224, 124, 407, 138]]",0.6064139941690962,0.4351464435146444,0.4394928928159816,0.9777777777777777,0.9952324935463843,0.9865051356620811,7.0,3.842632653850803,1.2247863247863249,154.20468151569366
XM/US_804,,,,,,,480,640,"[[217, 123, 408, 139]]",0.5995049504950495,0.42806645457758924,0.43219129193433264,0.9781906300484653,0.9948000078441114,0.9864953189462884,7.0,3.9122820160891116,1.2633279483037156,154.20468151569366
XM/US_809,,,,,,,480,640,"[[340, 123, 402, 135]]",0.6838709677419355,0.5196078431372549,0.5276548672566371,0.9714867617107943,0.9986078008796612,0.9850472812952278,5.830951894845301,5.2447915215672145,0.8411405295315683,154.7010344802402
XM/US_810,,,,,,,480,640,"[[338, 124, 402, 133]]",0.8133030990173847,0.6853503184713375,0.6853503184713375,1.0,0.9991945529605886,0.9995972764802943,4.0,1.66637080202288,0.4591078066914498,154.7010344802402
XM/US_811,,,,,,,480,640,"[[334, 123, 396, 134]]",0.6793025018953753,0.5143513203214696,0.5161290322580645,0.9933481152993349,0.9986308023824039,0.9959894588408693,5.0,2.937494765805947,0.9246119733924612,154.7010344802402
XM/US_812,,,,,,,480,640,"[[334, 124, 401, 134]]",0.6909620991253644,0.5278396436525612,0.5284280936454849,0.9978947368421053,0.9986209144999593,0.9982578256710323,6.0,2.75670510428232,0.888421052631579,154.7010344802402
XM/US_813,,,,,,,480,640,"[[328, 123, 396, 134]]",0.6989100817438693,0.53717277486911,0.5394321766561514,0.9922630560928434,0.9985718151967993,0.9954174356448213,6.0,3.7130254087658194,0.839458413926499,154.28727201651782
XM/US_818,,,,,,,480,640,"[[320, 124, 389, 132], [247, 129, 308, 137]]",0.6920930232558139,0.5291607396870555,0.5371841155234657,0.9725490196078431,0.9979082023920244,0.9852286109999338,5.0,2.277725981850053,0.8104575163398693,154.28727201651782
XM/US_821,,,,,,,480,640,"[[316, 124, 385, 132]]",0.7305699481865285,0.5755102040816327,0.5834482758620689,0.976905311778291,0.9990155394811046,0.9879604256296978,4.0,2.0435988240577165,0.674364896073903,154.28727201651782
XM/US_822,,,,,,,480,640,"[[315, 125, 384, 132]]",0.7675213675213676,0.6227461858529819,0.6288515406162465,0.9846491228070176,0.9991360874214329,0.9918926051142252,3.0,1.8292811299311857,0.5657894736842105,154.28727201651782
XM/US_823,,,,,,,480,640,"[[312, 125, 376, 133]]",0.7566574839302111,0.6085672082717873,0.6112759643916914,0.9927710843373494,0.9991459817135779,0.9959585330254637,3.0,1.8338910500091963,0.6240963855421687,153.68780473363586
XM/US_824,,,,,,,480,640,"[[306, 124, 379, 132]]",0.7449392712550608,0.5935483870967742,0.6036745406824147,0.9725158562367865,0.9990154110984687,0.9857656336676276,4.188849909443555,1.980082367927624,0.6109936575052854,153.68780473363586
XM/US_825,,,,,,,480,640,"[[308, 125, 377, 134]]",0.65982636148382,0.4923439340400471,0.4976190476190476,0.9789227166276346,0.9986243900212861,0.9887735533244604,5.0,2.743258534536223,0.9672131147540983,153.68780473363586
XM/US_826,,,,,,,480,640,"[[308, 125, 373, 133]]",0.6846361185983828,0.5204918032786885,0.521203830369357,0.9973821989528796,0.9988592585832643,0.998120728768072,5.0,2.3438365019367065,0.9136125654450262,153.68780473363586
XM/US_827,,,,,,,480,640,"[[305, 127, 371, 132]]",0.825836216839677,0.7033398821218074,0.7217741935483871,0.9649595687331537,0.9995502380804944,0.982254903406824,2.0,1.0550038971235967,0.33692722371967654,153.55008348706178
XM/US_828,,,,,,,480,640,"[[302, 126, 374, 133]]",0.6950596252129472,0.5326370757180157,0.5368421052631579,0.9855072463768116,0.9988526203933686,0.9921799333850901,4.0,2.143003804056295,0.8357487922705314,153.55008348706178
XM/US_829,,,,,,,480,640,"[[300, 128, 375, 134]]",0.7058823529411765,0.5454545454545454,0.5548216644649934,0.9699769053117783,0.9989014463746101,0.9844391758431942,4.0,2.1401173661642416,0.7482678983833718,153.55008348706178
XM/US_830,,,,,,,480,640,"[[297, 126, 377, 134]]",0.7652685798381162,0.6197854588796186,0.6242496998799519,0.9885931558935361,0.9989793722324032,0.9937862640629697,4.0,1.8531659008164165,0.5836501901140685,153.55008348706178
XM/US_831,,,,,,,480,640,"[[298, 127, 371, 133]]",0.7855946398659966,0.646896551724138,0.646896551724138,1.0,0.9991653924774476,0.9995826962387238,3.0,1.5490235427913177,0.5458422174840085,153.86830450734124
XM/US_832,,,,,,,480,640,"[[301, 128, 372, 136]]",0.6602870813397129,0.4928571428571429,0.49939686369119424,0.9741176470588235,0.9986472170157281,0.9863824320372758,5.0,2.7514006163108085,0.9505882352941176,153.86830450734124
XM/US_833,,,,,,,480,640,"[[300, 127, 367, 135]]",0.7338709677419355,0.5796178343949044,0.5878552971576227,0.9763948497854077,0.9989600109541166,0.9876774303697622,5.0,2.1570624338336004,0.6609442060085837,153.86830450734124
XM/US_834,,,,,,,480,640,"[[297, 126, 369, 134]]",0.7922779922779922,0.6560102301790282,0.6627906976744186,0.9846449136276392,0.9991489472705989,0.991896930449119,5.0,1.6754255804924065,0.4856046065259117,153.86830450734124
XM/US_835,,,,,,,480,640,"[[295, 127, 370, 133]]",0.7252573238321457,0.568944099378882,0.5717852684144819,0.9913419913419913,0.9988817818463966,0.9951118865941939,3.0,2.1270647039083115,0.7337662337662337,152.78780125663616
XM/US_836,,,,,,,480,640,"[[300, 128, 368, 136]]",0.6392769104354972,0.46980676328502413,0.4732360097323601,0.9848101265822785,0.9985886801062565,0.9916994033442674,5.0,2.9186612139453,1.081012658227848,152.78780125663616
XM/US_837,,,,,,,480,640,"[[294, 128, 369, 136]]",0.6904588492352512,0.5272525027808677,0.5343855693348365,0.9753086419753086,0.9986534687037436,0.9869810553395262,5.0,2.553985656138871,0.8251028806584362,152.78780125663616
XM/US_838,,,,,,,480,640,"[[290, 127, 371, 136]]",0.7609942638623327,0.6141975308641975,0.6225234619395204,0.978688524590164,0.9988192700349,0.988753897312532,3.0,2.127575396807782,0.5721311475409836,152.78780125663616
XM/US_839,,,,,,,480,640,"[[293, 127, 372, 137]]",0.7572815533980582,0.609375,0.612565445026178,0.9915254237288136,0.9987932552754313,0.9951593395021224,4.0,2.1501467494763697,0.6186440677966102,153.81246950710192
XM/US_840,,,,,,,480,640,"[[293, 127, 367, 137]]",0.6896046852122987,0.5262569832402234,0.5292134831460674,0.9894957983193278,0.9986339510439353,0.9940648746816315,4.0,2.5575944692157258,0.8697478991596639,153.81246950710192
XM/US_841,,,,,,,480,640,"[[292, 128, 365, 137]]",0.8037249283667621,0.6718562874251497,0.6767189384800965,0.9894179894179894,0.9991259910055343,0.9942719902117618,3.0,1.6527168944989044,0.4620811287477954,153.81246950710192
XM/US_842,,,,,,,480,640,"[[288, 129, 365, 138]]",0.6920103092783505,0.529064039408867,0.5301085883514314,0.9962894248608535,0.998447797404952,0.9973686111329028,6.0,2.7563460625742082,0.8794063079777366,153.81246950710192
XM/US_843,,,,,,,480,640,"[[283, 129, 363, 140]]",0.7145338737695426,0.5558558558558558,0.5603996366939146,0.9856230031948882,0.998421262077019,0.9920221326359535,6.0,2.7053037660449286,0.7587859424920128,154.8486200044863
XM/US_844,,,,,,,480,640,"[[280, 129, 365, 138]]",0.6548129981606376,0.48678213309024615,0.4885635864592864,0.9925650557620818,0.9981771461739635,0.9953711009680226,6.0,2.9792829832672187,1.0315985130111525,154.8486200044863
XM/US_845,,,,,,,480,640,"[[280, 130, 364, 139]]",0.7065462753950339,0.5462478184991274,0.5476815398075241,0.9952305246422893,0.9983136043526621,0.9967720644974758,4.0,2.7957748600993675,0.8171701112877583,154.8486200044863
XM/US_846,,,,,,,480,640,"[[282, 129, 361, 138]]",0.6887661141804788,0.5252808988764045,0.528746465598492,0.9876760563380281,0.998369380886535,0.9930227186122815,6.0,2.880355887642921,0.8679577464788732,154.8486200044863
XM/US_847,,,,,,,480,640,"[[285, 129, 366, 139]]",0.7314548591144335,0.5766092475067996,0.5808219178082191,0.9875776397515528,0.99850272054698,0.9930401801492663,6.0,2.575208636415273,0.7003105590062112,152.34637199318968
XM/US_848,,,,,,,480,640,"[[283, 129, 360, 137]]",0.7177033492822966,0.5597014925373134,0.5597014925373134,1.0,0.9986532974647429,0.9993266487323714,4.0,2.404508493269609,0.7866666666666666,152.34637199318968
XM/US_863,,,,,,,480,640,"[[281, 131, 360, 137]]",0.7076689445709947,0.5475910693301997,0.5534441805225653,0.9810526315789474,0.998774146222186,0.9899133889005667,4.0,2.222586238199819,0.7726315789473684,152.34637199318968
XM/US_864,,,,,,,480,640,"[[285, 131, 357, 139]]",0.6893491124260355,0.5259593679458239,0.5277463193657984,0.9936034115138592,0.9986405025902175,0.9961219570520383,5.0,2.601697221483361,0.8827292110874201,152.34637199318968
XM/US_886,,,,,,,480,640,"[[277, 128, 354, 136]]",0.7885402455661664,0.6509009009009009,0.655328798185941,0.9897260273972602,0.9990085318443916,0.9943672796208259,3.0,1.838001302224759,0.5102739726027398,152.338957763277
XM/US_893,,,,,,,480,640,"[[272, 128, 338, 137]]",0.7168874172185431,0.5587096774193548,0.560880829015544,0.9931192660550459,0.9988949159614557,0.9960070910082508,4.0,2.313788072888818,0.7706422018348624,152.338957763277
XM/US_894,,,,,,,480,640,"[[267, 127, 339, 138]]",0.6610049539985846,0.49365750528541225,0.4962805526036132,0.989406779661017,0.998454656894708,0.9939307182778625,5.0,2.927234300635979,0.9936440677966102,152.338957763277
XM/US_895,,,,,,,480,640,"[[264, 128, 340, 139]]",0.5848101265822785,0.41323792486583183,0.41360787824529993,0.9978401727861771,0.9978646201795023,0.9978523964828396,8.0,3.674218934492925,1.4125269978401729,152.338957763277
XM/US_896,,,,,,,480,640,"[[268, 127, 331, 135]]",0.6992153443766347,0.5375335120643432,0.5375335120643432,1.0,0.9988754852525595,0.9994377426262797,4.0,2.413697454211414,0.8603491271820449,152.8681380150374
XM/US_897,,,,,,,480,640,"[[263, 127, 333, 136]]",0.6437699680511182,0.4746760895170789,0.47919143876337694,0.9805352798053528,0.9985723086551344,0.9895537942302436,5.385164807134504,2.8001327148011574,1.0462287104622872,152.8681380150374
XM/US_898,,,,,,,480,640,"[[265, 127, 327, 135]]",0.7002749770852429,0.538787023977433,0.5433854907539118,0.9845360824742269,0.9989537566979128,0.9917449195860698,4.080018656651476,2.369103490364022,0.8118556701030928,152.8681380150374
XM/US_899,,,,,,,480,640,"[[265, 127, 326, 136]]",0.6533795493934142,0.4851994851994852,0.4851994851994852,1.0,0.9986963167689514,0.9993481583844757,5.0,2.832403361316294,1.0610079575596818,152.8681380150374
XM/US_900,,,,,,,480,640,"[[263, 127, 327, 136]]",0.6805324459234608,0.5157629255989912,0.5177215189873418,0.9927184466019418,0.9987581000560648,0.9957382733290032,5.0,2.65862311405281,0.9174757281553398,153.98184800869785
XM/US_902,,,,,,,480,640,"[[258, 127, 335, 137]]",0.6666666666666666,0.5,0.5042918454935622,0.9832635983263598,0.9984937500407535,0.9908786741835567,5.0,2.767688948645151,0.9497907949790795,153.98184800869785
XM/US_1067,,,,,,,480,640,"[[327, 127, 378, 139]]",0.6047430830039525,0.43342776203966005,0.43776824034334766,0.9776357827476039,0.9987193983453193,0.9881775905464616,6.0,3.317793663155876,1.233226837060703,153.98184800869785
XM/US_1068,,,,,,,480,640,"[[324, 126, 376, 139]]",0.6612170753860127,0.49389416553595655,0.5041551246537396,0.9604221635883905,0.9988331959024969,0.9796276797454437,6.0,2.9981510180365034,0.9050131926121372,153.98184800869785
XM/US_1069,,,,,,,480,640,"[[324, 125, 376, 139]]",0.5803571428571429,0.4088050314465409,0.4140127388535032,0.9701492537313433,0.9985009694816939,0.9843251116065186,6.0,3.7302982066143273,1.3432835820895523,151.38126775855199
XM/US_1093,,,,,,,480,640,"[[303, 127, 357, 136]]",0.7373540856031129,0.5839753466872111,0.586687306501548,0.9921465968586387,0.9991297772620902,0.9956381870603644,4.47213595499958,2.1372781610117957,0.6910994764397905,151.38126775855199
XM/US_1094,,,,,,,480,640,"[[305, 127, 358, 137]]",0.6543589743589744,0.48628048780487804,0.4915254237288136,0.9785276073619632,0.9989246400802936,0.9887261237211284,5.385164807134504,2.724805754372678,0.99079754601227,151.38126775855199
XM/US_1108,,,,,,,480,640,"[[287, 129, 345, 138]]",0.6423109600679694,0.47309136420525655,0.4766708701134931,0.984375,0.9986473977889028,0.9915111988944514,6.0,3.1326596481216074,1.0651041666666667,151.38126775855199
XM/US_1109,,,,,,,480,640,"[[285, 129, 370, 138]]",0.6940024479804161,0.5313964386129335,0.54,0.9708904109589042,0.9984247397396091,0.9846575753492566,6.0,2.742857631519471,0.797945205479452,153.09449352207594
XM/US_1110,,,,,,,480,640,"[[284, 130, 366, 137]]",0.7362045760430687,0.582534611288605,0.5888051668460711,0.9820466786355476,0.998754251686815,0.9904004651611813,4.0,2.190062468155541,0.6678635547576302,153.09449352207594
XM/US_1111,,,,,,,480,640,"[[281, 130, 339, 136]]",0.6434262948207171,0.47430249632892807,0.4799405646359584,0.9758308157099698,0.9988594481684367,0.9873451319392033,5.0,2.6905056027468524,1.0332326283987916,153.09449352207594
XM/US_1112,,,,,,,480,640,"[[280, 129, 341, 136]]",0.7232401157184185,0.5664652567975831,0.5778120184899846,0.9664948453608248,0.9991069449695579,0.9828008951651913,3.0,2.086113080701473,0.6726804123711341,153.09449352207594
XM/US_1142,,,,,,,480,640,"[[264, 128, 341, 136]]",0.704647676161919,0.5439814814814815,0.5490654205607477,0.9832635983263598,0.9987415314193309,0.9910025648728453,4.0,2.3015463592952186,0.7907949790794979,153.46893624518998
XM/US_1143,,,,,,,480,640,"[[264, 129, 343, 136]]",0.7293064876957495,0.573943661971831,0.5793838862559242,0.9839034205231388,0.9988425284395653,0.9913729744813521,4.0,2.1273987320831353,0.6981891348088531,153.46893624518998
XM/US_1144,,,,,,,480,640,"[[263, 128, 339, 137]]",0.6935724962630793,0.5308924485125858,0.5327210103329506,0.9935760171306209,0.9986731130983624,0.9961245651144917,3.605551275463989,2.460156726491487,0.8650963597430407,153.46893624518998
XM/US_1145,,,,,,,480,640,"[[260, 129, 336, 136]]",0.7395596051632498,0.5867469879518072,0.5960832313341493,0.974,0.9989240299967395,0.9864620149983697,3.0,2.051684539946877,0.634,153.46893624518998
XM/US_1146,,,,,,,480,640,"[[259, 130, 334, 137]]",0.7128082736674622,0.553770086526576,0.5692503176620076,0.9531914893617022,0.9988947934665667,0.9760431414141344,3.0,2.167389195830522,0.674468085106383,153.70086126495153
XM/US_1147,,,,,,,480,640,"[[257, 130, 333, 137]]",0.7036181678214011,0.5427553444180523,0.5446960667461264,0.9934782608695653,0.9987546456282194,0.9961164532488923,4.0,2.282828275136202,0.8239130434782609,153.70086126495153
XM/US_1148,,,,,,,480,640,"[[254, 130, 330, 138]]",0.6476190476190476,0.4788732394366197,0.48129423660262893,0.9896049896049897,0.9983274593357437,0.9939662244703666,6.0,3.08347723995944,1.0561330561330562,153.70086126495153
XM/US_1149,,,,,,,480,640,"[[254, 128, 332, 137]]",0.7067988668555241,0.5465498357064622,0.5532150776053215,0.9784313725490196,0.9986859695457955,0.9885586710474075,4.0,2.3924976972247913,0.7686274509803922,153.70086126495153
XM/US_1150,,,,,,,480,640,"[[254, 128, 336, 137]]",0.7656552614590059,0.6202928870292888,0.6255274261603375,0.9866888519134775,0.9988421358190992,0.9927654938662884,3.605551275463989,1.9990366779225013,0.5773710482529119,160.73360565739372
XM/US_1151,,,,,,,480,640,"[[254, 129, 334, 139]]",0.6259445843828715,0.4555453712190651,0.45891043397968606,0.9841584158415841,0.9980893069662042,0.9911238614038942,6.0,3.2915666879982326,1.1445544554455445,160.73360565739372
XM/US_1152,,,,,,,480,640,"[[257, 129, 334, 139]]",0.6277850589777195,0.4574976122254059,0.4592521572387344,0.9917184265010351,0.9981611713729595,0.9949397989369972,6.0,3.2219591337211297,1.1594202898550725,160.73360565739372
