sample_id,source_sample_id,target_uid,target_class_id,target_class_name,target_instance_id,target_color,height,width,bbox,dice,iou,precision,recall,specificity,balanced_accuracy,hd95,assd,relative_area_error,infer_ms
100_IM-0246-0030_anon__capsule,100_IM-0246-0030_anon,100_IM-0246-0030_anon__capsule,1,Capsule,0,#1f77b4,768,1024,"[[281, 366, 466, 540]]",0.7638572242804218,0.6179360825336445,0.6387928979980935,0.94981396172927,0.9841265893047905,0.9669702755170302,113.2837046389768,25.310257036993033,0.48688873139617295,228.1467944999349
100_IM-0246-0082_anon__capsule,100_IM-0246-0082_anon,100_IM-0246-0082_anon__capsule,1,Capsule,0,#1f77b4,768,1024,"[[170, 231, 607, 544]]",0.9587769527932272,0.9208180277657906,0.9903776489766347,0.9291305132807273,0.9987721606938303,0.9639513369872788,17.0,6.1548577074583966,-0.06184220308202084,228.1467944999349
101_IM-0027-0028_anon__capsule,101_IM-0027-0028_anon,101_IM-0027-0028_anon__capsule,1,Capsule,0,#1f77b4,480,640,"[[132, 181, 479, 347]]",0.9286082824168364,0.8667308764637299,0.9949084984434552,0.8705924285241478,0.9993468223842102,0.934969625454179,33.24154027718932,6.313621507386501,-0.12495226456885358,228.1467944999349
102_IM-0262-0010_anon__capsule,102_IM-0262-0010_anon,102_IM-0262-0010_anon__capsule,1,Capsule,0,#1f77b4,768,1024,"[[288, 186, 597, 549]]",0.937199973696324,0.8818215567380274,0.997785132382892,0.8835510668755706,0.999750614505923,0.9416508406907468,35.6931365951495,9.428775474516415,-0.11448764047476809,228.1467944999349
103_IM-0714-0081_anon__capsule,103_IM-0714-0081_anon,103_IM-0714-0081_anon__capsule,1,Capsule,0,#1f77b4,768,1024,"[[229, 303, 807, 637]]",0.9257443477663433,0.8617542256738236,0.9993113239532124,0.8622663070804955,0.9999039948482159,0.9310851509643556,33.70275431206221,10.572618411493488,-0.13713946153494538,137.64955925034883
104_IM-0112-0030_anon__capsule,104_IM-0112-0030_anon,104_IM-0112-0030_anon__capsule,1,Capsule,0,#1f77b4,768,1024,"[[116, 282, 705, 662]]",0.8942278180565691,0.8086908249807248,0.9976031775018261,0.8102651257647858,0.9994956949963337,0.9048804103805598,50.0259830292545,20.58187190739454,-0.1877881465916816,137.64955925034883
104_IM-0112-0078_anon__capsule,104_IM-0112-0078_anon,104_IM-0112-0078_anon__capsule,1,Capsule,0,#1f77b4,768,1024,"[[219, 353, 807, 624]]",0.9452687838655859,0.8962176992636972,0.9980462254738942,0.8977928184801204,0.9997233109087618,0.9487580646944411,27.0,7.635030019733591,-0.10044966298647272,137.64955925034883
105_IM-0418-0051_anon__capsule,105_IM-0418-0051_anon,105_IM-0418-0051_anon__capsule,1,Capsule,0,#1f77b4,768,1024,"[[255, 264, 781, 557]]",0.9752568299706273,0.9517085436565274,0.9877979900280461,0.963030124657027,0.9981603369828058,0.9805952308199164,9.486832980505138,3.666085463738503,-0.025073816327886907,137.64955925034883
106_IM-0451-0008_anon__capsule,106_IM-0451-0008_anon,106_IM-0451-0008_anon__capsule,1,Capsule,0,#1f77b4,768,1024,"[[336, 246, 719, 566]]",0.9589254033961307,0.9210919241755389,0.9999412704378876,0.9211417565652085,0.9999927955240031,0.9605672760446058,12.36931687685298,6.287378266694058,-0.07880414200543179,137.6089380000849
107_IM-0250-0022_anon__capsule,107_IM-0250-0022_anon,107_IM-0250-0022_anon__capsule,1,Capsule,0,#1f77b4,768,1024,"[[310, 297, 884, 606]]",0.8626482768959766,0.7584709807636858,0.9998588184187663,0.7585522196223181,0.9999804528914684,0.8792663362568933,59.0,21.654845583583125,-0.24134067165408826,137.6089380000849
108_IM-0831-0005_anon__capsule,108_IM-0831-0005_anon,108_IM-0831-0005_anon__capsule,1,Capsule,0,#1f77b4,768,1024,"[[394, 252, 724, 510]]",0.9517636095235739,0.9079665790757321,0.9932525475075736,0.9136017479140609,0.9994580178107514,0.9565298828624061,20.754756169184347,6.096175412493027,-0.08019189056538054,137.6089380000849
10_IM-0415-0078_anon__capsule,10_IM-0415-0078_anon,10_IM-0415-0078_anon__capsule,1,Capsule,0,#1f77b4,768,1024,"[[315, 194, 659, 561]]",0.9580540506653153,0.9194853641660232,0.9567195325542571,0.959392296987643,0.9939958804908092,0.9766940887392261,28.30194339616981,6.897789073110778,0.002793676038211629,137.6089380000849
110_IM-0026-0001_anon__capsule,110_IM-0026-0001_anon,110_IM-0026-0001_anon__capsule,1,Capsule,0,#1f77b4,768,1024,"[[211, 289, 765, 565]]",0.8982824914220817,0.8153473866286942,0.9967959671907041,0.8174898615210784,0.9995537460785436,0.9085218037998111,50.986760790426246,16.354028905973543,-0.17988245495712496,137.79058975023872
110_IM-0026-0005_anon__capsule,110_IM-0026-0005_anon,110_IM-0026-0005_anon__capsule,1,Capsule,0,#1f77b4,768,1024,"[[115, 298, 784, 649]]",0.9479555897234191,0.9010604309700224,0.9968540058157024,0.9036300630574334,0.9991775911612347,0.9514038271093341,27.96419413859206,10.436429886763133,-0.09351815031528717,137.79058975023872
111_IM-0490-0016_anon__capsule,111_IM-0490-0016_anon,111_IM-0490-0016_anon__capsule,1,Capsule,0,#1f77b4,768,1024,"[[450, 319, 914, 597]]",0.9217301306654017,0.8548232282834747,0.9981631382316314,0.8561700536758619,0.9998341620545916,0.9280021078652267,33.08471257159493,9.538073209345603,-0.14225438619916148,137.79058975023872
112_IM-0503-0038_anon__capsule,112_IM-0503-0038_anon,112_IM-0503-0038_anon__capsule,1,Capsule,0,#1f77b4,720,960,"[[322, 376, 532, 518]]",0.935645765834445,0.8790736540527635,0.9045201441205372,0.9689898679766656,0.9965110764346552,0.9827504722056604,19.389322272356143,4.954857177239295,0.07127505592350541,137.79058975023872
113_IM-0536-0008_anon__capsule,113_IM-0536-0008_anon,113_IM-0536-0008_anon__capsule,1,Capsule,0,#1f77b4,768,1024,"[[183, 324, 668, 600]]",0.7736312849162011,0.6308309037900874,0.9711079943899018,0.6428969359331477,0.9976466287385473,0.8202717823358474,126.05950451604072,28.975076106244952,-0.33797585886722376,137.8351542502969
116_IM-0407-0048_anon__capsule,116_IM-0407-0048_anon,116_IM-0407-0048_anon__capsule,1,Capsule,0,#1f77b4,768,1024,"[[202, 241, 808, 557]]",0.9637282563926879,0.9299956911281815,0.9962991850248313,0.9332195227409964,0.9992871279842892,0.9662533253626429,30.951474010784562,6.275606586800036,-0.06331397559284634,137.8351542502969
117_IM-0149-0027_anon__capsule,117_IM-0149-0027_anon,117_IM-0149-0027_anon__capsule,1,Capsule,0,#1f77b4,768,1024,"[[392, 384, 616, 578]]",0.9670508682956815,0.9362037670723361,0.9518090513068732,0.9827887799087899,0.9978884385049137,0.9903386092068518,8.70490925992957,2.973391305213714,0.032548260136190416,137.8351542502969
117_IM-0149-0055_anon__capsule,117_IM-0149-0055_anon,117_IM-0149-0055_anon__capsule,1,Capsule,0,#1f77b4,768,1024,"[[273, 383, 773, 633]]",0.9688727016707737,0.9396247226124979,0.9976438768681687,0.941714481233879,0.9997621205893779,0.9707383009116284,10.295630140987,3.658420043197025,-0.056061483392114544,137.8351542502969
118_IM-0230-0053_anon__capsule,118_IM-0230-0053_anon,118_IM-0230-0053_anon__capsule,1,Capsule,0,#1f77b4,768,1024,"[[326, 408, 606, 621]]",0.9475933797164771,0.9004061371841156,0.9996492985971944,0.9006906513790457,0.9999811352789149,0.9503358933289803,21.18962010041709,5.568584825423252,-0.0989933643298876,137.93014575003326
119_IM-0855-0017_anon__capsule,119_IM-0855-0017_anon,119_IM-0855-0017_anon__capsule,1,Capsule,0,#1f77b4,768,1024,"[[154, 287, 744, 547]]",0.9830888045121097,0.9667400741324779,0.9785795537942169,0.987639804458929,0.9965581995919955,0.9920990020254623,8.0,2.4484636299153775,0.009258573439004518,137.93014575003326
11_IM-0288-0017-0002_anon__capsule,11_IM-0288-0017-0002_anon,11_IM-0288-0017-0002_anon__capsule,1,Capsule,0,#1f77b4,768,1024,"[[346, 280, 669, 573]]",0.9452011351716174,0.8960960868358568,0.9973743822075782,0.898214975658759,0.9997880084852029,0.9490014920719809,21.540659228538015,6.929188102768275,-0.09942044664245421,137.93014575003326
121_IM-0084-0022_anon__capsule,121_IM-0084-0022_anon,121_IM-0084-0022_anon__capsule,1,Capsule,0,#1f77b4,768,1024,"[[338, 353, 648, 585]]",0.9537844611528822,0.9116519739363741,0.9910416666666667,0.9192270531400967,0.9994769259465005,0.9593519895432986,18.39835446178412,4.886883256372014,-0.07246376811594203,137.93014575003326
121_IM-0084-0066_anon__capsule,121_IM-0084-0066_anon,121_IM-0084-0066_anon__capsule,1,Capsule,0,#1f77b4,768,1024,"[[288, 336, 675, 604]]",0.9261132719345976,0.8623938146651486,0.9972800925925925,0.8644269716464141,0.9997339706716816,0.9320804711590478,24.0,10.428709080956141,-0.13321545464805687,137.5836782499391
122_IM-0144-0001_anon__capsule,122_IM-0144-0001_anon,122_IM-0144-0001_anon__capsule,1,Capsule,0,#1f77b4,768,1024,"[[244, 222, 736, 483]]",0.7762043270312008,0.6342597413735015,0.6455174563591023,0.9732394630973418,0.9163892336378234,0.9448143483675826,170.42300314218147,42.21724054211687,0.5076888370868895,137.5836782499391
124_IM-0005-0003_anon__capsule,124_IM-0005-0003_anon,124_IM-0005-0003_anon__capsule,1,Capsule,0,#1f77b4,720,960,"[[283, 237, 645, 495]]",0.9487609335777012,0.9025168145687703,0.9604150180251473,0.9373862895197556,0.9964435695123377,0.9669149295160466,20.0,5.851152459645999,-0.023977892966255878,137.5836782499391
125_IM-0277-0039_anon__capsule,125_IM-0277-0039_anon,125_IM-0277-0039_anon__capsule,1,Capsule,0,#1f77b4,768,1024,"[[319, 348, 785, 675]]",0.9547376836092685,0.9133952967002171,0.9768356643356644,0.9336173869454689,0.9973599755210668,0.9654886812332679,16.64331697709324,5.78352536583521,-0.04424314034396744,137.5836782499391
126_IM-0068-0002_anon__capsule,126_IM-0068-0002_anon,126_IM-0068-0002_anon__capsule,1,Capsule,0,#1f77b4,768,1024,"[[359, 333, 742, 615]]",0.8910417907257264,0.8034944719051619,0.8665508434307436,0.9169573552056818,0.9875662363895461,0.9522617957976139,63.09198128076292,14.50827042466081,0.058169133591024796,137.56580649987882
127_IM-0676-0025_anon__capsule,127_IM-0676-0025_anon,127_IM-0676-0025_anon__capsule,1,Capsule,0,#1f77b4,768,1024,"[[326, 391, 598, 640]]",0.9158539017963065,0.8447698177522127,0.9993126832844574,0.8452609344417961,0.9999591741752163,0.9226100543085062,21.467411753856315,9.700685337645167,-0.1541577040094568,137.56580649987882
128_IM-0894-1024_anon__capsule,128_IM-0894-1024_anon,128_IM-0894-1024_anon__capsule,1,Capsule,0,#1f77b4,970,1552,"[[468, 361, 747, 595]]",0.9286318148752531,0.8667718789569302,0.9284857777515677,0.9287778979451381,0.9974989429974872,0.9631384204713127,26.248809496813376,8.258874553001604,0.000314619998033625,137.56580649987882
129_IM-0531-0078_anon__capsule,129_IM-0531-0078_anon,129_IM-0531-0078_anon__capsule,1,Capsule,0,#1f77b4,768,1024,"[[321, 284, 569, 560]]",0.9743051206705525,0.9498976160507975,0.977195423623995,0.971431864901731,0.9983932046172218,0.9849125347594764,8.0,2.9569064558870917,-0.005898061516589499,137.56580649987882
12_IM-0464-17664_anon__capsule,12_IM-0464-17664_anon,12_IM-0464-17664_anon__capsule,1,Capsule,0,#1f77b4,873,1164,"[[221, 360, 732, 644]]",0.9738712237941822,0.9490731050298954,0.9886241906585646,0.9595520918634929,0.9986776699221699,0.9791148808928314,16.64331697709324,4.093801462493558,-0.02940662293090916,137.63425624983938
130_IM-0650-0033_anon__capsule,130_IM-0650-0033_anon,130_IM-0650-0033_anon__capsule,1,Capsule,0,#1f77b4,768,1024,"[[581, 233, 767, 516]]",0.9604423649510846,0.9238952536824877,0.98868059159315,0.9337724000612652,0.999537004485352,0.9666547022733085,10.202918582875636,3.3427573766503427,-0.05553683565630265,137.63425624983938
130_IM-0650-0053_anon__capsule,130_IM-0650-0053_anon,130_IM-0650-0053_anon__capsule,1,Capsule,0,#1f77b4,768,1024,"[[306, 314, 728, 578]]",0.9525808948753677,0.9094553366601235,0.9962305699481865,0.9125956689409671,0.999585562772998,0.9560906158569826,14.317821063276353,6.826698980997634,-0.0839513497478493,137.63425624983938
131_IM-0052-0002_anon__capsule,131_IM-0052-0002_anon,131_IM-0052-0002_anon__capsule,1,Capsule,0,#1f77b4,480,640,"[[123, 146, 432, 375]]",0.9609739553486849,0.9248795641799109,0.9745943637916311,0.9477290027911698,0.9959408601131708,0.9718349314521704,10.0,3.8686525370072515,-0.027565684759290443,137.63425624983938
132_IM-0115-17408_anon__capsule,132_IM-0115-17408_anon,132_IM-0115-17408_anon__capsule,1,Capsule,0,#1f77b4,970,1552,"[[416, 408, 829, 634]]",0.9019103303335668,0.8213448821602523,0.844011598587998,0.9683377690349456,0.9913855284118125,0.9798616487233791,51.16101673229269,13.487809998398054,0.14730386484610045,137.56074074990465
132_IM-0115-9216_anon__capsule,132_IM-0115-9216_anon,132_IM-0115-9216_anon__capsule,1,Capsule,0,#1f77b4,970,1552,"[[421, 385, 1039, 677]]",0.9591836734693877,0.9215686274509803,0.9695509409868961,0.9490357716802571,0.997078113421131,0.9730569425506941,25.630059807330476,6.969776656473538,-0.02115945479435748,137.56074074990465
133_IM-0658-0032_anon__capsule,133_IM-0658-0032_anon,133_IM-0658-0032_anon__capsule,1,Capsule,0,#1f77b4,720,960,"[[404, 286, 591, 488]]",0.9281376316680273,0.8659112019320082,0.9548117497644312,0.9029133736246707,0.9983423205708549,0.9506278470977628,20.787833306414587,5.692446944467369,-0.05435456376878971,137.56074074990465
134_IM-0111-0012_anon__capsule,134_IM-0111-0012_anon,134_IM-0111-0012_anon__capsule,1,Capsule,0,#1f77b4,768,1024,"[[185, 252, 798, 559]]",0.9794336541572916,0.9596962099985253,0.9939668866080157,0.9653192909589854,0.9987876034757414,0.9820534472173634,11.596866405015795,3.483955371206991,-0.028821478899354745,137.56074074990465
135_IM-0132-0054_anon__capsule,135_IM-0132-0054_anon,135_IM-0132-0054_anon__capsule,1,Capsule,0,#1f77b4,768,1024,"[[210, 302, 742, 580]]",0.9378045555849356,0.8828926545635591,0.9968880501124318,0.8853327152128949,0.9995402394314393,0.9424364773221672,28.0178514522438,10.053717698666505,-0.11190357321161115,137.99911199976123
136_IM-0343-0009_anon__capsule,136_IM-0343-0009_anon,136_IM-0343-0009_anon__capsule,1,Capsule,0,#1f77b4,768,1024,"[[302, 328, 811, 641]]",0.9534145744457654,0.9109763533548835,0.985604034123771,0.9232612081809562,0.9976163542340013,0.9604387812074788,20.0,7.707808502058112,-0.06325342001896248,137.99911199976123
137_IM-0008-9984_anon__capsule,137_IM-0008-9984_anon,137_IM-0008-9984_anon__capsule,1,Capsule,0,#1f77b4,970,1552,"[[450, 356, 882, 662]]",0.9208807013785822,0.8533632032667876,0.85432418877102,0.9986835991946724,0.9891211709617099,0.9939023850781912,54.0,11.922725617942131,0.16897497732250713,137.99911199976123
138_IM-0235-0045_anon__capsule,138_IM-0235-0045_anon,138_IM-0235-0045_anon__capsule,1,Capsule,0,#1f77b4,768,1024,"[[250, 301, 753, 609]]",0.963827637579985,0.9301808005464782,0.9760682574916759,0.9518902280901537,0.9970332746198793,0.9744617513550164,14.866068747318506,4.966545985474473,-0.02477083873586416,137.99911199976123
139_IM-0323-0015_anon__capsule,139_IM-0323-0015_anon,139_IM-0323-0015_anon__capsule,1,Capsule,0,#1f77b4,768,1024,"[[308, 232, 650, 563]]",0.8781714653628699,0.7828036444508214,0.9509208691610505,0.8157622578032522,0.9952150806384236,0.9054886692208379,42.84201003590671,17.37349544363524,-0.14213444645193446,137.33014799981902
13_IM-0293-0055_anon__capsule,13_IM-0293-0055_anon,13_IM-0293-0055_anon__capsule,1,Capsule,0,#1f77b4,768,1024,"[[196, 254, 715, 606]]",0.969353495742795,0.9405295527989159,0.9711359070034443,0.9675776153282454,0.9952292990420053,0.9814034571851253,15.811388300841896,4.751164454332009,-0.00366405118947613,137.33014799981902
140_IM-0392-0022_anon__capsule,140_IM-0392-0022_anon,140_IM-0392-0022_anon__capsule,1,Capsule,0,#1f77b4,768,1024,"[[247, 283, 801, 575]]",0.9670484275089117,0.9361991919686582,0.9938750974785547,0.9416319054289101,0.9988514816496014,0.9702416935392557,16.0,5.756265967745715,-0.05256514845998738,137.33014799981902
141_IM-0120-0035_anon__capsule,141_IM-0120-0035_anon,141_IM-0120-0035_anon__capsule,1,Capsule,0,#1f77b4,768,1024,"[[255, 297, 741, 583]]",0.9508994943201228,0.9063950395333052,0.9977483844911147,0.9082528332061875,0.9996709133114827,0.9539618732588351,25.033969664455007,7.738336357322533,-0.08969751560216546,137.33014799981902
142_IM-0068-0078_anon__capsule,142_IM-0068-0078_anon,142_IM-0068-0078_anon__capsule,1,Capsule,0,#1f77b4,720,960,"[[327, 290, 553, 455]]",0.9763144632958173,0.9537249753856252,0.9697010144153764,0.983018740274677,0.9986276483515155,0.9908231943130963,5.0,2.0084874639112558,0.013733847506934578,137.70768149970536
143_IM-0391-0056_anon__capsule,143_IM-0391-0056_anon,143_IM-0391-0056_anon__capsule,1,Capsule,0,#1f77b4,768,1024,"[[254, 262, 829, 533]]",0.9360857839349541,0.8798508092100947,0.9969418960244648,0.8822318903223988,0.9995764774393355,0.9409041838808672,29.068883707497267,9.40549519154656,-0.11506187688520123,137.70768149970536
144_IM-0257-0061_anon__capsule,144_IM-0257-0061_anon,144_IM-0257-0061_anon__capsule,1,Capsule,0,#1f77b4,768,1024,"[[349, 421, 623, 593]]",0.9471924937692421,0.8996825043168273,0.9950714637752588,0.9037095059587087,0.9997868616172407,0.9517481837879747,22.360679774997898,4.936566740300315,-0.09181446875174845,137.70768149970536
145_IM-0003-0022_anon__capsule,145_IM-0003-0022_anon,145_IM-0003-0022_anon__capsule,1,Capsule,0,#1f77b4,768,1024,"[[281, 351, 676, 646]]",0.9382385915375991,0.8836623596032913,0.9125258464719566,0.9654423954470099,0.9925610059333362,0.979001700690173,18.973665961010276,6.539312831900926,0.057989096067406126,137.70768149970536
146_IM-0058-10752_anon__capsule,146_IM-0058-10752_anon,146_IM-0058-10752_anon__capsule,1,Capsule,0,#1f77b4,970,1552,"[[374, 341, 1003, 653]]",0.9303321745691141,0.8697393269675618,0.9405685602270304,0.9203161991894386,0.9947524505100175,0.9575343248497281,41.610093471209986,11.433759901892554,-0.02153204125035111,139.07514824995815
147_IM-0010-0029_anon__capsule,147_IM-0010-0029_anon,147_IM-0010-0029_anon__capsule,1,Capsule,0,#1f77b4,768,1024,"[[327, 226, 756, 599]]",0.8382958685469281,0.7216087520480612,0.9895267740123572,0.7271625003224724,0.9986644641516811,0.8629134822370768,63.32258622261208,26.95614769828679,-0.26514115694519685,139.07514824995815
148_IM-0259-0004_anon__capsule,148_IM-0259-0004_anon,148_IM-0259-0004_anon__capsule,1,Capsule,0,#1f77b4,768,1024,"[[235, 234, 755, 577]]",0.9662486187643822,0.9347011634552292,0.9939825930372149,0.9400202936188631,0.9987575542098308,0.969388923914347,20.8806130178211,6.4140181049884575,-0.05428897829434262,139.07514824995815
149_IM-0187-0007_anon__capsule,149_IM-0187-0007_anon,149_IM-0187-0007_anon__capsule,1,Capsule,0,#1f77b4,768,1024,"[[269, 416, 745, 615]]",0.9657043941008837,0.9336831642646242,0.9913862676930718,0.9413195007294537,0.9992276358838976,0.9702735683066757,15.187086094139973,3.979374400903692,-0.05050177574087446,139.07514824995815
14_IM-0699-0002_anon__capsule,14_IM-0699-0002_anon,14_IM-0699-0002_anon__capsule,1,Capsule,0,#1f77b4,720,960,"[[249, 184, 611, 416]]",0.9557441845396228,0.9152395135269298,0.9921135381459247,0.9219470271114931,0.9992522381039692,0.9605996326077312,16.395099523318855,5.5135609370935,-0.07072427533401048,137.50648474979243
150_IM-0469-0037_anon__capsule,150_IM-0469-0037_anon,150_IM-0469-0037_anon__capsule,1,Capsule,0,#1f77b4,768,1024,"[[351, 234, 850, 495]]",0.9314350438594263,0.871669090874521,0.9983667247386759,0.8729138700863489,0.9997798627223937,0.9363468664043713,32.7566787083184,10.873316406567833,-0.12565808890031321,137.50648474979243
151_IM-0023-0006_anon__capsule,151_IM-0023-0006_anon,151_IM-0023-0006_anon__capsule,1,Capsule,0,#1f77b4,768,1024,"[[297, 244, 774, 522]]",0.9165551403493526,0.8459638090349076,0.9185827759197325,0.914536436474628,0.9899834128402618,0.9522599246574449,45.69463863518345,11.722137331872087,-0.004404980749887274,137.50648474979243
152_IM-0047-0021_anon__capsule,152_IM-0047-0021_anon,152_IM-0047-0021_anon__capsule,1,Capsule,0,#1f77b4,768,1024,"[[143, 289, 627, 543]]",0.8748257689766045,0.7775024923748137,0.8673361522198731,0.8824458610143288,0.9827187304119076,0.9325822957131182,66.48857376835484,18.79509500982672,0.017420822083552726,137.50648474979243
153_IM-0540-0002_anon__capsule,153_IM-0540-0002_anon,153_IM-0540-0002_anon__capsule,1,Capsule,0,#1f77b4,768,1024,"[[115, 171, 789, 606]]",0.9620941043677599,0.9269569701997892,0.9841800780878012,0.9409776361463609,0.9956476317418316,0.9683126339440962,14.0,7.019803648822532,-0.04389688727024412,137.72954075011512
154_IM-0694-0004_anon__capsule,154_IM-0694-0004_anon,154_IM-0694-0004_anon__capsule,1,Capsule,0,#1f77b4,720,960,"[[216, 233, 706, 453]]",0.965907355483473,0.9340626882952706,0.9844107978882359,0.9480866780990298,0.9979401491582087,0.9730134136286193,14.212670403551895,4.567194274561715,-0.03689935123337611,137.72954075011512
155_IM-0132-0002_anon__capsule,155_IM-0132-0002_anon,155_IM-0132-0002_anon__capsule,1,Capsule,0,#1f77b4,768,1024,"[[254, 270, 783, 580]]",0.9634055828815116,0.9293949175990874,0.9959425717852685,0.9329272749421367,0.9992944337152135,0.9661108543286752,16.64331697709324,6.235545957466388,-0.06327201851626264,137.72954075011512
156_IM-0209-0052_anon__capsule,156_IM-0209-0052_anon,156_IM-0209-0052_anon__capsule,1,Capsule,0,#1f77b4,768,1024,"[[167, 335, 773, 673]]",0.93073476448402,0.8704433040272639,0.9986763631937683,0.8714486750570867,0.9997263221471443,0.9355874986021155,37.64306044943742,12.93006331198156,-0.12739631458764802,137.72954075011512
157_IM-0193-2816_anon__capsule,157_IM-0193-2816_anon,157_IM-0193-2816_anon__capsule,1,Capsule,0,#1f77b4,970,1552,"[[659, 443, 972, 729]]",0.9647976480784427,0.9319894282384228,0.9607405151115173,0.9688891922794682,0.9983965088126355,0.9836428505460519,9.0,3.9908461327777442,0.008481662883765381,137.39483149993248
158_IM-0046-0019_anon__capsule,158_IM-0046-0019_anon,158_IM-0046-0019_anon__capsule,1,Capsule,0,#1f77b4,768,1024,"[[297, 257, 771, 597]]",0.9603897885162173,0.9237979561065505,0.9960531069364161,0.9271920163439631,0.9993453075631209,0.963268661953542,20.615528128088304,6.919801056812824,-0.06913395491958332,137.39483149993248
159_IM-0215-0035_anon__capsule,159_IM-0215-0035_anon,159_IM-0215-0035_anon__capsule,1,Capsule,0,#1f77b4,720,960,"[[196, 198, 631, 427]]",0.9495473008958594,0.9039410358083361,0.9397243462664023,0.9595777838471796,0.9939089635698466,0.9767433737085132,15.811388300841896,5.644257913427802,0.02112687370467362,137.39483149993248
15_IM-0042-0051_anon__capsule,15_IM-0042-0051_anon,15_IM-0042-0051_anon__capsule,1,Capsule,0,#1f77b4,768,1024,"[[237, 319, 635, 567]]",0.9357651912978244,0.8792845184597762,0.9979,0.8809145480225988,0.9998246258685195,0.9403695869455592,31.971854370404543,8.060888579456716,-0.1172316384180791,137.39483149993248
160_IM-0169-0032_anon__capsule,160_IM-0169-0032_anon,160_IM-0169-0032_anon__capsule,1,Capsule,0,#1f77b4,768,1024,"[[243, 332, 483, 613]]",0.9572470662860767,0.9179998783380984,0.9966757661148292,0.9208192653459708,0.9997951892532682,0.9603072272996195,11.793289937503724,4.663422504328689,-0.0761095065695806,137.42608975007897
161_IM-0496-0003_anon__capsule,161_IM-0496-0003_anon,161_IM-0496-0003_anon__capsule,1,Capsule,0,#1f77b4,768,1024,"[[330, 269, 840, 591]]",0.9627227067143107,0.9281247289861916,0.998320895522388,0.9295758336148241,0.9997627475590092,0.9646692905869166,13.45362404707371,5.505854525030127,-0.06886068619408386,137.42608975007897
162_IM-0396-0039_anon__capsule,162_IM-0396-0039_anon,162_IM-0396-0039_anon__capsule,1,Capsule,0,#1f77b4,768,1024,"[[250, 261, 761, 520]]",0.9495023691779263,0.9038596007445415,0.9929137095378224,0.9097280044407439,0.99904455997246,0.9543862822066019,32.26452788816607,7.697744427163762,-0.08377939019071409,137.42608975007897
163_IM-0638-6400_anon__capsule,163_IM-0638-6400_anon,163_IM-0638-6400_anon__capsule,1,Capsule,0,#1f77b4,873,1164,"[[270, 379, 664, 576]]",0.9398115134812188,0.8864570078167606,0.931428353134431,0.9483469467133411,0.9962788364263562,0.9723128915698487,18.820161442478835,6.593173314101417,0.018164138467522364,137.42608975007897
164_IM-0055-0002_anon__capsule,164_IM-0055-0002_anon,164_IM-0055-0002_anon__capsule,1,Capsule,0,#1f77b4,768,1024,"[[264, 299, 768, 626]]",0.9608401224845495,0.9246316599346028,0.9992267526938938,0.9252937281532468,0.9998583504683574,0.962576039310802,26.1725046566048,7.1324402184096884,-0.07399023729231148,137.5192854998204
164_IM-0055-0009_anon__capsule,164_IM-0055-0009_anon,164_IM-0055-0009_anon__capsule,1,Capsule,0,#1f77b4,768,1024,"[[527, 345, 725, 587]]",0.9751386346148744,0.9514834567389842,0.9708368554522401,0.9794787058259155,0.9985258575796825,0.989002281702799,6.0,2.4420670324709386,0.008901444485901605,137.5192854998204
165_IM-0019-0001_anon__capsule,165_IM-0019-0001_anon,165_IM-0019-0001_anon__capsule,1,Capsule,0,#1f77b4,480,640,"[[219, 169, 397, 331]]",0.9465712644278477,0.8985622211204759,0.9582826627187648,0.9351426654971363,0.9972586938318874,0.9662006796645118,12.929494612921207,3.565549419851421,-0.02414736081729529,137.5192854998204
167_IM-0005-0006_anon__capsule,167_IM-0005-0006_anon,167_IM-0005-0006_anon__capsule,1,Capsule,0,#1f77b4,768,1024,"[[91, 313, 831, 615]]",0.9763312512742572,0.9537570161144305,0.995740498034076,0.9576641981892445,0.998912165402354,0.9782881817957992,14.317821063276353,4.297150505683946,-0.03823917970596434,137.5192854998204
169_IM-0885-0031_anon__capsule,169_IM-0885-0031_anon,169_IM-0885-0031_anon__capsule,1,Capsule,0,#1f77b4,720,960,"[[363, 230, 570, 444]]",0.9279519679786524,0.865588052271313,0.9456444485646303,0.9109093615121298,0.9973251419925335,0.9541172517523316,20.3591727236075,6.631384900582388,-0.03673165649650246,141.81235849991936
170_IM-0722-0043_anon__capsule,170_IM-0722-0043_anon,170_IM-0722-0043_anon__capsule,1,Capsule,0,#1f77b4,768,1024,"[[378, 379, 730, 624]]",0.9488704140449284,0.902714971325606,0.9952246332518337,0.9066420728418049,0.9996570480064201,0.9531495604241125,22.503293206133677,6.064930572365538,-0.08900760436424383,141.81235849991936
172_IM-0311-0015_anon__capsule,172_IM-0311-0015_anon,172_IM-0311-0015_anon__capsule,1,Capsule,0,#1f77b4,768,1024,"[[345, 312, 731, 507]]",0.9166031877657677,0.8460456754303209,0.9595041989664083,0.8773743377697377,0.9972605321341219,0.9373174349519298,33.734255586866,9.140998976241216,-0.08559614568142802,141.81235849991936
173_IM-0585-0001_anon__capsule,173_IM-0585-0001_anon,173_IM-0585-0001_anon__capsule,1,Capsule,0,#1f77b4,768,1024,"[[142, 233, 731, 633]]",0.9440492097312003,0.8940276558634762,0.9998087710351862,0.8941805577725583,0.9999509017708095,0.9470657297716839,37.0,11.627372279081408,-0.10564841629991106,141.81235849991936
175_IM-0922-1024_anon__capsule,175_IM-0922-1024_anon,175_IM-0922-1024_anon__capsule,1,Capsule,0,#1f77b4,970,1552,"[[373, 359, 1079, 660]]",0.907127091927481,0.8300389599073924,0.9754329764203382,0.8477615545484016,0.997508383891357,0.9226349692198793,55.95084971874737,16.820835051188556,-0.13088692402062052,142.3928782501207
176_IM-0395-0010_anon__capsule,176_IM-0395-0010_anon,176_IM-0395-0010_anon__capsule,1,Capsule,0,#1f77b4,768,1024,"[[317, 193, 743, 416]]",0.9230106600624529,0.8570285942811438,0.9966117459473824,0.859533018192236,0.9997153310950543,0.9296241746436451,39.04612354157994,9.526661976783343,-0.13754476436040683,142.3928782501207
177_IM-0668-0040_anon__capsule,177_IM-0668-0040_anon,177_IM-0668-0040_anon__capsule,1,Capsule,0,#1f77b4,768,1024,"[[162, 299, 675, 567]]",0.9561008507989209,0.915893888342229,0.9875364368998628,0.9266048588206902,0.9983070930327343,0.9624559759267123,17.871733818951604,6.614758834943784,-0.061700587241573485,142.3928782501207
179_IM-0787-0013_anon__capsule,179_IM-0787-0013_anon,179_IM-0787-0013_anon__capsule,1,Capsule,0,#1f77b4,768,1024,"[[401, 386, 620, 531]]",0.9534298578617463,0.9110042599856595,0.9614939458689459,0.9454999124496586,0.9988671901601387,0.9721835513048986,10.08691647263706,3.3796771487472164,-0.016634564874803012,142.3928782501207
181_IM-0126-0041_anon__capsule,181_IM-0126-0041_anon,181_IM-0126-0041_anon__capsule,1,Capsule,0,#1f77b4,768,1024,"[[272, 371, 674, 575]]",0.9648069721045816,0.9320068297465893,0.9825171086398631,0.9477239909234684,0.998652953615467,0.9731884722694677,19.0,3.9340185369724545,-0.03541222581310596,142.76827749972654
182_IM-0095-0001_anon__capsule,182_IM-0095-0001_anon,182_IM-0095-0001_anon__capsule,1,Capsule,0,#1f77b4,768,1024,"[[255, 274, 765, 553]]",0.955307136097943,0.9144382709093588,0.9440864833906071,0.9667977162547311,0.9907753136290016,0.9787865149418664,25.495097567963924,7.361366774801969,0.024056305501333405,142.76827749972654
183_IM-0486-0004_anon__capsule,183_IM-0486-0004_anon,183_IM-0486-0004_anon__capsule,1,Capsule,0,#1f77b4,720,960,"[[241, 211, 667, 429]]",0.946906822515769,0.8991671798480982,0.9695958765494561,0.9252553599179227,0.9969228110433159,0.9610890854806193,33.97057550292606,6.4760631462618505,-0.045730925330798596,142.76827749972654
184_IM-0171-0001_anon__capsule,184_IM-0171-0001_anon,184_IM-0171-0001_anon__capsule,1,Capsule,0,#1f77b4,768,1024,"[[193, 293, 767, 583]]",0.9316902479841777,0.8721162062090573,0.9973559166155732,0.8741372651094057,0.9995864139995864,0.9368618395544961,29.274562336608895,10.98606473031335,-0.12354531562242858,142.76827749972654
185_IM-0270-0000_anon__capsule,185_IM-0270-0000_anon,185_IM-0270-0000_anon__capsule,1,Capsule,0,#1f77b4,970,1552,"[[436, 395, 902, 661]]",0.9723429154066299,0.946174487563984,0.9851037105729613,0.9599084929939948,0.9991050870406871,0.979506790017341,13.58296424436179,3.8436433713062086,-0.025576208178438663,142.2589369999514
186_IM-0064-0040_anon__capsule,186_IM-0064-0040_anon,186_IM-0064-0040_anon__capsule,1,Capsule,0,#1f77b4,768,1024,"[[367, 269, 615, 532]]",0.9402260623356778,0.8871949280125527,0.9984965635738832,0.8883816722578454,0.9999147881742216,0.9441482302160336,21.93512658948824,6.522160884369359,-0.11028069132447238,142.2589369999514
187_IM-0070-0032_anon__capsule,187_IM-0070-0032_anon,187_IM-0070-0032_anon__capsule,1,Capsule,0,#1f77b4,768,1024,"[[231, 363, 583, 633]]",0.9629828241565856,0.9286083650190115,0.9653427776372375,0.9606343811951289,0.9969676596474628,0.9788010204212958,13.0,4.685955237180334,-0.00487743478397684,142.2589369999514
188_IM-0270-0037_anon__capsule,188_IM-0270-0037_anon,188_IM-0270-0037_anon__capsule,1,Capsule,0,#1f77b4,768,1024,"[[371, 363, 742, 629]]",0.9119091358722532,0.8380817870419974,0.9885301776960784,0.8463114754098361,0.9991742851156277,0.9227428802627319,35.0,10.207342974240282,-0.1438688524590164,142.2589369999514
18_IM-0098-7936_anon__capsule,18_IM-0098-7936_anon,18_IM-0098-7936_anon__capsule,1,Capsule,0,#1f77b4,970,1552,"[[425, 392, 707, 635]]",0.6360191433790782,0.46629623890377,0.981272710332619,0.4704831252373188,0.9997247836436591,0.7351039544404889,108.80481071182118,34.34062505845942,-0.5205378481606397,142.55008174995965
190_IM-0185-0000_anon__capsule,190_IM-0185-0000_anon,190_IM-0185-0000_anon__capsule,1,Capsule,0,#1f77b4,970,1552,"[[308, 285, 978, 655]]",0.7157244901507045,0.5572982468806026,0.9959466724008171,0.5585651316622549,0.9997185724981879,0.7791418520802214,203.83240661532864,49.20828167058333,-0.4391616065990919,142.55008174995965
191_IM-0466-0041_anon__capsule,191_IM-0466-0041_anon,191_IM-0466-0041_anon__capsule,1,Capsule,0,#1f77b4,720,960,"[[142, 108, 740, 414]]",0.9506643493861076,0.905967836725971,0.9912026888791465,0.9133116096194759,0.9984425690883596,0.9558770893539177,29.617558708391176,7.064252806041696,-0.07858239301968599,142.55008174995965
192_IM-0628-0003-0002_anon__capsule,192_IM-0628-0003-0002_anon,192_IM-0628-0003-0002_anon__capsule,1,Capsule,0,#1f77b4,768,1024,"[[203, 251, 708, 620]]",0.8103814376275701,0.6812111573069642,0.9930695564516129,0.6844651340530307,0.9991806831910454,0.841822908622038,90.0,30.249917083872898,-0.3107581139646173,142.55008174995965
193_IM-0126-0011_anon__capsule,193_IM-0126-0011_anon,193_IM-0126-0011_anon__capsule,1,Capsule,0,#1f77b4,768,1024,"[[224, 245, 729, 599]]",0.967462324412027,0.9369753252452612,0.969119714185311,0.9658105939004815,0.9935044935722513,0.9796575437363664,20.8806130178211,6.183774994461436,-0.003414562965124763,142.45634550024988
194_IM-0470-0010_anon__capsule,194_IM-0470-0010_anon,194_IM-0470-0010_anon__capsule,1,Capsule,0,#1f77b4,768,1024,"[[339, 359, 655, 614]]",0.9065540593134584,0.8290799074568429,0.9823296221322537,0.8416317386905622,0.9988537506155277,0.920242744653045,27.459060435491963,10.975938009399586,-0.14322879028761382,142.45634550024988
195_IM-0236-0004_anon__capsule,195_IM-0236-0004_anon,195_IM-0236-0004_anon__capsule,1,Capsule,0,#1f77b4,768,1024,"[[204, 280, 738, 580]]",0.9639464460435219,0.9304021422081958,0.9482212475633528,0.9802020100249365,0.9904469909145264,0.9853245004697314,31.78049716414141,6.135205972980924,0.03372711014835898,142.45634550024988
197_IM-0564-0002_anon__capsule,197_IM-0564-0002_anon,197_IM-0564-0002_anon__capsule,1,Capsule,0,#1f77b4,768,1024,"[[223, 195, 740, 623]]",0.9619318668150304,0.9266558100224691,0.9565010780753518,0.9674246771879483,0.9905213343389507,0.9789730057634496,16.278820596099706,6.908482118389678,0.011420373027259685,142.45634550024988
198_IM-0410-0023_anon__capsule,198_IM-0410-0023_anon,198_IM-0410-0023_anon__capsule,1,Capsule,0,#1f77b4,768,1024,"[[431, 207, 846, 531]]",0.8542481336651262,0.7455786534284827,0.9943996910174354,0.7487225291844959,0.9994117203846131,0.8740671247845545,74.21590126111789,21.900833237983118,-0.24706077853018155,142.08899825007393
199_IM-0094-0019_anon__capsule,199_IM-0094-0019_anon,199_IM-0094-0019_anon__capsule,1,Capsule,0,#1f77b4,480,640,"[[173, 123, 481, 359]]",0.8798943934715965,0.7855459238336417,0.999677731227844,0.7857449047192238,0.999949194538022,0.8928470496286229,40.60772980281892,13.282922770204575,-0.21400179260356184,142.08899825007393
19_IM-0239-0041_anon__capsule,19_IM-0239-0041_anon,19_IM-0239-0041_anon__capsule,1,Capsule,0,#1f77b4,768,1024,"[[175, 324, 673, 576]]",0.9743701523985977,0.9500212524794559,0.9891694531864673,0.9600071586231581,0.9987461163051847,0.9793766374641715,11.661903789690601,3.27807156168954,-0.029481596372964266,142.08899825007393
1_IM-0001-0059_anon__capsule,1_IM-0001-0059_anon,1_IM-0001-0059_anon__capsule,1,Capsule,0,#1f77b4,480,640,"[[187, 210, 338, 354]]",0.9525009625818195,0.9093096304217069,0.9937189599766287,0.9145661087584862,0.9997058048802181,0.9571359568193522,7.0,2.888416285582775,-0.07965315587820125,142.08899825007393
200_IM-0186-0002_anon__capsule,200_IM-0186-0002_anon,200_IM-0186-0002_anon__capsule,1,Capsule,0,#1f77b4,768,1024,"[[145, 188, 802, 636]]",0.9686547566943858,0.9392148390481775,0.9940603222996516,0.9445154281871557,0.9981605652847583,0.971337996735957,19.08530427851721,6.653218658320494,-0.04984093319194061,140.66397050009982
201_IM-0417-0035_anon__capsule,201_IM-0417-0035_anon,201_IM-0417-0035_anon__capsule,1,Capsule,0,#1f77b4,768,1024,"[[314, 390, 558, 595]]",0.9495245979779735,0.9038998877558331,0.9647481647634584,0.9347740182761176,0.9981459684533114,0.9664599933647144,15.132745950421556,5.215856358010491,-0.03106939985181526,140.66397050009982
202_IM-0234-0013_anon__capsule,202_IM-0234-0013_anon,202_IM-0234-0013_anon__capsule,1,Capsule,0,#1f77b4,768,1024,"[[169, 226, 732, 594]]",0.9108799550182738,0.8363448631905007,0.9971417251528186,0.8383546976771853,0.999346613468496,0.9188506555728406,65.76245093640401,18.42616668286449,-0.15924218540879756,140.66397050009982
202_IM-0234-0028_anon__capsule,202_IM-0234-0028_anon,202_IM-0234-0028_anon__capsule,1,Capsule,0,#1f77b4,768,1024,"[[131, 399, 570, 591]]",0.9653447989518554,0.9330111113092796,0.9479740504494056,0.983364036241964,0.9960844696236126,0.9897242529327883,10.0,3.4599476472578603,0.03733223053498252,140.66397050009982
203_IM-0091-0037_anon__capsule,203_IM-0091-0037_anon,203_IM-0091-0037_anon__capsule,1,Capsule,0,#1f77b4,768,1024,"[[185, 200, 740, 602]]",0.9280459584449696,0.8657516297048514,1.0,0.8657516297048514,1.0,0.9328758148524257,32.7566787083184,13.64873131702748,-0.13424837029514855,139.13745674972233
204_IM-0164-0044_anon__capsule,204_IM-0164-0044_anon,204_IM-0164-0044_anon__capsule,1,Capsule,0,#1f77b4,768,1024,"[[299, 283, 742, 571]]",0.9165961624834185,0.8460337048320543,0.9115215223533323,0.9217276222086843,0.9876769681696002,0.9547022951891422,38.84905692780976,13.022384375559536,0.011196773312606349,139.13745674972233
205_IM-0138-0040_anon__capsule,205_IM-0138-0040_anon,205_IM-0138-0040_anon__capsule,1,Capsule,0,#1f77b4,768,1024,"[[175, 334, 795, 617]]",0.925893055247393,0.862011980995662,0.9961716650162682,0.8648771051783165,0.9993400979642099,0.9321086015712632,54.15992832317567,12.073727710236962,-0.1317991310622227,139.13745674972233
207_IM-0383-0025_anon__capsule,207_IM-0383-0025_anon,207_IM-0383-0025_anon__capsule,1,Capsule,0,#1f77b4,768,1024,"[[151, 246, 748, 633]]",0.9696101695426299,0.9410129456656601,0.9996331940714215,0.9413379857033295,0.9999041621251967,0.9706210739142631,14.142135623730951,6.1419283912343445,-0.05831659924242868,139.13745674972233
208_IM-0094-5376_anon__capsule,208_IM-0094-5376_anon,208_IM-0094-5376_anon__capsule,1,Capsule,0,#1f77b4,970,1552,"[[424, 401, 760, 613]]",0.9564798688658949,0.9165897622179897,0.9916725086567671,0.9236994677167224,0.9997305662301885,0.9617150169734554,22.80350850198276,4.704091556207477,-0.06854383916734273,139.42490175031708
20_IM-0861-0005_anon__capsule,20_IM-0861-0005_anon,20_IM-0861-0005_anon__capsule,1,Capsule,0,#1f77b4,720,960,"[[255, 195, 551, 510]]",0.9564982562266596,0.9166235341092265,0.9828275140329179,0.9315428777540653,0.9982662623947031,0.9649045700743841,18.856012058704607,5.667055845325655,-0.052180708767922086,139.42490175031708
211_IM-0374-0007_anon__capsule,211_IM-0374-0007_anon,211_IM-0374-0007_anon__capsule,1,Capsule,0,#1f77b4,720,960,"[[331, 265, 610, 496]]",0.937978668932684,0.883201345861885,0.9904518682127738,0.8907856891592691,0.9993544603677553,0.9450700747635122,17.787444616000915,6.9639569493142615,-0.10062697870755478,139.42490175031708
212_IM-0217-0057_anon__capsule,212_IM-0217-0057_anon,212_IM-0217-0057_anon__capsule,1,Capsule,0,#1f77b4,768,1024,"[[165, 301, 745, 595]]",0.9428508209054299,0.8918805780211316,0.9998498273013966,0.8920000669870882,0.9999760122097853,0.9459880395984368,21.0,9.161226962582955,-0.10786595883643428,139.42490175031708
213_IM-0261-0002_anon__capsule,213_IM-0261-0002_anon,213_IM-0261-0002_anon__capsule,1,Capsule,0,#1f77b4,1080,1920,"[[521, 468, 1055, 929]]",0.9638984370549025,0.9303126947468748,0.9915549874692312,0.937742820945946,0.9991969896399456,0.9684699052929457,38.825031791177935,8.133981763227984,-0.054270481418918916,139.4709942501322
214_IM-0387-0003-0001_anon__capsule,214_IM-0387-0003-0001_anon,214_IM-0387-0003-0001_anon__capsule,1,Capsule,0,#1f77b4,768,1024,"[[212, 251, 697, 539]]",0.9597104803750417,0.9225417177335722,0.998347208619001,0.9239528647505382,0.9997619481458405,0.9618574064481893,19.07214637115967,6.485721768838166,-0.07451750575971598,139.4709942501322
215_IM-0450-0009_anon__capsule,215_IM-0450-0009_anon,215_IM-0450-0009_anon__capsule,1,Capsule,0,#1f77b4,768,1024,"[[356, 267, 610, 632]]",0.95311660212505,0.9104324359902587,0.9859859717153284,0.9223680349950655,0.9986183147093963,0.960493174852231,15.0,6.389666361593932,-0.06452215198314262,139.4709942501322
216_IM-0599-0020_anon__capsule,216_IM-0599-0020_anon,216_IM-0599-0020_anon__capsule,1,Capsule,0,#1f77b4,768,1024,"[[440, 318, 716, 633]]",0.9142351155338169,0.8420194174757282,0.9900094973699591,0.849235445259134,0.9992430155382478,0.9242392303986908,26.92582403567252,10.39649463649418,-0.14219464811681393,139.4709942501322
217_IM-0839-0001_anon__capsule,217_IM-0839-0001_anon,217_IM-0839-0001_anon__capsule,1,Capsule,0,#1f77b4,768,1024,"[[250, 279, 740, 569]]",0.9403842728082453,0.8874767037485349,0.9829439053455907,0.9013571923388395,0.9976562305812928,0.9495067114600662,19.6468827043885,8.874683732486405,-0.08300240996770449,138.60098650002328
218_IM-0036-0001_anon__capsule,218_IM-0036-0001_anon,218_IM-0036-0001_anon__capsule,1,Capsule,0,#1f77b4,768,1024,"[[160, 205, 896, 557]]",0.8914273129795767,0.804121663303395,0.9978591446958688,0.805511332690938,0.999445825216632,0.902478578953785,72.08189534362023,21.600611772158857,-0.19276048431019313,138.60098650002328
219_IM-0061-0002_anon__capsule,219_IM-0061-0002_anon,219_IM-0061-0002_anon__capsule,1,Capsule,0,#1f77b4,480,640,"[[226, 143, 423, 281]]",0.9542875446142582,0.9125716536122173,0.976952264955263,0.9326505970216001,0.998272708442313,0.9654616527319566,10.261473251156486,3.4287920623178523,-0.04534680917669156,138.60098650002328
21_IM-0046-0035_anon__capsule,21_IM-0046-0035_anon,21_IM-0046-0035_anon__capsule,1,Capsule,0,#1f77b4,480,640,"[[310, 131, 549, 332]]",0.9332010699165678,0.8747675345377258,0.9949010424535428,0.8787070087066751,0.9995130274183599,0.9391100180625175,32.600558034609875,5.961567098914934,-0.11678953864629549,138.60098650002328
220_IM-0712-0068_anon__capsule,220_IM-0712-0068_anon,220_IM-0712-0068_anon__capsule,1,Capsule,0,#1f77b4,768,1024,"[[156, 279, 949, 605]]",0.95516221684565,0.9141727378598705,0.9969872400756143,0.9167051410879661,0.9991532838474781,0.9579292124677221,30.0,8.43156588430038,-0.08052470057847425,139.73919174986804
221_IM-0148-0018_anon__capsule,221_IM-0148-0018_anon,221_IM-0148-0018_anon__capsule,1,Capsule,0,#1f77b4,768,1024,"[[299, 383, 812, 619]]",0.9220316867544417,0.8553421055377584,0.9978817686014804,0.8568979395561317,0.9997481082786964,0.9283230239174141,55.47071299343465,11.060591279634393,-0.141283099342456,139.73919174986804
222_IM-0127-0001_anon__capsule,222_IM-0127-0001_anon,222_IM-0127-0001_anon__capsule,1,Capsule,0,#1f77b4,768,1024,"[[235, 229, 776, 635]]",0.9206637351404224,0.8529906435231299,0.9475307149076134,0.8952783569939159,0.9858060442894598,0.9405422006416879,42.95346318982906,17.115022218555048,-0.055145819646376645,139.73919174986804
223_IM-0076-10240_anon__capsule,223_IM-0076-10240_anon,223_IM-0076-10240_anon__capsule,1,Capsule,0,#1f77b4,970,1552,"[[431, 411, 966, 735]]",0.9564677608096602,0.9165675241157556,0.9660095058161701,0.947112669036781,0.9971033578522683,0.9721080134445247,22.360679774997898,7.220543607252442,-0.019561750340565506,139.73919174986804
226_IM-0209-0022_anon__capsule,226_IM-0209-0022_anon,226_IM-0209-0022_anon__capsule,1,Capsule,0,#1f77b4,768,1024,"[[222, 377, 536, 606]]",0.9242254153569824,0.8591255348012105,0.9968921536971262,0.8614327566964286,0.9997887772120787,0.9306107669542536,25.99422649572415,9.00362451218855,-0.13588169642857142,141.13707099977546
227_IM-0195-0006_anon__capsule,227_IM-0195-0006_anon,227_IM-0195-0006_anon__capsule,1,Capsule,0,#1f77b4,768,1024,"[[355, 201, 673, 425]]",0.8629507656841758,0.7589387861497691,0.7714172162034856,0.9791308571855616,0.9788118017541083,0.978971329469835,90.82669395828695,17.94556252559011,0.26926238696659444,141.13707099977546
228_IM-0383-0068_anon__capsule,228_IM-0383-0068_anon,228_IM-0383-0068_anon__capsule,1,Capsule,0,#1f77b4,768,1024,"[[196, 346, 882, 660]]",0.9776046234132175,0.9561903797696184,0.9919883764354402,0.9636320350982603,0.9977492282951347,0.9806906316966975,12.0,4.392017204419481,-0.028585356452536292,141.13707099977546
229_IM-0003-0028_anon__capsule,229_IM-0003-0028_anon,229_IM-0003-0028_anon__capsule,1,Capsule,0,#1f77b4,768,1024,"[[299, 277, 723, 603]]",0.9330750862297692,0.874546159890979,0.9988979276495182,0.8753908039110262,0.9998586001708459,0.9376247020409361,31.0,10.757478293527782,-0.12364338769739332,141.13707099977546
22_IM-0038-0004_anon__capsule,22_IM-0038-0004_anon,22_IM-0038-0004_anon__capsule,1,Capsule,0,#1f77b4,768,1024,"[[85, 256, 670, 571]]",0.9636280814990388,0.9298091392642699,0.9994554772581679,0.9302803989088144,0.9998957480537082,0.9650880734812612,17.46424919657298,6.351474678409029,-0.06921276627461503,141.6070860000218
230_IM-0326-0004_anon__capsule,230_IM-0326-0004_anon,230_IM-0326-0004_anon__capsule,1,Capsule,0,#1f77b4,768,1024,"[[308, 310, 700, 663]]",0.7924906197774758,0.6563018331430541,0.996190818728747,0.6579529871616295,0.999664177544864,0.8288085823532467,105.10708218732886,30.365159649202653,-0.3395311673307203,141.6070860000218
231_IM-0044-0003_anon__capsule,231_IM-0044-0003_anon,231_IM-0044-0003_anon__capsule,1,Capsule,0,#1f77b4,480,640,"[[183, 193, 475, 333]]",0.9093552721182339,0.8337777177765028,0.9921683601751075,0.8393014880750153,0.999297970233938,0.9192997291544767,29.7790396212183,7.154730131749021,-0.15407352041856356,141.6070860000218
232_IM-0552-0085_anon__capsule,232_IM-0552-0085_anon,232_IM-0552-0085_anon__capsule,1,Capsule,0,#1f77b4,768,1024,"[[324, 263, 662, 514]]",0.9493644475829749,0.9036096726395063,0.9994762097864288,0.9040377796796675,0.9999570041608876,0.9519973919202775,18.963095591320556,6.498265474430315,-0.09548844602029588,141.6070860000218
233_IM-0898-11008_anon__capsule,233_IM-0898-11008_anon,233_IM-0898-11008_anon__capsule,1,Capsule,0,#1f77b4,873,1164,"[[255, 369, 678, 658]]",0.9354144431537423,0.878665352106435,0.9946703785912243,0.8828217171604746,0.9995411982390648,0.9411814576997697,28.84960895639542,9.732169256046422,-0.11244796652049062,138.11791724992872
234_IM-0173-19200_anon__capsule,234_IM-0173-19200_anon,234_IM-0173-19200_anon__capsule,1,Capsule,0,#1f77b4,970,1552,"[[488, 318, 921, 561]]",0.9616252213670552,0.9260868437435152,0.9928254612700046,0.9323262129837573,0.9996388709257502,0.9659825419547537,17.0,5.02334831127345,-0.06093643912884525,138.11791724992872
235_IM-0914-0039_anon__capsule,235_IM-0914-0039_anon,235_IM-0914-0039_anon__capsule,1,Capsule,0,#1f77b4,768,1024,"[[228, 306, 753, 613]]",0.9508589692369157,0.9063214013709063,0.9674447174447175,0.9348323237260618,0.9946358351218845,0.9647340794239732,26.1725046566048,8.057276614854352,-0.03370982665014053,138.11791724992872
236_IM-0427-1792_anon__capsule,236_IM-0427-1792_anon,236_IM-0427-1792_anon__capsule,1,Capsule,0,#1f77b4,970,1552,"[[443, 320, 924, 613]]",0.9721715849541066,0.945850076455318,0.987149511031936,0.9576413829107373,0.9990066992220697,0.9783240410664036,12.041594578792296,4.524211960239749,-0.02989225825614992,138.11791724992872
239_IM-0615-0072_anon__capsule,239_IM-0615-0072_anon,239_IM-0615-0072_anon__capsule,1,Capsule,0,#1f77b4,768,1024,"[[184, 372, 690, 653]]",0.9376446019194218,0.8826091566094747,0.9582086402701043,0.9179446654843838,0.993569981242704,0.9557573233635439,28.565584852537775,9.704585495443828,-0.0420200498029018,139.37578249988292
23_IM-0175-0047_anon__capsule,23_IM-0175-0047_anon,23_IM-0175-0047_anon__capsule,1,Capsule,0,#1f77b4,768,1024,"[[210, 352, 651, 646]]",0.9354354282314671,0.8787023850300156,0.9163502030380508,0.9553325558833041,0.986997160971319,0.9711648584273116,44.379606922775515,10.86949668931045,0.042540889624962025,139.37578249988292
240_IM-0772-0072_anon__capsule,240_IM-0772-0072_anon,240_IM-0772-0072_anon__capsule,1,Capsule,0,#1f77b4,720,960,"[[261, 221, 623, 421]]",0.9343384427393124,0.8767684602802557,0.9374042223303947,0.9312926510361627,0.9945354589222956,0.9629140549792291,28.0,7.591380100145106,-0.006519675449123247,139.37578249988292
242_IM-0007-0001_anon__capsule,242_IM-0007-0001_anon,242_IM-0007-0001_anon__capsule,1,Capsule,0,#1f77b4,768,1024,"[[191, 302, 778, 601]]",0.9742569776947332,0.9498060981250223,0.999348646382367,0.9503944520391889,0.9998653217417149,0.9751298868904519,12.0,4.618551908097647,-0.048986101617680564,139.37578249988292
243_IM-0579-0002_anon__capsule,243_IM-0579-0002_anon,243_IM-0579-0002_anon__capsule,1,Capsule,0,#1f77b4,720,960,"[[181, 193, 733, 447]]",0.9530571762526251,0.910323997294618,0.9927353924807776,0.916428824593803,0.9987688061015161,0.9575988153476596,19.6468827043885,7.0903313037203,-0.07686496166545413,139.53440875002343
244_IM-0718-0010_anon__capsule,244_IM-0718-0010_anon,244_IM-0718-0010_anon__capsule,1,Capsule,0,#1f77b4,768,1024,"[[222, 317, 672, 522]]",0.9364574855429428,0.8805078055774839,0.9267159522517634,0.9464059983722661,0.9940687514323787,0.9702373749023224,22.791384494151423,6.652207595122933,0.021247121162271208,139.53440875002343
246_IM-0328-0010_anon__capsule,246_IM-0328-0010_anon,246_IM-0328-0010_anon__capsule,1,Capsule,0,#1f77b4,768,1024,"[[272, 394, 530, 585]]",0.9573250824600835,0.91814338904286,0.9529579265457927,0.9617324497096944,0.9978480188215277,0.9797902342656111,13.038404810405298,3.9114453301456327,0.009207671104334056,139.53440875002343
247_IM-0265-0048_anon__capsule,247_IM-0265-0048_anon,247_IM-0265-0048_anon__capsule,1,Capsule,0,#1f77b4,768,1024,"[[297, 251, 641, 587]]",0.9725048029983308,0.9464811181951938,0.9964245146633622,0.949706580711834,0.9996071752211235,0.9746568779664788,9.0,3.951155139188137,-0.04688557262896301,139.53440875002343
248_IM-0682-0001_anon__capsule,248_IM-0682-0001_anon,248_IM-0682-0001_anon__capsule,1,Capsule,0,#1f77b4,768,1024,"[[191, 283, 738, 627]]",0.9103020644912787,0.835371009550741,0.9996102043524416,0.8356432211321801,0.9999268137347262,0.9177850174334532,36.0,16.62199986218624,-0.16403092175962838,137.9933184998663
249_IM-0589-0014_anon__capsule,249_IM-0589-0014_anon,249_IM-0589-0014_anon__capsule,1,Capsule,0,#1f77b4,768,1024,"[[376, 144, 736, 575]]",0.7311017154552555,0.5761704656394584,0.9916715371127995,0.5789720622734058,0.9993416607473883,0.789156861510397,170.9766461114257,37.46201542021593,-0.4161654937086799,137.9933184998663
24_IM-0267-0005-0002_anon__capsule,24_IM-0267-0005-0002_anon,24_IM-0267-0005-0002_anon__capsule,1,Capsule,0,#1f77b4,768,1024,"[[188, 223, 922, 615]]",0.9594614716466062,0.9220816389806457,0.9992117233536648,0.9227528760322689,0.9998028569581798,0.9612778664952244,19.6468827043885,7.634975346515749,-0.07651916559262972,137.9933184998663
251_IM-0003-0004_anon__capsule,251_IM-0003-0004_anon,251_IM-0003-0004_anon__capsule,1,Capsule,0,#1f77b4,768,1024,"[[205, 209, 666, 574]]",0.9129973978312624,0.8399219983555624,0.9882962328767123,0.8483603545338292,0.9978981066045888,0.9231292305692089,40.291430956253556,15.94917125022868,-0.1415930504314083,137.9933184998663
252_IM-0438-0001_anon__capsule,252_IM-0438-0001_anon,252_IM-0438-0001_anon__capsule,1,Capsule,0,#1f77b4,768,1024,"[[230, 262, 702, 626]]",0.9517889579549053,0.9080127186009539,0.9524079509071505,0.9511707690770409,0.991433802563256,0.9713022858201484,27.0,8.195982692374798,-0.0012990040968590747,141.18861699989793
256_IM-0130-6912_anon__capsule,256_IM-0130-6912_anon,256_IM-0130-6912_anon__capsule,1,Capsule,0,#1f77b4,970,1552,"[[521, 467, 913, 744]]",0.9671550196637712,0.9363990125109837,0.9627722885864655,0.9715778353424697,0.9981926272279733,0.9848852312852214,12.649110640673518,4.0497950583886055,0.00914603261892013,141.18861699989793
258_IM-0278-0057_anon__capsule,258_IM-0278-0057_anon,258_IM-0278-0057_anon__capsule,1,Capsule,0,#1f77b4,768,1024,"[[281, 245, 565, 607]]",0.919721188184214,0.8513739028522657,0.9080434782608696,0.9317031687833712,0.9905303056802774,0.9611167372318243,39.20459156782532,11.238498091092243,0.02605568024982225,141.18861699989793
259_IM-0310-0043_anon__capsule,259_IM-0310-0043_anon,259_IM-0310-0043_anon__capsule,1,Capsule,0,#1f77b4,768,1024,"[[255, 240, 727, 579]]",0.8858000223721263,0.7950099085964714,0.9969565598178315,0.7969440530677612,0.9995864098440408,0.898265231455901,73.92563831310488,18.981943648493612,-0.20062309112707732,141.18861699989793
25_IM-0436-0020_anon__capsule,25_IM-0436-0020_anon,25_IM-0436-0020_anon__capsule,1,Capsule,0,#1f77b4,768,1024,"[[179, 438, 453, 662]]",0.970500576500533,0.9426917143883524,0.9624395926820849,0.9786977315607038,0.9976499966254977,0.9881738640931008,10.295630140987,3.1979298978250874,0.01689263305690843,139.0166032497291
260_IM-0093-0052_anon__capsule,260_IM-0093-0052_anon,260_IM-0093-0052_anon__capsule,1,Capsule,0,#1f77b4,720,960,"[[257, 246, 635, 434]]",0.9765357578637065,0.9541474119558566,0.9811869371812955,0.9719284670277706,0.9986551383951008,0.9852918027114357,6.0,2.265395367039965,-0.00943599002665291,139.0166032497291
262_IM-0028-11264_anon__capsule,262_IM-0028-11264_anon,262_IM-0028-11264_anon__capsule,1,Capsule,0,#1f77b4,970,1552,"[[561, 314, 1071, 598]]",0.9692014233605141,0.9402432689810406,0.9550115960826124,0.9838192832474665,0.9971117579606598,0.9904655206040631,8.87588258140776,4.012216597539988,0.030164751174772124,139.0166032497291
263_IM-0680-0035_anon__capsule,263_IM-0680-0035_anon,263_IM-0680-0035_anon__capsule,1,Capsule,0,#1f77b4,768,1024,"[[429, 348, 672, 520]]",0.9391809638202211,0.8853356998592325,0.9929640307523339,0.8909247682690234,0.9997281019259668,0.9453264350974951,13.095675624185603,5.382621679421327,-0.10276229482955071,139.0166032497291
264_IM-0144-0017_anon__capsule,264_IM-0144-0017_anon,264_IM-0144-0017_anon__capsule,1,Capsule,0,#1f77b4,768,1024,"[[260, 179, 728, 425]]",0.9446735602769891,0.8951481974856381,0.9504618988684582,0.9389552971999345,0.9935480342588875,0.966251665729411,31.058814224493805,8.105964546667586,-0.012106326073904264,138.2966117498654
266_IM-0062-0037_anon__capsule,266_IM-0062-0037_anon,266_IM-0062-0037_anon__capsule,1,Capsule,0,#1f77b4,768,1024,"[[255, 270, 751, 589]]",0.954702178410337,0.9133303051932602,0.9891772863568216,0.9225492123833868,0.9986702931399214,0.9606097527616542,32.589846177049765,6.216379603755726,-0.06735706014725482,138.2966117498654
267_IM-0405-0005_anon__capsule,267_IM-0405-0005_anon,267_IM-0405-0005_anon__capsule,1,Capsule,0,#1f77b4,768,1024,"[[300, 209, 725, 609]]",0.9559837645033004,0.9156790210723907,0.9943623771834061,0.9204575958061613,0.9989981357139609,0.9597278657600611,20.0,7.959632669683055,-0.07432379087650598,138.2966117498654
26_IM-0003-0016_anon__capsule,26_IM-0003-0016_anon,26_IM-0003-0016_anon__capsule,1,Capsule,0,#1f77b4,768,1024,"[[301, 380, 813, 662]]",0.9020385539200592,0.8215575848684062,1.0,0.8215575848684062,1.0,0.9107787924342031,41.12596403858946,12.791071627339075,-0.1784424151315937,138.2966117498654
270_IM-0058-0003_anon__capsule,270_IM-0058-0003_anon,270_IM-0058-0003_anon__capsule,1,Capsule,0,#1f77b4,480,640,"[[157, 164, 535, 363]]",0.8796860903685829,0.7852139322790337,0.9941284854440486,0.7888724266999376,0.9990660560210078,0.8939692413604727,45.5510641754962,12.499699776081124,-0.20646834061135372,137.46509400016294
272_IM-0034-0008_anon__capsule,272_IM-0034-0008_anon,272_IM-0034-0008_anon__capsule,1,Capsule,0,#1f77b4,768,1024,"[[249, 253, 748, 574]]",0.9630443501219879,0.9287227956521389,0.9802439107361546,0.94643795572489,0.9965049168883379,0.9714714363066139,29.068883707497267,6.552650271067625,-0.034487288970636534,137.46509400016294
273_IM-0411-0058_anon__capsule,273_IM-0411-0058_anon,273_IM-0411-0058_anon__capsule,1,Capsule,0,#1f77b4,768,1024,"[[259, 272, 825, 633]]",0.9195518426925628,0.8510837252794797,0.9987716194968553,0.8519755225215155,0.9997668200472578,0.9258711712843867,43.32435804486894,14.573157294870258,-0.14697664021459708,137.46509400016294
274_IM-0426-0031_anon__capsule,274_IM-0426-0031_anon,274_IM-0426-0031_anon__capsule,1,Capsule,0,#1f77b4,768,1024,"[[238, 316, 796, 664]]",0.8900536249886388,0.8018888524948139,0.999931926480599,0.8019326308893377,0.9999874979684199,0.9009600644288789,50.15974481593781,20.382010208851906,-0.1980127750177431,137.46509400016294
275_IM-0287-0016_anon__capsule,275_IM-0287-0016_anon,275_IM-0287-0016_anon__capsule,1,Capsule,0,#1f77b4,768,1024,"[[365, 211, 559, 380]]",0.42087856907866256,0.26652704525268917,0.26998178425448727,0.9541885844390359,0.9136286102518142,0.9339085973454251,266.67611148981126,89.85154894743901,2.5342702363193843,139.62129124956846
277_IM-0789-0052_anon__capsule,277_IM-0789-0052_anon,277_IM-0789-0052_anon__capsule,1,Capsule,0,#1f77b4,720,960,"[[297, 275, 726, 493]]",0.8434202608673543,0.7292365864024739,0.9859121440884503,0.7369153757293919,0.9988599886479882,0.8678876821886901,84.6471703482156,18.187934935020554,-0.2525547229051272,139.62129124956846
278_IM-0069-0016_anon__capsule,278_IM-0069-0016_anon,278_IM-0069-0016_anon__capsule,1,Capsule,0,#1f77b4,768,1024,"[[300, 343, 737, 645]]",0.9472965133615618,0.8998702154834989,0.9500935270575953,0.9445159197794475,0.9933870077543062,0.9689514637668768,31.622776601683793,7.7236145364483555,-0.0058705875993296935,139.62129124956846
279_IM-0238-0014_anon__capsule,279_IM-0238-0014_anon,279_IM-0238-0014_anon__capsule,1,Capsule,0,#1f77b4,768,1024,"[[380, 381, 635, 626]]",0.9560241527803782,0.9157531329163584,0.9872631477184841,0.9267014519056261,0.9992900941871242,0.9629957730463752,17.88434131973663,4.620763693153074,-0.06134301270417423,139.62129124956846
27_IM-0203-0020_anon__capsule,27_IM-0203-0020_anon,27_IM-0203-0020_anon__capsule,1,Capsule,0,#1f77b4,768,1024,"[[357, 404, 768, 629]]",0.9406628358813557,0.8879730342170858,0.9597416115601274,0.9223278119391568,0.9963393620190019,0.9593335869790793,23.0,7.394315767021063,-0.038983200447203506,137.4652737499673
281_IM-0001-0001-0002_anon__capsule,281_IM-0001-0001-0002_anon,281_IM-0001-0001-0002_anon__capsule,1,Capsule,0,#1f77b4,768,1024,"[[296, 151, 752, 440]]",0.9394055169251929,0.8857348703170029,0.9937201551929964,0.8907206152817254,0.9992751719851819,0.9449978936334537,39.451861598785655,8.744220883210417,-0.10365044864292482,137.4652737499673
282_IM-0389-0043_anon__capsule,282_IM-0389-0043_anon,282_IM-0389-0043_anon__capsule,1,Capsule,0,#1f77b4,768,1024,"[[254, 305, 763, 550]]",0.9162761486062129,0.8454885877318117,0.9975504929069487,0.8472475717622433,0.9997698009979056,0.9235086863800744,45.967379738244816,9.790564405596092,-0.1506719932609223,137.4652737499673
283_IM-0045-10496_anon__capsule,283_IM-0045-10496_anon,283_IM-0045-10496_anon__capsule,1,Capsule,0,#1f77b4,970,1552,"[[409, 417, 888, 683]]",0.9684701387718411,0.9388677683249638,0.9774876947853108,0.9596174400997595,0.9985977915039587,0.979107615801859,16.929061121629697,4.4606567497964456,-0.01828182061102699,137.4652737499673
284_IM-0021-0001_anon__capsule,284_IM-0021-0001_anon,284_IM-0021-0001_anon__capsule,1,Capsule,0,#1f77b4,768,1024,"[[136, 246, 685, 643]]",0.9318248386402375,0.8723520938776049,0.9940594506685941,0.8769236900310181,0.9987591900923923,0.9378414400617052,40.15531230286301,12.860953399955006,-0.11783576984132256,138.90879349992247
285_IM-0083-0002_anon__capsule,285_IM-0083-0002_anon,285_IM-0083-0002_anon__capsule,1,Capsule,0,#1f77b4,768,1024,"[[74, 220, 799, 647]]",0.9182071535759635,0.8487827929452295,0.9997306808388394,0.8489769158052023,0.9999236866471983,0.9244503012262003,48.87735917382337,16.819923960482154,-0.15079437684871771,138.90879349992247
286_IM-0158-0010_anon__capsule,286_IM-0158-0010_anon,286_IM-0158-0010_anon__capsule,1,Capsule,0,#1f77b4,768,1024,"[[162, 312, 694, 587]]",0.9135430177258971,0.8408460092121888,0.9985940453686201,0.8418426294820717,0.999826538703734,0.9208345840929029,37.257840577523034,12.669919991115425,-0.15697211155378485,138.90879349992247
287_IM-0507-0035_anon__capsule,287_IM-0507-0035_anon,287_IM-0507-0035_anon__capsule,1,Capsule,0,#1f77b4,768,1024,"[[358, 238, 741, 500]]",0.9742114267132294,0.9497195153887503,0.9730145729778581,0.9754112284476657,0.997330222551307,0.9863707254994863,11.0,3.369119169744142,0.002463123920613799,138.90879349992247
289_IM-0207-8192_anon__capsule,289_IM-0207-8192_anon,289_IM-0207-8192_anon__capsule,1,Capsule,0,#1f77b4,970,1552,"[[405, 525, 718, 742]]",0.9443723645799545,0.8946074665847288,0.9225285171102662,0.9672757475083057,0.9973155467720685,0.9822956471401871,18.0,6.1240095865500335,0.04850498338870432,140.40127799989932
28_IM-0671-0056_anon__capsule,28_IM-0671-0056_anon,28_IM-0671-0056_anon__capsule,1,Capsule,0,#1f77b4,768,1024,"[[233, 381, 518, 714]]",0.8750056337604976,0.7777866805549991,0.9995023338824821,0.7780880113287199,0.9999592455078712,0.8890236284182955,47.16990566028302,17.361552055924008,-0.22152456782536672,140.40127799989932
290_IM-0501-0014-0001_anon__capsule,290_IM-0501-0014-0001_anon,290_IM-0501-0014-0001_anon__capsule,1,Capsule,0,#1f77b4,720,960,"[[221, 195, 564, 419]]",0.9803371713239418,0.9614326851522309,0.9810006437661973,0.9796745957173236,0.9981745718332152,0.9889245837752694,6.708203932499369,2.409573262308449,-0.0013517300496183836,140.40127799989932
291_IM-0708-0047_anon__capsule,291_IM-0708-0047_anon,291_IM-0708-0047_anon__capsule,1,Capsule,0,#1f77b4,768,1024,"[[385, 364, 758, 609]]",0.9627246593777622,0.9281283586672808,0.995012509876218,0.9324664106005214,0.9995801026877585,0.96602325664414,16.161660730138316,4.570332983990542,-0.06285961096456723,140.40127799989932
292_IM-0131-0004_anon__capsule,292_IM-0131-0004_anon,292_IM-0131-0004_anon__capsule,1,Capsule,0,#1f77b4,768,1024,"[[221, 368, 633, 643]]",0.882909060282568,0.7903645342481246,0.9583434909800097,0.8184834801618801,0.9961470436945539,0.907315261928217,46.38315766176316,15.574811405617439,-0.1459393340013273,138.52824849982426
293_IM-0101-0036_anon__capsule,293_IM-0101-0036_anon,293_IM-0101-0036_anon__capsule,1,Capsule,0,#1f77b4,720,960,"[[222, 252, 764, 551]]",0.9428400115605441,0.8918612337498062,0.9998170274275886,0.8920068235428553,0.9999648310218523,0.9459858272823538,37.20215047547655,9.722255856236478,-0.1078299338051046,138.52824849982426
294_IM-0048-15872_anon__capsule,294_IM-0048-15872_anon,294_IM-0048-15872_anon__capsule,1,Capsule,0,#1f77b4,970,1552,"[[366, 387, 982, 716]]",0.9771735169376536,0.9553658739965282,0.9804194607377904,0.9739489953632149,0.9981708380570332,0.986059916710124,9.848857801796104,3.6105265217250047,-0.006599690880989181,138.52824849982426
295_IM-0227-0054_anon__capsule,295_IM-0227-0054_anon,295_IM-0227-0054_anon__capsule,1,Capsule,0,#1f77b4,768,1024,"[[298, 344, 730, 576]]",0.869863154786836,0.7696971906289491,0.9370266272189349,0.8116839016389241,0.9939906238486264,0.9028372627437753,52.46903848937962,17.460032193723013,-0.1337664501082792,138.52824849982426
296_IM-0033-0054_anon__capsule,296_IM-0033-0054_anon,296_IM-0033-0054_anon__capsule,1,Capsule,0,#1f77b4,720,960,"[[307, 241, 493, 492]]",0.9592139103209214,0.9216244527409954,0.9425094764599242,0.97652114519893,0.9968097527367841,0.986665448967857,12.0,3.922855076197554,0.036086288348796174,138.789351000014
297_IM-0308-0006_anon__capsule,297_IM-0308-0006_anon,297_IM-0308-0006_anon__capsule,1,Capsule,0,#1f77b4,768,1024,"[[187, 206, 786, 530]]",0.9246828375646254,0.859916376179105,0.8990281603917968,0.9518446877246994,0.98465003802591,0.9682473628753048,44.55838323507296,10.264275203286767,0.05874846824585034,138.789351000014
298_IM-0257-0001_anon__capsule,298_IM-0257-0001_anon,298_IM-0257-0001_anon__capsule,1,Capsule,0,#1f77b4,768,1024,"[[167, 212, 789, 585]]",0.9386873558397987,0.884458845378749,0.9992410714285714,0.8850533807829182,0.9998047266008316,0.9424290536918749,49.8196748283246,12.875850299863563,-0.11427441676551997,138.789351000014
29_IM-0273-0011_anon__capsule,29_IM-0273-0011_anon,29_IM-0273-0011_anon__capsule,1,Capsule,0,#1f77b4,720,960,"[[329, 333, 521, 495]]",0.9528485993075229,0.9099434892389082,0.972042642462645,0.9343978928306856,0.9990208456414885,0.9667093692360871,16.845985499256116,3.7167682891245826,-0.03872746728125772,138.789351000014
2_IM-0383-0001_anon__capsule,2_IM-0383-0001_anon,2_IM-0383-0001_anon__capsule,1,Capsule,0,#1f77b4,768,1024,"[[178, 190, 805, 614]]",0.9652539858102458,0.9328414630966968,0.9920648123502794,0.9398541664477762,0.997599307473183,0.9687267369604796,35.779840725394656,7.257831391465824,-0.05262826102945039,139.78510974993696
300_IM-0386-0048_anon__capsule,300_IM-0386-0048_anon,300_IM-0386-0048_anon__capsule,1,Capsule,0,#1f77b4,768,1024,"[[106, 180, 803, 607]]",0.9530378674653168,0.9102887658009399,0.99973313925279,0.910510006241818,0.999927320179387,0.9552186632106026,23.44135101404935,9.160978319338765,-0.08924694951860669,139.78510974993696
302_IM-0073-0008_anon__capsule,302_IM-0073-0008_anon,302_IM-0073-0008_anon__capsule,1,Capsule,0,#1f77b4,768,1024,"[[470, 225, 793, 584]]",0.8890515222482436,0.8002635046113307,0.9963910761154856,0.8025898520084567,0.9997575383530242,0.9011736951807404,49.954468105331806,11.915630218690145,-0.1945031712473573,139.78510974993696
303_IM-0900-0050_anon__capsule,303_IM-0900-0050_anon,303_IM-0900-0050_anon__capsule,1,Capsule,0,#1f77b4,720,960,"[[465, 250, 760, 445]]",0.8071252850652733,0.6766220081288574,0.9780234126811437,0.6870681748700703,0.9992330938966423,0.8431506343833564,64.24154418955813,15.78132398412808,-0.29749312136961176,139.78510974993696
306_IM-0111-0016_anon__capsule,306_IM-0111-0016_anon,306_IM-0111-0016_anon__capsule,1,Capsule,0,#1f77b4,720,960,"[[141, 286, 642, 493]]",0.9343473971240571,0.8767842302477146,0.9401244411093393,0.9286409191284339,0.9938861157359887,0.9612635174322113,21.169189556555068,6.99209995533963,-0.012214895686952762,138.48860400003105
307_IM-0044-0017_anon__capsule,307_IM-0044-0017_anon,307_IM-0044-0017_anon__capsule,1,Capsule,0,#1f77b4,480,640,"[[277, 171, 505, 331]]",0.9362663495838288,0.8801699083389224,0.9629683983954603,0.9110051832654572,0.9973493655284462,0.9541772743969517,17.0,4.601035584890219,-0.05396149574231766,138.48860400003105
308_IM-0165-0041_anon__capsule,308_IM-0165-0041_anon,308_IM-0165-0041_anon__capsule,1,Capsule,0,#1f77b4,768,1024,"[[371, 302, 731, 546]]",0.9573690859767503,0.9182243429580508,0.9513780753659297,0.9634360278319831,0.9966045896487558,0.9800203087403694,13.0,4.344813300126135,0.01267419628249857,138.48860400003105
309_IM-0930-0008_anon__capsule,309_IM-0930-0008_anon,309_IM-0930-0008_anon__capsule,1,Capsule,0,#1f77b4,720,960,"[[166, 229, 661, 483]]",0.9729014921899382,0.9472328942082874,0.992499379445062,0.9540625778072869,0.9988315557289075,0.9764470667680971,13.0,4.080152759846601,-0.03872728027222176,138.48860400003105
310_IM-0422-0047_anon__capsule,310_IM-0422-0047_anon,310_IM-0422-0047_anon__capsule,1,Capsule,0,#1f77b4,768,1024,"[[389, 289, 644, 621]]",0.9492576328729568,0.9034161584903371,0.995503476865472,0.9071177250087582,0.999626792678477,0.9533722588436175,17.10681957593194,6.5392370855707025,-0.08878497555328774,141.37269200000446
312_IM-0091-0063_anon__capsule,312_IM-0091-0063_anon,312_IM-0091-0063_anon__capsule,1,Capsule,0,#1f77b4,768,1024,"[[429, 331, 752, 570]]",0.8909097101597357,0.8032796953691193,0.9832848837209303,0.8144004649328546,0.9990965156931296,0.9067484903129921,42.720018726587654,11.554348499541797,-0.17175532908528612,141.37269200000446
313_IM-0220-0017_anon__capsule,313_IM-0220-0017_anon,313_IM-0220-0017_anon__capsule,1,Capsule,0,#1f77b4,768,1024,"[[409, 366, 696, 535]]",0.4892946194901807,0.3238848724594189,1.0,0.3238848724594189,1.0,0.6619424362297095,118.02111146651436,43.72565445064279,-0.6761151275405811,141.37269200000446
314_IM-0122-0002_anon__capsule,314_IM-0122-0002_anon,314_IM-0122-0002_anon__capsule,1,Capsule,0,#1f77b4,768,1024,"[[331, 252, 853, 650]]",0.9672786094280554,0.9366307488725053,0.9866437187073281,0.9486590352712702,0.9970665142128792,0.9728627747420746,19.0,6.2879711045452105,-0.03849888537862936,141.37269200000446
315_IM-0025-0019-0003_anon__capsule,315_IM-0025-0019-0003_anon,315_IM-0025-0019-0003_anon__capsule,1,Capsule,0,#1f77b4,480,640,"[[378, 232, 532, 369]]",0.8859691328324513,0.795282392026578,0.8139961915125136,0.9719041818920017,0.9907251979585262,0.9813146899252639,21.96814182918916,6.498019929656712,0.19399106780349168,142.6110620000145
316_IM-0281-0040_anon__capsule,316_IM-0281-0040_anon,316_IM-0281-0040_anon__capsule,1,Capsule,0,#1f77b4,720,960,"[[281, 315, 488, 498]]",0.9527100508682688,0.9096908183432151,0.9818148951554592,0.9252810902896081,0.9992400090654983,0.9622605496775531,15.231546211727817,4.186789058984073,-0.0575809199318569,142.6110620000145
317_IM-0169-0010_anon__capsule,317_IM-0169-0010_anon,317_IM-0169-0010_anon__capsule,1,Capsule,0,#1f77b4,720,960,"[[335, 222, 616, 402]]",0.8514036270717251,0.7412557162279075,0.8157459252374584,0.8903211440447325,0.9875104105522279,0.9389157772984802,40.00187470712277,16.167971435166084,0.09141966450591321,142.6110620000145
318_IM-0366-0005_anon__capsule,318_IM-0366-0005_anon,318_IM-0366-0005_anon__capsule,1,Capsule,0,#1f77b4,768,1024,"[[475, 319, 920, 580]]",0.8434175392904717,0.7292325173019316,0.9165584752804321,0.7810871513448325,0.9907664546605196,0.8859268030026761,73.90025756012041,22.354280995893067,-0.14780434373720722,142.6110620000145
319_IM-0198-0028_anon__capsule,319_IM-0198-0028_anon,319_IM-0198-0028_anon__capsule,1,Capsule,0,#1f77b4,720,960,"[[461, 338, 666, 484]]",0.9305424377791959,0.8701069314493031,0.8721887261938942,0.997264321278109,0.9960307494319558,0.9966475353550324,13.65966520487833,4.555474448890206,0.14340427860152102,143.79636574994947
31_IM-0399-0069_anon__capsule,31_IM-0399-0069_anon,31_IM-0399-0069_anon__capsule,1,Capsule,0,#1f77b4,768,1024,"[[332, 249, 645, 600]]",0.9249382561665677,0.8603582645108759,0.9988791054451167,0.8611897027489609,0.9998815208159362,0.9305356117824486,31.215140882630127,11.165490058057614,-0.13784391118562764,143.79636574994947
320_IM-0408-2048_anon__capsule,320_IM-0408-2048_anon,320_IM-0408-2048_anon__capsule,1,Capsule,0,#1f77b4,970,1552,"[[502, 296, 922, 645]]",0.9665134602757715,0.9351969504447268,0.9793317793317793,0.9540263598603477,0.9984797274368477,0.9762530436485977,18.0,5.414786076838393,-0.025839475452025244,143.79636574994947
322_IM-0241-0001_anon__capsule,322_IM-0241-0001_anon,322_IM-0241-0001_anon__capsule,1,Capsule,0,#1f77b4,768,1024,"[[81, 181, 787, 641]]",0.9552871265410712,0.9144016033594198,0.9976986837720759,0.9163343184230913,0.9992343854470878,0.9577843519350895,48.01197752826231,10.20396092590413,-0.08155204238755152,143.79636574994947
324_IM-0231-0025_anon__capsule,324_IM-0231-0025_anon,324_IM-0231-0025_anon__capsule,1,Capsule,0,#1f77b4,768,1024,"[[383, 258, 774, 577]]",0.9594412854210415,0.9220443517300803,0.9976447497546614,0.9240558105712857,0.9997250937831105,0.961890452177198,18.027756377319946,6.0222496798823135,-0.07376266872699178,140.73004500005482
325_IM-0336-0046_anon__capsule,325_IM-0336-0046_anon,325_IM-0336-0046_anon__capsule,1,Capsule,0,#1f77b4,720,960,"[[210, 231, 644, 504]]",0.9424708535697665,0.8912008304935569,0.9955504014722751,0.8947648664876684,0.999414526703719,0.9470896965956936,20.248456731316587,8.341863201100281,-0.10123599451676127,140.73004500005482
328_IM-0791-0062_anon__capsule,328_IM-0791-0062_anon,328_IM-0791-0062_anon__capsule,1,Capsule,0,#1f77b4,768,1024,"[[101, 238, 764, 526]]",0.9658061135103913,0.9338733540464565,0.9957171251892983,0.9376397275637455,0.9991669159781833,0.9684033217709644,17.204650534085253,5.540888429089023,-0.058327205745820246,140.73004500005482
329_IM-0214-0013_anon__capsule,329_IM-0214-0013_anon,329_IM-0214-0013_anon__capsule,1,Capsule,0,#1f77b4,768,1024,"[[292, 292, 565, 659]]",0.9576761268781302,0.9187894008508021,0.9847560975609756,0.9320456495177685,0.9984355135602919,0.9652405815390301,22.02271554554524,5.908396924380525,-0.05352639925130631,140.73004500005482
32_IM-0464-14592_anon__capsule,32_IM-0464-14592_anon,32_IM-0464-14592_anon__capsule,1,Capsule,0,#1f77b4,970,1552,"[[432, 365, 871, 686]]",0.9492177617218067,0.9033439347787134,0.9823298748112427,0.9182651260743355,0.9989764354417164,0.958620780758026,28.24862894078691,7.114441901881631,-0.06521714383288747,141.1253814999327
330_IM-0558-0045_anon__capsule,330_IM-0558-0045_anon,330_IM-0558-0045_anon__capsule,1,Capsule,0,#1f77b4,768,1024,"[[394, 294, 725, 631]]",0.8797243769598944,0.7852749438326396,0.9481056563500534,0.8205434113300493,0.9968221723597073,0.9086827918448783,38.92812233334993,12.383909504908068,-0.13454433497536947,141.1253814999327
331_IM-0053-0007_anon__capsule,331_IM-0053-0007_anon,331_IM-0053-0007_anon__capsule,1,Capsule,0,#1f77b4,768,1024,"[[186, 228, 790, 504]]",0.9490061723787035,0.9029607476635514,0.9998923698503113,0.9030485206038718,0.9999800825806847,0.9515143015922782,17.78338164774098,8.540819381944067,-0.09685427368641437,141.1253814999327
332_IM-0385-0046_anon__capsule,332_IM-0385-0046_anon,332_IM-0385-0046_anon__capsule,1,Capsule,0,#1f77b4,768,1024,"[[322, 285, 733, 535]]",0.9490612648221344,0.9030605049127921,0.9990811373092926,0.9038111668757842,0.999926661057852,0.9518689139668182,15.029966740535613,5.728201204700908,-0.09535759096612297,141.1253814999327
333_IM-0011-0005_anon__capsule,333_IM-0011-0005_anon,333_IM-0011-0005_anon__capsule,1,Capsule,0,#1f77b4,480,640,"[[221, 178, 441, 324]]",0.943670402708114,0.8933484445833985,0.9877711520179759,0.9033392610156096,0.9989960801007467,0.9511676705581782,18.395638831597346,4.544536400117466,-0.08547717842323652,149.27550749962393
334_IM-0845-0012_anon__capsule,334_IM-0845-0012_anon,334_IM-0845-0012_anon__capsule,1,Capsule,0,#1f77b4,1080,1920,"[[780, 323, 1232, 792]]",0.9358190839207001,0.8793796898449224,0.9365037647393095,0.9351354035152426,0.9953746583642673,0.965255030939755,45.077586676433,12.36219509899789,-0.001461137985331877,149.27550749962393
335_IM-0039-1792_anon__capsule,335_IM-0039-1792_anon,335_IM-0039-1792_anon__capsule,1,Capsule,0,#1f77b4,970,1552,"[[471, 448, 1002, 742]]",0.963563012295082,0.929687982700031,0.9832070047046524,0.9446885986941236,0.9985079999071128,0.9715982993006183,19.79898987322333,6.3588415090949,-0.03917629331993973,149.27550749962393
337_IM-0136-1792_anon__capsule,337_IM-0136-1792_anon,337_IM-0136-1792_anon__capsule,1,Capsule,0,#1f77b4,970,1552,"[[373, 424, 948, 662]]",0.9195087862828314,0.8510099615891219,0.8698775365415158,0.9751461856173236,0.9884283904493355,0.9817872880333296,40.0,12.856553938229203,0.12101548166692273,149.27550749962393
338_IM-0143-8704_anon__capsule,338_IM-0143-8704_anon,338_IM-0143-8704_anon__capsule,1,Capsule,0,#1f77b4,970,1552,"[[548, 318, 1026, 607]]",0.9622079347655638,0.9271683288002418,0.9453658797995766,0.9796609698871288,0.99715503787818,0.9884080038826544,11.661903789690601,4.262313906855847,0.03627705507503922,142.88674950012137
339_IM-0758-0049_anon__capsule,339_IM-0758-0049_anon,339_IM-0758-0049_anon__capsule,1,Capsule,0,#1f77b4,768,1024,"[[417, 278, 636, 554]]",0.8750634161971643,0.7778779966769523,0.9986591906387128,0.7786912512474458,0.9999408877054488,0.8893160694764473,26.0,12.057870694049958,-0.22026327044622915,142.88674950012137
33_IM-0309-0045_anon__capsule,33_IM-0309-0045_anon,33_IM-0309-0045_anon__capsule,1,Capsule,0,#1f77b4,768,1024,"[[110, 277, 740, 539]]",0.9396090511676368,0.8860968232539859,0.9965694188191881,0.888807946452293,0.9994669660814243,0.9441374562668586,29.68164415931166,9.402063407024773,-0.10813242944438255,142.88674950012137
340_IM-0944-0065_anon__capsule,340_IM-0944-0065_anon,340_IM-0944-0065_anon__capsule,1,Capsule,0,#1f77b4,768,1024,"[[230, 219, 677, 504]]",0.9517947781006811,0.9080233128166022,0.9579808753218095,0.9456880609037996,0.9947643754126133,0.9702262181582064,29.116115379198323,7.057466925637764,-0.012832003993691781,142.88674950012137
341_IM-0058-0067_anon__capsule,341_IM-0058-0067_anon,341_IM-0058-0067_anon__capsule,1,Capsule,0,#1f77b4,720,960,"[[323, 250, 520, 418]]",0.9313436772010022,0.8715090692222268,0.9856265699134803,0.8827278786868855,0.9995368677270248,0.9411323732069552,14.0,5.277545953063899,-0.10439926678886852,140.64310825006032
344_IM-0436-0048_anon__capsule,344_IM-0436-0048_anon,344_IM-0436-0048_anon__capsule,1,Capsule,0,#1f77b4,768,1024,"[[268, 348, 782, 654]]",0.9352475257164834,0.8783708404583154,0.9875801941108735,0.8881820451414253,0.9982190324687483,0.9432005388050868,36.731449437470275,10.10338306545051,-0.10064817982598083,140.64310825006032
345_IM-0724-0028_anon__capsule,345_IM-0724-0028_anon,345_IM-0724-0028_anon__capsule,1,Capsule,0,#1f77b4,768,1024,"[[258, 368, 760, 585]]",0.9130805655371595,0.8400627834834946,0.9993530933897906,0.8405198530957474,0.9999376384532636,0.9202287457745055,37.2960617262752,10.978588334842364,-0.15893605707996883,140.64310825006032
346_IM-0114-0038_anon__capsule,346_IM-0114-0038_anon,346_IM-0114-0038_anon__capsule,1,Capsule,0,#1f77b4,768,1024,"[[282, 372, 780, 677]]",0.9094388359637897,0.8339182303154098,0.9993880208333333,0.8343442908078963,0.9999323195668453,0.9171383051873707,29.53557067018933,12.141650848550082,-0.16514479519958258,140.64310825006032
347_IM-0843-2816_anon__capsule,347_IM-0843-2816_anon,347_IM-0843-2816_anon__capsule,1,Capsule,0,#1f77b4,970,1552,"[[575, 417, 837, 683]]",0.9252101634079531,0.860828909902626,0.8629067780185704,0.9972105145277218,0.9946571065426927,0.9959338105352072,25.0,8.473881373402147,0.15564107262842833,138.50909424991187
348_IM-0466-0008_anon__capsule,348_IM-0466-0008_anon,348_IM-0466-0008_anon__capsule,1,Capsule,0,#1f77b4,768,1024,"[[352, 278, 810, 648]]",0.9520183957486235,0.908430445617121,0.9636623386720572,0.9406524811930217,0.9945096979673107,0.9675810895801662,25.678756652999958,7.589489355975765,-0.02387751036399685,138.50909424991187
349_IM-0144-0020_anon__capsule,349_IM-0144-0020_anon,349_IM-0144-0020_anon__capsule,1,Capsule,0,#1f77b4,768,1024,"[[168, 317, 659, 583]]",0.9539612706550733,0.9119750960392105,0.9964058278656889,0.9149850481780928,0.9995719264173114,0.957278487297702,26.996291201783613,6.392415482229642,-0.08171447557869088,138.50909424991187
34_IM-0359-0004-0002_anon__capsule,34_IM-0359-0004-0002_anon,34_IM-0359-0004-0002_anon__capsule,1,Capsule,0,#1f77b4,768,1024,"[[309, 342, 726, 589]]",0.9604924211610943,0.9239878964941569,0.9892202859696158,0.9333860342555995,0.9989134901735601,0.9661497622145798,14.212670403551895,5.2323060870469735,-0.05644268774703557,138.50909424991187
350_IM-0039-0001_anon__capsule,350_IM-0039-0001_anon,350_IM-0039-0001_anon__capsule,1,Capsule,0,#1f77b4,768,1024,"[[199, 273, 749, 557]]",0.9692169099285384,0.9402724193519173,0.9943207937480846,0.9453494195310722,0.9991235680387581,0.9722364937849152,18.601075237738275,4.728067858366595,-0.0492510812656499,139.35442499996498
353_IM-0636-0020_anon__capsule,353_IM-0636-0020_anon,353_IM-0636-0020_anon__capsule,1,Capsule,0,#1f77b4,768,1024,"[[247, 371, 547, 596]]",0.8691411974739535,0.7685673892554195,0.7869113484302624,0.9705619805201245,0.9819991549154168,0.9762805677177706,79.88116173416608,17.586741689327198,0.2333816032215191,139.35442499996498
354_IM-0512-0038_anon__capsule,354_IM-0512-0038_anon,354_IM-0512-0038_anon__capsule,1,Capsule,0,#1f77b4,768,1024,"[[276, 288, 579, 574]]",0.8610344394956402,0.7559793459552495,0.8058801080319399,0.9242929292929293,0.981809603978917,0.9530512666359232,66.10597422634766,18.9600653307513,0.14693602693602695,139.35442499996498
355_IM-0208-0001_anon__capsule,355_IM-0208-0001_anon,355_IM-0208-0001_anon__capsule,1,Capsule,0,#1f77b4,768,1024,"[[210, 232, 644, 569]]",0.8915164295314455,0.8042667056892894,0.9942242092205913,0.8080420902293539,0.9993533060959943,0.9036976981626741,81.5904259008244,17.339147820104166,-0.18726371502982442,139.35442499996498
356_IM-0572-0038_anon__capsule,356_IM-0572-0038_anon,356_IM-0572-0038_anon__capsule,1,Capsule,0,#1f77b4,768,1024,"[[186, 421, 736, 690]]",0.9414775008343773,0.8894260647048071,0.99976372452334,0.8896130606872218,0.9999660283441771,0.9447895445156995,24.758836806279895,8.91873954257544,-0.11017669588745578,139.92838024978482
357_IM-0655-0038_anon__capsule,357_IM-0655-0038_anon,357_IM-0655-0038_anon__capsule,1,Capsule,0,#1f77b4,768,1024,"[[331, 207, 665, 527]]",0.9502802321278688,0.9052703980741122,0.9886944110576923,0.9147394575434816,0.9991740741604573,0.9569567658519695,17.78338164774098,5.3065896753905815,-0.07480061856028357,139.92838024978482
358_IM-0080-10496_anon__capsule,358_IM-0080-10496_anon,358_IM-0080-10496_anon__capsule,1,Capsule,0,#1f77b4,970,1552,"[[594, 521, 867, 712]]",0.9396254119999375,0.8861259243982205,0.9378527549970377,0.9414047827720045,0.9986474307291794,0.970026106750592,17.804493814764857,5.232489646268239,0.0037874045323650933,139.92838024978482
359_IM-0092-0006_anon__capsule,359_IM-0092-0006_anon,359_IM-0092-0006_anon__capsule,1,Capsule,0,#1f77b4,720,960,"[[205, 253, 747, 495]]",0.9012303941154173,0.820217804796181,0.9957552776048446,0.8230957081504907,0.9993582316629672,0.911226969906729,39.16361131946423,15.104528468393813,-0.17339558557968507,139.92838024978482
35_IM-0879-0001-0001_anon__capsule,35_IM-0879-0001-0001_anon,35_IM-0879-0001-0001_anon__capsule,1,Capsule,0,#1f77b4,768,1024,"[[277, 272, 735, 648]]",0.9510348217869562,0.9066409844100677,0.9379091944207231,0.9645330381564864,0.9896916199368205,0.9771123290466535,25.80697580112788,8.127339739770399,0.028386376734697613,139.5326677502453
360_IM-0156-1792_anon__capsule,360_IM-0156-1792_anon,360_IM-0156-1792_anon__capsule,1,Capsule,0,#1f77b4,970,1552,"[[562, 535, 872, 800]]",0.9125317250466479,0.8391341118303354,0.8952802359882006,0.9304611278425998,0.995837899459927,0.9631495136512633,44.1768779235706,10.096655775596926,0.03929595498728607,139.5326677502453
362_IM-0017-0006_anon__capsule,362_IM-0017-0006_anon,362_IM-0017-0006_anon__capsule,1,Capsule,0,#1f77b4,768,1024,"[[78, 240, 712, 573]]",0.9395016591088794,0.8859058264244247,0.9999640349867649,0.8859340547292216,0.9999920573648878,0.9429630560470548,27.202941017470888,11.37995505062325,-0.11403408149479347,139.5326677502453
363_IM-0942-5376_anon__capsule,363_IM-0942-5376_anon,363_IM-0942-5376_anon__capsule,1,Capsule,0,#1f77b4,970,1552,"[[538, 482, 903, 662]]",0.9389570909553114,0.8849379068003035,0.8996853750126865,0.9818137515505937,0.996615754614133,0.9892147530823634,13.416407864998739,6.0828977220274165,0.0912856636540847,139.5326677502453
364_IM-0080-0001_anon__capsule,364_IM-0080-0001_anon,364_IM-0080-0001_anon__capsule,1,Capsule,0,#1f77b4,768,1024,"[[238, 245, 844, 521]]",0.9561522600737904,0.9159882457008351,0.988472366036759,0.925878778234942,0.9978226290722566,0.9618507036535993,16.55294535724685,7.4530415534284415,-0.0633235586066847,139.00789250010348
365_IM-0072-0039_anon__capsule,365_IM-0072-0039_anon,365_IM-0072-0039_anon__capsule,1,Capsule,0,#1f77b4,720,960,"[[371, 301, 616, 467]]",0.9008268506287,0.8195495415294223,0.9655292966018738,0.8442515208021276,0.9985026279941746,0.9213770743981511,34.19793825191808,8.975110277204605,-0.12560755662886314,139.00789250010348
366_IM-0164-2560_anon__capsule,366_IM-0164-2560_anon,366_IM-0164-2560_anon__capsule,1,Capsule,0,#1f77b4,970,1552,"[[333, 410, 939, 789]]",0.9525202337426956,0.9093447572224675,0.9901831482792898,0.9176174506746302,0.9988718399759884,0.9582446453253093,28.0,9.42165729016295,-0.07328512682806414,139.00789250010348
367_IM-0378-0021_anon__capsule,367_IM-0378-0021_anon,367_IM-0378-0021_anon__capsule,1,Capsule,0,#1f77b4,768,1024,"[[180, 273, 670, 574]]",0.94255643790963,0.8913538950923967,0.9708708386912416,0.9158467551721814,0.9951147187443838,0.9554807369582826,30.0,9.801486457991805,-0.0566749780982546,139.00789250010348
368_IM-0005-0028_anon__capsule,368_IM-0005-0028_anon,368_IM-0005-0028_anon__capsule,1,Capsule,0,#1f77b4,768,1024,"[[358, 367, 885, 639]]",0.9250471991439728,0.8605468057828412,0.9986452486936327,0.8615525895624406,0.9998378233577805,0.9306952064601106,32.89376840679705,10.675012043233721,-0.1372786375447421,139.95440074995713
369_IM-0462-0004_anon__capsule,369_IM-0462-0004_anon,369_IM-0462-0004_anon__capsule,1,Capsule,0,#1f77b4,768,1024,"[[313, 270, 810, 556]]",0.9370594339285075,0.8815727462465495,1.0,0.8815727462465495,1.0,0.9407863731232747,22.0,10.672059925559362,-0.11842725375345048,139.95440074995713
36_IM-0910-0001_anon__capsule,36_IM-0910-0001_anon,36_IM-0910-0001_anon__capsule,1,Capsule,0,#1f77b4,768,1024,"[[329, 244, 609, 435]]",0.923160116064363,0.8572863336844426,0.9106213572023314,0.9360489996790414,0.9954141545756992,0.9657315771273702,24.831185764395915,7.392503071468542,0.027923397881673265,139.95440074995713
372_IM-0089-0035_anon__capsule,372_IM-0089-0035_anon,372_IM-0089-0035_anon__capsule,1,Capsule,0,#1f77b4,768,1024,"[[313, 337, 772, 631]]",0.9506032013688269,0.9058567765870719,0.9922991302547112,0.9122700554484663,0.9991528922678284,0.9557114738581474,16.55294535724685,6.5697070137125975,-0.08065015111491873,139.95440074995713
373_IM-0355-0004_anon__capsule,373_IM-0355-0004_anon,373_IM-0355-0004_anon__capsule,1,Capsule,0,#1f77b4,768,1024,"[[266, 299, 699, 649]]",0.9555162111320128,0.9148214853268355,0.9753388554216867,0.9364832622370038,0.9972066086096161,0.96684493542331,16.76305461424021,5.854990778648146,-0.039838044971440965,141.07959300008588
374_IM-0644-0025_anon__capsule,374_IM-0644-0025_anon,374_IM-0644-0025_anon__capsule,1,Capsule,0,#1f77b4,768,1024,"[[396, 407, 646, 592]]",0.9660966472828728,0.9344167854219095,0.9645092638958438,0.9676892642949101,0.9984971871956109,0.9830932257452605,8.0,2.8570526602291992,0.0032970138474581593,141.07959300008588
377_IM-0271-0001_anon__capsule,377_IM-0271-0001_anon,377_IM-0271-0001_anon__capsule,1,Capsule,0,#1f77b4,768,1024,"[[167, 277, 707, 591]]",0.9362645609127965,0.8801667468334134,0.9819690898683457,0.8946253381571657,0.9969625196622611,0.9457939289097135,29.0,10.481039436742591,-0.08894755712004172,141.07959300008588
378_IM-0829-9472_anon__capsule,378_IM-0829-9472_anon,378_IM-0829-9472_anon__capsule,1,Capsule,0,#1f77b4,873,1164,"[[299, 456, 582, 619]]",0.9131427080955952,0.84016799160042,0.9622745232777873,0.8687843161584514,0.9988840726267487,0.9338341943926001,24.515301344262525,7.3449966989497115,-0.09715544250395508,141.07959300008588
379_IM-0167-0015_anon__capsule,379_IM-0167-0015_anon,379_IM-0167-0015_anon__capsule,1,Capsule,0,#1f77b4,768,1024,"[[259, 254, 707, 521]]",0.9451835889737661,0.8960645464874729,0.9881910692588093,0.9057634747905984,0.998667588263352,0.9522155315269751,21.2602916254693,7.816314740982196,-0.08341260818116429,138.49599724971995
37_IM-0026-0017_anon__capsule,37_IM-0026-0017_anon,37_IM-0026-0017_anon__capsule,1,Capsule,0,#1f77b4,768,1024,"[[360, 445, 557, 612]]",0.927818781042566,0.8653563079054464,0.9759765625,0.8841900380429975,0.9993558742436105,0.9417729561433039,16.0,5.35867159091981,-0.09404582854109528,138.49599724971995
381_IM-0156-0005_anon__capsule,381_IM-0156-0005_anon,381_IM-0156-0005_anon__capsule,1,Capsule,0,#1f77b4,720,960,"[[187, 189, 672, 532]]",0.706179491496885,0.5458094742321707,0.9995540931176579,0.5459424050792371,0.9999493119534649,0.772945858516351,115.25580244145628,47.542697793369314,-0.4538140468452126,138.49599724971995
382_IM-0226-0052_anon__capsule,382_IM-0226-0052_anon,382_IM-0226-0052_anon__capsule,1,Capsule,0,#1f77b4,768,1024,"[[168, 333, 817, 622]]",0.9478627585252042,0.9008926983675356,0.9984548435923309,0.9021504533830998,0.9996966146216274,0.9509235340023636,24.18160292046902,8.947851000540572,-0.0964534258382067,138.49599724971995
383_IM-0317-0010_anon__capsule,383_IM-0317-0010_anon,383_IM-0317-0010_anon__capsule,1,Capsule,0,#1f77b4,768,1024,"[[317, 190, 679, 486]]",0.9468132068865784,0.8989983667451978,0.9532705983325159,0.9404427106958179,0.9957670062502256,0.9681048584730217,22.20360331117452,6.672220599998782,-0.013456711723971091,139.738747499905
384_IM-0140-1792_anon__capsule,384_IM-0140-1792_anon,384_IM-0140-1792_anon__capsule,1,Capsule,0,#1f77b4,970,1552,"[[434, 469, 1004, 733]]",0.9760086350772803,0.9531414702417333,0.9885711135814492,0.9637614309129504,0.9991074702017735,0.981434450557362,10.0,3.6047855229685273,-0.025096507805712546,139.738747499905
386_IM-0229-0013_anon__capsule,386_IM-0229-0013_anon,386_IM-0229-0013_anon__capsule,1,Capsule,0,#1f77b4,768,1024,"[[295, 290, 628, 565]]",0.9722681702458179,0.9460329456550644,0.9732060585118636,0.9713320879436701,0.9974038909550501,0.9843679894493601,12.529964086141668,3.7115368789025776,-0.0019255640178186522,139.738747499905
387_IM-0265-0001_anon__capsule,387_IM-0265-0001_anon,387_IM-0265-0001_anon__capsule,1,Capsule,0,#1f77b4,768,1024,"[[171, 217, 748, 654]]",0.9144892895767633,0.842450729224226,0.9968825953714466,0.8446760049470874,0.9992233533692807,0.921949679158184,50.45683425231067,17.69885218640139,-0.15268256375530945,139.738747499905
388_IM-0132-0012_anon__capsule,388_IM-0132-0012_anon,388_IM-0132-0012_anon__capsule,1,Capsule,0,#1f77b4,768,1024,"[[196, 252, 796, 595]]",0.959955685989823,0.9229949849814088,0.9844402732302134,0.936659482613921,0.996541127639449,0.9666003051266849,17.413856022837752,7.5537402155894675,-0.048535997475510434,138.8836744999935
38_IM-0361-0018_anon__capsule,38_IM-0361-0018_anon,38_IM-0361-0018_anon__capsule,1,Capsule,0,#1f77b4,768,1024,"[[293, 449, 835, 719]]",0.9418456781328985,0.8900834771161,0.9964049660593068,0.8929511231177147,0.9995309452327575,0.9462410341752361,34.995713410721535,8.282543666129165,-0.10382710490769924,138.8836744999935
390_IM-0196-0027_anon__capsule,390_IM-0196-0027_anon,390_IM-0196-0027_anon__capsule,1,Capsule,0,#1f77b4,720,960,"[[297, 267, 547, 499]]",0.9475220525163554,0.9002773452705333,0.9778817187252259,0.9189907368316488,0.9987141533767684,0.9588524451042086,11.661903789690601,5.2064024628839825,-0.06022301139891226,138.8836744999935
391_IM-0009-0005_anon__capsule,391_IM-0009-0005_anon,391_IM-0009-0005_anon__capsule,1,Capsule,0,#1f77b4,480,640,"[[175, 204, 346, 334]]",0.9630588532457691,0.9287497716338834,0.9826675257731958,0.9442174343734522,0.9990757538275473,0.9716465941004997,5.0,2.3531886115236516,-0.0391282813273898,138.8836744999935
392_IM-0664-0043_anon__capsule,392_IM-0664-0043_anon,392_IM-0664-0043_anon__capsule,1,Capsule,0,#1f77b4,720,960,"[[367, 288, 637, 474]]",0.9575200918484501,0.9185022026431718,0.9634245550095994,0.9516875602700097,0.998297201896711,0.9749923810833603,9.16208869558845,3.4471719223773998,-0.012182577949212473,140.8208147499863
393_IM-0218-0011_anon__capsule,393_IM-0218-0011_anon,393_IM-0218-0011_anon__capsule,1,Capsule,0,#1f77b4,768,1024,"[[338, 273, 687, 593]]",0.7874136715012954,0.6493671031869436,0.9999290578887627,0.6493970213893272,0.9999942825533545,0.8246956519713409,65.35096130641105,30.542151790951117,-0.350556905746438,140.8208147499863
394_IM-0074-0006_anon__capsule,394_IM-0074-0006_anon,394_IM-0074-0006_anon__capsule,1,Capsule,0,#1f77b4,480,640,"[[93, 116, 415, 303]]",0.8134863492894648,0.6856106112241646,0.9748988983405383,0.6979309656325654,0.9973047133824724,0.8476178395075189,62.96824596572466,21.207923806458535,-0.2840991339506327,140.8208147499863
395_IM-0560-0012_anon__capsule,395_IM-0560-0012_anon,395_IM-0560-0012_anon__capsule,1,Capsule,0,#1f77b4,768,1024,"[[520, 369, 788, 606]]",0.9535034116855178,0.9111385764011501,0.9824575718015666,0.926207020332812,0.9991370440883506,0.9626720322105813,17.711479793658533,4.349236928222549,-0.05725494218096972,140.8208147499863
396_IM-0431-0037_anon__capsule,396_IM-0431-0037_anon,396_IM-0431-0037_anon__capsule,1,Capsule,0,#1f77b4,768,1024,"[[286, 350, 732, 596]]",0.9632261189976364,0.9290609424558224,0.9649117647058824,0.9615463524722295,0.9966777778706032,0.9791120651714164,11.379742812989726,4.3141800854735175,-0.003487792725460887,138.01888149964725
397_IM-0041-11008_anon__capsule,397_IM-0041-11008_anon,397_IM-0041-11008_anon__capsule,1,Capsule,0,#1f77b4,970,1552,"[[408, 418, 857, 710]]",0.9597156398104265,0.9225512528473804,0.9297009134802364,0.9917330284234066,0.9947313155786275,0.9932321720010171,22.47220505424423,6.273828269473787,0.06672265676383984,138.01888149964725
398_IM-0064-0009_anon__capsule,398_IM-0064-0009_anon,398_IM-0064-0009_anon__capsule,1,Capsule,0,#1f77b4,768,1024,"[[171, 355, 641, 596]]",0.9394950147048274,0.8858940106192296,0.9918341074313409,0.8924029071087894,0.9990735596501578,0.9457382333794736,27.202941017470888,8.556508842833782,-0.10024982966159436,138.01888149964725
399_IM-0052-0007_anon__capsule,399_IM-0052-0007_anon,399_IM-0052-0007_anon__capsule,1,Capsule,0,#1f77b4,768,1024,"[[245, 271, 693, 606]]",0.889286455604867,0.8006442886128217,0.9906844608879493,0.8067177160482757,0.9987464921040856,0.9027321040761807,67.02935379866632,18.936820266869432,-0.18569660886250738,138.01888149964725
39_IM-0013-0004_anon__capsule,39_IM-0013-0004_anon,39_IM-0013-0004_anon__capsule,1,Capsule,0,#1f77b4,480,640,"[[148, 122, 381, 315]]",0.8953569200606006,0.8105395637020782,0.9994031513608149,0.8109321021534885,0.9999456968362976,0.9054388994948931,30.43598854887514,9.119776010226072,-0.18858360507538824,139.09557524993943
3_IM-0359-0014_anon__capsule,3_IM-0359-0014_anon,3_IM-0359-0014_anon__capsule,1,Capsule,0,#1f77b4,720,960,"[[240, 295, 625, 513]]",0.9000699926463422,0.8182975158681574,0.9930790435785646,0.8229909267660401,0.9994376310605579,0.9112142789132991,38.0,11.745688718452323,-0.17127349319507454,139.09557524993943
400_IM-0160-1024_anon__capsule,400_IM-0160-1024_anon,400_IM-0160-1024_anon__capsule,1,Capsule,0,#1f77b4,970,1552,"[[359, 417, 916, 677]]",0.9180945796915378,0.8485904243180331,0.8778802568622514,0.9621700879765396,0.9888319539402662,0.975501020958403,46.002173656261874,13.777557217294117,0.09601518026565464,139.09557524993943
401_IM-0046-5120_anon__capsule,401_IM-0046-5120_anon,401_IM-0046-5120_anon__capsule,1,Capsule,0,#1f77b4,970,1552,"[[640, 454, 954, 789]]",0.9553133606502318,0.9144496776993682,0.9497312097231961,0.9609615189702355,0.9979180524421224,0.979439785706179,13.45362404707371,4.960673602876082,0.011824723808236764,139.09557524993943
401_IM-0112-0078_anon__capsule,401_IM-0112-0078_anon,401_IM-0112-0078_anon__capsule,1,Capsule,0,#1f77b4,768,1024,"[[190, 358, 805, 631]]",0.9330241187384044,0.8744566162406539,0.9928408146300914,0.8800055258795358,0.9989835539321268,0.9394945399058313,28.199258735260955,9.439431148859104,-0.11364892245349051,139.17068624959938
402_IM-0026-0001_anon__capsule,402_IM-0026-0001_anon,402_IM-0026-0001_anon__capsule,1,Capsule,0,#1f77b4,768,1024,"[[271, 291, 744, 567]]",0.9207296683552517,0.853103843734971,0.9854807692307692,0.8639629091930876,0.9980004914171204,0.930981700305104,45.61523843486251,12.582044860049068,-0.12330820025289187,139.17068624959938
402_IM-0372-0052_anon__capsule,402_IM-0372-0052_anon,402_IM-0372-0052_anon__capsule,1,Capsule,0,#1f77b4,768,1024,"[[318, 339, 663, 615]]",0.9452724454512936,0.8962242821614289,0.9330098493626883,0.9578616702912693,0.9949497224394751,0.9764056963653722,22.360679774997898,6.140589577457425,0.026636182828677114,139.17068624959938
403_IM-0149-0027_anon__capsule,403_IM-0149-0027_anon,403_IM-0149-0027_anon__capsule,1,Capsule,0,#1f77b4,768,1024,"[[394, 382, 615, 579]]",0.9787917448405253,0.9584643875481349,0.986864406779661,0.9708500818817924,0.9994235216451682,0.9851368017634803,5.0,1.9572455796669823,-0.01622748250707161,139.17068624959938
403_IM-0828-0003_anon__capsule,403_IM-0828-0003_anon,403_IM-0828-0003_anon__capsule,1,Capsule,0,#1f77b4,768,1024,"[[225, 255, 727, 605]]",0.9181664300302298,0.8487131990698774,0.9163262527233116,0.9200140131415926,0.9853121979566746,0.9526631055491336,52.40038153898028,14.001313512902215,0.004024505908589885,139.12013125036538
404_IM-0084-0022_anon__capsule,404_IM-0084-0022_anon,404_IM-0084-0022_anon__capsule,1,Capsule,0,#1f77b4,768,1024,"[[343, 354, 654, 584]]",0.9484050571626632,0.9018729726901747,0.9987022617723397,0.9029311320161747,0.9999241914544817,0.9514276617353282,22.01135777277262,5.839494315779797,-0.09589557711244735,139.12013125036538
405_IM-0115-17408_anon__capsule,405_IM-0115-17408_anon,405_IM-0115-17408_anon__capsule,1,Capsule,0,#1f77b4,970,1552,"[[411, 401, 850, 639]]",0.8948766652121461,0.8097527552288378,0.8794586549619091,0.910844915874177,0.9933115821533948,0.9520782490137859,49.0,14.453051506137342,0.03568815968230745,139.12013125036538
405_IM-0146-0002_anon__capsule,405_IM-0146-0002_anon,405_IM-0146-0002_anon__capsule,1,Capsule,0,#1f77b4,768,1024,"[[235, 203, 726, 561]]",0.9610629315140564,0.9250444138205848,0.9624533582089553,0.9596765164368578,0.9935150472683982,0.9765957818526281,22.67143987397283,6.492771515596416,-0.0028851702250432777,139.12013125036538
406_IM-0068-0078_anon__capsule,406_IM-0068-0078_anon,406_IM-0068-0078_anon__capsule,1,Capsule,0,#1f77b4,720,960,"[[319, 291, 565, 456]]",0.9437372586159847,0.8934682836387952,0.980520346897932,0.9096141349753999,0.9991136514373569,0.9543638932063784,21.14232160507304,5.074205981559056,-0.07231488071293746,141.94740499988256
406_IM-0401-1280_anon__capsule,406_IM-0401-1280_anon,406_IM-0401-1280_anon__capsule,1,Capsule,0,#1f77b4,970,1552,"[[531, 328, 1041, 648]]",0.969386662096446,0.94059200133034,0.9856841628328454,0.9536193278090148,0.9988152692540379,0.9762172985315263,17.0,5.127017994203583,-0.03253053689295017,141.94740499988256
407_IM-0055-0009_anon__capsule,407_IM-0055-0009_anon,407_IM-0055-0009_anon__capsule,1,Capsule,0,#1f77b4,768,1024,"[[513, 333, 737, 594]]",0.9325509573810995,0.8736257377618332,0.9966465990705534,0.876201309252983,0.9998291527320765,0.9380152309925298,19.1049731745428,7.060281013415476,-0.12085055016481731,141.94740499988256
407_IM-0768-0016_anon__capsule,407_IM-0768-0016_anon,407_IM-0768-0016_anon__capsule,1,Capsule,0,#1f77b4,768,1024,"[[391, 271, 765, 565]]",0.8902159696302676,0.8021524416184705,0.9918676069153776,0.8074630493408489,0.9991828956634902,0.9033229725021695,62.68768379113884,16.864315226971208,-0.18591650366323684,141.94740499988256
408_IM-0428-0006_anon__capsule,408_IM-0428-0006_anon,408_IM-0428-0006_anon__capsule,1,Capsule,0,#1f77b4,768,1024,"[[175, 280, 755, 594]]",0.961990928660508,0.9267654351219811,0.9889110269140319,0.936497626007207,0.9979333875096255,0.9672155067584163,22.135943621178654,6.535615994339529,-0.05300112899982988,138.65433025011953
408_IM-0885-0031_anon__capsule,408_IM-0885-0031_anon,408_IM-0885-0031_anon__capsule,1,Capsule,0,#1f77b4,720,960,"[[365, 229, 565, 445]]",0.9390417880282946,0.8850883827772642,0.976329532461914,0.9044974378059604,0.9988327956981055,0.9516651167520329,18.439088914585774,5.740936313959523,-0.07357361655835791,138.65433025011953
409_IM-0787-0013_anon__capsule,409_IM-0787-0013_anon,409_IM-0787-0013_anon__capsule,1,Capsule,0,#1f77b4,768,1024,"[[408, 386, 613, 532]]",0.9619216536381353,0.9266368545393182,0.9777866809116809,0.9465632406808877,0.9993461971340113,0.9729547189074494,7.615773105863909,2.8372042746922226,-0.031932773109243695,138.65433025011953
409_IM-0916-0050_anon__capsule,409_IM-0916-0050_anon,409_IM-0916-0050_anon__capsule,1,Capsule,0,#1f77b4,768,1024,"[[196, 335, 764, 578]]",0.8937238309069746,0.807866838205228,0.9783091787439614,0.8226011190884811,0.9973893793089413,0.9099952491987112,78.2201926862838,14.285168384240947,-0.15916037898713353,138.65433025011953
40_IM-0118-0002_anon__capsule,40_IM-0118-0002_anon,40_IM-0118-0002_anon__capsule,1,Capsule,0,#1f77b4,768,1024,"[[334, 244, 675, 484]]",0.8918397810672969,0.8047931750575293,0.8807739557739558,0.9031872008062485,0.9892603412787996,0.9462237710425241,49.64876634922564,14.510114949772143,0.0254472159234064,139.3482439998479
410_IM-0344-0041_anon__capsule,410_IM-0344-0041_anon,410_IM-0344-0041_anon__capsule,1,Capsule,0,#1f77b4,768,1024,"[[261, 318, 691, 556]]",0.9371123089718926,0.8816663480837236,0.9784551336444633,0.8991215779919346,0.9976929181816504,0.9484072480867924,36.22154055254967,8.71028743492707,-0.08108042251976755,139.3482439998479
411_IM-0727-0028_anon__capsule,411_IM-0727-0028_anon,411_IM-0727-0028_anon__capsule,1,Capsule,0,#1f77b4,768,1024,"[[289, 364, 720, 602]]",0.9561743426857243,0.916028779313516,0.9553853531934101,0.956964636403453,0.9955802602657992,0.9762724483346261,17.024978411037438,5.571251107222638,0.0016530326791845038,139.3482439998479
412_IM-0395-0067_anon__capsule,412_IM-0395-0067_anon,412_IM-0395-0067_anon__capsule,1,Capsule,0,#1f77b4,768,1024,"[[104, 322, 738, 574]]",0.9026037700160776,0.8224957817007457,0.9992395521072122,0.8230109381382472,0.9998979692931934,0.9114544537157203,62.704803528666204,13.287141360875761,-0.17636272863432126,139.3482439998479
413_IM-0112-0078_anon__capsule,413_IM-0112-0078_anon,413_IM-0112-0078_anon__capsule,1,Capsule,0,#1f77b4,768,1024,"[[212, 351, 803, 623]]",0.9479164612380934,0.9009897278248482,0.9990438975723313,0.9017672882818656,0.9998646716522415,0.9508159799670535,23.008691546577072,7.296225357982015,-0.09736970470151214,141.2378599998192
414_IM-0026-0001_anon__capsule,414_IM-0026-0001_anon,414_IM-0026-0001_anon__capsule,1,Capsule,0,#1f77b4,768,1024,"[[247, 290, 750, 565]]",0.9228020155821528,0.8566689029601786,0.9958867521367522,0.8597107704794054,0.9994321584174771,0.9295714644484412,45.60701700396552,12.198095759233329,-0.13673842067400807,141.2378599998192
415_IM-0116-0010_anon__capsule,415_IM-0116-0010_anon,415_IM-0116-0010_anon__capsule,1,Capsule,0,#1f77b4,768,1024,"[[229, 275, 763, 543]]",0.9513275912067115,0.9071732823612741,0.9970141614059034,0.9096445910315908,0.9995904331023668,0.9546175120669789,34.48187929913333,7.2308975985955515,-0.08763122306217955,141.2378599998192
416_IM-0467-0021_anon__capsule,416_IM-0467-0021_anon,416_IM-0467-0021_anon__capsule,1,Capsule,0,#1f77b4,768,1024,"[[263, 302, 709, 532]]",0.956098044397463,0.9158887376981741,0.995562740781508,0.9196428571428571,0.9996433942235393,0.9596431256831982,15.811388300841896,4.7833847754475824,-0.0762582613116421,141.2378599998192
417_IM-0149-0027_anon__capsule,417_IM-0149-0027_anon,417_IM-0149-0027_anon__capsule,1,Capsule,0,#1f77b4,768,1024,"[[391, 382, 623, 575]]",0.9746835443037974,0.9506172839506173,0.9834745762711864,0.9660482816030443,0.9992747039038464,0.9826614927534454,7.280109889280518,2.3450276023913346,-0.01771911047687002,140.35329350008396
418_IM-0760-0020_anon__capsule,418_IM-0760-0020_anon,418_IM-0760-0020_anon__capsule,1,Capsule,0,#1f77b4,768,1024,"[[460, 220, 751, 525]]",0.9322474867989593,0.8730932264482828,0.9986147757255937,0.8741519184686896,0.9998828709991383,0.937017394733914,27.16615541441225,9.01561600869713,-0.12463550538441551,140.35329350008396
419_IM-0885-0031_anon__capsule,419_IM-0885-0031_anon,419_IM-0885-0031_anon__capsule,1,Capsule,0,#1f77b4,720,960,"[[369, 231, 567, 450]]",0.9387106446776612,0.884500197773634,0.9673990296962393,0.911674772124989,0.9983938763299998,0.9550343242274943,15.182146081074688,5.6901354228344845,-0.05760214333556597,140.35329350008396
41_IM-0439-0032_anon__capsule,41_IM-0439-0032_anon,41_IM-0439-0032_anon__capsule,1,Capsule,0,#1f77b4,768,1024,"[[173, 269, 512, 520]]",0.9583677254811036,0.9200633936998059,0.9797481796116505,0.9379004883007497,0.9985396729031385,0.9682200806019441,14.85088189425573,4.74721216788233,-0.04271270126522536,140.35329350008396
420_IM-0078-0070_anon__capsule,420_IM-0078-0070_anon,420_IM-0078-0070_anon__capsule,1,Capsule,0,#1f77b4,720,960,"[[357, 281, 718, 451]]",0.9128267443626673,0.8396331859980694,0.9936568061568062,0.8441578342484996,0.9996764027022674,0.9219171184753835,36.01349601528144,7.8414509055410475,-0.15045332652279403,139.9177107500691
421_IM-0386-0050_anon__capsule,421_IM-0386-0050_anon,421_IM-0386-0050_anon__capsule,1,Capsule,0,#1f77b4,768,1024,"[[169, 256, 893, 569]]",0.9305021915938697,0.8700365576069712,0.9906927426955702,0.8772066067806433,0.997683593915443,0.9374451003480432,50.9587957877924,13.081292605281538,-0.11455230368009273,139.9177107500691
422_IM-0084-0022_anon__capsule,422_IM-0084-0022_anon,422_IM-0084-0022_anon__capsule,1,Capsule,0,#1f77b4,768,1024,"[[333, 357, 653, 582]]",0.9422594875050626,0.8908229158042884,0.9944778188539741,0.8952513675978119,0.9996763074672752,0.9474638375325435,21.213203435596427,6.186230356664354,-0.09977744035609543,139.9177107500691
424_IM-0818-0052_anon__capsule,424_IM-0818-0052_anon,424_IM-0818-0052_anon__capsule,1,Capsule,0,#1f77b4,720,960,"[[409, 269, 606, 434]]",0.9407982855612108,0.8882144663631766,0.8933139534883721,0.9936140974860561,0.9955946211164094,0.9946043593012328,20.615528128088304,4.9979803235375275,0.11227871635276049,139.9177107500691
425_IM-0908-0037_anon__capsule,425_IM-0908-0037_anon,425_IM-0908-0037_anon__capsule,1,Capsule,0,#1f77b4,720,960,"[[261, 230, 669, 450]]",0.9522607356542374,0.9088718615970315,0.9697322867034587,0.9354076082464,0.9971999942921741,0.966303801269287,24.0,5.758329668762333,-0.03539603551176286,138.95016649985337
426_IM-0371-0037_anon__capsule,426_IM-0371-0037_anon,426_IM-0371-0037_anon__capsule,1,Capsule,0,#1f77b4,768,1024,"[[368, 407, 773, 630]]",0.9590522355174401,0.9213259956364583,0.9959518445508307,0.9247891743479113,0.999682865352902,0.9622360198504066,20.0,4.689853801128784,-0.07145191867686475,138.95016649985337
428_IM-0633-0039_anon__capsule,428_IM-0633-0039_anon,428_IM-0633-0039_anon__capsule,1,Capsule,0,#1f77b4,768,1024,"[[179, 396, 633, 659]]",0.8724445649787558,0.7737487114878021,0.9991126360624705,0.7742808022922636,0.9999141854338356,0.8870974938630496,50.9205262278496,17.635798550580628,-0.22503151862464182,138.95016649985337
429_IM-0918-0005_anon__capsule,429_IM-0918-0005_anon,429_IM-0918-0005_anon__capsule,1,Capsule,0,#1f77b4,768,1024,"[[245, 271, 686, 627]]",0.7814816677001805,0.6413376368537842,0.9794840914183285,0.6500701718513286,0.9978419036030635,0.8239560377271961,138.6542462386205,31.679208234912327,-0.3363137007054362,138.95016649985337
42_IM-0544-0019_anon__capsule,42_IM-0544-0019_anon,42_IM-0544-0019_anon__capsule,1,Capsule,0,#1f77b4,768,1024,"[[271, 251, 710, 597]]",0.930376078977602,0.8698160733805428,0.9944900886802295,0.8740281571758773,0.9992563081788498,0.9366422326773636,38.08259552540271,11.341131061358642,-0.12112934344495598,140.22314375006317
431_IM-0702-0055_anon__capsule,431_IM-0702-0055_anon,431_IM-0702-0055_anon__capsule,1,Capsule,0,#1f77b4,768,1024,"[[289, 344, 802, 576]]",0.9231095156829283,0.8571990644604254,0.9983706720977596,0.8583999124439093,0.9998158437664554,0.9291078781051824,35.1105261768545,10.651123278156545,-0.14019919010616175,140.22314375006317
433_IM-0469-0014_anon__capsule,433_IM-0469-0014_anon,433_IM-0469-0014_anon__capsule,1,Capsule,0,#1f77b4,720,960,"[[248, 203, 713, 421]]",0.9015570430733411,0.8207590912101742,0.9986460129918278,0.8216734526067293,0.9998635918538354,0.9107685222302824,50.470273535381594,11.945424676874467,-0.1772125038129468,140.22314375006317
435_IM-0146-0256_anon__capsule,435_IM-0146-0256_anon,435_IM-0146-0256_anon__capsule,1,Capsule,0,#1f77b4,970,1552,"[[469, 585, 858, 772]]",0.9662833547928784,0.9347661753083875,0.9670304279823688,0.96553743500559,0.9987198853900623,0.9821286601978261,10.0,3.6921917708371113,-0.0015438945182871644,140.22314375006317
436_IM-0015-0032_anon__capsule,436_IM-0015-0032_anon,436_IM-0015-0032_anon__capsule,1,Capsule,0,#1f77b4,768,1024,"[[356, 409, 602, 581]]",0.8527294591893769,0.7432679815755285,0.9926261829652997,0.7473946735548231,0.9997515778790065,0.8735731257169148,41.452355707798255,13.241700327638913,-0.2470532347614382,139.422646750063
439_IM-0264-0005_anon__capsule,439_IM-0264-0005_anon,439_IM-0264-0005_anon__capsule,1,Capsule,0,#1f77b4,768,1024,"[[59, 177, 807, 507]]",0.9594173088763642,0.9220000650216197,0.9941040381379697,0.9270695764739726,0.9986724085130029,0.9628709924934877,22.20360331117452,6.711568735993414,-0.06743203839062725,139.422646750063
43_IM-0800-0003_anon__capsule,43_IM-0800-0003_anon,43_IM-0800-0003_anon__capsule,1,Capsule,0,#1f77b4,768,1024,"[[180, 252, 724, 536]]",0.910206025961653,0.8352092667468036,0.9666776930261519,0.859968149007253,0.9948948716190635,0.9274315103131583,44.28317965096906,14.572484356811112,-0.11038792431927158,139.422646750063
440_IM-0404-0047_anon__capsule,440_IM-0404-0047_anon,440_IM-0404-0047_anon__capsule,1,Capsule,0,#1f77b4,768,1024,"[[240, 357, 736, 561]]",0.9621982231909905,0.9271502946829772,0.9756215173596228,0.9491392903217399,0.9974355108476483,0.9732874005846941,21.348241651191287,4.823516033337213,-0.027143955485476746,139.422646750063
441_IM-0050-0005_anon__capsule,441_IM-0050-0005_anon,441_IM-0050-0005_anon__capsule,1,Capsule,0,#1f77b4,768,1024,"[[306, 269, 618, 586]]",0.9645155383488543,0.9314630726673319,0.9772980279898219,0.9520631067961165,0.9975838392272799,0.9748234730116982,11.704699910719626,5.071093001681458,-0.0258211113406321,140.06828350011347
443_IM-0008-0005_anon__capsule,443_IM-0008-0005_anon,443_IM-0008-0005_anon__capsule,1,Capsule,0,#1f77b4,768,1024,"[[209, 281, 742, 559]]",0.9679914461860455,0.9379684331187726,0.9984138008710016,0.9393682500154538,0.9997489568339446,0.9695586034246992,16.64331697709324,4.951691498870012,-0.05913935765314683,140.06828350011347
444_IM-0201-0018_anon__capsule,444_IM-0201-0018_anon,444_IM-0201-0018_anon__capsule,1,Capsule,0,#1f77b4,768,1024,"[[115, 233, 678, 552]]",0.8195282935844407,0.6942379805721016,0.9896594966842374,0.6993106244931062,0.9985105653422485,0.8489105949176774,79.0,30.292131448699227,-0.29338259589678894,140.06828350011347
446_IM-0028-0001_anon__capsule,446_IM-0028-0001_anon,446_IM-0028-0001_anon__capsule,1,Capsule,0,#1f77b4,768,1024,"[[119, 296, 795, 603]]",0.9453887235262679,0.8964333538015373,0.9691739186076274,0.9227430225031413,0.9941170813763037,0.9584300519397225,35.024973073336206,8.739697843947297,-0.047907702851920954,140.06828350011347
447_IM-0088-8704_anon__capsule,447_IM-0088-8704_anon,447_IM-0088-8704_anon__capsule,1,Capsule,0,#1f77b4,970,1552,"[[387, 320, 1009, 718]]",0.9708837595066256,0.9434150597421034,0.9629084597388876,0.9789922736375285,0.996425732688438,0.9877090031629833,12.039514849852674,4.5107359570385945,0.016703367527794187,138.34849875001964
448_IM-0076-0006_anon__capsule,448_IM-0076-0006_anon,448_IM-0076-0006_anon__capsule,1,Capsule,0,#1f77b4,768,1024,"[[336, 258, 683, 534]]",0.8826081734378284,0.7898824319785018,0.9784786950732357,0.8038478367882732,0.9981872984718912,0.9010175676300822,49.046909084565435,16.075064191902964,-0.17847180440846688,138.34849875001964
449_IM-0051-2816_anon__capsule,449_IM-0051-2816_anon,449_IM-0051-2816_anon__capsule,1,Capsule,0,#1f77b4,970,1552,"[[416, 287, 952, 583]]",0.9587020648967551,0.9206798866855525,0.9408659372472221,0.9772275038691134,0.9950120837567735,0.9861197938129435,17.4928556845359,6.572921640924532,0.03864691576387354,138.34849875001964
44_IM-0001-0012_anon__capsule,44_IM-0001-0012_anon,44_IM-0001-0012_anon__capsule,1,Capsule,0,#1f77b4,720,960,"[[439, 237, 667, 429]]",0.9341699773512049,0.8764718177384518,0.9619207829943417,0.9079754601226994,0.9984988470059835,0.9532371535643414,16.99116882454314,5.217857076496739,-0.05608083724287261,138.34849875001964
450_IM-0037-0018_anon__capsule,450_IM-0037-0018_anon,450_IM-0037-0018_anon__capsule,1,Capsule,0,#1f77b4,768,1024,"[[328, 316, 623, 602]]",0.9557175884759025,0.9151907356948229,0.9459998658798283,0.9656370326003252,0.9955755312178485,0.9806062819090868,16.492422502470642,5.4214146535369485,0.020758107298707966,139.8026852498333
451_IM-0031-0076_anon__capsule,451_IM-0031-0076_anon,451_IM-0031-0076_anon__capsule,1,Capsule,0,#1f77b4,720,960,"[[346, 341, 541, 485]]",0.9678365339135371,0.9376775730913757,0.9518094706484325,0.9844125853940152,0.9984546862088203,0.9914336358014177,6.708203932499369,2.2591295983404462,0.034253824689694984,139.8026852498333
453_IM-0187-0044_anon__capsule,453_IM-0187-0044_anon,453_IM-0187-0044_anon__capsule,1,Capsule,0,#1f77b4,768,1024,"[[193, 315, 777, 609]]",0.8899092623891738,0.8016545244801031,0.9987569919204475,0.8024551365409623,0.9998609314406489,0.9011580339908056,60.083785588543776,14.834196558656696,-0.19654616384915474,139.8026852498333
455_IM-0048-0045_anon__capsule,455_IM-0048-0045_anon,455_IM-0048-0045_anon__capsule,1,Capsule,0,#1f77b4,768,1024,"[[273, 293, 742, 622]]",0.9451767219856861,0.8960522029481228,0.9834309081158384,0.9097871812628554,0.9978497367631216,0.9538184590129886,36.521193514871655,8.125525659058102,-0.07488449493018015,139.8026852498333
456_IM-0090-0054_anon__capsule,456_IM-0090-0054_anon,456_IM-0090-0054_anon__capsule,1,Capsule,0,#1f77b4,720,960,"[[238, 227, 605, 487]]",0.9436493578606101,0.8933107248834252,0.9989381672007432,0.8941597786792036,0.9999114317842858,0.9470356052317447,20.0,6.306219661176314,-0.10488976391316893,139.80172824994952
457_IM-0068-0078_anon__capsule,457_IM-0068-0078_anon,457_IM-0068-0078_anon__capsule,1,Capsule,0,#1f77b4,720,960,"[[316, 290, 573, 456]]",0.9389231480153608,0.8848776092506382,0.9827218145430286,0.8988620068950789,0.9992132717113467,0.9490376393032127,24.149482752470206,5.555292279499681,-0.08533422826982336,139.80172824994952
45_IM-0050-0062_anon__capsule,45_IM-0050-0062_anon,45_IM-0050-0062_anon__capsule,1,Capsule,0,#1f77b4,768,1024,"[[425, 367, 665, 555]]",0.9655630040494096,0.933418862462581,0.9744162087912088,0.9568692250623861,0.9990155633488289,0.9779423942056076,7.280109889280518,2.8129488641318225,-0.01800768867606394,139.80172824994952
461_IM-0399-0008_anon__capsule,461_IM-0399-0008_anon,461_IM-0399-0008_anon__capsule,1,Capsule,0,#1f77b4,768,1024,"[[273, 244, 572, 548]]",0.932551195740965,0.8736261561399111,0.8765754077525948,0.9961635674309443,0.9870507414259602,0.9916071544284522,36.41423405617167,9.090677558857498,0.13642655112234459,139.80172824994952
462_IM-0737-0037_anon__capsule,462_IM-0737-0037_anon,462_IM-0737-0037_anon__capsule,1,Capsule,0,#1f77b4,768,1024,"[[371, 419, 661, 634]]",0.9536029946968909,0.9113204547261309,0.9417926388432468,0.9657133229434312,0.996164828472833,0.9809390757081321,21.171840321542806,5.1097908951438855,0.025399098605787457,139.4626935002634
466_IM-0906-5376_anon__capsule,466_IM-0906-5376_anon,466_IM-0906-5376_anon__capsule,1,Capsule,0,#1f77b4,970,1552,"[[401, 474, 937, 786]]",0.9648376369327074,0.9320640619832758,0.9703423175290183,0.9593950593269792,0.9978504512982846,0.9786227553126319,17.72004514666935,5.016979931148614,-0.011281851779809376,139.4626935002634
468_IM-0748-0011_anon__capsule,468_IM-0748-0011_anon,468_IM-0748-0011_anon__capsule,1,Capsule,0,#1f77b4,768,1024,"[[341, 245, 699, 663]]",0.9388616006934412,0.8847682840494473,0.9983000163853842,0.8861033341817256,0.9997545903432778,0.9429289622625017,34.0,10.208482457223798,-0.11238773951932517,139.4626935002634
469_IM-0173-0004_anon__capsule,469_IM-0173-0004_anon,469_IM-0173-0004_anon__capsule,1,Capsule,0,#1f77b4,768,1024,"[[220, 280, 777, 594]]",0.9512955996781316,0.9071151025838738,0.9921533933059928,0.9136698316493189,0.9985513639923126,0.9561105978208158,29.76731408957299,8.586204030575594,-0.07910426168594337,139.4626935002634
46_IM-0102-0045_anon__capsule,46_IM-0102-0045_anon,46_IM-0102-0045_anon__capsule,1,Capsule,0,#1f77b4,768,1024,"[[214, 188, 767, 501]]",0.9530381369215081,0.9102892574512598,0.999808512055415,0.9104479875057808,0.9999648603351102,0.9552064239204455,23.0,8.175901181146013,-0.08937763929007361,141.98598275015684
472_IM-0155-0010_anon__capsule,472_IM-0155-0010_anon,472_IM-0155-0010_anon__capsule,1,Capsule,0,#1f77b4,768,1024,"[[219, 295, 752, 583]]",0.8920340286931524,0.8051095898198001,0.9981274162371134,0.8063275181977146,0.999719658707084,0.9030235884523994,99.39049280470316,20.307084222413877,-0.19215973323573665,141.98598275015684
473_IM-0626-0025_anon__capsule,473_IM-0626-0025_anon,473_IM-0626-0025_anon__capsule,1,Capsule,0,#1f77b4,768,1024,"[[493, 311, 689, 527]]",0.9574434424932764,0.918361153262519,0.9409203980099502,0.9745571658615136,0.998004180716184,0.9862806732888488,8.0,3.19264040079687,0.035748792270531404,141.98598275015684
476_IM-0205-0033_anon__capsule,476_IM-0205-0033_anon,476_IM-0205-0033_anon__capsule,1,Capsule,0,#1f77b4,768,1024,"[[287, 415, 520, 554]]",0.9323749871650067,0.8733169192890667,0.8768927688504327,0.995352304117157,0.9958264855131773,0.9955893948151672,11.40175425099138,5.089530684203271,0.13509010391546455,141.98598275015684
477_IM-0244-0029_anon__capsule,477_IM-0244-0029_anon,477_IM-0244-0029_anon__capsule,1,Capsule,0,#1f77b4,720,960,"[[218, 294, 526, 451]]",0.9416485537535529,0.8897314375987362,0.9598800149981253,0.924096741377613,0.9982186288739525,0.9611576851257828,19.389322272356143,4.600560166046296,-0.03727890263511961,138.96679700019376
478_IM-0337-0008-0001_anon__capsule,478_IM-0337-0008-0001_anon,478_IM-0337-0008-0001_anon__capsule,1,Capsule,0,#1f77b4,768,1024,"[[269, 368, 661, 624]]",0.9208614655165509,0.85333016669388,1.0,0.85333016669388,1.0,0.92666508334694,20.615528128088304,9.598920269861479,-0.14666983330612002,138.96679700019376
479_IM-0920-1793_anon__capsule,479_IM-0920-1793_anon,479_IM-0920-1793_anon__capsule,1,Capsule,0,#1f77b4,873,1164,"[[495, 327, 667, 496]]",0.8783066806157525,0.7830185536790913,0.7881642917015926,0.9917310045141965,0.993634058091487,0.9926825313028418,45.5411901469428,10.567430063490995,0.2582795426739231,138.96679700019376
47_IM-0070-0003_anon__capsule,47_IM-0070-0003_anon,47_IM-0070-0003_anon__capsule,1,Capsule,0,#1f77b4,480,640,"[[181, 182, 441, 363]]",0.9288789903489235,0.8672026614915442,0.9605404575464456,0.8992381773753054,0.9952829322908063,0.9472605548330559,18.681541692269406,6.6649697422943595,-0.06382061233290211,138.96679700019376
481_IM-0032-0008_anon__capsule,481_IM-0032-0008_anon,481_IM-0032-0008_anon__capsule,1,Capsule,0,#1f77b4,768,1024,"[[147, 262, 757, 587]]",0.9103958638929286,0.8355290088614966,0.8866862457170828,0.9354082890651726,0.9706732329910294,0.953040761028101,56.06246090453892,18.057893196496927,0.05494845959710057,139.82041425015268
482_IM-0155-0028_anon__capsule,482_IM-0155-0028_anon,482_IM-0155-0028_anon__capsule,1,Capsule,0,#1f77b4,768,1024,"[[239, 364, 696, 608]]",0.9290110605567374,0.8674329176916334,0.9989092211513415,0.868255338418215,0.9999063938583195,0.9340808661382672,25.47738559140198,8.404604648726538,-0.13079655284644884,139.82041425015268
483_IM-0331-0012_anon__capsule,483_IM-0331-0012_anon,483_IM-0331-0012_anon__capsule,1,Capsule,0,#1f77b4,768,1024,"[[121, 310, 564, 534]]",0.9459833085863499,0.8975031574856699,0.9930282555282556,0.9031942679162535,0.9993648884008197,0.9512795781585366,20.248456731316587,6.576094019074895,-0.09046468427448077,139.82041425015268
485_IM-0391-1024_anon__capsule,485_IM-0391-1024_anon,485_IM-0391-1024_anon__capsule,1,Capsule,0,#1f77b4,970,1552,"[[549, 298, 908, 571]]",0.9718584199433098,0.9452573836083188,0.9819065662128622,0.9620138419257831,0.9991420260303174,0.9805779339780503,8.209420550647959,3.5962886923558792,-0.02025928430624901,139.82041425015268
486_IM-0743-0057_anon__capsule,486_IM-0743-0057_anon,486_IM-0743-0057_anon__capsule,1,Capsule,0,#1f77b4,768,1024,"[[389, 359, 716, 665]]",0.9264163268188479,0.8629195375836608,0.9341177727143264,0.9188408334792506,0.9949254238868428,0.9568831286830467,29.08177266990347,8.413544737072069,-0.016354403782174752,139.2314995000561
488_IM-0299-0003_anon__capsule,488_IM-0299-0003_anon,488_IM-0299-0003_anon__capsule,1,Capsule,0,#1f77b4,768,1024,"[[329, 254, 698, 560]]",0.9523516492843729,0.9090375111399174,0.9340867465867466,0.9713450925224543,0.9908734881603177,0.981109290341386,27.199262457165027,7.754955317688794,0.039887458067308736,139.2314995000561
489_IM-0243-0512_anon__capsule,489_IM-0243-0512_anon,489_IM-0243-0512_anon__capsule,1,Capsule,0,#1f77b4,970,1552,"[[282, 268, 1060, 748]]",0.8700947368199791,0.7700599025188823,0.9037434556116901,0.8388617332587567,0.9824868874104841,0.9106743103346204,82.60750571225353,30.708095696477407,-0.07179219052714347,139.2314995000561
48_IM-0751-0006_anon__capsule,48_IM-0751-0006_anon,48_IM-0751-0006_anon__capsule,1,Capsule,0,#1f77b4,720,960,"[[315, 230, 537, 496]]",0.9299270707978716,0.8690314888081947,0.98178422728386,0.8832731980058942,0.9990914546345739,0.9411823263202341,20.21256099534886,6.385884175807413,-0.10033877764618393,139.2314995000561
490_IM-0290-0001_anon__capsule,490_IM-0290-0001_anon,490_IM-0290-0001_anon__capsule,1,Capsule,0,#1f77b4,768,1024,"[[161, 287, 725, 549]]",0.945574386143072,0.8967672766259017,0.9933574879227053,0.9021772910915705,0.9990251539813597,0.9506012225364651,28.0178514522438,8.331956279535788,-0.0917899124330451,140.28626774961594
492_IM-0010-0023_anon__capsule,492_IM-0010-0023_anon,492_IM-0010-0023_anon__capsule,1,Capsule,0,#1f77b4,768,1024,"[[495, 252, 842, 537]]",0.9488980771546707,0.9027650473571647,0.9745217678100264,0.9245873425643433,0.9983190534475724,0.9614531980059579,15.0,5.1961660240697505,-0.051239928029414065,140.28626774961594
493_IM-0137-0005_anon__capsule,493_IM-0137-0005_anon,493_IM-0137-0005_anon__capsule,1,Capsule,0,#1f77b4,768,1024,"[[285, 265, 687, 562]]",0.9574431087049767,0.918360539073967,0.9523754612546126,0.9625649751754038,0.9941053052252973,0.9783351402003506,15.43638615090031,6.240475037798107,0.010699051304165404,140.28626774961594
494_IM-0176-0012_anon__capsule,494_IM-0176-0012_anon,494_IM-0176-0012_anon__capsule,1,Capsule,0,#1f77b4,768,1024,"[[335, 227, 673, 471]]",0.9253605465126086,0.8610893109401978,0.9170009725261367,0.9338739380058497,0.992432943158408,0.9631534405821289,44.070890834127155,9.963777565474627,0.018400160943375786,140.28626774961594
497_IM-0134-1024_anon__capsule,497_IM-0134-1024_anon,497_IM-0134-1024_anon__capsule,1,Capsule,0,#1f77b4,970,1552,"[[521, 362, 866, 647]]",0.932249586887725,0.8730969105133916,0.8918496394987984,0.9764833620744715,0.9935045597710129,0.9849939609227423,33.82672983120552,10.290237520146832,0.09489685124864278,139.32713450003575
498_IM-0453-0017_anon__capsule,498_IM-0453-0017_anon,498_IM-0453-0017_anon__capsule,1,Capsule,0,#1f77b4,768,1024,"[[286, 308, 743, 597]]",0.9171529582144227,0.846982928172449,0.9961139896373057,0.8497908280053674,0.9996452792581269,0.9247180536317472,56.26514885903601,11.071691588515048,-0.1468939932117768,139.32713450003575
499_IM-0265-0002_anon__capsule,499_IM-0265-0002_anon,499_IM-0265-0002_anon__capsule,1,Capsule,0,#1f77b4,768,1024,"[[198, 181, 807, 573]]",0.9719285801565848,0.945390136713088,0.9709591749237805,0.9728999230314855,0.992119011491021,0.9825094672612533,22.47220505424423,5.674280141124067,0.001998794756594531,139.32713450003575
49_IM-0301-0017_anon__capsule,49_IM-0301-0017_anon,49_IM-0301-0017_anon__capsule,1,Capsule,0,#1f77b4,768,1024,"[[331, 224, 665, 551]]",0.7449154948519853,0.5935181988117492,0.9995388193776067,0.5936807755520092,0.9999672582018204,0.7968240168769147,92.91286228497285,35.708227089076225,-0.40604530405163997,139.32713450003575
500_IM-0115-17408_anon__capsule,500_IM-0115-17408_anon,500_IM-0115-17408_anon__capsule,1,Capsule,0,#1f77b4,970,1552,"[[422, 397, 818, 633]]",0.9167822192735113,0.846350785212044,0.8714368598960698,0.9671057236040929,0.9928919057823611,0.979998814693227,43.01162633521314,11.499865347942658,0.10978289777578701,139.60040674965057
502_IM-0804-0512_anon__capsule,502_IM-0804-0512_anon,502_IM-0804-0512_anon__capsule,1,Capsule,0,#1f77b4,970,1552,"[[529, 431, 905, 746]]",0.8447079041118374,0.7311639256585105,0.794836388742528,0.9012566955088587,0.9839643273026782,0.9426105114057685,72.48861092931637,25.157972759530384,0.1338895756077462,139.60040674965057
503_IM-0692-0036_anon__capsule,503_IM-0692-0036_anon,503_IM-0692-0036_anon__capsule,1,Capsule,0,#1f77b4,720,960,"[[323, 247, 525, 368]]",0.9706638354939652,0.9429998371423919,0.9641984902309059,0.9772164716471647,0.9990422081779087,0.9881293399125367,4.098484500494123,1.892057576925101,0.013501350135013501,139.60040674965057
504_IM-0338-0035_anon__capsule,504_IM-0338-0035_anon,504_IM-0338-0035_anon__capsule,1,Capsule,0,#1f77b4,768,1024,"[[184, 388, 621, 601]]",0.951573831941862,0.9076212144764919,0.9916316699604744,0.9146266786289002,0.9992432397715199,0.9569349592002101,22.15285854367762,5.795044819586721,-0.0776548325999345,139.60040674965057
508_IM-0778-0026_anon__capsule,508_IM-0778-0026_anon,508_IM-0778-0026_anon__capsule,1,Capsule,0,#1f77b4,768,1024,"[[446, 330, 758, 546]]",0.9503740193395366,0.9054406396662611,0.9852734543882404,0.9178623571464533,0.9992701277343425,0.9585662424403979,17.46424919657298,4.6903051175642885,-0.06841866787494336,138.86885374995472
50_IM-0648-0012_anon__capsule,50_IM-0648-0012_anon,50_IM-0648-0012_anon__capsule,1,Capsule,0,#1f77b4,768,1024,"[[458, 293, 787, 650]]",0.9451133823059725,0.8959383562680715,0.9978250606959805,0.8976914209440602,0.9998209586622697,0.9487561898031649,14.532616843220014,6.394762393300975,-0.10035189904137848,138.86885374995472
510_IM-0185-0057_anon__capsule,510_IM-0185-0057_anon,510_IM-0185-0057_anon__capsule,1,Capsule,0,#1f77b4,768,1024,"[[217, 313, 696, 521]]",0.9341506901456418,0.8764378618149011,0.9399188346592131,0.9284529103338421,0.9937125314830466,0.9610827209084444,31.32091952673165,8.42809030079718,-0.012198845158292958,138.86885374995472
512_IM-0802-0256_anon__capsule,512_IM-0802-0256_anon,512_IM-0802-0256_anon__capsule,1,Capsule,0,#1f77b4,970,1552,"[[423, 393, 834, 639]]",0.9225966145940512,0.8563149393172095,0.8567637809032934,0.999388589552524,0.9908075571873382,0.9950980733699311,46.57252408878007,11.348788525454063,0.16646923204300254,138.86885374995472
518_IM-0214-0049_anon__capsule,518_IM-0214-0049_anon,518_IM-0214-0049_anon__capsule,1,Capsule,0,#1f77b4,768,1024,"[[254, 256, 701, 531]]",0.9212459840759882,0.853990780545916,0.8960869565217391,0.947858580051739,0.9863322548777123,0.9670954174647256,33.06957700162795,11.373402075491843,0.0577752227651624,139.01478249999855
51_IM-0419-1280_anon__capsule,51_IM-0419-1280_anon,51_IM-0419-1280_anon__capsule,1,Capsule,0,#1f77b4,970,1552,"[[303, 273, 945, 552]]",0.969732158835577,0.9412427721121258,0.9787114486168863,0.9609161340153372,0.9980762520864178,0.9794961930508774,17.11724276862369,4.755187897889981,-0.018182391374595094,139.01478249999855
520_IM-0082-0016_anon__capsule,520_IM-0082-0016_anon,520_IM-0082-0016_anon__capsule,1,Capsule,0,#1f77b4,768,1024,"[[230, 291, 753, 563]]",0.972775133419876,0.9469933653947414,0.9973750369713102,0.9493595157657657,0.9995778633942162,0.974468689579991,11.661903789690601,4.358951352827693,-0.04814189189189189,139.01478249999855
524_IM-0105-0055_anon__capsule,524_IM-0105-0055_anon,524_IM-0105-0055_anon__capsule,1,Capsule,0,#1f77b4,768,1024,"[[239, 241, 716, 548]]",0.8577815344421703,0.7509785214540828,0.9920663133402275,0.755515904756045,0.9993037110358256,0.8774098078959354,128.53697707808047,22.4117431372814,-0.23844213375992124,139.01478249999855
525_IM-0550-0042_anon__capsule,525_IM-0550-0042_anon,525_IM-0550-0042_anon__capsule,1,Capsule,0,#1f77b4,768,1024,"[[126, 294, 785, 541]]",0.9418374797428455,0.8900688332015012,0.9999810921191953,0.8900838129859638,0.9999970041761784,0.9450404085810711,31.016124838541646,8.601026169875652,-0.10989935709717594,138.76769074977346
526_IM-0313-0002_anon__capsule,526_IM-0313-0002_anon,526_IM-0313-0002_anon__capsule,1,Capsule,0,#1f77b4,1080,1920,"[[791, 428, 1276, 873]]",0.9207235957473511,0.8530934171445278,0.9012783343044275,0.9410264303619332,0.9927404259624627,0.966883428162198,48.05205510693585,14.553679693723117,0.044101910081064837,138.76769074977346
527_IM-0460-0016_anon__capsule,527_IM-0460-0016_anon,527_IM-0460-0016_anon__capsule,1,Capsule,0,#1f77b4,768,1024,"[[372, 324, 705, 586]]",0.9465629097936366,0.8985471639395279,0.979345187089403,0.9159042340056097,0.998407511809463,0.9571558729075363,17.719977963406812,6.262318104723943,-0.06477895018031254,138.76769074977346
531_IM-0208-0018_anon__capsule,531_IM-0208-0018_anon,531_IM-0208-0018_anon__capsule,1,Capsule,0,#1f77b4,768,1024,"[[251, 256, 735, 565]]",0.97351623767256,0.9483990623146518,0.993549786965441,0.9542746175342206,0.9990394599826398,0.9766570387584301,10.0,4.064591039771268,-0.039530147302609765,138.76769074977346
534_IM-0025-0001_anon__capsule,534_IM-0025-0001_anon,534_IM-0025-0001_anon__capsule,1,Capsule,0,#1f77b4,768,1024,"[[204, 258, 651, 662]]",0.9276099113635862,0.8649929920026384,0.9647178902456967,0.8932509173882319,0.9942643939495859,0.9437576556689089,36.644225504763625,12.15335985053558,-0.07408069610823052,139.53093649979564
535_IM-0334-0035_anon__capsule,535_IM-0334-0035_anon,535_IM-0334-0035_anon__capsule,1,Capsule,0,#1f77b4,768,1024,"[[295, 273, 599, 545]]",0.9608668588651553,0.9246811797531409,0.962253937007874,0.9594837738811829,0.996827502150846,0.9781556380160145,15.0,4.982444769178059,-0.0028788275320596702,139.53093649979564
536_IM-0043-0006_anon__capsule,536_IM-0043-0006_anon,536_IM-0043-0006_anon__capsule,1,Capsule,0,#1f77b4,768,1024,"[[239, 235, 736, 592]]",0.8629575939639513,0.758949349103337,0.9998684636554962,0.7590251321125722,0.9999801901743265,0.8795026611434493,84.08477671406877,24.731141339505847,-0.240875015361927,139.53093649979564
537_IM-0674-0034_anon__capsule,537_IM-0674-0034_anon,537_IM-0674-0034_anon__capsule,1,Capsule,0,#1f77b4,768,1024,"[[273, 331, 769, 597]]",0.9386237953128176,0.8843459945377771,0.9800638849177984,0.9005459658052996,0.9974092512228044,0.948977608514052,21.927143072880305,8.904941546110663,-0.0811354446747809,139.53093649979564
538_IM-0064-0037_anon__capsule,538_IM-0064-0037_anon,538_IM-0064-0037_anon__capsule,1,Capsule,0,#1f77b4,768,1024,"[[168, 287, 655, 581]]",0.9523233982633185,0.9089860331754085,0.9849150485436893,0.9218196274420718,0.9982201972531186,0.9600199123475952,22.135943621178654,6.476803218149837,-0.06406179009541117,139.30651974987995
53_IM-0054-0020_anon__capsule,53_IM-0054-0020_anon,53_IM-0054-0020_anon__capsule,1,Capsule,0,#1f77b4,768,1024,"[[336, 351, 580, 559]]",0.9289514621488424,0.8673290045403506,0.9090002046663938,0.9497981769092999,0.9952511471610351,0.9725246620351675,21.840329667841555,7.078920285273087,0.04488224758747895,139.30651974987995
540_IM-0374-0065_anon__capsule,540_IM-0374-0065_anon,540_IM-0374-0065_anon__capsule,1,Capsule,0,#1f77b4,768,1024,"[[323, 219, 755, 499]]",0.9759871836710475,0.9531005550984459,0.9892705927636644,0.9630557734868089,0.9987275919963825,0.9808916827415957,8.602325267042627,3.3624239486098584,-0.02649913933418424,139.30651974987995
541_IM-0038-10496_anon__capsule,541_IM-0038-10496_anon,541_IM-0038-10496_anon__capsule,1,Capsule,0,#1f77b4,970,1552,"[[382, 446, 945, 705]]",0.9681130736993961,0.938196859582433,0.961925746914019,0.9743805123897522,0.9977399699740878,0.9860602411819199,10.0,3.7177170985731554,0.012947741045179097,139.30651974987995
543_IM-0660-0037_anon__capsule,543_IM-0660-0037_anon,543_IM-0660-0037_anon__capsule,1,Capsule,0,#1f77b4,768,1024,"[[386, 384, 729, 691]]",0.9364298820445609,0.880458999585954,0.9806746310611384,0.8960051365396577,0.998805310395293,0.9474052234674754,19.209372712298546,6.096160633415476,-0.08633800838700616,140.09919350019118
546_IM-0117-6400_anon__capsule,546_IM-0117-6400_anon,546_IM-0117-6400_anon__capsule,1,Capsule,0,#1f77b4,970,1552,"[[512, 480, 831, 681]]",0.9737670735174868,0.9488752975946145,0.9843929651237066,0.9633681315246608,0.9994970664496665,0.9814325989871637,9.0,2.8001189989252278,-0.021358171323789876,140.09919350019118
547_IM-0100-0036_anon__capsule,547_IM-0100-0036_anon,547_IM-0100-0036_anon__capsule,1,Capsule,0,#1f77b4,768,1024,"[[369, 199, 799, 561]]",0.9307039809089923,0.8703894565138002,0.933470268764796,0.9279540400937887,0.9886055514397342,0.9582797957667615,43.27411387489868,12.960571905051918,-0.005909378001193988,140.09919350019118
548_IM-0020-0071_anon__capsule,548_IM-0020-0071_anon,548_IM-0020-0071_anon__capsule,1,Capsule,0,#1f77b4,768,1024,"[[310, 371, 546, 671]]",0.9397880539499036,0.886415265788278,0.9889148448519041,0.8953112529928172,0.9993168656765067,0.947314059334662,20.591260281974,6.698734704087244,-0.09465283320031924,140.09919350019118
549_IM-0297-0046_anon__capsule,549_IM-0297-0046_anon,549_IM-0297-0046_anon__capsule,1,Capsule,0,#1f77b4,768,1024,"[[287, 264, 643, 597]]",0.8835485047839852,0.7913899605759703,0.9949639525021204,0.794572740935165,0.9994508241972639,0.8970117825662145,60.77826555286905,18.580758232777693,-0.20140549922739875,139.94605625020995
54_IM-0039-0007_anon__capsule,54_IM-0039-0007_anon,54_IM-0039-0007_anon__capsule,1,Capsule,0,#1f77b4,768,1024,"[[301, 313, 748, 641]]",0.8327744306237355,0.7134648627246477,0.9988102963443651,0.7140716971284421,0.9998711508135801,0.8569714239710111,92.92846446417808,25.663339287897486,-0.28507775726588247,139.94605625020995
550_IM-0267-0014_anon__capsule,550_IM-0267-0014_anon,550_IM-0267-0014_anon__capsule,1,Capsule,0,#1f77b4,768,1024,"[[241, 155, 723, 450]]",0.9651126541023097,0.9325775002738526,0.9982997185741088,0.9340611114158758,0.9997430057690774,0.9669020585924766,17.0,5.723274093539457,-0.06434801689615448,139.94605625020995
555_IM-0347-0008_anon__capsule,555_IM-0347-0008_anon,555_IM-0347-0008_anon__capsule,1,Capsule,0,#1f77b4,768,1024,"[[188, 257, 544, 596]]",0.9741478905537914,0.9495987594933843,0.9970764403879064,0.9522501560637875,0.9996477295020814,0.9759489427829344,9.848857801796104,4.011904809462166,-0.044957720901197436,139.94605625020995
557_IM-0452-0018_anon__capsule,557_IM-0452-0018_anon,557_IM-0452-0018_anon__capsule,1,Capsule,0,#1f77b4,768,1024,"[[343, 232, 706, 583]]",0.9331935092173529,0.8747542476356036,0.99766333081571,0.8765501223507942,0.9997130384876258,0.9381315804192101,42.460562458185706,10.72297482151595,-0.12139687279664883,139.5123750003222
558_IM-0123-0005_anon__capsule,558_IM-0123-0005_anon,558_IM-0123-0005_anon__capsule,1,Capsule,0,#1f77b4,768,1024,"[[237, 255, 783, 536]]",0.8955728489407246,0.8108935461082833,0.9765924956369982,0.8269664166697455,0.9968355736960381,0.9119009951828918,50.94211429890558,15.844556594087171,-0.153212398862083,139.5123750003222
55_IM-0311-0003_anon__capsule,55_IM-0311-0003_anon,55_IM-0311-0003_anon__capsule,1,Capsule,0,#1f77b4,768,1024,"[[229, 275, 746, 526]]",0.9629408762185846,0.9285303548629182,0.9859869183639676,0.9409475649142214,0.9980238855896891,0.9694857252519553,21.945383919844613,5.628119969017176,-0.04567946350087408,139.5123750003222
564_IM-0096-0002_anon__capsule,564_IM-0096-0002_anon,564_IM-0096-0002_anon__capsule,1,Capsule,0,#1f77b4,480,640,"[[113, 156, 488, 313]]",0.9425805103438668,0.8913969522638444,0.9749513677081583,0.9122901638239062,0.996029706776906,0.9541599353004061,21.0226062395472,5.478096410891187,-0.06427110721589249,139.5123750003222
567_IM-0688-0060_anon__capsule,567_IM-0688-0060_anon,567_IM-0688-0060_anon__capsule,1,Capsule,0,#1f77b4,768,1024,"[[202, 357, 741, 603]]",0.9704826118540194,0.9426578152329464,0.995027693856999,0.9471193210184723,0.9993093218239733,0.9732143214212228,17.122790320451134,4.270980049735279,-0.04814777833250125,140.63242275005905
569_IM-0666-0015_anon__capsule,569_IM-0666-0015_anon,569_IM-0666-0015_anon__capsule,1,Capsule,0,#1f77b4,768,1024,"[[491, 363, 745, 594]]",0.9481813158006603,0.901468408999057,0.9293888888888889,0.9677493998206693,0.9966190469223618,0.9821842233715156,13.416407864998739,4.617321976272293,0.04127498336852457,140.63242275005905
56_IM-0275-0001_anon__capsule,56_IM-0275-0001_anon,56_IM-0275-0001_anon__capsule,1,Capsule,0,#1f77b4,768,1024,"[[192, 212, 728, 601]]",0.9454208501275535,0.8964911265711104,0.9975296124629844,0.8984859137065035,0.9995265713743772,0.9490062425404404,25.035966472749504,9.6756215830641,-0.0992889810177501,140.63242275005905
572_IM-0007-0003_anon__capsule,572_IM-0007-0003_anon,572_IM-0007-0003_anon__capsule,1,Capsule,0,#1f77b4,768,1024,"[[211, 271, 762, 586]]",0.648039528012543,0.47933319164271787,0.9334868989346387,0.496283043598894,0.9945799378511272,0.7454314907250106,234.41732962941194,52.35314889746762,-0.46835564145004355,140.63242275005905
573_IM-0121-4864_anon__capsule,573_IM-0121-4864_anon,573_IM-0121-4864_anon__capsule,1,Capsule,0,#1f77b4,970,1552,"[[478, 440, 1008, 766]]",0.9698862391677577,0.9415331355093967,0.9466738272120615,0.9942655998663018,0.9961963592305324,0.9952309795484171,13.412670674955105,4.094592535162606,0.050272619022749584,139.18678350000846
575_IM-0780-0024_anon__capsule,575_IM-0780-0024_anon,575_IM-0780-0024_anon__capsule,1,Capsule,0,#1f77b4,768,1024,"[[255, 361, 772, 609]]",0.9550792253039659,0.9140207070548454,0.9974182050813379,0.916188337513248,0.9996730016566951,0.9579306695849716,18.681541692269406,6.440995320167792,-0.0814401292800403,139.18678350000846
576_IM-0216-0007_anon__capsule,576_IM-0216-0007_anon,576_IM-0216-0007_anon__capsule,1,Capsule,0,#1f77b4,768,1024,"[[219, 457, 725, 667]]",0.8787503951401201,0.7837241514568343,0.9982669248063952,0.7847919479563029,0.9998425447045373,0.8923172463304201,45.70557952810576,15.222125270137127,-0.21384558733276052,139.18678350000846
577_IM-0478-0003_anon__capsule,577_IM-0478-0003_anon,577_IM-0478-0003_anon__capsule,1,Capsule,0,#1f77b4,768,1024,"[[137, 180, 830, 565]]",0.9515633744002591,0.9076021870715675,0.9957195852753733,0.9111571709126913,0.9988052033394567,0.954981187126074,27.61881066389248,9.851394304602156,-0.08492593257497864,139.18678350000846
579_IM-0393-0001_anon__capsule,579_IM-0393-0001_anon,579_IM-0393-0001_anon__capsule,1,Capsule,0,#1f77b4,768,1024,"[[174, 135, 789, 467]]",0.9690084008951172,0.9398800162255638,0.9929553109587393,0.9461893367339629,0.9985514416016078,0.9723703891677853,14.364793880637157,5.353234487497218,-0.0470977633219183,139.8813109999537
580_IM-0253-0039_anon__capsule,580_IM-0253-0039_anon,580_IM-0253-0039_anon__capsule,1,Capsule,0,#1f77b4,768,1024,"[[138, 295, 777, 581]]",0.968227703711051,0.9384121934592998,0.9949499629355077,0.9429033079550744,0.9991896573514434,0.9710464826532589,16.001560977094062,4.559902064179865,-0.05231082659360538,139.8813109999537
581_IM-0774-0042_anon__capsule,581_IM-0774-0042_anon,581_IM-0774-0042_anon__capsule,1,Capsule,0,#1f77b4,720,960,"[[289, 247, 587, 433]]",0.9424789708065314,0.89121534682419,0.9884279079421915,0.9006123076195655,0.999312684061205,0.9499624958403852,17.72004514666935,5.847598639621544,-0.08884370788907539,139.8813109999537
582_IM-0601-0059_anon__capsule,582_IM-0601-0059_anon,582_IM-0601-0059_anon__capsule,1,Capsule,0,#1f77b4,720,960,"[[323, 271, 647, 506]]",0.9344905933017084,0.8770364554522582,0.9861556982343499,0.88796950371267,0.9989148366986501,0.9434421702056601,22.47220505424423,7.6467978549763655,-0.09956459684558544,139.8813109999537
584_IM-0890-0040-0001_anon__capsule,584_IM-0890-0040-0001_anon,584_IM-0890-0040-0001_anon__capsule,1,Capsule,0,#1f77b4,768,1024,"[[418, 238, 788, 459]]",0.9233943084358597,0.8576903463089738,0.990824050271351,0.8645575338411452,0.9992883202835642,0.9319229270623547,21.587033144922902,9.340938848677803,-0.1274358614888546,139.96563625005365
585_IM-0716-0050_anon__capsule,585_IM-0716-0050_anon,585_IM-0716-0050_anon__capsule,1,Capsule,0,#1f77b4,768,1024,"[[283, 293, 737, 577]]",0.9448646159067219,0.8954913560392855,0.9783760040160643,0.9135728683260675,0.99754243331907,0.9555576508225687,20.0,7.326313761685834,-0.06623540992828013,139.96563625005365
588_IM-0896-12288_anon__capsule,588_IM-0896-12288_anon,588_IM-0896-12288_anon__capsule,1,Capsule,0,#1f77b4,970,1552,"[[473, 487, 1092, 813]]",0.9769448846840961,0.9549288890290436,0.9877436190165538,0.9663797161343854,0.9989109476928829,0.9826453319136341,11.0,3.483732277033482,-0.0216289960986429,139.96563625005365
58_IM-0017-6656_anon__capsule,58_IM-0017-6656_anon,58_IM-0017-6656_anon__capsule,1,Capsule,0,#1f77b4,970,1552,"[[488, 499, 884, 695]]",0.9276690746723781,0.8650958885560013,0.9356509958992384,0.9198221870275718,0.9975756547456472,0.9586989208866095,23.0,8.022127873859183,-0.01691742855086027,139.96563625005365
591_IM-0066-0256_anon__capsule,591_IM-0066-0256_anon,591_IM-0066-0256_anon__capsule,1,Capsule,0,#1f77b4,970,1552,"[[522, 498, 934, 764]]",0.8880064125705964,0.7985715229018555,0.8339424447202685,0.9495661960035071,0.9898888961199365,0.9697275460617218,72.89718787443039,15.929103242871049,0.13864715966342567,142.31806750012765
592_IM-0147-0037_anon__capsule,592_IM-0147-0037_anon,592_IM-0147-0037_anon__capsule,1,Capsule,0,#1f77b4,768,1024,"[[226, 287, 757, 591]]",0.9606047482184338,0.9241958211488053,0.9704085528827797,0.9509970532749186,0.994347827408175,0.9726724403415468,19.79898987322333,6.980009631623371,-0.020003430050359376,142.31806750012765
594_IM-0250-0049_anon__capsule,594_IM-0250-0049_anon,594_IM-0250-0049_anon__capsule,1,Capsule,0,#1f77b4,768,1024,"[[336, 228, 730, 692]]",0.9178068631290807,0.8480989500477251,0.9856437657151309,0.8587064195800816,0.9976550172514024,0.928180718415742,36.68446490221233,13.815380466453412,-0.12878623144635853,142.31806750012765
595_IM-0142-0050_anon__capsule,595_IM-0142-0050_anon,595_IM-0142-0050_anon__capsule,1,Capsule,0,#1f77b4,768,1024,"[[194, 233, 760, 510]]",0.9506739784863766,0.9059853267672292,0.99161,0.9129838323573822,0.9987622082558791,0.9558730203066307,32.80015092244369,7.282525911176131,-0.07929142267889368,142.31806750012765
596_IM-0464-0012_anon__capsule,596_IM-0464-0012_anon,596_IM-0464-0012_anon__capsule,1,Capsule,0,#1f77b4,768,1024,"[[156, 230, 670, 561]]",0.9698322623716932,0.9414314066993398,0.9819436933892118,0.9580159593761335,0.9967870652690325,0.977401512322583,14.93973093629329,5.131094974675235,-0.024367725129422625,139.35728499973266
597_IM-0126-0047_anon__capsule,597_IM-0126-0047_anon,597_IM-0126-0047_anon__capsule,1,Capsule,0,#1f77b4,768,1024,"[[384, 329, 669, 577]]",0.9150861417560828,0.8434643311103759,0.9040198566736339,0.9264267135862914,0.992994562374684,0.9597106379804876,32.984845004941285,10.257804412578082,0.02478580171358629,139.35728499973266
598_IM-0059-0015_anon__capsule,598_IM-0059-0015_anon,598_IM-0059-0015_anon__capsule,1,Capsule,0,#1f77b4,768,1024,"[[310, 377, 745, 610]]",0.9550622109667474,0.9139895417605142,0.9276871657754011,0.9841019968232357,0.9924446865571572,0.9882733416901965,19.1049731745428,5.814013110637594,0.060812343998184706,139.35728499973266
599_IM-0055-0009_anon__capsule,599_IM-0055-0009_anon,599_IM-0055-0009_anon__capsule,1,Capsule,0,#1f77b4,768,1024,"[[515, 346, 731, 587]]",0.9671866316864185,0.936458281195255,0.9884562552831784,0.9468130867133929,0.9994149235986617,0.9731140051560273,12.731838382033244,3.3088023525421972,-0.04212950077174161,139.35728499973266
59_IM-0936-0014_anon__capsule,59_IM-0936-0014_anon,59_IM-0936-0014_anon__capsule,1,Capsule,0,#1f77b4,720,960,"[[291, 288, 714, 489]]",0.9569130438150119,0.9173856869180391,0.9950708762886598,0.9215736002744999,0.9995097481611551,0.9605416742178274,17.204650534085253,5.235241905399188,-0.07386134773463024,139.1683257497789
5_IM-0040-0020_anon__capsule,5_IM-0040-0020_anon,5_IM-0040-0020_anon__capsule,1,Capsule,0,#1f77b4,480,640,"[[230, 233, 369, 311]]",0.9628640776699029,0.9283875497308682,0.9894001745853598,0.9377142181775204,0.9997154706951553,0.9687148444363378,5.0,1.6675681113076,-0.05223968798014419,139.1683257497789
600_IM-0129-0002_anon__capsule,600_IM-0129-0002_anon,600_IM-0129-0002_anon__capsule,1,Capsule,0,#1f77b4,768,1024,"[[231, 255, 704, 611]]",0.9534580487899248,0.9110557371230831,0.9417650116179528,0.965445100021156,0.9884351913832385,0.9769401457021973,26.68332812825267,8.530324851127572,0.025144370528823175,139.1683257497789
601_IM-0731-0034_anon__capsule,601_IM-0731-0034_anon,601_IM-0731-0034_anon__capsule,1,Capsule,0,#1f77b4,768,1024,"[[206, 285, 604, 531]]",0.9627108033024221,0.9281026027913994,0.9906055400472407,0.936344031460104,0.9990107433274638,0.9676773873937838,22.6472849927624,5.339419035412354,-0.05477610046936446,139.1683257497789
603_IM-0820-0004_anon__capsule,603_IM-0820-0004_anon,603_IM-0820-0004_anon__capsule,1,Capsule,0,#1f77b4,768,1024,"[[362, 291, 721, 723]]",0.8953962762234265,0.8106040718042492,0.9981384876047797,0.8118313689936537,0.9997530068093212,0.9057921879014874,61.72354878984586,17.24221072251383,-0.18665457842248415,140.0846767501207
604_IM-0847-13312_anon__capsule,604_IM-0847-13312_anon,604_IM-0847-13312_anon__capsule,1,Capsule,0,#1f77b4,970,1552,"[[595, 301, 835, 610]]",0.8410654188535014,0.725722946347378,0.7292331684495236,0.9934108977444358,0.9846220805721605,0.9890164891582982,68.9825940595767,22.579008386100405,0.36226784617682695,140.0846767501207
605_IM-0243-0034_anon__capsule,605_IM-0243-0034_anon,605_IM-0243-0034_anon__capsule,1,Capsule,0,#1f77b4,768,1024,"[[103, 173, 693, 485]]",0.8380864614017477,0.7212984732175736,0.9969722280225517,0.7228819894584442,0.9996592019155203,0.8612705956869822,152.41290666822684,27.891992348843214,-0.2749226416344143,140.0846767501207
607_IM-0577-0054_anon__capsule,607_IM-0577-0054_anon,607_IM-0577-0054_anon__capsule,1,Capsule,0,#1f77b4,768,1024,"[[141, 329, 833, 633]]",0.9296625186857137,0.8685695258883812,0.9999858019082235,0.8685802373978727,0.9999967961913122,0.9342885167945925,33.0,12.772119121058012,-0.1314074302451056,140.0846767501207
608_IM-0882-0008_anon__capsule,608_IM-0882-0008_anon,608_IM-0882-0008_anon__capsule,1,Capsule,0,#1f77b4,768,1024,"[[273, 213, 706, 573]]",0.9676863304288184,0.9373956375398872,0.9695457175925926,0.9658340614500482,0.9950134361836797,0.9804237488168639,18.788294228055936,5.5033006527443895,-0.003828242521415639,138.8281352501508
60_IM-0296-0102_anon__capsule,60_IM-0296-0102_anon,60_IM-0296-0102_anon__capsule,1,Capsule,0,#1f77b4,768,1024,"[[228, 291, 713, 569]]",0.9418092589563226,0.8900184271385992,0.970205996548749,0.9150275273684344,0.9968775740587157,0.9559525507135751,21.0,7.302016194128067,-0.05687294180472733,138.8281352501508
610_IM-0787-0013_anon__capsule,610_IM-0787-0013_anon,610_IM-0787-0013_anon__capsule,1,Capsule,0,#1f77b4,768,1024,"[[404, 383, 615, 533]]",0.9638564863909509,0.9302345415778251,0.9710648148148148,0.9567543859649122,0.9991488046598361,0.9779515953123742,8.0,2.621085907182805,-0.014736842105263158,138.8281352501508
611_IM-0029-0025_anon__capsule,611_IM-0029-0025_anon,611_IM-0029-0025_anon__capsule,1,Capsule,0,#1f77b4,768,1024,"[[397, 276, 722, 606]]",0.9616127540332454,0.9260637182980507,0.9924191374663073,0.9326613541611695,0.9992401173033734,0.9659507357322714,14.879461872586644,5.305221838033044,-0.06021425932766901,138.8281352501508
612_IM-0782-0048_anon__capsule,612_IM-0782-0048_anon,612_IM-0782-0048_anon__capsule,1,Capsule,0,#1f77b4,768,1024,"[[107, 362, 680, 645]]",0.9411325234195682,0.8888104925641086,0.9956266685401152,0.8922941310729661,0.9992447370456479,0.945769434059307,26.218287560729937,9.818614811039923,-0.10378642992625473,142.4700219999977
614_IM-0061-0036_anon__capsule,614_IM-0061-0036_anon,614_IM-0061-0036_anon__capsule,1,Capsule,0,#1f77b4,768,1024,"[[261, 362, 498, 536]]",0.8825525674039462,0.7897933644660134,0.8666934619506966,0.899002883646597,0.9947469078689473,0.9468748957577722,32.28002478313795,10.44152329293084,0.03727894937984227,142.4700219999977
618_IM-0353-0008_anon__capsule,618_IM-0353-0008_anon,618_IM-0353-0008_anon__capsule,1,Capsule,0,#1f77b4,768,1024,"[[286, 275, 651, 609]]",0.9364613547176249,0.8805146469021722,0.9817902117916428,0.8951334072672712,0.9978011629212997,0.9464672850942855,29.9916433890176,9.973091608942054,-0.08826407462978668,142.4700219999977
61_IM-0241-0026_anon__capsule,61_IM-0241-0026_anon,61_IM-0241-0026_anon__capsule,1,Capsule,0,#1f77b4,768,1024,"[[322, 268, 814, 634]]",0.9376956488772868,0.8826996217103587,0.9712013103572069,0.9064247272422675,0.9962846961903301,0.9513547117162988,22.418484705630217,8.572498039513464,-0.06669738026930246,142.4700219999977
621_IM-0223-0069_anon__capsule,621_IM-0223-0069_anon,621_IM-0223-0069_anon__capsule,1,Capsule,0,#1f77b4,768,1024,"[[348, 227, 693, 430]]",0.9526690067471196,0.9096159789831556,0.9816752835223482,0.9253276739570437,0.9988049644956175,0.9620663192263306,11.397351963391031,5.067014277482273,-0.05739943799249347,139.70214725031838
625_IM-0223-0256_anon__capsule,625_IM-0223-0256_anon,625_IM-0223-0256_anon__capsule,1,Capsule,0,#1f77b4,970,1552,"[[447, 423, 975, 745]]",0.9196316807647081,0.8512205184021348,0.9990316366371007,0.851923431693797,0.9999324521937587,0.9259279419437778,43.186630713897465,12.5497091542326,-0.14725079722048967,139.70214725031838
62_IM-0488-0007-0002_anon__capsule,62_IM-0488-0007-0002_anon,62_IM-0488-0007-0002_anon__capsule,1,Capsule,0,#1f77b4,768,1024,"[[244, 266, 877, 591]]",0.9492272186866214,0.903361064891847,0.9976625896742326,0.9052770589333832,0.9995003927729772,0.9523887258531802,34.03231174764418,9.164972330744897,-0.09260197956406904,139.70214725031838
630_IM-0254-0013_anon__capsule,630_IM-0254-0013_anon,630_IM-0254-0013_anon__capsule,1,Capsule,0,#1f77b4,768,1024,"[[219, 252, 724, 553]]",0.933832461063973,0.875877783707318,0.9999226365464954,0.8759371426151044,0.999988030886298,0.9379625867507011,28.284271247461902,11.12598471348426,-0.1239950866195095,139.70214725031838
63_IM-0542-0008_anon__capsule,63_IM-0542-0008_anon,63_IM-0542-0008_anon__capsule,1,Capsule,0,#1f77b4,480,640,"[[109, 165, 498, 352]]",0.9653151236120247,0.9329556714715725,0.9874933211960502,0.9441112477532873,0.99751518606617,0.9708132169097285,9.0,3.6743776109986475,-0.04393151073692177,139.3785772497722
64_IM-0009-0001_anon__capsule,64_IM-0009-0001_anon,64_IM-0009-0001_anon__capsule,1,Capsule,0,#1f77b4,480,640,"[[205, 149, 441, 297]]",0.9267410784467851,0.8634832283579903,0.9844689378757515,0.8754083754083755,0.9990278677900194,0.9372181215991975,19.783779156339826,4.705778608034957,-0.11078111078111078,139.3785772497722
65_IM-0554-0025_anon__capsule,65_IM-0554-0025_anon,65_IM-0554-0025_anon__capsule,1,Capsule,0,#1f77b4,768,1024,"[[363, 276, 965, 526]]",0.6809778731858213,0.5162747912581122,0.9947218759738237,0.5176929704525873,0.9996059769372921,0.7586494736949397,212.67167706087906,47.66801856797379,-0.47956008311793624,139.3785772497722
67_IM-0345-0008_anon__capsule,67_IM-0345-0008_anon,67_IM-0345-0008_anon__capsule,1,Capsule,0,#1f77b4,768,1024,"[[415, 415, 728, 637]]",0.9525855775047456,0.9094638731777265,0.9629301619433198,0.9424608907417344,0.9976178151652217,0.9700393529534781,14.525716109384767,4.979621953712707,-0.021257274941181327,139.3785772497722
68_IM-0704-0017_anon__capsule,68_IM-0704-0017_anon,68_IM-0704-0017_anon__capsule,1,Capsule,0,#1f77b4,768,1024,"[[645, 236, 854, 532]]",0.9538427803968863,0.9117585411863341,0.9863945578231292,0.9233708342177882,0.999358926415437,0.9613648803166126,16.00780488547035,4.312967701007008,-0.0638930163447251,140.35076575009953
6_IM-0148-0007_anon__capsule,6_IM-0148-0007_anon,6_IM-0148-0007_anon__capsule,1,Capsule,0,#1f77b4,720,960,"[[333, 299, 533, 495]]",0.9505443452954893,0.9057498914169256,0.9714408571326191,0.930527905539919,0.9987961925246124,0.9646620490322657,12.59549469113418,4.347538911127474,-0.04211574105855701,140.35076575009953
70_IM-0068-0048_anon__capsule,70_IM-0068-0048_anon,70_IM-0068-0048_anon__capsule,1,Capsule,0,#1f77b4,720,960,"[[319, 280, 623, 489]]",0.9515533865016069,0.9075840145322435,0.9963741020237044,0.9105915002899512,0.9997511338961855,0.9551713170930684,23.412602202381354,5.374778353610285,-0.08609477259547677,140.35076575009953
71_IM-0938-5120_anon__capsule,71_IM-0938-5120_anon,71_IM-0938-5120_anon__capsule,1,Capsule,0,#1f77b4,970,1552,"[[625, 321, 1016, 700]]",0.9398325559667448,0.8864944507174135,0.9703670208757254,0.9111611186594203,0.9986297589044763,0.9548954387819483,31.827660925679098,6.921751220628775,-0.061013926630434784,140.35076575009953
72_IM-0130-0014_anon__capsule,72_IM-0130-0014_anon,72_IM-0130-0014_anon__capsule,1,Capsule,0,#1f77b4,768,1024,"[[160, 148, 873, 528]]",0.8076454926953797,0.6773534949107582,0.9893487346180636,0.6823292750664285,0.9974974130274313,0.83991334404693,98.40985693468667,39.37904768353894,-0.31032481147323593,139.09054850000757
73_IM-0851-0256-0001_anon__capsule,73_IM-0851-0256-0001_anon,73_IM-0851-0256-0001_anon__capsule,1,Capsule,0,#1f77b4,970,1552,"[[458, 436, 1020, 736]]",0.9534402609097768,0.9110232558139535,0.9915292847139024,0.9181693177911809,0.999271113744007,0.958720215767594,26.627053911388696,7.930606110259787,-0.07398668708397138,139.09054850000757
74_IM-0525-0018_anon__capsule,74_IM-0525-0018_anon,74_IM-0525-0018_anon__capsule,1,Capsule,0,#1f77b4,768,1024,"[[102, 241, 820, 722]]",0.8949459814593261,0.8098662748099728,1.0,0.8098662748099728,1.0,0.9049331374049864,82.88841972855263,24.72128306217497,-0.1901337251900273,139.09054850000757
76_IM-0505-0010_anon__capsule,76_IM-0505-0010_anon,76_IM-0505-0010_anon__capsule,1,Capsule,0,#1f77b4,768,1024,"[[242, 298, 680, 531]]",0.8868990452516807,0.7967822159062071,0.999936305732484,0.7968226575982134,0.9999943472804766,0.898408502439345,53.665631459994955,14.931474881118447,-0.20312658613338747,139.09054850000757
77_IM-0180-0007_anon__capsule,77_IM-0180-0007_anon,77_IM-0180-0007_anon__capsule,1,Capsule,0,#1f77b4,768,1024,"[[335, 315, 709, 586]]",0.9416483429905672,0.8897310612725525,0.9940721025889184,0.8944768747193534,0.9994501648804038,0.9469635197998787,25.387696470301996,7.865299936033711,-0.10018913880611231,138.30489600013607
78_IM-0085-0053_anon__capsule,78_IM-0085-0053_anon,78_IM-0085-0053_anon__capsule,1,Capsule,0,#1f77b4,768,1024,"[[333, 371, 544, 648]]",0.8947167609300656,0.8094909334578756,0.8857314255243512,0.9038862688191547,0.993071795756054,0.9484790322876043,40.744309631012825,11.552149167503897,0.02049700707418828,138.30489600013607
79_IM-0512-0001-0001_anon__capsule,79_IM-0512-0001-0001_anon,79_IM-0512-0001-0001_anon__capsule,1,Capsule,0,#1f77b4,768,1024,"[[211, 215, 746, 529]]",0.9285473242988829,0.8666246726121407,0.9974053724053724,0.8685828210666223,0.9995916234768456,0.934087222271734,52.839379254491625,11.824340544565404,-0.12915766738660908,138.30489600013607
7_IM-0622-0020_anon__capsule,7_IM-0622-0020_anon,7_IM-0622-0020_anon__capsule,1,Capsule,0,#1f77b4,768,1024,"[[147, 205, 764, 611]]",0.9075837977009271,0.8308040431758958,0.9979199893673578,0.8322452282249662,0.9994834949405607,0.9158643615827634,68.86798653670786,19.38562214741676,-0.166020084683766,138.30489600013607
80_IM-0610-0014_anon__capsule,80_IM-0610-0014_anon,80_IM-0610-0014_anon__capsule,1,Capsule,0,#1f77b4,768,1024,"[[336, 203, 625, 550]]",0.7109944963522334,0.5515837553371066,0.5698784722222222,0.9449998691407784,0.9232339080637847,0.9341168886022815,187.8130662421768,48.66155296091517,0.6582480567405585,138.19254124973668
81_IM-0925-0015_anon__capsule,81_IM-0925-0015_anon,81_IM-0925-0015_anon__capsule,1,Capsule,0,#1f77b4,768,1024,"[[256, 264, 722, 550]]",0.7919414203246677,0.655548856362167,0.9977741330834115,0.6565089479566798,0.9998391178010508,0.8281740328788654,115.97413504743201,27.557214636501257,-0.3420264905767032,138.19254124973668
82_IM-0440-0001_anon__capsule,82_IM-0440-0001_anon,82_IM-0440-0001_anon__capsule,1,Capsule,0,#1f77b4,768,1024,"[[176, 266, 673, 644]]",0.9337673311057342,0.8757631972335789,0.9801846476374778,0.8915474880821416,0.9970975209344625,0.944322504508302,32.97572470137986,10.052538729854732,-0.09042904290429044,138.19254124973668
83_IM-0481-0001_anon__capsule,83_IM-0481-0001_anon,83_IM-0481-0001_anon__capsule,1,Capsule,0,#1f77b4,768,1024,"[[222, 178, 928, 573]]",0.9731107337360391,0.9476296672925801,0.9934138309549945,0.953620912383799,0.9978812875931393,0.9757510999884691,16.88823633931171,5.575120708639103,-0.04005673902581119,138.19254124973668
85_IM-0305-0001_anon__capsule,85_IM-0305-0001_anon,85_IM-0305-0001_anon__capsule,1,Capsule,0,#1f77b4,768,1024,"[[258, 275, 724, 604]]",0.8781759309228279,0.7828107411220259,0.997878237833595,0.7841158783393084,0.999746582526206,0.8919312304327571,42.47292921587619,18.47257363355532,-0.2142168767587988,138.5379940002167
86_IM-0245-0003_anon__capsule,86_IM-0245-0003_anon,86_IM-0245-0003_anon__capsule,1,Capsule,0,#1f77b4,768,1024,"[[211, 149, 580, 444]]",0.9458424000285378,0.8972495194780584,0.916579092920354,0.9770358906330606,0.9916043568837176,0.9843201237583892,20.0,7.133710526291397,0.06595917164124107,138.5379940002167
88_IM-0263-0006_anon__capsule,88_IM-0263-0006_anon,88_IM-0263-0006_anon__capsule,1,Capsule,0,#1f77b4,768,1024,"[[191, 244, 838, 629]]",0.9363415272504845,0.880302795717951,0.9953048414524357,0.8839736364292575,0.9987614107712733,0.9413675236002654,62.741012648622515,12.70495325893406,-0.11185638850175184,138.5379940002167
89_IM-0086-0018_anon__capsule,89_IM-0086-0018_anon,89_IM-0086-0018_anon__capsule,1,Capsule,0,#1f77b4,768,1024,"[[393, 403, 608, 602]]",0.9223957119552552,0.8559688581314879,0.8683633172444054,0.9835984095427436,0.9936359779380568,0.9886171937404002,31.400636936215164,7.607590043016776,0.1327037773359841,138.5379940002167
8_IM-0088-0002_anon__capsule,8_IM-0088-0002_anon,8_IM-0088-0002_anon__capsule,1,Capsule,0,#1f77b4,480,640,"[[219, 135, 417, 300]]",0.949803598168363,0.9044056868903951,0.9612140911886146,0.9386608330116244,0.9968896074846681,0.9677752202481462,12.0,3.9315776411665926,-0.023463303736112898,139.46037025016267
90_IM-0094-0006_anon__capsule,90_IM-0094-0006_anon,90_IM-0094-0006_anon__capsule,1,Capsule,0,#1f77b4,768,1024,"[[179, 235, 604, 491]]",0.7714998799397516,0.6280014688984447,0.9682568673290474,0.6412027237871769,0.9975303835294486,0.8193665536583128,103.50030963472972,30.80826945750223,-0.33777621887057174,139.46037025016267
91_IM-0420-0050_anon__capsule,91_IM-0420-0050_anon,91_IM-0420-0050_anon__capsule,1,Capsule,0,#1f77b4,720,960,"[[305, 217, 750, 485]]",0.9676899428417927,0.937402417163014,0.9944481933623704,0.9423339630867607,0.9994183711177879,0.9708761671022743,14.62160076306269,3.764701067616187,-0.052405173666618225,139.46037025016267
92_IM-0519-0001_anon__capsule,92_IM-0519-0001_anon,92_IM-0519-0001_anon__capsule,1,Capsule,0,#1f77b4,768,1024,"[[185, 202, 858, 570]]",0.9762826871530782,0.9536643318437885,0.993156346616283,0.9599728136803221,0.9978524073250596,0.9789126105026908,13.0,5.014301264983225,-0.03341219441331507,139.46037025016267
93_IM-0086-0049_anon__capsule,93_IM-0086-0049_anon,93_IM-0086-0049_anon__capsule,1,Capsule,0,#1f77b4,768,1024,"[[185, 217, 820, 547]]",0.9752144806007098,0.9516278890946489,0.9829503335804299,0.9675994396846598,0.9959301489698189,0.9817647943272394,14.805321335067406,4.503220389697799,-0.015617161286119164,139.35309699991194
94_IM-0113-0043_anon__capsule,94_IM-0113-0043_anon,94_IM-0113-0043_anon__capsule,1,Capsule,0,#1f77b4,768,1024,"[[309, 253, 781, 540]]",0.8640868506705537,0.7606979910221503,0.930099424149721,0.8068236143496883,0.9909128791478723,0.8988682467487803,59.0,21.895394636156595,-0.13254046459896388,139.35309699991194
95_IM-0269-0003_anon__capsule,95_IM-0269-0003_anon,95_IM-0269-0003_anon__capsule,1,Capsule,0,#1f77b4,768,1024,"[[104, 246, 740, 614]]",0.9509551551280314,0.9064961901071936,0.9962965830494477,0.9095610583606248,0.9990691791262608,0.9543151187434429,38.62770616027758,9.709434130461345,-0.08705793652663572,139.35309699991194
96_IM-0154-0011_anon__capsule,96_IM-0154-0011_anon,96_IM-0154-0011_anon__capsule,1,Capsule,0,#1f77b4,768,1024,"[[248, 335, 765, 637]]",0.9750998013088099,0.9514095153401512,0.9996449394528331,0.9517311319076255,0.9999436218509836,0.9758373768793045,9.055385138137417,3.9781023515557616,-0.04793082589047433,139.35309699991194
98_IM-0071-0042_anon__capsule,98_IM-0071-0042_anon,98_IM-0071-0042_anon__capsule,1,Capsule,0,#1f77b4,768,1024,"[[496, 238, 928, 666]]",0.8870666354280359,0.7970527829123023,0.9766584457418965,0.8125307511122742,0.9973151234536631,0.9049229372829687,69.83015046146193,15.605079775174156,-0.16805024862601414,145.35216866655296
99_IM-0455-0001_anon__capsule,99_IM-0455-0001_anon,99_IM-0455-0001_anon__capsule,1,Capsule,0,#1f77b4,768,1024,"[[251, 300, 632, 604]]",0.9453219086912178,0.8963132129900783,0.920080312275664,0.9719875342157339,0.9898510200971168,0.9809192771564254,45.1552794716692,8.391709080028699,0.05641596852744961,145.35216866655296
9_IM-0424-0037_anon__capsule,9_IM-0424-0037_anon,9_IM-0424-0037_anon__capsule,1,Capsule,0,#1f77b4,720,960,"[[148, 273, 543, 516]]",0.7153067925497997,0.5567919160789427,0.9946270710920544,0.5584716669886608,0.9996746330806798,0.7790731500346704,101.59822807355988,33.87033035501428,-0.43851149519237914,145.35216866655296
