sample_id,source_sample_id,target_uid,target_class_id,target_class_name,target_instance_id,target_color,height,width,bbox,dice,iou,precision,recall,specificity,balanced_accuracy,hd95,assd,relative_area_error,infer_ms
bus_0001-l,,,,,,,353,274,"[[90, 23, 193, 102]]",0.9567438692098093,0.9170747633039503,0.9240131578947368,0.9918785310734464,0.9949263107030684,0.9934024208882574,4.242640687119285,1.666270275617155,0.07344632768361582,306.1477780001951
bus_0001-r,,,,,,,353,275,"[[101, 23, 183, 102]]",0.9209311659642786,0.853449879114748,0.8853945591356357,0.9594396822078194,0.9935639058639969,0.9765017940359082,9.326459866577782,2.8334154772638986,0.08362952122099102,306.1477780001951
bus_0002-l,,,,,,,371,274,"[[133, 141, 221, 191]]",0.9506646971935008,0.9059684684684685,0.9652069586082783,0.9365541327124564,0.9988189537559307,0.9676865432341935,3.1622776601683795,1.386703641538132,-0.029685681024447033,306.1477780001951
bus_0002-r,,,,,,,371,276,"[[112, 142, 180, 189]]",0.9625169935909885,0.9277424185698241,0.9582366589327146,0.9668357393679282,0.9989181933829495,0.9828769663754389,2.16524758424985,0.9481363200003541,0.008973858759266484,306.1477780001951
bus_0003-l,,,,,,,372,275,"[[70, 77, 196, 214]]",0.9385953744960747,0.884295538141692,0.9189031990029082,0.9591500433651344,0.9892475487495869,0.9741987960573606,9.219544457292887,3.005778150129355,0.04379878577623591,142.84605874945555
bus_0003-r,,,,,,,372,274,"[[79, 65, 258, 221]]",0.8461690866377969,0.7333562282294068,0.9408358509566969,0.7688113974180939,0.9886039886039886,0.8787076930110412,33.543998441013144,9.92096155267634,-0.182842153988582,142.84605874945555
bus_0004-l,,,,,,,383,274,"[[69, 49, 163, 81]]",0.801259622113366,0.6684179801517806,0.6684179801517806,1.0,0.9889334840042084,0.9944667420021043,14.170349535659327,4.661239662760298,0.4960698689956332,142.84605874945555
bus_0004-r,,,,,,,383,277,"[[111, 52, 198, 99]]",0.8949740034662045,0.8099121706398996,0.8101663005961719,0.9996128532713898,0.9941550411562391,0.9968839472138145,5.385164807134504,2.553106336754776,0.23383662408052652,142.84605874945555
bus_0005-l,,,,,,,371,275,"[[117, 49, 199, 190]]",0.8903809662822946,0.8024204156800842,0.8740507235993695,0.907333035847092,0.9907766888417872,0.9490548623444396,10.770329614269007,3.676851796913229,0.03807823888145173,162.19106075004674
bus_0005-r,,,,,,,371,276,"[[107, 44, 245, 197]]",0.8946381702287214,0.8093622795115333,0.9353194825558604,0.8573481854114265,0.9927682328190743,0.9250582091152504,16.16309177147275,4.088324433787805,-0.08336327703916636,162.19106075004674
bus_0006-s,,,,,,,389,407,"[[134, 107, 345, 311]]",0.9067857092878434,0.8294674859190988,0.8976035461975342,0.9161576744712137,0.9699411999121659,0.9430494371916898,27.611380302893217,8.265651572365021,0.020670738604230292,162.19106075004674
bus_0007-l,,,,,,,351,274,"[[121, 78, 192, 119]]",0.8933292345527206,0.8072222222222222,0.8181306306306306,0.983750846310088,0.9965891210914812,0.9901699837007847,4.123105625617661,1.808036073376956,0.2024373730534868,162.19106075004674
bus_0007-r,,,,,,,351,276,"[[133, 90, 198, 120]]",0.8623308022449654,0.7579802669762042,0.7615160349854228,0.9939117199391172,0.9957200560892405,0.9948158880141789,6.324555320336759,2.443239020155967,0.3051750380517504,144.7685149996687
bus_0008-l,,,,,,,297,275,"[[80, 127, 173, 176]]",0.9540833060019679,0.9121981812480401,0.9547095503774204,0.9534578826614225,0.9982448107448108,0.9758513467031167,3.1622776601683795,1.18030445044868,-0.0013110455588331695,144.7685149996687
bus_0008-r,,,,,,,297,276,"[[78, 128, 182, 175]]",0.9495043370508055,0.9038631672073135,0.9330289193302892,0.9665720592872911,0.9972081572568876,0.9818901082720893,4.218733674818955,1.2547838406665326,0.03595080416272469,144.7685149996687
bus_0009-l,,,,,,,352,276,"[[22, 40, 172, 146]]",0.9501168747202466,0.9049739459971577,0.9755898273925033,0.9259402869329197,0.9972476852918144,0.961593986112367,6.032455532033646,2.3797733686526876,-0.050891818534315625,144.7685149996687
bus_0009-r,,,,,,,352,273,"[[74, 39, 186, 148]]",0.9606189285091036,0.9242220729796284,0.9766974213390112,0.9450612338331235,0.9977449375565196,0.9714030856948215,4.123105625617661,1.81651890190623,-0.032390980885887606,142.75374099997862
bus_0010-l,,,,,,,353,273,"[[66, 63, 201, 183]]",0.9479683083908632,0.9010834140755747,0.9247875610197072,0.9723410322212718,0.9903084521479825,0.9813247421846272,6.708203932499369,2.568785253663613,0.05142096758863226,142.75374099997862
bus_0010-r,,,,,,,353,275,"[[47, 60, 201, 168]]",0.9464271457085829,0.8983025159139133,0.910375547192996,0.9854518247568377,0.9862780142511112,0.9858649195039744,7.0,2.9140927289728054,0.08246737052124034,142.75374099997862
bus_0011-l,,,,,,,327,279,"[[51, 127, 191, 176]]",0.9220411055988661,0.8553583168967784,0.8774730215827338,0.9713787954206072,0.9937510749297712,0.9825649351751893,5.830951894845301,1.914509000050971,0.10701841712294674,142.75374099997862
bus_0011-r,,,,,,,327,279,"[[84, 122, 190, 175]]",0.922653454445362,0.856412876852325,0.8720083246618107,0.9795441262419637,0.9943970573162816,0.9869705917791227,6.215748564819405,2.0433498675371125,0.12331969608416131,140.6191262503853
bus_0012-l,,,,,,,351,275,"[[77, 110, 195, 161]]",0.9208678335604235,0.8533411033411034,0.8652747685641127,0.984094982078853,0.9925701437090625,0.9883325628939578,6.4031242374328485,2.5784880113997737,0.13732078853046595,140.6191262503853
bus_0012-r,,,,,,,351,276,"[[61, 107, 174, 159]]",0.8877516206073013,0.798159509202454,0.8080745341614907,0.9848599545798638,0.9900229246714669,0.9874414396256653,8.06225774829855,3.463070731325764,0.21877365632096896,140.6191262503853
bus_0013-l,,,,,,,390,276,"[[124, 65, 179, 93]]",0.8994614003590664,0.8172920065252854,0.8370927318295739,0.9718719689621726,0.9981708861353169,0.9850214275487448,3.0,1.5147545231960942,0.16100872938894278,140.6191262503853
bus_0013-r,,,,,,,390,275,"[[118, 59, 172, 82]]",0.6073223259152908,0.43608247422680413,0.43608247422680413,1.0,0.9897184316379084,0.9948592158189542,20.7590511211705,7.024397068272255,1.293144208037825,141.61573050023435
bus_0014-s,,,,,,,385,360,"[[141, 38, 194, 89]]",0.9219895287958115,0.8552695483244294,0.9049331963001028,0.9397011739594451,0.998646928894285,0.969174051426865,5.0,1.696479050619026,0.0384204909284952,141.61573050023435
bus_0015-s,,,,,,,369,439,"[[78, 130, 400, 341]]",0.9606849006089967,0.9243442158897905,0.990976591741356,0.9321901644336176,0.9959249682494723,0.9640575663415449,13.341664064126334,4.4218967878296365,-0.059321711327649206,141.61573050023435
bus_0016-l,,,,,,,384,273,"[[59, 113, 179, 222]]",0.9146714212939379,0.8427599155127904,0.959262722051556,0.8740416210295728,0.9968431402991254,0.935442380664349,9.667845391150621,3.4475326164954545,-0.08884020932213703,141.61573050023435
bus_0016-r,,,,,,,384,276,"[[104, 102, 176, 216]]",0.8196430157179646,0.6944026482094493,0.7016876995590695,0.985269000853971,0.9806317867719645,0.9829503938129678,20.00124921972504,5.707727650441335,0.40414175918018785,142.73513725038356
bus_0017-s,,,,,,,385,360,"[[107, 73, 230, 157]]",0.9648426424723561,0.9320734045466995,0.9707602339181286,0.9589967591940256,0.9984411002030372,0.9787189296985315,4.123105625617661,1.4331120720808972,-0.012117796251937438,142.73513725038356
bus_0018-s,,,,,,,385,361,"[[162, 50, 218, 123]]",0.8135445429443395,0.6856932876041156,0.6868711656441718,0.9975053456878118,0.9906299796591251,0.9940676626734685,11.13984622640544,5.004597774055086,0.4522451888809694,142.73513725038356
bus_0019-l,,,,,,,372,276,"[[15, 37, 260, 156]]",0.9718024206738632,0.9451514380249427,0.9906629318394025,0.9536466358500256,0.9973520956271751,0.9754993657386004,5.0,2.014129067056257,-0.03736517719568567,142.73513725038356
bus_0019-r,,,,,,,372,276,"[[57, 38, 249, 163]]",0.9791053937239457,0.9590660854752242,0.9937185277474953,0.9649158181268273,0.9985392471690369,0.981727532647932,5.0,1.4741511607502191,-0.02898477669119871,142.41426724947814
bus_0020-l,,,,,,,373,275,"[[88, 159, 223, 254]]",0.8664228237015362,0.7643262777490966,0.7680269756181912,0.9937353171495693,0.9713464906659832,0.9825409039077763,20.248456731316587,6.533239859924666,0.29388074728716856,142.41426724947814
bus_0020-r,,,,,,,373,276,"[[110, 146, 256, 228]]",0.9189913225787665,0.8501239090615236,0.8539885268968503,0.9947049924357034,0.9858023911762229,0.9902536918059632,8.980495168499704,3.417007499236336,0.16477559253656077,142.41426724947814
bus_0021-l,,,,,,,346,281,"[[88, 44, 176, 115]]",0.8667743237787646,0.7648735304595654,0.7702242152466368,0.9909993076390492,0.9862099404691419,0.9886046240540955,14.866068747318506,4.429038051495618,0.2866374336487422,142.41426724947814
bus_0021-r,,,,,,,346,278,"[[78, 49, 190, 110]]",0.8541611391173609,0.7454461253473295,0.7589187490177589,0.9767394822006472,0.9831879356450836,0.9799637089228654,12.727922061357855,5.082237546296636,0.28701456310679613,142.61603575050685
bus_0022-l,,,,,,,370,275,"[[65, 103, 237, 155]]",0.9692562459500323,0.9403464654931545,0.9711441350454479,0.9673756826674331,0.9978901173094776,0.9826328999884554,2.23606797749979,1.0556578241107206,-0.0038804254096004597,142.61603575050685
bus_0022-r,,,,,,,370,276,"[[97, 110, 221, 158]]",0.9460992907801419,0.8977119784656796,0.9037940379403794,0.9925595238095238,0.9956569610961585,0.9941082424528411,3.1622776601683795,1.481098891573567,0.09821428571428571,142.61603575050685
bus_0023-l,,,,,,,370,274,"[[112, 109, 221, 173]]",0.9584217225286381,0.920162932790224,0.9618905684479455,0.9549778059606848,0.9981479373816594,0.9765628716711721,3.0,1.3040329537395787,-0.007186641302050306,142.61603575050685
bus_0023-r,,,,,,,370,277,"[[118, 113, 205, 177]]",0.9404938604776684,0.8876719307182883,0.9632393587617468,0.9187977853941471,0.9986524413102729,0.95872511335221,4.47213595499958,1.690403842003304,-0.04613762193514369,141.94618300007278
bus_0024-l,,,,,,,335,278,"[[52, 51, 235, 167]]",0.9623751431165858,0.9274788828856252,0.9730938123752495,0.9518900343642611,0.9958045962701989,0.97384731531723,4.123105625617661,1.8449407227179278,-0.021790065604498594,141.94618300007278
bus_0024-r,,,,,,,335,275,"[[57, 47, 177, 176]]",0.9525125876197058,0.9093308199811498,0.958664546899841,0.9464390818128311,0.9949225567855878,0.9706808192992095,5.0,2.2072387964043116,-0.012752599568373553,141.94618300007278
bus_0025-l,,,,,,,370,275,"[[108, 93, 169, 131]]",0.9129259058950784,0.8398009950248756,0.8398009950248756,1.0,0.9967819951629989,0.9983909975814995,5.0,1.8317979242811102,0.19075829383886256,141.94618300007278
bus_0025-r,,,,,,,370,275,"[[160, 95, 209, 139]]",0.8541442411194833,0.7454203851573509,0.7454203851573509,1.0,0.9945888202230364,0.9972944101115182,9.486832980505138,3.1760911609530575,0.34152488972904854,143.1991277495399
bus_0026-s,,,,,,,386,360,"[[123, 30, 222, 77]]",0.9644605907439583,0.9313605857230018,0.9417026526835287,0.9883457429588863,0.9986089746892273,0.9934773588240569,2.0,0.9078578074532905,0.04953059242473292,143.1991277495399
bus_0027-l,,,,,,,353,275,"[[69, 78, 243, 214]]",0.9528671651131385,0.9099773527931555,0.9582643259357403,0.9475304598454081,0.9922991357919055,0.9699147978186569,7.0710678118654755,2.5439593701768763,-0.011201362504912878,143.1991277495399
bus_0027-r,,,,,,,353,276,"[[80, 53, 221, 224]]",0.9120961172956829,0.8383977038747115,0.9795159644263012,0.8533595833862568,0.996559829583017,0.9249597064846369,14.693211911648069,4.705936244737076,-0.1287946145052712,143.1991277495399
bus_0028-l,,,,,,,386,275,"[[65, 133, 146, 192]]",0.81512802443035,0.6879460745440127,0.6889021242803256,0.997986770204199,0.9847379544768342,0.9913623623405166,16.0,6.140694877880812,0.4486626402070751,142.10544350044074
bus_0028-r,,,,,,,386,275,"[[124, 127, 214, 198]]",0.9319106808931911,0.8725025746652935,0.8848965949446418,0.9842007434944238,0.9945898709816782,0.989395307238051,8.0,2.241956721299164,0.11222118959107806,142.10544350044074
bus_0029-s,,,,,,,384,404,"[[28, 48, 358, 143]]",0.9581124890649926,0.9195930261273275,0.9372766171658696,0.9798957949581601,0.9908473206743307,0.9853715578162454,5.0,2.0148999328188153,0.04547129098468502,142.10544350044074
bus_0030-s,,,,,,,386,404,"[[26, 101, 351, 274]]",0.9059198828574417,0.8280196931313035,1.0,0.8280196931313035,1.0,0.9140098465656518,23.419006964265574,9.044759605950926,-0.17198030686869653,142.10544350044074
bus_0031-s,,,,,,,385,403,"[[23, 107, 359, 240]]",0.9540696840797209,0.9121732772802047,0.9838344011828487,0.9260530710706996,0.9959941703780298,0.9610236207243648,13.805151945235442,3.2803623243991016,-0.058730747819632584,142.2816824997426
bus_0032-l,,,,,,,350,275,"[[9, 99, 218, 239]]",0.9224296461409863,0.8560273051662616,0.9824321918214731,0.8693345937713355,0.9961662500485695,0.9327504219099525,17.194991277683336,4.642305503316469,-0.11512000420146001,142.2816824997426
bus_0032-r,,,,,,,350,275,"[[1, 115, 240, 254]]",0.9248017867113344,0.8601221386730921,0.98365640440897,0.872592405276689,0.9952566771920632,0.9339245412343762,15.731932071670212,5.1076225102908275,-0.11290934378556075,142.2816824997426
bus_0033-l,,,,,,,297,277,"[[118, 46, 176, 83]]",0.8583664729275008,0.7518756698821008,0.7596101786681104,0.9866385372714487,0.9945081450146573,0.9905733411430531,6.552343178074636,2.658235705988313,0.29887482419127986,142.2816824997426
bus_0033-r,,,,,,,297,275,"[[68, 46, 138, 83]]",0.9181269750071819,0.8486457780138078,0.860064585575888,0.984596426370918,0.996752111127767,0.9906742687493425,3.0973665961010224,1.5057041816255063,0.1447935921133703,141.84694849973312
bus_0034-l,,,,,,,351,273,"[[97, 12, 195, 130]]",0.9153860061471705,0.8439739956659443,0.9710395090141926,0.865766073871409,0.9983217560433454,0.9320439149573772,8.0,2.5706753802618634,-0.10841313269493844,141.84694849973312
bus_0034-r,,,,,,,351,276,"[[80, 17, 181, 131]]",0.9266932270916335,0.8634001484780994,0.8873346897253306,0.9697053918843802,0.9901204281891168,0.9799129100367485,8.246211251235321,2.8999115730379508,0.09282934963868816,141.84694849973312
bus_0035-l,,,,,,,352,277,"[[103, 66, 163, 114]]",0.9309145129224652,0.8707577870757787,0.9276869737493809,0.9341645885286783,0.9984711881799809,0.9663178883543296,4.277064977301324,1.5369610329557915,0.006982543640897756,141.84694849973312
bus_0035-r,,,,,,,352,276,"[[131, 69, 204, 117]]",0.9385826771653544,0.884272997032641,0.9360031409501374,0.9411764705882353,0.9982773015990446,0.9697268860936399,3.1622776601683795,1.4521152406323914,0.005527043031977891,144.9708042500788
bus_0036-l,,,,,,,334,276,"[[79, 99, 166, 176]]",0.9725986148750376,0.9466588511137163,0.9647550776583035,0.9805707346690953,0.9979711839345277,0.9892709593018114,2.23606797749979,0.988202111044742,0.01639344262295082,144.9708042500788
bus_0036-r,,,,,,,334,277,"[[123, 99, 195, 173]]",0.958273724368145,0.9198901350423437,0.9357392316647264,0.9819203518201808,0.9968787107718405,0.9893995312960107,3.605551275463989,1.4147007269888645,0.049352553139506476,144.9708042500788
bus_0037-s,,,,,,,386,360,"[[144, 67, 238, 168]]",0.9102312226084328,0.8352516987935099,0.8473550928531233,0.9831864185439112,0.9918319105048407,0.9875091645243759,7.0,3.296342539660731,0.16030035912504081,144.9708042500788
bus_0038-s,,,,,,,370,277,"[[51, 43, 155, 86]]",0.7366642529567946,0.5831104317921284,0.5836680053547524,0.9983644095518482,0.9781058602274899,0.9882351348896691,44.896178223180705,9.29558622145212,0.7105004906771345,141.99875474969303
bus_0039-l,,,,,,,370,274,"[[78, 68, 202, 118]]",0.9407095013644257,0.8880562060889929,0.89900426742532,0.9864724245577523,0.9956323818897638,0.991052403223758,4.0,1.5123111849157176,0.09729448491155047,141.99875474969303
bus_0039-r,,,,,,,370,275,"[[47, 63, 166, 108]]",0.9522802379378718,0.9089073933888469,0.9198161389172625,0.9871197588380378,0.9967992171333625,0.9919594879857001,3.1622776601683795,1.287022549901641,0.07317073170731707,141.99875474969303
bus_0040-s,,,,,,,384,404,"[[87, 77, 319, 209]]",0.9522686025408349,0.9088861943530226,0.9611650485436893,0.943535335371336,0.9954063833936426,0.9694708593824893,9.848857801796104,2.455112129375057,-0.018342024815680633,141.99875474969303
bus_0041-l,,,,,,,354,276,"[[116, 111, 199, 184]]",0.9568510753415393,0.9172717842323651,0.9381962864721486,0.9762627656638145,0.9975234106780327,0.9868930881709237,3.0,1.2276685911010017,0.040574109853712396,142.0520285000748
bus_0041-r,,,,,,,354,277,"[[154, 110, 223, 185]]",0.9608017252315109,0.924560546875,0.9446245946620104,0.9775425916365513,0.9976429117472182,0.9875927516918848,4.0,1.2235876232553011,0.03484770263293753,142.0520285000748
bus_0042-l,,,,,,,372,277,"[[107, 43, 238, 136]]",0.9593984962406015,0.9219653179190751,0.9876160990712074,0.9327485380116959,0.9988487368084425,0.9657986374100692,4.47213595499958,1.9442834531031479,-0.05555555555555555,142.0520285000748
bus_0042-r,,,,,,,372,275,"[[18, 38, 264, 142]]",0.9639111752156014,0.9303364269141531,0.9847126719056974,0.9439703372373609,0.997081198935634,0.9705257680864974,5.0,1.9906915715285778,-0.04137484550644459,142.0520285000748
bus_0043-s,,,,,,,385,405,"[[147, 73, 237, 137]]",0.9146328235166504,0.842694383369978,0.8812709030100334,0.950620067643743,0.9962505775958809,0.9734353226198119,9.0,2.77139144829425,0.07869222096956031,141.938587000368
bus_0044-l,,,,,,,385,276,"[[90, 66, 156, 108]]",0.9270857142857143,0.864081806561568,0.8756476683937824,0.9849441476444876,0.9972361109778217,0.9910901293111547,4.123105625617661,1.6813645992077415,0.12481787275376396,141.938587000368
bus_0044-r,,,,,,,385,276,"[[68, 65, 151, 108]]",0.9185105234754453,0.8493013972055888,0.8569989929506546,0.9895348837209302,0.9958912037037037,0.992713043712317,5.656854249492381,2.0696313817624423,0.15465116279069768,141.938587000368
bus_0045-l,,,,,,,318,277,"[[82, 155, 201, 256]]",0.9022387618878847,0.8218897976754197,0.8713063320022818,0.9354483096521313,0.985886239083106,0.9606672743676187,10.714256093655267,4.470388500450412,0.07361587457128858,141.938587000368
bus_0045-r,,,,,,,318,278,"[[116, 151, 234, 246]]",0.9055580089584253,0.8274152640073784,0.8622056703507929,0.9535007307028033,0.9858179704984111,0.9696593506006073,9.299731014256551,3.867246777304627,0.10588547894247376,141.5839537503416
bus_0046-l,,,,,,,352,276,"[[72, 76, 236, 182]]",0.958430674528127,0.9201794360581032,0.9654116240848648,0.9515499595022457,0.9944598006485503,0.9730048800753981,7.615773105863909,2.2552839392803357,-0.014358294676386128,141.5839537503416
bus_0046-r,,,,,,,352,276,"[[58, 81, 219, 194]]",0.7958026776022192,0.6608573717948718,0.6776562419760694,0.9638448615879045,0.924791219851188,0.9443180407195462,47.52629609617558,13.036201147802684,0.4223212329267402,141.5839537503416
bus_0047-l,,,,,,,354,277,"[[75, 38, 150, 79]]",0.9584300485334458,0.9201782820097245,0.9258051365674684,0.9934383202099738,0.9980996533433572,0.9957689867766655,2.23606797749979,0.970870509501074,0.07305336832895888,141.5839537503416
bus_0047-r,,,,,,,354,276,"[[104, 39, 172, 83]]",0.9683741648106904,0.9386873920552677,0.9744509188704616,0.962372731297034,0.9994027974225994,0.9808877643598167,2.0,0.7910945145400848,-0.01239486498450642,142.49283775006916
bus_0048-l,,,,,,,352,276,"[[91, 132, 191, 197]]",0.8931488203266787,0.8069276491084239,0.8272746375288926,0.9704214937145674,0.9911703098984908,0.9807959018065291,8.94427190999916,3.339824414189065,0.17303426176978062,142.49283775006916
bus_0048-r,,,,,,,352,276,"[[94, 129, 192, 197]]",0.9267469337234162,0.8634933948416859,0.9202234636871508,0.9333635539437897,0.9961505283588528,0.9647570411513212,5.385164807134504,2.354172232015687,0.014279238440616501,142.49283775006916
bus_0049-l,,,,,,,354,276,"[[125, 148, 203, 209]]",0.9432352941176471,0.8925688839409964,0.9336244541484716,0.9530460624071322,0.9975831840490147,0.9753146232280734,3.605551275463989,1.5872394255450528,0.020802377414561663,142.49283775006916
bus_0049-r,,,,,,,354,276,"[[79, 132, 165, 199]]",0.9166565275580971,0.846136567834681,0.8865615438926806,0.9488664987405542,0.9948577890626666,0.9718621439016104,7.0,2.526040094046809,0.07027707808564232,141.92922675010777
bus_0050-l,,,,,,,369,274,"[[36, 34, 201, 143]]",0.9617370980510423,0.9262943867547745,0.9973416731821736,0.9285870277353134,0.9996108459522256,0.9640989368437696,5.0,2.206603362810381,-0.06893790492829584,141.92922675010777
bus_0050-r,,,,,,,369,276,"[[65, 37, 234, 144]]",0.967883440388532,0.9377656344869459,0.9816477317867641,0.9544998068752414,0.9974015455741909,0.9759506762247161,4.242640687119285,1.800200012721038,-0.02765546543066821,141.92922675010777
bus_0051-l,,,,,,,373,275,"[[75, 150, 224, 228]]",0.9600156036668617,0.9231057764441111,0.9867682437850842,0.9346752753513103,0.9989543284464912,0.9668148018989008,4.0,1.588414205769241,-0.05279149259399924,141.92922675010777
bus_0051-r,,,,,,,373,275,"[[87, 154, 209, 230]]",0.9578441415176109,0.9190987448964162,0.9627752257246951,0.9529633113828786,0.9975570963751468,0.9752602038790127,4.0,1.5540095288794147,-0.010191282533709626,142.28464650022943
bus_0052-l,,,,,,,370,276,"[[31, 96, 242, 228]]",0.9604976341113297,0.9239975450081833,0.972492867524358,0.9487947061603907,0.993849227843378,0.9713219670018844,6.708203932499369,2.429486700948037,-0.02436846804264482,142.28464650022943
bus_0052-r,,,,,,,370,275,"[[86, 85, 249, 232]]",0.932410856838744,0.8733798604187437,0.996839044126944,0.8758053765829815,0.9994029565591193,0.9376041665710504,15.00998891351187,4.533590406961159,-0.12141746278604755,142.28464650022943
bus_0053-l,,,,,,,370,275,"[[48, 19, 245, 136]]",0.9818162427344959,0.9642819733947837,0.9867095391211147,0.9769712405815558,0.9970085882466467,0.9869899144141012,4.0,1.244098174910944,-0.009869468322190385,142.28464650022943
bus_0053-r,,,,,,,370,276,"[[68, 16, 263, 133]]",0.9765848698118762,0.9542411881602343,0.9845149455055574,0.9687815237589594,0.996554001320766,0.9826677625398628,4.0,1.6203086188337794,-0.015980886647199363,141.8807702493723
bus_0054-s,,,,,,,385,405,"[[136, 20, 241, 102]]",0.9720605355064028,0.9456398640996603,0.9846698113207547,0.9597701149425287,0.9993018494277179,0.9795359821851233,3.0,1.1597464454915472,-0.02528735632183908,141.8807702493723
bus_0055-l,,,,,,,385,275,"[[69, 71, 211, 155]]",0.9632203880683463,0.9290502793296089,0.9769422822734616,0.9498786234470941,0.9984120883566632,0.9741453559018787,3.0,1.372321293367325,-0.027702413251463658,141.8807702493723
bus_0055-r,,,,,,,385,276,"[[100, 67, 194, 141]]",0.9518012174433689,0.9080350342726581,0.9155308120560568,0.9910640066500416,0.99566280261809,0.9933634046340658,5.0,1.663116260169581,0.08250207813798836,141.8807702493723
bus_0056-l,,,,,,,332,276,"[[61, 98, 229, 164]]",0.8627997445276665,0.7587051975901153,0.7798887372730136,0.9654365904365905,0.9750166793747618,0.9702266349056761,27.783760946995265,5.879991276323386,0.2379158004158004,146.64933624953846
bus_0056-r,,,,,,,332,276,"[[51, 89, 229, 167]]",0.9708670405479181,0.943383487654321,0.9758555322757657,0.9659292909342287,0.9970308934311585,0.9814800921826936,3.1622776601683795,1.2938971915053874,-0.01017183488050563,146.64933624953846
bus_0057-l,,,,,,,353,275,"[[10, 32, 268, 230]]",0.9668750292279154,0.9358742229464663,0.9759881671701913,0.9579305019305019,0.9882071097372488,0.9730688058338753,9.476262610815429,2.7668268516177723,-0.0185019305019305,146.64933624953846
bus_0057-r,,,,,,,353,276,"[[36, 22, 249, 191]]",0.947158154859967,0.8996205453194069,0.97539975399754,0.9205059440419485,0.9919939264269446,0.9562499352344466,13.00768096208106,4.027689752424287,-0.05627826922307169,146.64933624953846
bus_0058-l,,,,,,,371,275,"[[18, 50, 261, 168]]",0.9456593021415165,0.8969200411805079,0.9228901836158192,0.969580338511477,0.978287347750435,0.973933843130956,11.40175425099138,3.867713897181887,0.05059123579874797,142.270813250434
bus_0058-r,,,,,,,371,277,"[[44, 53, 196, 173]]",0.9134862534569709,0.8407498352997544,0.8900019019844038,0.9382435503274963,0.9802403052217983,0.9592419277746473,24.178500725813045,5.596422579904622,0.05420398342467585,142.270813250434
bus_0059-l,,,,,,,353,270,"[[63, 57, 240, 233]]",0.9536044989576768,0.9113232023721275,0.938096146508966,0.9696342305037957,0.982698869695031,0.9761665500994133,10.770329614269007,3.233849674412656,0.03361924479936902,142.270813250434
bus_0059-r,,,,,,,353,269,"[[100, 76, 255, 224]]",0.7970876533998816,0.6626315339207802,0.6794596254221676,0.9639701306782825,0.9073611621686717,0.9356656464234772,86.82626289532281,15.968387341251619,0.41873055382700686,142.270813250434
bus_0060-l,,,,,,,371,276,"[[63, 29, 214, 92]]",0.9589822024471635,0.9211967410177642,0.9460905349794239,0.9722300535663941,0.9958762670248263,0.9840531602956102,3.605551275463989,1.5056678672187365,0.02762898223851142,143.45262774986622
bus_0060-r,,,,,,,371,276,"[[63, 33, 200, 86]]",0.9368411568609785,0.8811864406779661,0.8969979296066253,0.980388459362625,0.9938512560122769,0.9871198576874509,4.242640687119285,2.065945089129575,0.09296624552140298,143.45262774986622
bus_0061-l,,,,,,,336,276,"[[103, 45, 171, 88]]",0.9157005305561013,0.844508880028996,0.844508880028996,1.0,0.9952547397296639,0.9976273698648319,4.123105625617661,2.112712705162353,0.18412017167381975,143.45262774986622
bus_0061-r,,,,,,,336,276,"[[126, 41, 181, 88]]",0.819706064996895,0.6944931602946335,0.6989057536180727,0.990990990990991,0.990599307897463,0.990795149444227,15.0,4.651411315222371,0.41791791791791794,143.45262774986622
bus_0062-l,,,,,,,316,276,"[[74, 99, 201, 160]]",0.9625159371015725,0.9277404555136818,0.9531986531986532,0.9720171673819743,0.9965843889373518,0.9843007781596631,3.605551275463989,1.3294473140589234,0.019742489270386267,141.67903825000394
bus_0062-r,,,,,,,316,277,"[[82, 101, 225, 160]]",0.9608018906364599,0.9245608531994981,0.9501934235976789,0.9716499093456403,0.9962069600441907,0.9839284346949155,3.0,1.3583703669191067,0.022581176858414372,141.67903825000394
bus_0063-s,,,,,,,388,406,"[[18, 146, 329, 319]]",0.8715001037006311,0.7722642302037387,0.8122497445668683,0.9400747866662406,0.9461418420614865,0.9431083143638636,30.805843601498726,10.410256565696677,0.15737160024289687,141.67903825000394
bus_0064-s,,,,,,,386,406,"[[17, 104, 350, 314]]",0.9389384321819385,0.8849047601570815,0.929419474211703,0.9486543909348442,0.9654149824336066,0.9570346866842254,28.01338858918285,6.556739050058217,0.020695624803273527,141.67903825000394
bus_0065-l,,,,,,,299,277,"[[71, 64, 174, 128]]",0.9326126954921803,0.8737341090282267,0.8876970227670753,0.9823158914728682,0.9934811614460893,0.9878985264594788,5.0,2.147286790194643,0.1065891472868217,141.49510950028343
bus_0065-r,,,,,,,299,278,"[[64, 66, 155, 114]]",0.9390338015125791,0.8850741926098341,0.9198669488962806,0.9590163934426229,0.9966854283927454,0.9778509109176842,4.0,1.6875906157863403,0.042559899117276166,141.49510950028343
bus_0066-l,,,,,,,354,275,"[[118, 73, 182, 112]]",0.8473711077080143,0.7351638618246236,0.7397504456327986,0.991636798088411,0.9938960658890422,0.9927664319887266,6.708203932499369,3.2676289648268444,0.34050179211469533,141.49510950028343
bus_0066-r,,,,,,,354,275,"[[147, 71, 221, 107]]",0.9246051961283749,0.8597820937944103,0.8680057388809183,0.989100817438692,0.9971104015076167,0.9931056094731543,5.0990195135927845,1.5727021050293655,0.13950953678474115,141.49510950028343
bus_0067-l,,,,,,,386,277,"[[82, 110, 178, 178]]",0.9327875915553641,0.8740411788453775,0.9104289318755256,0.9562720848056537,0.9958395999765611,0.9760558423911074,6.215748564819405,2.2953244140489213,0.05035335689045936,142.45808300074714
bus_0067-r,,,,,,,386,276,"[[54, 122, 157, 193]]",0.8972355769230769,0.8136239782016349,0.8408109630185846,0.9617779686493451,0.9916764004358111,0.976727184542578,14.953124061561475,3.302484825049123,0.1438694438479708,142.45808300074714
bus_0068-l,,,,,,,387,277,"[[65, 166, 221, 246]]",0.9563366336633663,0.9163267242197135,0.9508761567237645,0.9618601872137025,0.9948639830377636,0.9783620851257331,6.19488912779531,2.0927119595342254,0.01155148376817367,142.45808300074714
bus_0068-r,,,,,,,387,277,"[[56, 174, 217, 255]]",0.9660145273315307,0.9342631524971797,0.9715260744374533,0.9605651623787431,0.9972675638335977,0.9789163631061704,4.0,1.5305112182091825,-0.011282159426402361,142.45808300074714
bus_0069-l,,,,,,,353,276,"[[69, 53, 185, 131]]",0.8484885054003499,0.7368476210438063,0.7452040275569687,0.9850098066685345,0.9733746815815705,0.9791922441250525,16.725128419939214,7.296408881659665,0.3217988231997759,141.89502675071708
bus_0069-r,,,,,,,353,275,"[[48, 72, 208, 154]]",0.9287269731034077,0.8669376991539391,0.8876139048261896,0.9738336213280672,0.9887718746136468,0.9813027479708569,8.06225774829855,2.976421452766906,0.09713650950382621,141.89502675071708
bus_0070-l,,,,,,,373,275,"[[109, 58, 198, 131]]",0.969728710589714,0.9412362749084994,0.9564049586776859,0.9834289356277884,0.9978440348224139,0.9906364852251012,2.6803373379345903,1.0672664777788168,0.028255789250053114,141.89502675071708
bus_0070-r,,,,,,,373,277,"[[90, 65, 214, 133]]",0.9507563566140972,0.9061349693251534,0.9138437741686002,0.9907764548046285,0.9942788471414779,0.9925276509730532,3.1622776601683795,1.8643239022047935,0.0841858125104813,141.89502675071708
bus_0071-l,,,,,,,371,274,"[[93, 160, 191, 206]]",0.9548443665059184,0.9135906040268457,0.939873417721519,0.9702999702999703,0.9978735743282428,0.9840867723141065,4.0,1.2225447593022163,0.03237303237303237,141.94060249974427
bus_0071-r,,,,,,,371,277,"[[131, 165, 229, 212]]",0.9696884647768734,0.9411604467447562,0.9536295887386144,0.9862974593205823,0.9983075435203095,0.9923025014204458,2.011803398874979,0.8403595788698617,0.0342563516985441,141.94060249974427
bus_0072-l,,,,,,,384,276,"[[67, 78, 182, 130]]",0.895692905289615,0.8110904200289675,0.8168368410085435,0.9914011127971675,0.9913848867980006,0.9913929997975841,11.674742625999308,2.9829070967032147,0.2137076378351037,141.94060249974427
bus_0072-r,,,,,,,384,277,"[[64, 83, 184, 126]]",0.8315777802417119,0.7117100018978934,0.7166061532581693,0.9904912836767037,0.9855432726989141,0.9880172781878089,23.021728866442675,4.6794857333121955,0.3821975699947174,141.94060249974427
bus_0073-l,,,,,,,387,275,"[[30, 60, 222, 216]]",0.9660710199496578,0.9343688382761257,0.9811543987154567,0.9514443761524278,0.9945623018775909,0.9730033390150093,8.06225774829855,2.743237375139494,-0.030280680188485967,141.9045520005966
bus_0073-r,,,,,,,387,276,"[[16, 60, 212, 217]]",0.9601007476112422,0.9232632347852832,0.9517675967025999,0.9685811083326611,0.9851617937525909,0.976871451042626,10.0,3.2701601654317685,0.01766556424941518,141.9045520005966
bus_0074-s,,,,,,,386,406,"[[39, 126, 365, 238]]",0.958783485102997,0.920830078456679,0.9920234174899378,0.9276988879384089,0.9982900753778698,0.9629944816581394,6.324555320336759,2.9286977942513057,-0.06484174508126604,141.9045520005966
bus_0075-l,,,,,,,352,276,"[[79, 84, 216, 146]]",0.9593674156423706,0.9219079145350587,0.9804768763002081,0.9391477621091355,0.9986538376660634,0.9689007998875995,7.024873734152918,1.4873028292592922,-0.042152053954629065,141.9045520005966
bus_0075-r,,,,,,,352,276,"[[99, 89, 234, 151]]",0.9334771664868752,0.8752528658125421,0.9605920444033302,0.9078510229061024,0.9976704253387727,0.9527607241224376,7.0,2.263503069702865,-0.0549047036195139,141.7562695005472
bus_0076-l,,,,,,,385,276,"[[101, 121, 214, 173]]",0.9454088050314465,0.896469465648855,0.9584289722009691,0.9327376520228344,0.998405571695474,0.9655716118591542,4.0,1.545613275567964,-0.02680565897244974,141.7562695005472
bus_0076-r,,,,,,,385,277,"[[57, 114, 140, 165]]",0.96179706601467,0.9264056520459228,0.9377234803337307,0.9871392722710163,0.9979798370337435,0.9925595546523799,3.1622776601683795,1.0743796600758921,0.05269761606022585,141.7562695005472
bus_0077-s,,,,,,,408,416,"[[16, 75, 289, 266]]",0.9763766873794729,0.9538437385525145,0.9882346562567773,0.9647999153080669,0.9967107257624447,0.9807553205352557,5.602516361020792,2.2541504036284374,-0.023713741266144398,141.7562695005472
bus_0078-s,,,,,,,408,417,"[[81, 88, 238, 160]]",0.9611668640528579,0.9252370094803792,0.9858074415036441,0.9377280467039649,0.9993144508813321,0.9685212487926484,4.123105625617661,1.5864367067516274,-0.04877158842130869,141.86550700014777
bus_0079-l,,,,,,,346,280,"[[14, 104, 192, 229]]",0.9574253640565809,0.9183278885259017,0.9741159830268741,0.9412970682703479,0.9955499896652765,0.9684235289678123,6.324555320336759,2.4990254084629506,-0.033690972459509326,141.86550700014777
bus_0079-r,,,,,,,346,281,"[[16, 103, 206, 233]]",0.9459540161242161,0.8974504249291785,0.911130284728214,0.9835454827693263,0.9809543767951578,0.982249929782242,9.853921515277655,3.38292331270063,0.07947842285004657,141.86550700014777
bus_0080-l,,,,,,,316,277,"[[75, 136, 123, 153]]",0.8205479452054795,0.6957026713124274,0.6957026713124274,1.0,0.9969861847629784,0.9984930923814892,4.104639781775011,2.0852002459967074,0.4373956594323873,141.86550700014777
bus_0080-r,,,,,,,316,277,"[[125, 140, 176, 157]]",0.894070619586942,0.808433734939759,0.808433734939759,1.0,0.9981694891838685,0.9990847445919342,3.0,1.2981639173321942,0.23695976154992549,143.18128474951664
bus_0081-s,,,,,,,352,277,"[[31, 22, 236, 133]]",0.9633932422717469,0.9293719485130937,0.966143730534087,0.9606583701324769,0.9926686400139882,0.9766635050732326,6.082762530298219,2.29618197689013,-0.005677582152893273,143.18128474951664
bus_0082-s,,,,,,,386,408,"[[101, 151, 279, 242]]",0.68775600575667,0.524106803897583,0.5253033441846701,0.9956727301867137,0.9225703232213173,0.9591215267040154,99.39773296511687,25.260173967813333,0.8954243128455806,143.18128474951664
bus_0083-l,,,,,,,389,277,"[[66, 117, 188, 186]]",0.9425164347959027,0.8912823478386583,0.8959453567795379,0.9941944847605225,0.9929494249251615,0.993571954842842,8.48528137423857,2.253405040589645,0.10965973230124174,143.18128474951664
bus_0083-r,,,,,,,389,276,"[[68, 114, 179, 190]]",0.9339608085172041,0.8761036329425387,0.8842951059167276,0.9895373549125388,0.992177546001363,0.990857450456951,5.830951894845301,2.624707795906966,0.11901258786987085,142.4707447504261
bus_0084-l,,,,,,,333,277,"[[66, 52, 186, 154]]",0.9449529621154336,0.8956500783226895,0.9241576526171826,0.9667056834438809,0.9927855047781247,0.9797455941110027,5.656854249492381,2.2627558767499467,0.04603979711275848,142.4707447504261
bus_0084-r,,,,,,,333,276,"[[112, 53, 225, 158]]",0.9144445179646662,0.8423747409484335,0.8846498527717321,0.9463160777869077,0.989350637070657,0.9678333574287823,9.919595949289326,3.494402270075208,0.06970692960832649,142.4707447504261
bus_0085-l,,,,,,,409,282,"[[44, 108, 165, 173]]",0.9703691161530646,0.9424436770268048,0.9672573839662447,0.9735009342619331,0.998227517336525,0.985864225799229,3.0,1.080179843112077,0.006454900628503482,142.4707447504261
bus_0085-r,,,,,,,409,279,"[[99, 105, 213, 166]]",0.7214966466643135,0.5643290999447819,0.5660795391602969,0.9945504087193461,0.9640553164545346,0.9793028625869403,72.11933643373432,14.953689532078654,0.7569093032308292,142.60258374997647
bus_0086-l,,,,,,,346,280,"[[1, 19, 279, 130]]",0.9652436812190107,0.9328222149502127,0.9882620969738992,0.9432731398317103,0.9968702955391807,0.9700717176854455,7.0,2.101852040338245,-0.045523305285052475,142.60258374997647
bus_0086-r,,,,,,,346,280,"[[39, 38, 215, 136]]",0.9571373605232781,0.9177981109799291,0.9672602846255541,0.9472241261137766,0.9949730743053649,0.9710986002095707,5.0,2.3503089928716543,-0.020714340111187265,142.60258374997647
bus_0087-l,,,,,,,346,281,"[[75, 37, 245, 116]]",0.9268123080489077,0.8636069114470842,0.959908774456848,0.8959220255433565,0.9962174405436014,0.946069733043479,6.4031242374328485,3.0052892357509036,-0.0666591978489805,142.60258374997647
bus_0087-r,,,,,,,346,280,"[[39, 39, 232, 106]]",0.9267537826685007,0.8635052867670618,0.9363057324840764,0.9173947577442415,0.9937547549025174,0.9555747563233794,6.0,2.8351256314157918,-0.020197435606490413,142.21602575071302
bus_0088-s,,,,,,,386,403,"[[73, 89, 375, 217]]",0.9213752867712971,0.8542130320872187,0.8661696232182134,0.9840971050240166,0.9624436855690763,0.9732703952965465,48.699970152242834,7.064417278551164,0.1361482539270414,142.21602575071302
bus_0089-s,,,,,,,386,403,"[[6, 33, 370, 279]]",0.9809399118968224,0.9625928081656989,0.9896952358710883,0.9723381372338137,0.9917737669389325,0.9820559520863731,8.0,2.500723190112478,-0.017537821753782174,142.21602575071302
bus_0090-l,,,,,,,298,277,"[[79, 53, 203, 119]]",0.9654342218400688,0.9331781914893617,0.9565513716135627,0.9744835965978129,0.9966790388747803,0.9855813177362966,3.605551275463989,1.2474012600325834,0.018746745356708904,142.21602575071302
bus_0090-r,,,,,,,298,277,"[[57, 77, 165, 121]]",0.9510112359550562,0.9065981148243359,0.9844913151364765,0.9197334106056215,0.9993678487894304,0.959550629697526,4.0,1.2430176766062773,-0.06577803535207186,142.4066315003074
bus_0091-l,,,,,,,385,275,"[[68, 112, 237, 209]]",0.7651090830754769,0.6195762496828217,0.7334785220787023,0.7995906672124438,0.9621076233183856,0.8808491452654147,31.78049716414141,12.510520798552491,0.09013507981989358,142.4066315003074
bus_0091-r,,,,,,,385,275,"[[49, 113, 204, 214]]",0.7928414175129608,0.6567831509589364,0.7107206518971225,0.896418821262245,0.9513599725971676,0.9238893969297064,37.51265514962799,12.220415917655732,0.261281515978802,142.4066315003074
bus_0092-l,,,,,,,352,275,"[[58, 48, 208, 113]]",0.9361560481991879,0.8799749687108886,0.8936197254702593,0.9829442192087237,0.9906633797003804,0.986803799454552,5.830951894845301,2.436321549365006,0.09995805955543129,142.4066315003074
bus_0092-r,,,,,,,352,276,"[[43, 42, 178, 101]]",0.8419784580498866,0.7270835883000857,0.7277070063694268,0.9988231338264963,0.97562606903206,0.9872246014292781,28.85563387890117,6.870374331555797,0.3725622057834566,141.9988657498834
bus_0093-s,,,,,,,384,405,"[[33, 32, 365, 175]]",0.9547983693256942,0.9135063908288312,0.959131156613171,0.9505045519359439,0.9875936565534388,0.9690491042446914,8.06225774829855,3.843532048644634,-0.0089941866842163,141.9988657498834
bus_0094-l,,,,,,,371,275,"[[84, 47, 184, 125]]",0.9548506210137631,0.9136020555644773,0.993711790393013,0.9189145533839445,0.9996243504393013,0.9592694519116229,4.0,1.7099122912319158,-0.07527055403004361,141.9988657498834
bus_0094-r,,,,,,,371,276,"[[88, 54, 224, 124]]",0.9527381845461366,0.9097421203438395,0.955685618729097,0.9498088748545787,0.9972504383735046,0.9735296566140417,4.242640687119285,1.5990322974224085,-0.006149243809207246,141.9988657498834
bus_0095-s,,,,,,,383,405,"[[29, 91, 333, 174]]",0.957553251843829,0.9185632297644963,0.9994078699467083,0.9190634127023415,0.9999184665787094,0.9594909396405255,5.0,2.4002096272733153,-0.08039205979901985,142.16366949949588
bus_0096-s,,,,,,,386,405,"[[91, 53, 397, 217]]",0.9819543201896143,0.9645483888036404,0.9931624397286769,0.9709963512397795,0.9978869030080062,0.9844416271238928,5.0,1.6789093954336765,-0.02231869390364077,142.16366949949588
bus_0097-l,,,,,,,372,276,"[[86, 64, 158, 111]]",0.9201277955271565,0.8520710059171598,0.8918249380677127,0.9502859656841179,0.9973904122551022,0.97383818896961,6.062071897723665,1.81895017185518,0.06555213374395072,142.16366949949588
bus_0097-r,,,,,,,372,275,"[[96, 61, 180, 108]]",0.9334140435835351,0.8751418842224744,0.8968592477704537,0.9730753050063105,0.9973379502216707,0.9852066276139906,3.605551275463989,1.4650864914398822,0.08498106857383256,142.16366949949588
bus_0098-l,,,,,,,386,273,"[[47, 70, 222, 196]]",0.9442837378946044,0.8944484155349058,0.9877647677937114,0.9044693410432478,0.997904839145715,0.9511870900944814,10.44030650891055,3.4620622848943605,-0.08432718949524154,142.70942650000507
bus_0098-r,,,,,,,386,277,"[[54, 63, 195, 181]]",0.9327863916905013,0.8740390718668454,0.8991511282014075,0.9690358902181563,0.9852336587594148,0.9771347744887855,18.172653067853748,3.8704891202462113,0.07772304324028462,142.70942650000507
bus_0099-l,,,,,,,353,275,"[[90, 92, 232, 212]]",0.8544427254994282,0.7458751688098174,0.7749511957052221,0.9521061310148403,0.9559432959526113,0.9540247134837259,37.35103509383137,8.801918095188853,0.22860140908409535,142.70942650000507
bus_0099-r,,,,,,,353,276,"[[82, 89, 226, 216]]",0.9459830790368067,0.8975027442371021,0.9934690157958688,0.9028295376121463,0.9989630808555788,0.9508963092338626,5.830951894845301,3.309600546795641,-0.09123533471359559,142.70942650000507
bus_0100-l,,,,,,,316,278,"[[74, 96, 193, 149]]",0.9537591859807801,0.9116057920899071,0.9978708303761533,0.913382416630576,0.999891865913733,0.9566371412721545,3.605551275463989,1.4129881300695886,-0.08466868774361196,142.55363724987546
bus_0100-r,,,,,,,316,277,"[[82, 100, 177, 154]]",0.8579066419905408,0.7511703276917537,0.7760416666666666,0.9590804597701149,0.9855257146978914,0.9723030872340032,32.914598989960915,5.346005087503782,0.23586206896551723,142.55363724987546
bus_0101-l,,,,,,,316,276,"[[76, 108, 162, 159]]",0.932387706855792,0.8733392382639504,0.9886363636363636,0.882195049209663,0.999594576869418,0.9408948130395405,5.009901951359275,1.8447673847229482,-0.1076647778109156,142.55363724987546
bus_0101-r,,,,,,,316,276,"[[91, 103, 180, 151]]",0.9449076344613373,0.8955686396033468,0.956953642384106,0.9331611236680659,0.9984545703111068,0.9658078469895863,3.561223913934418,1.4359714546623155,-0.02486277042298999,142.55363724987546
bus_0102-l,,,,,,,371,275,"[[52, 82, 255, 235]]",0.8706609462662387,0.7709473460496254,0.9838622186059127,0.7808211806489802,0.9971477193739364,0.8889844500114583,20.712090087386557,6.125140740507443,-0.20637141473389659,142.5642579997657
bus_0102-r,,,,,,,371,276,"[[128, 82, 241, 206]]",0.920773270756509,0.8531787119486436,0.9342403628117913,0.9076889182639348,0.9937846931995971,0.950736805731766,8.365746312736945,2.9615129241766622,-0.028420356906807668,142.5642579997657
bus_0103-s,,,,,,,387,402,"[[42, 55, 339, 324]]",0.9484339225628239,0.9019251789429146,0.950910780669145,0.9459699339879071,0.9739785009803632,0.9599742174841351,14.035668847618199,5.702359452547878,-0.005195909838945286,142.5642579997657
bus_0104-s,,,,,,,383,403,"[[3, 56, 305, 270]]",0.957839420743326,0.9190900517715891,0.9440918885791669,0.9719932425556166,0.9731224695394324,0.9725578560475245,12.041594578792296,4.354650802193223,0.02955364230323014,142.5642579997657
bus_0105-l,,,,,,,352,275,"[[108, 99, 208, 141]]",0.9311531841652324,0.8711755233494364,0.918194161575017,0.9444832402234636,0.9974344234372339,0.9709588318303488,4.47213595499958,1.6041726754251948,0.02863128491620112,142.56314574959106
bus_0105-r,,,,,,,352,275,"[[149, 96, 216, 137]]",0.9275286757038582,0.8648517258142927,0.8690766976062531,0.9944102850754611,0.9971792739788025,0.9957947795271318,3.1622776601683795,1.4445569634277267,0.1442146450531023,142.56314574959106
bus_0106-l,,,,,,,372,274,"[[29, 66, 242, 228]]",0.9765521985896921,0.9541788034954066,0.9965288611544462,0.9573607104050358,0.9988171028323077,0.9780889066186718,5.0,1.9949804515435718,-0.039304582412229755,142.56314574959106
bus_0106-r,,,,,,,372,277,"[[14, 66, 247, 228]]",0.9833124399654852,0.9671726876761465,0.9933554817275747,0.9734704403326672,0.9971953014356725,0.9853328708841698,4.0,1.5164804517718622,-0.02001805170524144,142.56314574959106
bus_0107-l,,,,,,,316,276,"[[19, 40, 244, 203]]",0.9591746556262127,0.9215519787359716,0.9901630240767919,0.9300670640834575,0.9958924075791705,0.962979735831314,11.180339887498949,3.413312928058524,-0.0606929955290611,143.3505132499704
bus_0107-r,,,,,,,316,277,"[[11, 41, 267, 225]]",0.939872902069415,0.8865662465416538,0.9050682567079869,0.9774614472123369,0.9303610482292906,0.9539112477208137,14.422205101855956,5.815843575267925,0.07998644297576682,143.3505132499704
bus_0108-l,,,,,,,333,275,"[[28, 31, 131, 75]]",0.8963339764953517,0.812142403051494,0.8432343234323433,0.9565705728191688,0.9946571582830919,0.9756138655511304,6.324555320336759,2.388321546932775,0.13440658929239985,143.3505132499704
bus_0108-r,,,,,,,333,276,"[[95, 35, 169, 77]]",0.9048323471400395,0.8262044124268347,0.8598875351452671,0.9547346514047866,0.9966772609072523,0.9757059561560195,5.0,1.923365293589413,0.11030176899063475,143.3505132499704
bus_0109-s,,,,,,,384,405,"[[49, 69, 373, 183]]",0.9264542105714041,0.8629852771017037,0.979618642148648,0.8787632551903466,0.9965624450946091,0.9376628501424779,19.599285885966555,4.2577672046656,-0.10295372364197782,141.67966899913154
bus_0110-l,,,,,,,384,275,"[[70, 62, 128, 99]]",0.8961474036850922,0.8118361153262519,0.8201328564128768,0.9876923076923076,0.9966145708102909,0.9921534392512993,8.424886747684637,2.2333474221435248,0.2043076923076923,141.67966899913154
bus_0110-r,,,,,,,384,276,"[[87, 63, 135, 99]]",0.9179970972423802,0.8484238765928906,0.8530006743088334,0.9937156323644933,0.9979180792848888,0.9958168558246911,4.1350591317678225,1.498139055436382,0.16496465043205027,141.67966899913154
bus_0111-l,,,,,,,316,278,"[[42, 100, 222, 205]]",0.9647317895606097,0.9318665248604094,0.9903221248940378,0.9404306701549607,0.9981217696494427,0.9692762199022017,5.830951894845301,2.063866144274528,-0.05037901656939693,141.67966899913154
bus_0111-r,,,,,,,316,277,"[[22, 84, 232, 201]]",0.9744315258771479,0.9501379483320792,0.972630173564753,0.9762395629316565,0.9921767209746074,0.9842081419531319,4.47213595499958,1.7022727661789911,0.0037109576332336872,140.5576787501559
bus_0112-l,,,,,,,317,278,"[[114, 106, 204, 162]]",0.9296610169491526,0.8685669041963578,0.9966686856450636,0.8710958178930651,0.9998695878977569,0.935482702895411,5.0,2.0325674017236914,-0.12599258867125462,140.5576787501559
bus_0112-r,,,,,,,317,277,"[[137, 105, 232, 157]]",0.9125446200917899,0.8391559202813599,0.8449008498583569,0.9919623059866962,0.9921972423130366,0.9920797741498664,7.211102550927978,2.6591047345824896,0.17405764966740578,140.5576787501559
bus_0113-s,,,,,,,385,405,"[[113, 25, 340, 166]]",0.9685824764917831,0.9390789417628765,0.9980078779372481,0.9408425455631909,0.9996679145030793,0.9702552300331351,5.898571136907157,2.406151262379458,-0.057279440010243717,140.5576787501559
bus_0114-s,,,,,,,386,269,"[[1, 44, 237, 272]]",0.9498210105164063,0.9044372626265009,0.9963617463617463,0.9074341435705664,0.9977266453404349,0.9525803944555007,10.770329614269007,5.151899001014589,-0.0892523253887482,141.60864199948264
bus_0115-l,,,,,,,371,274,"[[89, 133, 215, 186]]",0.9495849362219073,0.9040092521202776,0.9824046920821115,0.9188871473354232,0.9991299844640082,0.9590085658997157,4.47213595499958,1.6094297525732342,-0.06465517241379311,141.60864199948264
bus_0115-r,,,,,,,371,277,"[[100, 126, 221, 184]]",0.9623538011695907,0.9274392391687214,0.9346822861199858,0.991713747645951,0.9962239757021045,0.9939688616740278,3.0567971810589367,1.2754621147842666,0.061016949152542375,141.60864199948264
bus_0116-l,,,,,,,370,275,"[[93, 56, 181, 102]]",0.936,0.8796992481203008,0.8838836038052602,0.9946473551637279,0.9957899648994664,0.9952186600315971,4.123105625617661,1.8210447931053684,0.1253148614609572,141.60864199948264
bus_0116-r,,,,,,,370,276,"[[83, 64, 193, 113]]",0.9593516209476309,0.9218787443086508,0.9512858555885262,0.9675553319919518,0.9979927453537659,0.9827740386728588,3.1622776601683795,1.1624093760696224,0.01710261569416499,147.0798032496532
bus_0117-l,,,,,,,352,276,"[[44, 146, 229, 237]]",0.9697979918244235,0.9413668233299947,0.9674558555705123,0.9721514958625079,0.9951409249976355,0.9836462104300717,6.4031242374328485,1.561217808852475,0.00485359643539147,147.0798032496532
bus_0117-r,,,,,,,352,276,"[[79, 145, 213, 227]]",0.9537127503663898,0.911520952492121,0.990738391271251,0.9193548387096774,0.999176611247716,0.9592657249786967,6.324555320336759,2.028090086305059,-0.07205085943018602,147.0798032496532
bus_0118-l,,,,,,,352,273,"[[14, 60, 215, 144]]",0.9527598626350615,0.9097816524034231,0.9978070175438597,0.9116044237858631,0.999701021311201,0.9556527225485321,5.385164807134504,2.2994230156936064,-0.0863920500080141,147.0798032496532
bus_0118-r,,,,,,,352,278,"[[64, 58, 234, 143]]",0.9731349052957093,0.9476755128929042,0.9651140502204332,0.9812901968427207,0.99584446423271,0.9885673305377154,3.605551275463989,1.2644232448220851,0.016760865328396025,142.4650279996058
bus_0119-l,,,,,,,351,275,"[[16, 79, 239, 187]]",0.9633994026608743,0.9293834145319294,0.9416166870123667,0.9862137973205848,0.985993684424977,0.9861037408727809,8.48528137423857,2.3130886633830627,0.047362276947023184,142.4650279996058
bus_0119-r,,,,,,,351,276,"[[36, 66, 183, 166]]",0.9257415387189892,0.8617493574265909,0.8840591290451458,0.9715489989462592,0.9830268575706532,0.9772879282584562,20.615528128088304,4.244480720998625,0.09896382156656129,142.4650279996058
bus_0120-l,,,,,,,371,275,"[[97, 139, 178, 188]]",0.9157212317666127,0.8445440956651719,0.9933192686357243,0.849368610944077,0.9998074955166719,0.9245880532303745,6.4031242374328485,2.3012017358699035,-0.1449188214070956,142.4650279996058
bus_0120-r,,,,,,,371,276,"[[139, 146, 209, 194]]",0.9379600420609885,0.8831683168316832,0.9221226740179187,0.9543509272467903,0.9977307414250141,0.9760408343359022,3.605551275463989,1.6518631410145026,0.03495007132667618,141.95840525007952
bus_0121-s,,,,,,,383,293,"[[89, 74, 204, 122]]",0.909198672356567,0.8335144533797001,0.8495790872840053,0.977817440081591,0.9937302048994894,0.9857738224905401,7.810249675906654,2.545514356658309,0.1509433962264151,141.95840525007952
bus_0122-s,,,,,,,382,293,"[[50, 63, 183, 123]]",0.96230911819225,0.927356243620279,0.9957983193277311,0.930999146029035,0.9997831641070604,0.9653911550680476,4.123105625617661,1.320826967738451,-0.06507258753202391,141.95840525007952
bus_0123-l,,,,,,,333,274,"[[71, 101, 161, 181]]",0.9314786192684184,0.8717454194792671,0.9832499456167065,0.884886452623336,0.9991060440708663,0.9419962483471012,8.06225774829855,2.2992588732886863,-0.10003915426781519,141.95840525007952
bus_0123-r,,,,,,,333,276,"[[81, 119, 163, 193]]",0.9211037699183832,0.8537463976945245,0.9279561472200469,0.9143518518518519,0.9968643490115883,0.9556081004317201,6.4031242374328485,2.297729917691721,-0.014660493827160493,142.10881750022963
bus_0124-l,,,,,,,385,275,"[[66, 83, 239, 211]]",0.9023212226066898,0.8220266631641163,0.9616625691456668,0.849877783813145,0.9945253272186687,0.9222015555159069,17.0,5.153600688460467,-0.11624117327539381,142.10881750022963
bus_0124-r,,,,,,,385,276,"[[45, 85, 254, 209]]",0.9378527607361963,0.882978108935482,0.9602990137571455,0.91643186859301,0.9929447750030699,0.95468832179804,10.0,3.6133974278132204,-0.04568071458545651,142.10881750022963
bus_0125-l,,,,,,,370,275,"[[68, 43, 165, 88]]",0.9276305594297226,0.8650289017341041,0.8826304924800944,0.9774657086871326,0.9959670881971465,0.9867163984421395,7.280109889280518,1.9307813358797445,0.10744611365120836,142.10881750022963
bus_0125-r,,,,,,,370,275,"[[111, 45, 181, 85]]",0.8796234028244788,0.7851140456182473,0.7959432048681542,0.9829659318637275,0.994957595685386,0.9889617637745567,7.810249675906654,2.809823543004241,0.23496993987975953,142.2589469993909
bus_0126-s,,,,,,,383,402,"[[34, 123, 344, 264]]",0.945851406184413,0.8972657286965755,0.9213395638629284,0.9717031500266952,0.9844156244937007,0.9780593872601979,23.583469410875626,3.6986837729110493,0.054663435870056266,142.2589469993909
bus_0127-s,,,,,,,384,402,"[[12, 131, 282, 262]]",0.9292985457656117,0.8679343266887708,0.9292587998802446,0.9293382950511142,0.9873729855178679,0.958355640284491,16.08253231697503,5.365271645983552,8.554685829162924e-05,142.2589469993909
bus_0128-s,,,,,,,384,404,"[[101, 75, 306, 164]]",0.9248799072386947,0.860257299129497,0.9968755579360828,0.8625830372315774,0.9997538504817498,0.9311684438566636,8.06225774829855,3.5834975751229563,-0.1347134249961378,142.2589469993909
bus_0129-l,,,,,,,353,274,"[[93, 173, 159, 204]]",0.8992294013040901,0.8169089929994615,0.832144816236972,0.9780786589297228,0.9967847348456988,0.9874316968877108,4.47213595499958,2.006734645802921,0.17537072856221791,142.063972500182
bus_0129-r,,,,,,,353,277,"[[129, 157, 208, 189]]",0.9002195657477433,0.8185448092280391,0.837874659400545,0.9725882973115445,0.9962767510742147,0.9844325241928795,4.123105625617661,1.9827900247430503,0.16078017923036372,142.063972500182
bus_0130-l,,,,,,,383,277,"[[81, 87, 154, 183]]",0.8859306862520082,0.7952204367531932,0.8356787183373025,0.9426129426129426,0.9925585317071258,0.9675857371600343,9.412537464580227,3.0141911897522338,0.12796092796092795,142.063972500182
bus_0130-r,,,,,,,383,276,"[[71, 93, 170, 193]]",0.9246557319533374,0.8598694942903752,0.9349059950336999,0.9146277980218636,0.9963279803892141,0.9554778892055389,8.0,2.679493503482161,-0.021690091965989935,142.063972500182
bus_0131-l,,,,,,,368,274,"[[11, 35, 262, 156]]",0.9669706180344478,0.9360533542565712,0.9913212076447235,0.9437876324001231,0.9975921822769247,0.9706899073385239,6.324555320336759,2.3635278495959957,-0.04794972091592317,141.77965825001593
bus_0131-r,,,,,,,368,275,"[[66, 33, 251, 154]]",0.9524174302466044,0.9091573855326809,0.9995052872425948,0.9095666854248734,0.9999041112309721,0.9547353983279228,8.57024843009382,3.1391901530428368,-0.08998311761395611,141.77965825001593
bus_0132-l,,,,,,,350,275,"[[69, 22, 197, 119]]",0.9681038961038961,0.9381796214256948,0.9515931372549019,0.9851977162190738,0.9945386671582634,0.9898681916886687,3.0,1.5808720712480322,0.035314019877352505,141.77965825001593
bus_0132-r,,,,,,,350,275,"[[83, 29, 215, 124]]",0.9631298844512634,0.9288819014149635,0.941595575138277,0.9856722276741904,0.9927608645131304,0.9892165460936604,10.049509756796393,1.954914794749331,0.046810598626104025,141.77965825001593
bus_0133-l,,,,,,,384,278,"[[15, 75, 199, 153]]",0.9295884153748968,0.8684401670601053,0.9593781344032096,0.9015929870864361,0.9957875248328011,0.9486902559596186,12.782337649086266,3.151058730314852,-0.060231878593646905,142.30978975047037
bus_0133-r,,,,,,,384,275,"[[29, 79, 208, 157]]",0.9684071235595744,0.9387493319080705,0.9524945770065076,0.9848603790512505,0.9954697309764902,0.9901650550138703,3.472569190875276,1.2606746050683244,0.033980038129415725,142.30978975047037
bus_0134-l,,,,,,,296,278,"[[56, 38, 233, 141]]",0.9298886858282107,0.8689644465145164,0.9014334031244967,0.9601990049751243,0.9826702534333852,0.9714346292042548,13.416407864998739,3.628834309851875,0.06519128495453766,142.30978975047037
bus_0134-r,,,,,,,296,277,"[[27, 37, 189, 126]]",0.9279241745651494,0.8655396871660351,0.9128073770491804,0.9435500953187884,0.9882701585113715,0.9659101269150799,8.06225774829855,3.0934583253652024,0.03367930523194238,142.30978975047037
bus_0135-l,,,,,,,352,273,"[[44, 67, 169, 141]]",0.9364221745244615,0.8804453723034099,0.8969232950517511,0.9795602353669867,0.9918896003926906,0.9857249178798386,9.219544457292887,2.5560246058859737,0.09213378755032518,142.0562377497845
bus_0135-r,,,,,,,352,277,"[[71, 66, 206, 140]]",0.9564566437928883,0.916547106647537,0.9279748214501876,0.9867421804608058,0.993369365353541,0.9900557729071734,5.717788425365907,1.8805554158824032,0.06332861372119963,142.0562377497845
bus_0136-l,,,,,,,350,273,"[[9, 97, 267, 228]]",0.9363197544079332,0.8802643071431284,0.9980194609489366,0.8818046943356032,0.999335864747412,0.9405702795415076,11.40175425099138,4.721309574296473,-0.1164453912580363,142.0562377497845
bus_0136-r,,,,,,,350,278,"[[2, 94, 270, 218]]",0.9684998606188523,0.9389236352405219,0.9561251769146092,0.981199063987735,0.984609868439198,0.9829044662134665,8.54400374531753,2.26891631654788,0.026224481562172195,142.0562377497845
bus_0137-l,,,,,,,316,277,"[[82, 116, 173, 152]]",0.926558321333059,0.8631659639708701,0.9868536371603857,0.8732066692516479,0.9996468635598508,0.9364267664057493,4.0,1.6510482264714788,-0.11516091508336565,144.0522744996997
bus_0137-r,,,,,,,316,276,"[[102, 115, 170, 145]]",0.9429339707200478,0.8920293951384963,0.9017142857142857,0.9881026925485284,0.9979911001062848,0.9930468963274066,3.1622776601683795,1.098255159760019,0.09580463368816532,144.0522744996997
bus_0138-s,,,,,,,383,293,"[[77, 39, 230, 171]]",0.9683170300136881,0.9385800271827066,0.9565332102104083,0.9803948080043267,0.9932359612838331,0.9868153846440799,6.082762530298219,1.9761081459157865,0.024945916711736075,144.0522744996997
bus_0139-l,,,,,,,314,278,"[[88, 23, 193, 83]]",0.9812165450121655,0.9631257164692396,0.9799766718506998,0.9824595595400507,0.9987463638465939,0.9906029616933223,2.0,0.7040690135064468,0.002533619177548236,144.0522744996997
bus_0139-r,,,,,,,314,276,"[[84, 24, 190, 80]]",0.924222602395089,0.8591206735266604,0.8607310215557639,0.9978270317253368,0.9909458701957057,0.9943864509605213,8.94427190999916,2.58997422997881,0.15927857453281183,141.19357949948608
bus_0140-l,,,,,,,384,273,"[[83, 32, 153, 68]]",0.8075454749607006,0.6772128060263654,0.6808027262400606,0.9922737306843267,0.9918171228887595,0.9920454267865431,13.181254081889966,4.416548534135027,0.4575055187637969,141.19357949948608
bus_0140-r,,,,,,,384,277,"[[123, 25, 215, 65]]",0.8786000729128691,0.783485045513654,0.7845052083333334,0.9983429991714996,0.9936317986801855,0.9959873989258425,7.211102550927978,2.851224877950292,0.27257663628831813,141.19357949948608
bus_0141-l,,,,,,,346,280,"[[25, 38, 223, 123]]",0.8289753883749346,0.7079060338659671,0.7124084963398536,0.9911511812338258,0.9435460124144592,0.9673485968241425,28.231188426986208,9.48282902653754,0.39126805242507723,141.19357949948608
bus_0141-r,,,,,,,346,280,"[[35, 36, 195, 106]]",0.7982953257469284,0.664302422093111,0.6645029813570835,0.9995458673932789,0.9495299300572259,0.9745378987252524,43.86898878865397,11.097810553196355,0.5042007266121707,145.3839562500434
bus_0142-l,,,,,,,350,274,"[[69, 64, 200, 176]]",0.9468735307945463,0.8991071428571429,0.9139774102460669,0.982226075647556,0.990158411500698,0.986192243574127,8.538131508209633,2.5863103451301113,0.07467215779776742,145.3839562500434
bus_0142-r,,,,,,,350,276,"[[115, 52, 221, 157]]",0.9574928774928775,0.9184521206821163,0.9348019581664442,0.9813127773884607,0.9933437833662736,0.9873282803773671,5.385164807134504,2.0018340505847716,0.049754730203223546,145.3839562500434
bus_0143-l,,,,,,,369,274,"[[52, 28, 203, 104]]",0.9652037851128829,0.9327476958525346,0.9781032920567805,0.95264009413149,0.9984624683215456,0.9755512812265178,2.8284271247461903,1.1935875699761587,-0.026033240182379763,145.3839562500434
bus_0143-r,,,,,,,369,277,"[[111, 25, 183, 85]]",0.9074322511403273,0.8305500982318271,0.8440229598203145,0.9811430229184799,0.9936719113865096,0.9874074671524947,7.0,2.901989664649212,0.1624601102407891,142.23914174999663
bus_0144-l,,,,,,,382,273,"[[32, 54, 191, 123]]",0.9768942667819073,0.9548321694075242,0.9642816516892276,0.9898411957029426,0.9967196673700925,0.9932804315365176,2.23606797749979,1.0038911650159308,0.026506305464736105,142.23914174999663
bus_0144-r,,,,,,,382,276,"[[74, 55, 208, 135]]",0.8850253051503424,0.7937626829007797,0.7987962166809974,0.9921238819917234,0.9808864520476613,0.9865051670196924,17.017601498127007,5.158100303404767,0.2420237618475504,142.23914174999663
bus_0145-l,,,,,,,350,274,"[[58, 62, 235, 188]]",0.9695504152216106,0.9409003890569999,0.9862765406525117,0.9533821412927852,0.9973473141555825,0.9753647277241839,4.242640687119285,1.9119563724219952,-0.0333521056254302,142.23914174999663
bus_0145-r,,,,,,,350,275,"[[38, 68, 219, 190]]",0.974910394265233,0.951048951048951,0.985383064516129,0.9646579905014494,0.9971013406299587,0.980879665565704,4.0,1.583827156062374,-0.021032504780114723,142.22744450034952
bus_0146-l,,,,,,,370,275,"[[63, 50, 250, 172]]",0.9701518488466443,0.9420338792278687,0.9696460638359498,0.9706581617860249,0.9937991834802674,0.9822286726331462,6.324555320336759,1.945820303334851,0.0010437808060307335,142.22744450034952
bus_0146-r,,,,,,,370,276,"[[55, 51, 250, 175]]",0.9754791431792559,0.9521320495185694,0.987333827808524,0.963905753912995,0.9973623866836171,0.9806340702983061,5.0,1.6365858544369465,-0.023728624742382888,142.22744450034952
bus_0147-l,,,,,,,371,275,"[[38, 50, 220, 133]]",0.9593465750881752,0.9218694256154121,0.9687880776080232,0.9500873242025921,0.9963465209663617,0.9732169225844769,5.0990195135927845,1.8970374258244327,-0.0193032447835279,142.22744450034952
bus_0147-r,,,,,,,371,276,"[[73, 56, 243, 139]]",0.9470222132267369,0.8993753003363767,0.9979737655966727,0.9010206046601194,0.9997935007064449,0.9504070526832822,7.0710678118654755,2.4108676747706403,-0.09715000962834586,141.43046575009066
bus_0148-l,,,,,,,371,275,"[[100, 61, 199, 97]]",0.8687530722595445,0.7679606025492468,0.769297736506094,0.9977418140760256,0.99199943643829,0.9948706252571577,8.389653325037262,3.1477292961440284,0.29695144900263454,141.43046575009066
bus_0148-r,,,,,,,371,275,"[[122, 61, 204, 100]]",0.904478795085216,0.8256150506512301,0.8259138617444807,0.9995619798510732,0.9951775580998977,0.9973697689754855,6.324555320336759,2.1742114964722923,0.2102496714848883,141.43046575009066
bus_0149-l,,,,,,,352,274,"[[51, 71, 227, 147]]",0.9582790770352623,0.9199,0.9301314459049544,0.9881834783542808,0.9920701408095113,0.990126809581896,5.0,1.8351834334629835,0.062412718874207754,141.43046575009066
bus_0149-r,,,,,,,352,276,"[[86, 76, 236, 148]]",0.9481680071492404,0.9014443500424809,0.9096142069810166,0.9901346487135049,0.9917680784374965,0.9909513635755007,8.06225774829855,2.0630205678828606,0.08852153046260498,141.71387524947932
bus_0150-l,,,,,,,369,275,"[[24, 34, 259, 137]]",0.9597729652284124,0.9226572018858928,0.9241258555738314,0.9982805066773658,0.982981863188461,0.9906311849329135,6.4031242374328485,2.3456500168360557,0.08024302172293231,141.71387524947932
bus_0150-r,,,,,,,369,275,"[[71, 22, 242, 135]]",0.9750376947562406,0.9512912716574043,0.9712302249516054,0.9788751345532831,0.9950237267783538,0.9869494306658184,3.605551275463989,1.5158796996068316,0.007871367061356297,141.71387524947932
bus_0151-l,,,,,,,344,278,"[[82, 167, 226, 237]]",0.9238290937433572,0.8584408743745062,0.8773889636608344,0.9754601226993865,0.9897581760334574,0.982609149366422,11.313708498984761,2.872360894094322,0.11177614843633099,141.71387524947932
bus_0151-r,,,,,,,344,282,"[[116, 158, 221, 225]]",0.8986467826567247,0.8159478435305918,0.8228253540121375,0.9898600689515311,0.9885856402793314,0.9892228546154312,12.029116205154605,3.636335150657384,0.2030014195903468,141.53896150037326
bus_0152-l,,,,,,,385,277,"[[32, 103, 150, 169]]",0.9544950055493896,0.9129511677282378,0.979498861047836,0.9307359307359307,0.9988374288297778,0.9647866797828543,4.0,1.7441432960458692,-0.049783549783549784,141.53896150037326
bus_0152-r,,,,,,,385,276,"[[44, 88, 216, 165]]",0.9713339542585119,0.9442655935613682,0.9703297839346635,0.97234020511758,0.997029200782552,0.984684702950066,3.605551275463989,1.2851466073622688,0.0020718947477468145,141.53896150037326
bus_0153-l,,,,,,,332,274,"[[117, 145, 191, 175]]",0.8873860629226697,0.797568710359408,0.7988353626257279,0.998015873015873,0.995752101591844,0.9968839873038585,6.324555320336759,2.0690044016062945,0.24933862433862433,141.53896150037326
bus_0153-r,,,,,,,332,277,"[[99, 140, 160, 171]]",0.8493778650949574,0.7381900967558338,0.7381900967558338,1.0,0.9949264892408484,0.9974632446204241,5.154065922853793,2.7440958619387246,0.3546646106399383,141.13879675005592
bus_0154-l,,,,,,,352,275,"[[56, 86, 210, 173]]",0.8942708027912977,0.8087611370386084,0.8567415730337079,0.9352385624923341,0.9856171105621172,0.9604278365272256,15.264337522473747,4.434133036127029,0.09162271556482277,141.13879675005592
bus_0154-r,,,,,,,352,275,"[[105, 90, 232, 166]]",0.9163208852005532,0.845564773452457,0.8928571428571429,0.9410511363636364,0.9911430481283422,0.9660970922459893,11.0,3.321337778101812,0.05397727272727273,141.13879675005592
bus_0155-l,,,,,,,383,277,"[[34, 18, 211, 182]]",0.9680667249728023,0.9381098065156276,0.9632789947359484,0.9729022852977748,0.9895491011018751,0.9812256931998249,8.0,2.54079102491885,0.009990138489902671,141.13879675005592
bus_0155-r,,,,,,,383,275,"[[61, 19, 223, 184]]",0.9479311543810849,0.9010162769561266,0.9093183239524703,0.9899686804956652,0.9738876749825918,0.9819281777391284,11.867114959823818,4.196143297501289,0.08869320502927693,141.4877337492726
bus_0156-l,,,,,,,383,275,"[[49, 35, 230, 133]]",0.9533473580002475,0.9108536296996926,0.9832383221305199,0.9252201761409127,0.9978779555124684,0.9615490658266905,5.0,2.3113498645086215,-0.05900720576461169,141.4877337492726
bus_0156-r,,,,,,,383,276,"[[36, 40, 222, 131]]",0.9691977357017373,0.9402363278291168,0.984924224391018,0.9539655702428528,0.997950289117114,0.9759579296799834,4.47213595499958,1.6309121939692228,-0.03143252382416231,141.4877337492726
bus_0157-l,,,,,,,370,275,"[[89, 95, 196, 153]]",0.9377396796751636,0.8827776598003823,0.8984223038685973,0.9806558150507195,0.9951800309708648,0.9879179230107922,5.0,1.8659158753421685,0.0915310214673272,141.4877337492726
bus_0157-r,,,,,,,370,276,"[[116, 92, 182, 147]]",0.8885931558935362,0.7995210400273691,0.8006166495375129,0.9982913284920973,0.9941671093115786,0.996229218901838,6.012414379544731,2.6854823574948106,0.24690303289192653,141.57580749997578
bus_0158-l,,,,,,,370,275,"[[109, 68, 200, 121]]",0.907342018750761,0.830398930242924,0.8510735495660119,0.9715775749674055,0.9933411632538426,0.982459369110624,7.0,2.938963190393335,0.14159061277705345,141.57580749997578
bus_0158-r,,,,,,,370,275,"[[130, 46, 233, 112]]",0.9064143007360673,0.8288461538461539,0.8395608287586329,0.9848358953053594,0.9906536271354296,0.9877447612203945,8.999326419457885,3.2598661546554037,0.17303697548815952,141.57580749997578
bus_0159-l,,,,,,,370,275,"[[45, 153, 231, 259]]",0.9701172529313233,0.9419686422483898,0.9553942593203563,0.9853011228308949,0.9922347940956866,0.9887679584632907,5.830951894845301,1.7250990010720944,0.031303164341612795,141.57580749997578
bus_0159-r,,,,,,,370,275,"[[101, 146, 208, 236]]",0.928851391749153,0.8671545522202927,0.8793710691823899,0.9842320146417007,0.9898676133422084,0.9870498139919546,6.4031242374328485,3.2142468949904943,0.11924538927213853,144.99982125016686
bus_0160-l,,,,,,,383,278,"[[25, 235, 223, 330]]",0.9737434886667605,0.9488305096371493,0.9753225692730734,0.9721695129664769,0.9962057564095615,0.9841876346880192,3.605551275463989,1.4479177234566707,-0.0032328343523789446,144.99982125016686
bus_0160-r,,,,,,,383,275,"[[63, 212, 216, 316]]",0.9746887027394159,0.9506270976859212,0.9742034757422158,0.9751744133369575,0.9969773460037332,0.9860758796703454,2.8284271247461903,1.2908638192022355,0.0009966476397571804,144.99982125016686
bus_0161-l,,,,,,,371,275,"[[126, 84, 184, 140]]",0.8843484965304549,0.7926744989633725,0.8060435699226985,0.9795046968403074,0.9944624459536732,0.9869835713969903,9.0,3.079501962139528,0.215200683176772,144.99982125016686
bus_0161-r,,,,,,,371,276,"[[108, 92, 182, 142]]",0.9307295504789977,0.870434183321847,0.8740484429065744,0.9952718676122931,0.9963548238498668,0.99581334573108,4.0,1.7511484835569942,0.13869188337273444,141.35961499960104
bus_0162-l,,,,,,,364,280,"[[23, 107, 234, 228]]",0.947051637317124,0.8994283773841191,0.9954274976511118,0.9031598090475108,0.999134291542147,0.9511470502948289,11.0,3.315656175148481,-0.09269152080018186,141.35961499960104
bus_0162-r,,,,,,,364,279,"[[75, 102, 234, 220]]",0.9774055595153243,0.9558095769150345,0.9823769611003653,0.9724842209772356,0.9971871248070436,0.9848356728921397,3.1622776601683795,1.3869694457573367,-0.010070207786681796,141.35961499960104
bus_0163-l,,,,,,,364,279,"[[30, 40, 247, 111]]",0.9404842724598326,0.8876548483554036,0.9999037628717159,0.8877306903622693,0.9999888705871878,0.9438597804747285,5.385164807134504,2.6389270360725754,-0.11218386876281614,141.35961499960104
bus_0163-r,,,,,,,364,281,"[[82, 43, 221, 107]]",0.9749447871449243,0.95111441307578,0.9745736906211937,0.9753161663873229,0.9982553462667544,0.9867857563270386,2.0,0.9547243938176024,0.0007618467164406522,143.77732324919634
bus_0164-l,,,,,,,351,275,"[[0, 91, 251, 265]]",0.9695696554580825,0.9409366296264392,0.9652145739448028,0.9739642156571361,0.9812178946866204,0.9775910551718783,10.0,2.7820517248394947,0.009064970575997146,143.77732324919634
bus_0164-r,,,,,,,351,276,"[[32, 103, 247, 276]]",0.9505402203320896,0.9057424007548696,0.9988108067932662,0.9067201943188719,0.9995240503316775,0.9531221223252746,10.816653826391969,4.280919282623246,-0.09220025639295594,143.77732324919634
bus_0165-l,,,,,,,389,249,"[[25, 40, 231, 144]]",0.9562820700777012,0.9162265423081245,0.947090254384946,0.9656540534138687,0.9886087978593042,0.9771314256365864,8.049242250247048,2.6145560697671946,0.019600876413809438,143.77732324919634
bus_0165-r,,,,,,,389,248,"[[28, 27, 225, 134]]",0.9607979294236475,0.9245535171911068,0.9482275247648122,0.9737060968588063,0.9897205625858166,0.9817133297223115,8.06225774829855,2.348211970083543,0.026869682042095836,142.28802249999717
bus_0166-l,,,,,,,352,273,"[[70, 110, 235, 190]]",0.9527703066164604,0.9098006985822888,0.9660739609468747,0.9398280802292264,0.9964118006761045,0.9681199404526655,6.324555320336759,2.0157334872378536,-0.02716756871484665,142.28802249999717
bus_0166-r,,,,,,,352,276,"[[99, 137, 217, 208]]",0.9622859025032938,0.9273131249008094,0.973022481265612,0.9517836781234729,0.9982200345005658,0.9750018563120193,4.024621125123524,1.3739835443420405,-0.021827659227887278,142.28802249999717
bus_0167-l,,,,,,,385,274,"[[41, 24, 234, 91]]",0.977337822219989,0.9556800314465409,0.9887149247661651,0.9662195727769498,0.998836782813728,0.982528177795339,2.23606797749979,0.9499545529338687,-0.02275211127670144,142.28802249999717
bus_0167-r,,,,,,,385,275,"[[50, 24, 213, 95]]",0.9672917045937254,0.9366553061464332,0.9464434152713455,0.9890791759741872,0.9953893494995757,0.9922342627368814,3.605551275463989,1.2744969736800995,0.04504839910647804,141.35196349980106
bus_0168-l,,,,,,,370,276,"[[96, 87, 173, 135]]",0.733566608347913,0.5792382080126307,0.5864135864135864,0.9793126459793127,0.9791168548167428,0.9792147503980277,42.04034247237888,10.964193543900233,0.6700033366700033,141.35196349980106
bus_0168-r,,,,,,,370,276,"[[85, 84, 180, 126]]",0.807308503162333,0.6768795663445675,0.6770391324846771,0.9996519317786287,0.9861960563039689,0.9929239940412988,17.46424919657298,5.321590984823618,0.4765053950574313,141.35196349980106
bus_0169-l,,,,,,,315,277,"[[50, 125, 199, 159]]",0.9558113627924248,0.9153627311522048,0.9312590448625181,0.9816933638443935,0.9965795348167351,0.9891364493305643,3.0,1.0374713112424552,0.05415713196033562,141.35196349980106
bus_0169-r,,,,,,,315,275,"[[106, 125, 234, 157]]",0.9519003311780476,0.908215467950647,0.9294733600246381,0.9754363283775048,0.9972585028312841,0.9863474156043945,2.8284271247461903,1.0256898436549364,0.04945054945054945,142.19065249926643
bus_0170-l,,,,,,,352,274,"[[39, 154, 178, 259]]",0.9198374950455807,0.8515732501605358,0.9995692904059438,0.851885840139488,0.9999532442636556,0.9259195422015718,11.063118960624637,3.9597491510027085,-0.1477470863540424,142.19065249926643
bus_0170-r,,,,,,,352,277,"[[96, 149, 229, 255]]",0.9118436594008376,0.8379711861061773,0.9489328416582858,0.8775446936033895,0.9947965887483348,0.9361706411758621,17.30299104062024,4.348681992837804,-0.07522992663015397,142.19065249926643
bus_0171-l,,,,,,,308,281,"[[105, 100, 187, 146]]",0.9394062627084181,0.8857361963190185,0.9459459459459459,0.932956381260097,0.9984299172138167,0.9656931492369568,4.0,1.3831669452007231,-0.013731825525040387,142.19065249926643
bus_0171-r,,,,,,,308,279,"[[131, 101, 210, 144]]",0.9350595972050966,0.8780393670397529,0.956686291000841,0.9143890675241158,0.9987656392311011,0.9565773533776084,4.0,1.5204296213045516,-0.04421221864951769,140.86537299954216
bus_0172-l,,,,,,,351,275,"[[59, 83, 213, 165]]",0.9608994240141782,0.9247414987741179,0.9326954090957962,0.9908623643632211,0.9928677224564202,0.9918650434098206,7.0710678118654755,1.7681049534134143,0.062364363221016565,140.86537299954216
bus_0172-r,,,,,,,351,276,"[[76, 84, 237, 160]]",0.9625456106460614,0.927795593255405,0.9464964119881807,0.9791484716157205,0.9942199826713485,0.9866842271435345,4.0,1.7087983026875944,0.03449781659388646,140.86537299954216
bus_0173-l,,,,,,,384,278,"[[57, 54, 220, 184]]",0.9470400243494141,0.8994074288191936,0.9458884328925369,0.9481944232820356,0.9923952748168244,0.9702948490494301,9.005538513813736,2.675900691978201,0.0024379094926100867,140.86537299954216
bus_0173-r,,,,,,,384,277,"[[41, 63, 243, 175]]",0.9329346970889064,0.8742995340057806,0.9531832797427653,0.9135285053929122,0.9919239430682361,0.9527262242305741,15.0,3.9624950263873493,-0.04160246533127889,142.09396675050812
bus_0174-l,,,,,,,370,274,"[[64, 57, 204, 128]]",0.9552821714508885,0.914392523364486,0.921975122502827,0.9910858995137763,0.9933919298544309,0.9922389146841036,7.0710678118654755,1.8421989497436932,0.07495948136142626,142.09396675050812
bus_0174-r,,,,,,,370,277,"[[69, 58, 241, 131]]",0.9502613569003611,0.9052361396303902,0.9841500167429401,0.9186288810168786,0.9984713430650648,0.9585501120409716,4.47213595499958,2.103604691612949,-0.06657637007709939,142.09396675050812
bus_0175-l,,,,,,,350,275,"[[39, 108, 154, 181]]",0.9339956060750788,0.8761648745519713,0.953393135725429,0.9153716532484554,0.9973709973709973,0.9563713253097264,7.0710678118654755,2.150139657150689,-0.03988017225238719,142.09396675050812
bus_0175-r,,,,,,,350,276,"[[81, 102, 155, 175]]",0.9451242588621168,0.8959579048074623,0.9421529175050302,0.9481144014173627,0.9975175123314877,0.9728159568744252,5.0,1.5720725858776892,0.006327512022272842,141.64662624989433
bus_0176-l,,,,,,,354,277,"[[111, 62, 157, 86]]",0.8980477223427332,0.8149606299212598,0.8214285714285714,0.9904306220095693,0.9981485671967251,0.9942895946031471,3.8422205101855935,1.4358991387484155,0.20574162679425836,141.64662624989433
bus_0176-r,,,,,,,354,276,"[[108, 63, 170, 87]]",0.9386578839028407,0.8844065166795966,0.8878504672897196,0.9956331877729258,0.9985086838098987,0.9970709357914123,2.8284271247461903,0.9319307067298931,0.12139737991266375,141.64662624989433
bus_0177-l,,,,,,,351,275,"[[34, 87, 234, 165]]",0.9577184402994764,0.9188672977910646,0.9676432006996065,0.947995202193283,0.9956395177542338,0.9718173599737584,5.044558781116746,1.8540753157228835,-0.020305003427004798,141.64662624989433
bus_0177-r,,,,,,,351,275,"[[73, 96, 225, 167]]",0.8399223193230684,0.7240224799713022,0.9717541325629915,0.7395871503603273,0.9980076524259096,0.8687974013931185,19.313207915827967,5.687080185871805,-0.23891535360938074,142.30322325056477
bus_0178-l,,,,,,,384,274,"[[47, 111, 124, 154]]",0.92469761997659,0.8599419448476052,0.8787541713014461,0.9757101687937423,0.9968186638388123,0.9862644163162773,5.0,1.8073852100177208,0.11033347056401811,142.30322325056477
bus_0178-r,,,,,,,384,275,"[[84, 116, 148, 156]]",0.9263266357547656,0.8627639155470249,0.8900990099009901,0.9656283566058003,0.997859993445025,0.9817441750254126,4.104639781775007,1.5907640985482492,0.08485499462943072,142.30322325056477
bus_0179-l,,,,,,,384,274,"[[85, 53, 130, 75]]",0.9449801474758933,0.8956989247311828,0.9054347826086957,0.9881376037959668,0.9991664510936736,0.9936520274448202,2.0,0.815385346867501,0.09134045077105575,142.30322325056477
bus_0179-r,,,,,,,384,275,"[[76, 44, 129, 69]]",0.919800634345265,0.8515100671140939,0.8572635135135135,0.9921798631476051,0.9983839658815992,0.9952819145146021,3.0,1.1968573871976549,0.1573802541544477,142.21410674963408
bus_0180-l,,,,,,,371,274,"[[52, 56, 218, 198]]",0.9384210367052985,0.8839860897326264,0.9906088289784706,0.8914568241922503,0.9982553999525279,0.9448561120723891,8.48528137423857,3.974234456371868,-0.10009198574220995,142.21410674963408
bus_0180-r,,,,,,,371,275,"[[73, 59, 236, 193]]",0.9742152800548485,0.9497268394746019,0.9575739818341635,0.9914452129595923,0.9915364202798592,0.9914908166197258,3.605551275463989,1.6520985750894714,0.03537192088338794,142.21410674963408
bus_0181-s,,,,,,,383,404,"[[22, 32, 383, 224]]",0.973118064180121,0.947643570536829,0.9986637886730394,0.9488466571612727,0.99937218085055,0.9741094190059114,7.2628580546923835,2.726426002521208,-0.04988378679271079,142.21410674963408
bus_0182-l,,,,,,,352,275,"[[49, 24, 216, 101]]",0.9633046982712907,0.9292071611253196,0.9402691511387163,0.9874972820178299,0.9934133923883016,0.9904553372030658,5.0,1.621706070806018,0.0502283105022831,144.6001399999659
bus_0182-r,,,,,,,352,276,"[[67, 23, 234, 94]]",0.9570037130710864,0.9175523681766588,0.9644251626898048,0.949695610381288,0.9962637688093041,0.972979689595296,7.231804752433737,1.8875901414417955,-0.01527288262309089,144.6001399999659
bus_0183-l,,,,,,,351,275,"[[47, 22, 232, 150]]",0.9544009859246286,0.9127791563275435,0.9664367816091954,0.9426612851559998,0.9936848089376638,0.9681730470468317,9.785926467345767,2.6938573963201855,-0.024601191620219103,144.6001399999659
bus_0183-r,,,,,,,351,275,"[[98, 28, 230, 118]]",0.9551672606046672,0.9141819782154252,0.9264132010257554,0.9857634357575038,0.9925081729022884,0.9891358043298961,8.72200659207742,2.0776623030134114,0.06406453909123265,144.6001399999659
bus_0184-l,,,,,,,350,276,"[[94, 94, 167, 124]]",0.893698281349459,0.807825086306099,0.809221902017291,0.997867803837953,0.996522853571166,0.9971953287045595,3.605551275463989,1.743265459302573,0.23312011371712865,142.018630000166
bus_0184-r,,,,,,,350,275,"[[49, 98, 141, 130]]",0.8948062219878724,0.8096374045801527,0.8253891050583657,0.9769717904432931,0.9962015807349254,0.9865866855891092,3.664718584144382,1.7488797342763907,0.18364997121473806,142.018630000166
bus_0185-l,,,,,,,369,275,"[[28, 65, 255, 215]]",0.9701884532092337,0.942102908277405,0.9800781977285422,0.9604963050816532,0.9946199389086521,0.9775581219951526,5.656854249492381,2.077701988606378,-0.019979928838609617,142.018630000166
bus_0185-r,,,,,,,369,276,"[[39, 49, 228, 204]]",0.957635278259195,0.9187142065398116,0.9791297499507777,0.9370642547578669,0.9947404981641361,0.9659023764610015,7.0710678118654755,2.8473694596940593,-0.04296212549462974,142.018630000166
bus_0186-l,,,,,,,332,273,"[[40, 49, 204, 121]]",0.9638652050345108,0.9302507836990596,0.9370700349610916,0.9922378791497493,0.9932167951180375,0.9927273371338934,4.123105625617661,1.509186384375341,0.058872701218055885,147.230677749576
bus_0186-r,,,,,,,332,277,"[[66, 50, 180, 124]]",0.9191151054268925,0.8503357850975376,0.8514249119436439,0.9984979346601577,0.9892887647452618,0.9938933497027098,8.94427190999916,2.8771274987668134,0.17273751408186255,147.230677749576
bus_0187-l,,,,,,,382,278,"[[36, 84, 189, 187]]",0.9461444308445532,0.8977932636469221,0.9065929463014157,0.9893043239784258,0.9882948234775397,0.9887995737279828,9.203128525377336,2.817893039570432,0.09123320230368406,147.230677749576
bus_0187-r,,,,,,,382,276,"[[61, 82, 218, 191]]",0.9601471029720805,0.9233489714904367,0.9371474617244158,0.9843040701700393,0.9907178016984909,0.9875109359342651,9.848857801796104,2.32149326701793,0.0503193044548742,147.230677749576
bus_0188-l,,,,,,,351,274,"[[59, 75, 212, 189]]",0.9674857907054497,0.9370193475269165,0.9910102739726028,0.9450522534291312,0.9987488978385721,0.9719005756338517,4.47213595499958,1.6793884947447713,-0.046374918354016983,141.18565174976538
bus_0188-r,,,,,,,351,276,"[[114, 77, 199, 191]]",0.957015742642026,0.9175744848405303,0.9622849277357192,0.9518039482641253,0.9969396075102478,0.9743717778871865,4.170919650218307,1.7500392287325084,-0.010891763104152484,141.18565174976538
bus_0189-l,,,,,,,332,275,"[[97, 76, 202, 130]]",0.9529903369025855,0.9102020453978549,0.9679045092838197,0.9385288065843621,0.9986157506978447,0.9685722786411034,4.006155281280877,1.330539514037071,-0.030349794238683128,141.18565174976538
bus_0189-r,,,,,,,332,275,"[[66, 74, 167, 132]]",0.9211149092821457,0.8537655374116501,0.8703105590062111,0.9782183747556549,0.9940491797672112,0.986133777261433,7.810249675906654,2.1464262951585042,0.12398771292934935,141.18565174976538
bus_0190-l,,,,,,,369,274,"[[138, 102, 183, 134]]",0.8814781433077963,0.7880741337630943,0.7919028340080971,0.9939024390243902,0.997433131579473,0.9956677853019316,4.0,1.9455802501693855,0.2550813008130081,141.37380875035888
bus_0190-r,,,,,,,369,276,"[[114, 93, 152, 126]]",0.7727666955767563,0.6296819787985866,0.6433212996389892,0.9674267100977199,0.9951051791960207,0.9812659446468703,14.991489470609308,3.979528636974605,0.503800217155266,141.37380875035888
bus_0191-l,,,,,,,296,277,"[[29, 82, 161, 146]]",0.9540241550796712,0.9120900446341936,0.9394363381970817,0.9690721649484536,0.996072178579762,0.9825721717641078,3.1622776601683795,1.3196517632116516,0.03154639175257732,141.37380875035888
bus_0191-r,,,,,,,296,276,"[[110, 78, 186, 132]]",0.9147785411489548,0.8429418103448276,0.8521241830065359,0.987377721678763,0.993085180893196,0.9902314512859796,10.404137416929663,2.552199729826212,0.15872514988955508,141.37380875035888
bus_0192-l,,,,,,,384,273,"[[108, 108, 182, 144]]",0.9385578483654069,0.8842289209261687,0.9068100358422939,0.9726093224411341,0.9979756888010822,0.9852925056211082,2.8284271247461903,1.3905437005563075,0.07256126862085535,141.32691050053836
bus_0192-r,,,,,,,384,277,"[[103, 106, 187, 147]]",0.9041432584269663,0.825056071771868,0.8352254297761921,0.9854573287409109,0.9951038504168473,0.9902805895788791,9.219544457292887,2.3031480042863466,0.1798698813624187,141.32691050053836
bus_0193-l,,,,,,,369,274,"[[52, 61, 206, 156]]",0.9051697451243421,0.8267672007540057,0.9980657640232108,0.8280940243557066,0.9998121816755604,0.9139531030156335,17.668885956650065,4.463023109046389,-0.1703011422637591,141.32691050053836
bus_0193-r,,,,,,,369,274,"[[58, 56, 250, 156]]",0.9457814066752614,0.8971397513418031,0.9513688760806917,0.9402591854172601,0.9922469045048357,0.9662530449610478,10.0,2.9458549857740133,-0.011677584733694105,141.32691050053836
bus_0194-l,,,,,,,314,276,"[[51, 56, 238, 171]]",0.9527172132639319,0.9097038787710274,0.9359891288799885,0.9700541101475058,0.9877687125032457,0.9789114113253757,10.0,2.6361146946174943,0.03639463345934327,140.7334837504095
bus_0194-r,,,,,,,314,278,"[[47, 56, 242, 178]]",0.9543538870518058,0.912692999317914,0.9443125681657791,0.9646110492168556,0.9879499673760638,0.9762805082964596,8.0,2.7352085186285398,0.021495510846058063,140.7334837504095
bus_0195-l,,,,,,,383,274,"[[65, 52, 210, 137]]",0.8223638869745004,0.6983174835405999,0.6998533724340176,0.9968671679197995,0.9570706541115283,0.9769689110156639,47.408855660261366,9.945542854501833,0.4243943191311612,140.7334837504095
bus_0195-r,,,,,,,383,276,"[[82, 59, 219, 152]]",0.8109555690809495,0.6820229320229321,0.6841240501129595,0.9955170352659892,0.9517717152712449,0.973644375268617,64.25504974377424,12.367824952677907,0.4551703526598924,140.7334837504095
bus_0196-l,,,,,,,351,275,"[[57, 138, 177, 211]]",0.9184039241580982,0.8491191348334205,0.9662564509726081,0.8750674096710408,0.9981310877069546,0.9365992486889977,9.219544457292887,2.7870859509958588,-0.09437353945712745,142.6818035006363
bus_0196-r,,,,,,,351,276,"[[71, 135, 164, 199]]",0.9559482329517173,0.9156138259833134,0.9441986234021632,0.9679939516129032,0.9975567227795238,0.9827753371962136,3.605551275463989,1.3209176797644688,0.025201612903225805,142.6818035006363
bus_0197-l,,,,,,,344,281,"[[91, 28, 194, 73]]",0.9353846153846154,0.8786127167630058,0.9091897770527461,0.9631336405529954,0.9964160013735085,0.979774820963252,4.47213595499958,1.7683418292541329,0.05933179723502304,142.6818035006363
bus_0197-r,,,,,,,344,279,"[[114, 29, 220, 74]]",0.9182406907717215,0.8488401097530556,0.8650228774783935,0.9784358826912019,0.9942593353369803,0.986347609014091,8.824191460594665,2.221154938220466,0.1311098332374928,142.6818035006363
bus_0198-l,,,,,,,351,274,"[[77, 153, 186, 201]]",0.9407461594732992,0.888121546961326,0.9028785396676808,0.9819292440824637,0.9955011111713372,0.9887151776269005,5.0,1.7064786959484022,0.08755408500890811,142.11384650025138
bus_0198-r,,,,,,,351,276,"[[119, 152, 202, 194]]",0.9437885462555066,0.8935602268935602,0.912747102931152,0.9770156877052171,0.997280501407553,0.9871480945563851,3.1622776601683795,1.436905062947525,0.07041225829989055,142.11384650025138
bus_0199-l,,,,,,,333,275,"[[92, 116, 232, 185]]",0.9621825286073123,0.927121151001748,0.9446499520482258,0.9803782169771079,0.9952213101180478,0.9877997635475779,4.47213595499958,1.515880125900387,0.03782169771079198,142.11384650025138
bus_0199-r,,,,,,,333,276,"[[102, 119, 229, 179]]",0.8510708401976935,0.7407513622024663,0.7599293909973521,0.9670535380007488,0.9811473326710256,0.9741004353358872,19.18327282785961,5.314316420083114,0.27255709472107825,142.11384650025138
bus_0200-s,,,,,,,382,402,"[[120, 81, 347, 208]]",0.9579125328113183,0.919224693677155,0.9508479067302597,0.9650829224562977,0.9915202584302193,0.9783015904432585,6.0,3.0598394714764137,0.014970865082922457,141.91188199947646
bus_0201-s,,,,,,,365,439,"[[64, 47, 419, 282]]",0.9603294999025399,0.9236863985392654,0.9452610153656217,0.9758861827827345,0.9678890552668409,0.9718876190247877,13.0,4.738462917460293,0.03239863584691171,141.91188199947646
bus_0202-l,,,,,,,332,275,"[[75, 85, 183, 120]]",0.9607250755287009,0.9244186046511628,0.9767918088737202,0.9451783355350066,0.9992296537973536,0.9722039946661801,2.0,0.8959379452500468,-0.03236459709379128,141.91188199947646
bus_0202-r,,,,,,,332,275,"[[72, 80, 201, 122]]",0.9486366518706405,0.902291917973462,0.9646633995357234,0.9331337325349301,0.998430554919122,0.9657821437270261,5.0,1.3221319748173233,-0.03268463073852296,141.91188199947646
bus_0203-l,,,,,,,345,282,"[[62, 36, 174, 73]]",0.7417876241405653,0.5895567698846388,0.5965594921155027,0.980477953550993,0.9791134341967154,0.9797956938738541,18.35755975068582,7.4072817087607765,0.6435543588017503,142.04753525064007
bus_0203-r,,,,,,,345,278,"[[51, 29, 161, 78]]",0.7895299145299145,0.6522506619593998,0.6715739731006907,0.9577501296008294,0.9803697909877026,0.969059960294266,15.652475842498529,6.947078347267604,0.4261275272161742,142.04753525064007
bus_0204-l,,,,,,,346,281,"[[54, 67, 240, 117]]",0.9361078008983408,0.8798897122178184,0.9690643385841715,0.9053191489361702,0.9982202520035813,0.9517697004698757,4.123105625617661,1.649756536678028,-0.06578014184397163,142.04753525064007
bus_0204-r,,,,,,,346,280,"[[92, 74, 246, 119]]",0.9441550322983955,0.8942174856917308,0.918880551612249,0.9708592243411185,0.9956622168240921,0.9832607205826053,4.242640687119285,1.4231019536222316,0.05656738804371116,142.04753525064007
bus_0205-l,,,,,,,344,282,"[[99, 98, 219, 159]]",0.9203493449781659,0.8524510596990779,0.8681825671445048,0.9791860249024344,0.9912689491088871,0.9852274870056608,8.94427190999916,2.9220823811400107,0.12785727559933097,142.6738820000537
bus_0205-r,,,,,,,344,279,"[[111, 104, 211, 157]]",0.9718978570511998,0.9453320019970045,0.980072463768116,0.9638584881649275,0.9991634708355513,0.9815109795002395,2.0,0.8783666550266725,-0.016543649783659964,142.6738820000537
bus_0206-l,,,,,,,351,274,"[[16, 113, 221, 290]]",0.9258406464506038,0.8619211324570273,0.9916244009120097,0.8682420044815645,0.9974870513339569,0.9328645279077608,14.46326029244714,5.130506239434911,-0.12442452638011815,142.6738820000537
bus_0206-r,,,,,,,351,276,"[[18, 123, 238, 271]]",0.9532612070406725,0.910696358492288,0.9562988164262782,0.950242834015808,0.9879800722250046,0.9691114531204064,9.194920559419552,2.932486096754328,-0.006332730216169888,142.6738820000537
bus_0207-l,,,,,,,370,277,"[[9, 37, 262, 132]]",0.9611358878674797,0.9251796039950937,0.9966651985150695,0.9280524958987579,0.9993795509353562,0.9637160234170571,7.732459047889538,2.0966283471554834,-0.06884227794703539,141.7077532505573
bus_0207-r,,,,,,,370,276,"[[45, 45, 256, 139]]",0.9594804843401205,0.9221167598491744,0.9333421069948016,0.9871250608949822,0.988455972011715,0.9877905164533486,8.0,2.247503283947597,0.057624051778133484,141.7077532505573
bus_0208-l,,,,,,,333,277,"[[110, 73, 187, 120]]",0.8821167883211679,0.7890956578517793,0.7909031413612565,0.9971122112211221,0.9928855339189686,0.9949988725700454,5.830951894845301,2.9434567462833194,0.2607260726072607,141.7077532505573
bus_0208-r,,,,,,,333,275,"[[112, 64, 181, 103]]",0.8549551520455043,0.7466564768819258,0.7466564768819258,1.0,0.9926021802925653,0.9963010901462827,9.219544457292887,3.410139661689105,0.33930399181166837,141.7077532505573
bus_0209-l,,,,,,,349,274,"[[82, 89, 154, 149]]",0.9457741211667913,0.8971266406527137,0.9193020719738277,0.973815941470928,0.9976136473572756,0.9857147944141018,3.605551275463989,1.2538327696096039,0.05929919137466307,144.22610750079912
bus_0209-r,,,,,,,349,274,"[[109, 83, 190, 133]]",0.9382716049382716,0.8837209302325582,0.8988687007199178,0.9812874251497006,0.9968263872453041,0.9890569061975023,3.605551275463989,1.541994570074474,0.09169161676646706,144.22610750079912
bus_0210-l,,,,,,,313,277,"[[110, 87, 206, 119]]",0.9405361822213264,0.8877473363774734,0.9765592298032649,0.9070762052877138,0.9993343555729891,0.9532052804303515,3.0,1.2659740425939898,-0.07115085536547434,144.22610750079912
bus_0210-r,,,,,,,313,274,"[[90, 91, 169, 123]]",0.9236440231700895,0.8581213307240705,0.9909604519774011,0.8648915187376726,0.9998089187188,0.9323502187282362,4.123105625617661,1.4941707872483292,-0.12721893491124261,144.22610750079912
bus_0211-l,,,,,,,385,273,"[[28, 29, 168, 100]]",0.8016229175631647,0.6689237714168462,0.6783893455415669,0.9795673076923077,0.968603033042489,0.9740851703673983,32.58524546492829,8.751829001076805,0.44396033653846156,141.74874874970556
bus_0211-r,,,,,,,385,275,"[[19, 35, 166, 111]]",0.9088138176276352,0.8328677839851024,0.838823115695698,0.9915477345157268,0.9860629649901681,0.9888053497529474,18.43093599819578,3.8703772717527998,0.1820701122350007,141.74874874970556
bus_0212-l,,,,,,,367,277,"[[40, 51, 223, 118]]",0.9619554504238124,0.9266995822255982,0.9604408580987994,0.9634748272458046,0.9956079493930885,0.9795413883194466,5.0990195135927845,1.6523085115798661,0.0031589338598223098,141.74874874970556
bus_0212-r,,,,,,,367,276,"[[105, 35, 228, 116]]",0.9604552750620167,0.9239191465468838,0.9437912245483223,0.9777183600713012,0.9958544839255499,0.9867864219984255,4.242640687119285,1.5536790199957897,0.03594771241830065,141.74874874970556
bus_0213-l,,,,,,,368,273,"[[76, 59, 191, 141]]",0.858560024800434,0.752172732210755,0.755455537370431,0.9942559684078263,0.9811050340910289,0.9876805012494276,20.06967886186393,5.228580727297374,0.31610123855681205,141.58422899981815
bus_0213-r,,,,,,,368,275,"[[51, 61, 157, 147]]",0.9531848378272763,0.9105569658055845,0.9167167769092003,0.9926745889630474,0.9941719179018904,0.993423253432469,4.123105625617661,1.8383332759395643,0.08285853817353085,141.58422899981815
bus_0214-l,,,,,,,381,273,"[[90, 105, 196, 162]]",0.9214285714285714,0.8543046357615894,0.8645771732702543,0.9862828873397796,0.9931000542353815,0.9896914707875806,8.06225774829855,2.5694245103286084,0.14076905779176974,141.58422899981815
bus_0214-r,,,,,,,381,275,"[[106, 109, 193, 166]]",0.9380421313506815,0.8833138856476079,0.888914983560357,0.9929171038824763,0.9953151154383288,0.9941161096604025,6.4031242374328485,1.9583056322093129,0.11699895068205667,141.58422899981815
bus_0215-l,,,,,,,371,273,"[[56, 116, 210, 213]]",0.9302057467186946,0.8695183619331841,0.9984769157544027,0.870673196646468,0.9998207001658523,0.9352469484061602,10.0,3.6206596063682674,-0.127998671868515,142.93211274980422
bus_0215-r,,,,,,,371,275,"[[73, 110, 249, 200]]",0.95406162464986,0.9121585431173005,0.9470757252757438,0.9611513498259806,0.9937523250979277,0.9774518374619541,6.082762530298219,2.056863402300386,0.014862195466089738,142.93211274980422
bus_0216-l,,,,,,,367,273,"[[88, 114, 171, 161]]",0.9285609073501252,0.8666483365411053,0.8834080717488789,0.9785780813411984,0.9957100134062081,0.9871440473737032,8.305978781986134,2.090093020849593,0.10773051847252406,142.93211274980422
bus_0216-r,,,,,,,367,276,"[[104, 116, 209, 171]]",0.9583184043950794,0.9199724833753726,0.9367265935092225,0.9809290953545232,0.9972119915228081,0.9890705434386657,4.242640687119285,1.2355351946748192,0.04718826405867971,142.93211274980422
bus_0217-l,,,,,,,382,278,"[[27, 95, 243, 241]]",0.9199820788530466,0.8518211233717746,1.0,0.8518211233717746,1.0,0.9259105616858874,12.083045973594572,5.969040881427765,-0.14817887662822535,142.1048209995206
bus_0217-r,,,,,,,382,274,"[[48, 94, 258, 238]]",0.9491168328474485,0.9031611339052592,0.953672705789681,0.9446042814648656,0.9888190492033126,0.9667116653340891,12.529964086141668,3.3280439126905983,-0.009508948164041547,142.1048209995206
bus_0218-l,,,,,,,344,281,"[[48, 78, 222, 175]]",0.9334283931913376,0.8751671122994652,0.9098332175121612,0.9582799634034767,0.9878927846595283,0.9730863740315026,10.331286142134298,3.2519554196790437,0.05324794144556267,142.1048209995206
bus_0218-r,,,,,,,344,278,"[[95, 87, 255, 169]]",0.9350104821802935,0.8779527559055118,0.8945558739255014,0.979297365119197,0.9871729330296974,0.9832351490744472,8.0,3.0708959284411805,0.09473023839397741,142.1048209995206
bus_0219-l,,,,,,,344,280,"[[34, 56, 258, 139]]",0.9636895542935812,0.9299236134174693,0.9573467817762202,0.9701169337375487,0.9941138307283987,0.9821153822329737,4.123105625617661,1.5328649832475438,0.013339107838891294,142.49687174924475
bus_0219-r,,,,,,,344,278,"[[62, 62, 250, 181]]",0.9587816781325337,0.9208267449740231,0.984959226819692,0.933959562403345,0.996814757013291,0.965387159708318,8.06225774829855,2.6569234734570886,-0.051778452374133685,142.49687174924475
bus_0220-l,,,,,,,349,274,"[[55, 72, 238, 185]]",0.9763648353173915,0.9538211161592188,0.9692668136714443,0.9835675826865254,0.9945158315401168,0.9890417071133211,3.1622776601683795,1.3252973574290983,0.014754212992098455,142.49687174924475
bus_0220-r,,,,,,,349,276,"[[55, 96, 259, 204]]",0.9661273666092943,0.9344742625024972,0.9603093136248546,0.9720163468864722,0.9929170686433744,0.9824667077649233,4.123105625617661,1.7645672276071496,0.012190898386091293,142.49687174924475
bus_0221-l,,,,,,,350,275,"[[76, 132, 181, 186]]",0.9135912257299541,0.8409276944065485,0.9993514915693904,0.8413868413868414,0.9999783986952812,0.9206826200410613,4.47213595499958,2.227259088843365,-0.15806715806715807,142.5439427503079
bus_0221-r,,,,,,,350,275,"[[89, 132, 199, 179]]",0.9210666666666667,0.8536826495304004,0.8656641604010025,0.9840455840455841,0.9942204011214147,0.9891329925834994,10.65478017212863,2.1468884861694213,0.13675213675213677,142.5439427503079
bus_0222-l,,,,,,,350,273,"[[81, 128, 139, 160]]",0.9423575129533679,0.8909981628903858,0.9014869888475836,0.9871099050203528,0.9983098771206259,0.9927098910704893,3.0,1.0835668109538075,0.09497964721845319,142.5439427503079
bus_0222-r,,,,,,,350,276,"[[117, 128, 168, 157]]",0.8602759108595684,0.7548106765983861,0.7548106765983861,1.0,0.9958588442506081,0.9979294221253041,8.910077245703498,2.543890622698282,0.3248355263157895,142.5439427503079
bus_0223-l,,,,,,,350,274,"[[35, 60, 204, 139]]",0.9391450559399858,0.8852718849061204,0.9971161768744851,0.8875443099865542,0.9997605991860372,0.9436524545862957,7.0,2.2206395849139695,-0.10988876665444322,141.55929349999496
bus_0223-r,,,,,,,350,277,"[[54, 56, 215, 148]]",0.9429386590584878,0.8920377867746289,0.9118289458558455,0.9762461538461539,0.9913650436251056,0.9838055987356298,7.615773105863909,2.238572415121208,0.07064615384615384,141.55929349999496
bus_0224-l,,,,,,,314,275,"[[108, 119, 176, 154]]",0.9326473339569691,0.873794916739702,0.874561403508772,0.998997995991984,0.9966095265191929,0.9978037612555885,3.0,1.5271585978794542,0.14228456913827656,141.55929349999496
bus_0224-r,,,,,,,314,277,"[[100, 117, 186, 156]]",0.9186923721709975,0.8496124031007752,0.8545808966861599,0.9932034435885818,0.9955999103466987,0.9944016769676403,4.841640786499868,1.7606469660905943,0.1622111463525147,141.55929349999496
bus_0225-l,,,,,,,315,277,"[[60, 19, 246, 102]]",0.9558411338516051,0.9154173419773096,0.9750755287009063,0.937350897209833,0.9970237328317056,0.9671873150207693,5.830951894845301,1.8123466230101641,-0.0386889326833316,142.01591724940954
bus_0225-r,,,,,,,315,276,"[[64, 24, 246, 100]]",0.948843728100911,0.9026666666666666,0.9390738369611609,0.9588190434687874,0.9926569874358612,0.9757380154523243,5.830951894845301,2.11336584654676,0.021026255583396884,142.01591724940954
bus_0226-l,,,,,,,369,274,"[[77, 58, 174, 101]]",0.9518359561278016,0.908098271155596,0.9861660079051383,0.919815668202765,0.9995707759757182,0.9596932220892416,3.0,1.3013502425526158,-0.06728110599078341,142.01591724940954
bus_0226-r,,,,,,,369,276,"[[132, 58, 210, 100]]",0.9732680722891566,0.9479281261459479,0.9802806219188471,0.9663551401869159,0.9994756425899223,0.9829153913884191,1.4142135623730951,0.6748298685591175,-0.014205607476635514,142.01591724940954
bus_0227-l,,,,,,,370,275,"[[53, 60, 215, 157]]",0.968620433814865,0.9391503046716316,0.9878928158105582,0.9500856164383562,0.9984900632841124,0.9742878398612342,4.47213595499958,1.6365269578461141,-0.03827054794520548,142.02800875045796
bus_0227-r,,,,,,,370,275,"[[56, 67, 209, 165]]",0.8727875566824321,0.7742884332554719,0.9896063688633349,0.7806367204535543,0.9989588525225674,0.8897977864880608,26.12075325962335,6.548664829620587,-0.21116441343218492,142.02800875045796
bus_0228-l,,,,,,,349,274,"[[120, 69, 202, 131]]",0.8822182037371911,0.7892579810181191,0.8413428374338928,0.9272681196147998,0.9924738219895288,0.9598709708021643,8.94427190999916,3.849132087833033,0.10212873796249367,142.02800875045796
bus_0228-r,,,,,,,349,276,"[[76, 56, 188, 119]]",0.9632884202304237,0.9291768694669429,0.9360531309297913,0.9921560740144811,0.9963109729398371,0.9942335234771591,4.277064977301324,1.242553948224761,0.059935639581657284,142.02800875045796
bus_0229-l,,,,,,,382,276,"[[45, 74, 220, 211]]",0.9800077318164245,0.9607991769992961,0.969672131147541,0.9905660377358491,0.9936584474051052,0.9921122425704771,3.0,1.3303032649323772,0.021547393100368427,141.55123825003102
bus_0229-r,,,,,,,382,277,"[[60, 80, 232, 212]]",0.8959032535433944,0.8114354619906546,0.8128239971815391,0.9978991596638656,0.9585071962512551,0.9782031779575604,35.867758267546826,7.214067306972956,0.22769401878398418,141.55123825003102
bus_0230-l,,,,,,,383,276,"[[102, 95, 185, 160]]",0.9014321819713563,0.8205521472392638,0.8948626045400239,0.9080989330746848,0.9956686092297999,0.9518837711522423,10.04987562112089,3.1875787629495793,0.014791464597478177,141.55123825003102
bus_0230-r,,,,,,,383,276,"[[74, 82, 176, 152]]",0.9243067206158098,0.8592660550458716,0.918415375563836,0.9302741358760429,0.9958678506863738,0.9630709932812084,7.0710678118654755,2.6737462614201375,0.012912197059992053,141.55123825003102
bus_0231-l,,,,,,,351,275,"[[34, 31, 214, 142]]",0.9628564237172342,0.9283733185411177,0.9513286912036379,0.9746669578510592,0.9917258539885008,0.98319640591978,6.17947964631363,2.1248526080042023,0.024532285069520272,141.57779425022454
bus_0231-r,,,,,,,351,275,"[[58, 35, 207, 141]]",0.9596665440725757,0.9224605232147066,0.9959287531806615,0.9259522119706648,0.9994275082295692,0.962689860100117,6.4031242374328485,2.218356399950707,-0.07026259758694109,141.57779425022454
bus_0232-l,,,,,,,369,274,"[[55, 31, 134, 64]]",0.9653736006248372,0.9330649219929542,0.9783641160949869,0.9527235354573484,0.9995865268253328,0.9761550311413406,2.0,0.6998414313568813,-0.026207605344295993,141.57779425022454
bus_0232-r,,,,,,,369,276,"[[99, 32, 160, 61]]",0.9308474576271186,0.8706404565630945,0.8846649484536082,0.9821173104434907,0.9982179479521335,0.9901676291978121,2.8284271247461903,1.2750259288019357,0.11015736766809728,141.57779425022454
bus_0233-s,,,,,,,383,406,"[[112, 73, 287, 214]]",0.929891135303266,0.8689687245669109,0.939062696318633,0.9208969935929029,0.993034911608002,0.9569659526004524,11.670463013896407,3.7607920271117923,-0.019344504682109413,142.63112249955157
bus_0234-l,,,,,,,383,278,"[[110, 155, 169, 192]]",0.9579247073710851,0.9192471159684275,0.9510050251256281,0.9649458253664754,0.9992564701396501,0.9821011477530628,2.561865508485317,0.8304965142891648,0.014659018483110261,142.63112249955157
bus_0234-r,,,,,,,383,277,"[[129, 148, 201, 186]]",0.811787072243346,0.6832,0.7066611501861813,0.9536571747627024,0.99320230105465,0.9734297379086763,15.231546211727817,4.192489583362307,0.34952540480178673,142.63112249955157
bus_0235-l,,,,,,,351,274,"[[30, 76, 190, 161]]",0.9582572858404474,0.9198598394936136,0.9767162746039366,0.9404830694556802,0.9977833891294661,0.9691332292925732,3.605551275463989,1.6625491984311949,-0.0370969605917023,142.63112249955157
bus_0235-r,,,,,,,351,276,"[[57, 74, 204, 151]]",0.9135925349922239,0.8409299129638113,0.9987758433079434,0.8417975467155795,0.9998979047791907,0.920847725747385,8.0,3.506278802682217,-0.1571706981543047,141.1759564998647
bus_0236-l,,,,,,,382,277,"[[98, 54, 218, 91]]",0.9394205443371378,0.8857615894039735,0.9029535864978903,0.9789569990850869,0.9966352952650315,0.9877961471750591,2.8284271247461903,1.4491019546138493,0.08417200365965233,141.1759564998647
bus_0236-r,,,,,,,382,276,"[[120, 58, 215, 96]]",0.9509820666097353,0.9065450993161837,0.9267643142476698,0.976499473868818,0.9978553533305388,0.9871774135996784,2.8284271247461903,1.205066322623198,0.05366538056822168,141.1759564998647
bus_0237-l,,,,,,,351,275,"[[112, 61, 192, 106]]",0.9472599209757774,0.8998041775456919,0.9039344262295081,0.9949476723204619,0.996874800008533,0.9959112361644975,3.0,1.4053370904917684,0.10068567304222302,141.1759564998647
bus_0237-r,,,,,,,351,276,"[[137, 62, 216, 107]]",0.9225648213034338,0.856260162601626,0.8613019299967288,0.9932101093926821,0.9955001326611833,0.9943551210269327,7.9810249675906615,2.104434722821609,0.15314975480950585,142.19677374967432
bus_0238-l,,,,,,,383,273,"[[27, 153, 234, 285]]",0.9506276150627615,0.9059011164274322,0.9500196772924046,0.9512363313959216,0.9879416546993128,0.9695889930476171,10.816653826391969,3.385153387674329,0.0012806620037434735,142.19677374967432
bus_0238-r,,,,,,,383,277,"[[43, 151, 241, 295]]",0.9653065346934653,0.932939626140856,0.9837879567678847,0.9475066917815009,0.9963336708683962,0.9719201813249485,6.4031242374328485,2.2384834596223135,-0.03687915138296818,142.19677374967432
bus_0239-l,,,,,,,383,278,"[[68, 87, 137, 123]]",0.9335644136337378,0.875406283856988,0.9556475458308693,0.9124788255223037,0.9992836881464714,0.9558812568343875,3.0,1.2517554840217329,-0.04517221908526256,142.19677374967432
bus_0239-r,,,,,,,383,275,"[[105, 88, 169, 120]]",0.9466750313676286,0.8987492555092317,0.9716677398583387,0.9229357798165138,0.999575658211978,0.9612557190142459,2.23606797749979,1.0079260337344713,-0.05015290519877676,142.27195949933957
bus_0240-l,,,,,,,349,274,"[[48, 56, 190, 197]]",0.925675402000891,0.8616347458905143,0.9030346135609294,0.949480681346074,0.9853213862736419,0.967401033809858,16.119850698861306,3.776772454712088,0.0514333194848359,142.27195949933957
bus_0240-r,,,,,,,349,275,"[[85, 46, 266, 194]]",0.9738760631834751,0.9490822972172883,0.9871905407069836,0.9609159573192663,0.9973768176257677,0.979146387472517,5.0,1.577807153212062,-0.02661551372737082,142.27195949933957
bus_0241-l,,,,,,,350,274,"[[41, 178, 154, 229]]",0.9330568037792373,0.8745140388768898,0.9921587846116148,0.8806002609830361,0.9996495147970471,0.9401248878900417,4.123105625617661,2.045161173201097,-0.11244019138755981,142.27195949933957
bus_0241-r,,,,,,,350,276,"[[59, 177, 170, 226]]",0.9552968568102445,0.914419433920214,0.9927413501088798,0.9205743773838905,0.9996744191094278,0.9601243982466592,4.152989390993067,1.349982206306448,-0.07269463764864259,142.28233599988016
bus_0242-l,,,,,,,370,273,"[[1, 22, 261, 213]]",0.9517202511942462,0.9078876628862549,0.9913619590741362,0.9151269611890999,0.9950367824215361,0.955081871805318,16.278820596099706,4.335948745262255,-0.07689925681255161,142.28233599988016
bus_0242-r,,,,,,,370,277,"[[43, 23, 266, 222]]",0.9599102973703613,0.9229110671353044,0.9833831628638867,0.9375318791442887,0.9923656395945692,0.964948759369429,10.770329614269007,3.342859966484272,-0.046626061387980436,142.28233599988016
bus_0243-l,,,,,,,296,276,"[[73, 146, 149, 179]]",0.8377960865087538,0.7208684093929996,0.7211879432624113,0.9993857493857494,0.9921441774491682,0.9957649634174588,8.4367532368147,3.135185614001858,0.3857493857493858,142.28233599988016
bus_0243-r,,,,,,,296,277,"[[110, 175, 166, 200]]",0.8734069668649108,0.77526395173454,0.77526395173454,1.0,0.9963193518106813,0.9981596759053406,4.123105625617661,2.022922950137754,0.2898832684824903,141.6542050001226
bus_0244-l,,,,,,,333,274,"[[117, 142, 164, 178]]",0.8884930530815818,0.7993589743589744,0.8448509485094851,0.9368895567242674,0.9974530368920377,0.9671712968081525,6.781152949374527,2.139042398538487,0.10894064613072878,141.6542050001226
bus_0244-r,,,,,,,333,276,"[[147, 140, 209, 176]]",0.9366265843353916,0.8808068459657702,0.9102969046114971,0.964524765729585,0.9984294467670936,0.9814771062483393,3.0,1.2170444719234925,0.059571619812583666,141.6542050001226
bus_0245-l,,,,,,,351,274,"[[109, 98, 182, 168]]",0.9412238325281803,0.8889733840304183,0.9106725525837445,0.9738961399611219,0.9962840136972984,0.9850900768292101,5.385164807134504,1.728484309509648,0.06942515967786726,141.6542050001226
bus_0245-r,,,,,,,351,276,"[[110, 102, 181, 170]]",0.9145984472444953,0.8426360225140713,0.8712415130940834,0.9624966514867399,0.9942990884983305,0.9783978699925352,8.135839149473254,2.6349496259258496,0.10474149477631932,142.61229824933253
bus_0246-l,,,,,,,384,275,"[[38, 90, 186, 185]]",0.9586816623564083,0.9206422548226868,0.9658264663111973,0.9516417910447761,0.9970995114425302,0.9743706512436532,4.26559021390732,1.6459802742456298,-0.014686567164179104,142.61229824933253
bus_0246-r,,,,,,,384,275,"[[37, 90, 203, 172]]",0.9444722361180591,0.8947867298578199,0.921875,0.9682051282051282,0.9934560327198364,0.9808305804624823,6.0165525060596385,2.108237625344745,0.050256410256410255,142.61229824933253
bus_0247-l,,,,,,,369,273,"[[22, 106, 253, 232]]",0.9094724737674285,0.8339747983339484,0.9940300383334381,0.8381729546417974,0.9988395529224944,0.9185062537821459,14.142135623730951,5.0308071851200475,-0.15679313268334039,142.61229824933253
bus_0247-r,,,,,,,369,277,"[[49, 124, 246, 242]]",0.9262562396006656,0.8626417901196306,0.9225720914816042,0.9299699298362847,0.9866128736475335,0.9582914017419091,12.041594578792296,3.844766206822665,0.008018710324089542,142.0554907499536
bus_0248-l,,,,,,,344,280,"[[36, 115, 219, 225]]",0.9371378910776361,0.8817116380485146,0.9228355441449151,0.951890539944093,0.9869206779005392,0.9694056089223161,9.486832980505138,3.3847284713047565,0.0314844784463734,142.0554907499536
bus_0248-r,,,,,,,344,281,"[[32, 112, 228, 231]]",0.9145585695418064,0.8425683264694871,0.8718925550461678,0.9616151545363908,0.9759870252475128,0.9688010898919518,16.0684835231284,4.723181564633841,0.10290556900726393,142.0554907499536
bus_0249-l,,,,,,,382,274,"[[124, 116, 226, 212]]",0.9600516388151761,0.9231724137931034,0.9677559282822441,0.9524690479578768,0.9977161233498223,0.9750925856538495,4.345913557665402,1.633274058353772,-0.01579621460082539,142.0554907499536
bus_0249-r,,,,,,,382,275,"[[103, 128, 199, 224]]",0.9575739688629824,0.9186013590033975,0.9499341238471674,0.9653376971139542,0.9965218452526239,0.9809297711832891,4.086173937932354,1.7762055851685825,0.016215412079738173,141.7198532499242
bus_0250-l,,,,,,,383,276,"[[62, 79, 240, 208]]",0.950281371468353,0.9052724660108323,0.967913490515866,0.9332801549769244,0.9938405345009472,0.9635603447389358,8.602325267042627,3.294019167652274,-0.03578143695515925,141.7198532499242
bus_0250-r,,,,,,,383,277,"[[96, 82, 218, 204]]",0.9370019920318725,0.8814710705083157,0.918626413866059,0.9561277208435673,0.9893937465529676,0.9727607336982675,11.0,3.385485332581288,0.04082324045058017,141.7198532499242
bus_0251-l,,,,,,,383,273,"[[45, 41, 204, 133]]",0.925488350200047,0.8613106711056597,0.9221461401369477,0.9288548752834467,0.9911678637935621,0.9600113695385044,11.44719609995061,3.657010327782126,0.007275132275132275,141.7198532499242
bus_0251-r,,,,,,,383,276,"[[11, 39, 174, 129]]",0.9454887218045113,0.8966131907308378,0.9102111158983197,0.9836111369773722,0.9890279986100727,0.9863195677937224,11.583858928080817,2.6314643793718897,0.08064065555452091,141.48578399999678
bus_0252-l,,,,,,,369,274,"[[70, 70, 186, 140]]",0.9604925602873269,0.9239881539980257,0.9577080491132333,0.9632933104631218,0.9973970359796801,0.980345173221401,3.1622776601683795,1.4710582698882182,0.005831903945111492,141.48578399999678
bus_0252-r,,,,,,,369,276,"[[81, 65, 170, 135]]",0.9466437177280551,0.8986928104575164,0.9180054245775089,0.9771263602043082,0.9959626467778223,0.9865445034910653,4.242640687119285,1.8426705409668342,0.06440151010437487,141.48578399999678
bus_0253-l,,,,,,,344,281,"[[73, 90, 221, 185]]",0.9330806585336966,0.8745559502664298,0.9910680588753302,0.8815038603558241,0.999190671059081,0.9403472657074525,6.082762530298219,2.8133085281750914,-0.1105516392525456,141.48578399999678
bus_0253-r,,,,,,,344,280,"[[85, 83, 228, 178]]",0.9560245727145551,0.9157539035189932,0.9508771929824561,0.9612279843444227,0.9953939008894537,0.9783109426169382,4.47213595499958,1.8064633944736834,0.010885518590998042,142.35587250004755
bus_0254-l,,,,,,,368,275,"[[84, 83, 215, 129]]",0.9591157849554673,0.9214432989690722,0.9351328729859804,0.9843612334801762,0.9967928822677427,0.9905770578739594,3.0,1.1635693940590304,0.0526431718061674,142.35587250004755
bus_0254-r,,,,,,,368,276,"[[90, 86, 221, 133]]",0.9523387275548659,0.9090139652983495,0.9770297930407096,0.9288648648648649,0.9989581506658551,0.9639115077653599,4.123105625617661,1.363675916757588,-0.049297297297297295,142.35587250004755
bus_0255-l,,,,,,,384,275,"[[91, 66, 154, 110]]",0.9271523178807947,0.8641975308641975,0.8746095493083444,0.9864116758933065,0.997287985098395,0.9918498304958507,4.0,1.6327437417823365,0.12783090085556115,142.35587250004755
bus_0255-r,,,,,,,384,276,"[[142, 70, 196, 110]]",0.9367015098722415,0.8809393773894046,0.892639734366353,0.9853390348197923,0.9981408186148141,0.9917399267173033,3.605551275463989,1.3125959844533195,0.10384850335980451,143.7130252497809
bus_0256-l,,,,,,,349,275,"[[45, 50, 182, 157]]",0.9115700593336377,0.8375091728692735,0.8786845578530577,0.9470128022759602,0.9873999017580736,0.9672063520170169,9.219544457292887,3.5972845835494502,0.0777619724988146,143.7130252497809
bus_0256-r,,,,,,,349,275,"[[68, 60, 203, 158]]",0.9524735784218376,0.9092597177519188,0.9272819088498927,0.9790722474006931,0.9934895391814452,0.9862808932910692,5.0,1.812571050769085,0.05585177286057051,143.7130252497809
bus_0257-l,,,,,,,295,276,"[[140, 101, 182, 130]]",0.8610957387935805,0.7560738581146744,0.759765625,0.9936143039591315,0.9969492912682764,0.995281797613704,4.0,2.0256164288642493,0.30779054916985954,143.7130252497809
bus_0257-r,,,,,,,295,277,"[[104, 85, 144, 122]]",0.8380311316785864,0.721216509775525,0.7227866473149492,0.996996996996997,0.9952673571534764,0.9961321770752367,6.4031242374328485,2.756952311717868,0.3793793793793794,141.9635604997893
bus_0258-l,,,,,,,334,274,"[[82, 82, 196, 147]]",0.944628382235415,0.8950670705322371,0.9257104497650481,0.9643356643356643,0.9961937954279687,0.9802647298818166,4.0,1.5815999656046835,0.041724941724941726,141.9635604997893
bus_0258-r,,,,,,,334,276,"[[64, 74, 206, 150]]",0.955147602716697,0.9141459647316257,0.9282446738988368,0.9836565096952908,0.9935384398098018,0.9885974747525463,5.184863101655287,1.8094554397689935,0.05969529085872576,141.9635604997893
bus_0259-l,,,,,,,349,274,"[[12, 43, 260, 205]]",0.8928113109845329,0.8063768351701981,0.8292070926731349,0.9669836625213363,0.9456343765391835,0.9563090195302599,20.591260281974,5.467724300511823,0.16615459643989272,141.9635604997893
bus_0259-r,,,,,,,349,275,"[[63, 39, 219, 169]]",0.9174982181040627,0.8475720164609053,0.9752817501657354,0.8661788207586845,0.9968960350117737,0.9315374278852291,9.758351596473362,3.447569460328059,-0.11186811338211793,142.30439874972944
bus_0260-l,,,,,,,383,276,"[[67, 58, 207, 150]]",0.9362313633914137,0.8801080715974333,0.9119328123177417,0.9618602362204725,0.9922627587620414,0.9770614974912569,7.1340834444435925,2.618145831054178,0.054749015748031496,142.30439874972944
bus_0260-r,,,,,,,383,277,"[[84, 54, 202, 150]]",0.7907940418859895,0.6539779568398629,0.6608947959565705,0.984248675773627,0.9633733331985402,0.9738110044860836,30.873936549285208,9.800382416068564,0.4892667967660998,142.30439874972944
bus_0261-l,,,,,,,331,274,"[[78, 142, 220, 190]]",0.8353422298751614,0.7172426538532619,0.7258275668599214,0.9837769328263625,0.9831006697483544,0.9834388012873585,15.501463080711853,4.454887916706691,0.35538656527249685,142.30439874972944
bus_0261-r,,,,,,,331,275,"[[79, 147, 205, 209]]",0.9395205230657464,0.8859393731803391,0.9395205230657464,0.9395205230657464,0.9961061284626808,0.9678133257642136,5.0,1.9776917086830794,0.0,143.12572074959462
bus_0262-l,,,,,,,334,276,"[[49, 89, 221, 234]]",0.9018086276426739,0.8211762087575808,0.9700295760762405,0.8425529485642519,0.993892884406766,0.9182229164855089,17.124514455274102,5.4114554897036395,-0.1314151966660958,143.12572074959462
bus_0262-r,,,,,,,334,277,"[[111, 84, 192, 179]]",0.8792368581286787,0.7844983701557406,0.8408385093167702,0.9213100808166738,0.9906622938872187,0.9559861873519462,12.613366674313955,3.96547243491723,0.09570395576350489,143.12572074959462
bus_0263-l,,,,,,,383,273,"[[71, 84, 196, 170]]",0.9282860947308351,0.8661696840610579,0.9143142643017736,0.9426915647134578,0.9929127838502386,0.9678021742818482,7.0710678118654755,2.957873769417395,0.031036703155183514,143.12572074959462
bus_0263-r,,,,,,,383,277,"[[70, 75, 232, 182]]",0.9533013762177207,0.9107696853301817,0.9415807560137457,0.9653174665309637,0.9918022246511927,0.9785598455910782,6.4031242374328485,2.520947828463685,0.025209426133249824,143.08564075054164
bus_0264-l,,,,,,,332,275,"[[91, 104, 209, 228]]",0.9269115100701723,0.8637791932059448,1.0,0.8637791932059448,1.0,0.9318895966029723,7.280109889280518,4.046193423147973,-0.1362208067940552,143.08564075054164
bus_0264-r,,,,,,,332,276,"[[70, 113, 197, 234]]",0.9467491456503871,0.898882865122392,0.9989046097672296,0.8997697747081073,0.9998489996224991,0.9498093871653032,7.810249675906654,2.9009163043856128,-0.09924354546949515,143.08564075054164
bus_0265-s,,,,,,,368,274,"[[10, 18, 270, 192]]",0.9717039163420136,0.9449651046859422,0.9789588620669303,0.9645557106303791,0.9892685129440096,0.9769121117871944,9.041538853603063,2.647276310321368,-0.014712723889276576,143.08564075054164
bus_0266-l,,,,,,,368,274,"[[30, 62, 229, 206]]",0.958956043956044,0.9211484667757429,0.9620218278028884,0.9559097381969548,0.9916559691912709,0.9737828536941129,8.06225774829855,2.578952181543759,-0.006353379340563041,144.6335900000122
bus_0266-r,,,,,,,368,275,"[[95, 66, 232, 205]]",0.9591844327863973,0.9215700293129334,0.9760714826593972,0.94287177236486,0.9963897679626181,0.969630770163739,6.082762530298219,2.210768810886094,-0.034013605442176874,144.6335900000122
bus_0267-l,,,,,,,382,274,"[[31, 57, 224, 188]]",0.9322498012543061,0.8730972865651886,0.9934734860370255,0.878134013756379,0.9987996306555863,0.9384668222059827,11.260361054390424,3.9464763421405835,-0.11609718216108277,144.6335900000122
bus_0267-r,,,,,,,382,275,"[[38, 40, 251, 168]]",0.9584115327077384,0.9201441479082885,0.9518098325229606,0.96510545056149,0.9897229103058932,0.9774141804336915,7.447941497572213,2.4918924429098603,0.013968775677896467,144.6335900000122
bus_0268-l,,,,,,,343,279,"[[61, 61, 167, 129]]",0.9273037200441191,0.8644606468498784,0.9939810834049871,0.8690095846645367,0.999690183234487,0.9343498839495119,5.830951894845301,2.428055915193563,-0.12572824657019357,144.33579174965416
bus_0268-r,,,,,,,343,280,"[[59, 67, 162, 130]]",0.9462859643365058,0.8980481727574751,0.9353373702422145,0.9574939118884215,0.9967330616347804,0.9771134867616009,3.605551275463989,1.684662626251721,0.023688288687181758,144.33579174965416
bus_0269-l,,,,,,,350,274,"[[81, 48, 237, 151]]",0.9590950226244344,0.9214049730481655,0.9953042824943651,0.9254278728606357,0.9994079196665403,0.962417896263588,4.5777087639996275,2.0696612405291495,-0.07020607754104087,144.33579174965416
bus_0269-r,,,,,,,350,276,"[[48, 49, 227, 137]]",0.9268219233085726,0.8636236086427836,0.9538223140495867,0.9013080827801639,0.994823752837093,0.9480659178086285,13.11285686831969,3.1954942503566865,-0.05505661850839516,144.33579174965416
bus_0270-l,,,,,,,367,273,"[[54, 60, 187, 188]]",0.9253560164388799,0.8610814656705799,0.9604205931951195,0.8927616413093592,0.9955342152978309,0.9441479283035951,10.791175509724336,3.3695825092290708,-0.07044721069617335,142.80337324998982
bus_0270-r,,,,,,,367,276,"[[12, 44, 241, 209]]",0.9467568426308384,0.8988967419410446,0.9907376620909134,0.9065148420183406,0.9975090377221109,0.9520119398702258,11.045361017187261,3.4234960949641615,-0.08501021339475857,142.80337324998982
bus_0271-l,,,,,,,381,277,"[[35, 74, 241, 215]]",0.9352085751348399,0.8783021287509618,0.9364232977850697,0.9339969998636302,0.9897657118332581,0.9618813558484441,9.0,3.337812716591408,-0.0025910268648574935,142.80337324998982
bus_0271-r,,,,,,,381,276,"[[46, 81, 227, 201]]",0.8766809516772572,0.7804380714332697,0.9820393974507532,0.7917389563592686,0.9975934346234889,0.8946661954913788,22.786519263380995,5.9273379009030895,-0.19378086213799547,142.80337324998982
bus_0272-l,,,,,,,349,273,"[[33, 4, 262, 220]]",0.936140761838848,0.879947955762398,0.9991760661420007,0.8805869244059393,0.9994759667509938,0.9400314455784666,20.654152911807614,6.281250038879542,-0.1186869319177705,142.78477624975494
bus_0272-r,,,,,,,349,276,"[[18, 5, 275, 224]]",0.9576980255802239,0.9188297145012613,0.987858971434365,0.9293242405455673,0.9911925863273636,0.9602584134364655,20.55450909539222,4.596520984138903,-0.05925413705946874,142.78477624975494
bus_0273-l,,,,,,,350,274,"[[35, 42, 135, 79]]",0.9586438152011922,0.9205724508050089,0.959358687546607,0.9579300074460164,0.9988306477567748,0.9783803276013956,2.0,0.9299589276313399,-0.0014892032762472078,142.78477624975494
bus_0273-r,,,,,,,350,275,"[[155, 35, 261, 76]]",0.8969676085458305,0.8131833801936895,0.9859848484848485,0.822692793931732,0.9996025181015405,0.9111476560166363,7.86552058705236,2.3261522304148174,-0.16561314791403287,142.78477624975494
bus_0274-l,,,,,,,382,275,"[[88, 66, 204, 159]]",0.892342439234244,0.8056121953587727,0.8070226631650618,0.9978352375225497,0.979490360262573,0.9886627988925614,15.887467475357557,5.287849474242234,0.2364401683704149,142.87021299969638
bus_0274-r,,,,,,,382,275,"[[95, 67, 193, 149]]",0.8123501634580458,0.6839980425740152,0.6975670617592015,0.9723478260869565,0.9755891238670695,0.973968474977013,23.101458108813844,7.98708751947897,0.3939130434782609,142.87021299969638
bus_0275-l,,,,,,,369,274,"[[82, 82, 174, 130]]",0.9240426867545511,0.8588098016336057,0.8625842367418693,0.994930719837783,0.9952214535339847,0.9950760866858839,4.242640687119285,1.9763987290543326,0.1534302129097668,142.87021299969638
bus_0275-r,,,,,,,369,276,"[[135, 79, 215, 124]]",0.9098777046095955,0.8346565412495686,0.8410434782608696,0.990983606557377,0.9954025994929782,0.9931931030251776,5.0,2.133293576046847,0.17827868852459017,142.87021299969638
bus_0276-l,,,,,,,352,272,"[[44, 44, 238, 169]]",0.9584307228024498,0.9201795250539712,0.9558007789448838,0.9610751794932653,0.9905058878706062,0.9757905336819357,12.771921916437755,2.811970453250194,0.005518305346229158,142.36368475030758
bus_0276-r,,,,,,,352,277,"[[39, 37, 266, 156]]",0.9601697367152088,0.9233908365794843,0.9523171839877564,0.9681528662420382,0.9870413455164615,0.9775971058792499,8.94427190999916,2.663568437656565,0.01662857976369913,142.36368475030758
bus_0277-l,,,,,,,368,275,"[[75, 80, 226, 150]]",0.965242669362993,0.9328203249053377,0.9617176678000252,0.9687936064949892,0.9967422870430896,0.9827679467690394,3.605551275463989,1.3775125291367667,0.0073576049727261195,142.36368475030758
bus_0277-r,,,,,,,368,275,"[[96, 85, 210, 156]]",0.9643138974134152,0.9310870301388419,0.9756919801277502,0.953198127925117,0.9985644077920173,0.9758812678585671,3.605551275463989,1.3685297530871618,-0.023054255503553476,142.36368475030758
bus_0278-s,,,,,,,382,358,"[[136, 41, 265, 111]]",0.9554477282752536,0.9146959459459459,0.9370133241045163,0.974622030237581,0.9972256097560975,0.9859238199968392,4.036931687685293,1.4914454334261236,0.04013678905687545,142.3753540002508
bus_0279-l,,,,,,,369,274,"[[98, 50, 223, 116]]",0.9549581947316371,0.913799036476256,0.9421678197622849,0.9681006197593875,0.9965906714076553,0.9823456455835214,4.0,1.5375144401127843,0.027524608093328472,142.3753540002508
bus_0279-r,,,,,,,369,276,"[[107, 51, 210, 118]]",0.9118973639370552,0.8380619012527635,0.8425634376736433,0.9936653560506772,0.9912610778689367,0.9924632169598069,12.039514849852678,3.0545959422967326,0.17933595456531237,142.3753540002508
bus_0280-l,,,,,,,385,274,"[[65, 58, 194, 133]]",0.9050146557870554,0.8265084647663146,0.8579152898768398,0.9575859178541491,0.9904948505400654,0.9740403841971073,8.602325267042627,3.3575920970264965,0.11617770326906958,142.3753540002508
bus_0280-r,,,,,,,385,276,"[[130, 63, 229, 130]]",0.9147836660249266,0.8429505135387488,0.8833659491193738,0.9485185963437697,0.9941281366686042,0.9713233665061869,16.515013884649317,3.765085519323807,0.07375499054423199,141.75244474972715
bus_0281-l,,,,,,,381,277,"[[84, 101, 184, 232]]",0.9308220561502727,0.8705960139794087,0.9054027504911591,0.9577098919368247,0.9899596509336587,0.9738347714352417,8.980495168499704,3.191926444847574,0.057772236076475476,141.75244474972715
bus_0281-r,,,,,,,381,275,"[[72, 114, 196, 245]]",0.8599033816425121,0.7542372881355932,0.774085637823372,0.967121760936194,0.9676729640030636,0.9673973624696288,22.47220505424423,7.251364259326486,0.24937308442463083,141.75244474972715
bus_0282-l,,,,,,,370,274,"[[40, 53, 204, 147]]",0.9451111207382056,0.8959342915811088,0.999633431085044,0.8962287404486073,0.9999551614747391,0.9480919509616732,7.0710678118654755,2.9503736076461897,-0.10344260948155451,141.75244474972715
bus_0282-r,,,,,,,370,277,"[[66, 51, 217, 149]]",0.963104722061507,0.9288350931410422,0.9700555854402009,0.9562527618205922,0.9963367151083082,0.9762947384644503,4.683281572999736,1.871093286795178,-0.014228899690676094,142.01259425044555
bus_0283-l,,,,,,,368,274,"[[89, 63, 202, 106]]",0.9568315746197067,0.9172359432475039,0.971611466740885,0.9424946004319654,0.9989498393872004,0.9707222199095829,2.8284271247461903,1.0889022460947848,-0.029967602591792656,142.01259425044555
bus_0283-r,,,,,,,368,275,"[[81, 66, 227, 112]]",0.9575042495750425,0.9184730481488587,0.9335153051277052,0.9827586206896551,0.9964600116269413,0.9896093161582982,5.847856705360774,1.2313057874559357,0.0527504105090312,142.01259425044555
bus_0284-l,,,,,,,370,274,"[[12, 52, 271, 135]]",0.9489988392338944,0.9029474701456478,0.9990834797219889,0.9036960276338515,0.9998619181865255,0.9517789729101884,7.0,2.3606653567008653,-0.09547495682210708,142.01259425044555
bus_0284-r,,,,,,,370,275,"[[37, 57, 207, 135]]",0.9445492662473794,0.8949250173800775,0.9101100898899102,0.9816973526527945,0.9903857579587559,0.9860415553057752,8.48528137423857,2.393537041923344,0.07865780586120492,142.0785087502736
bus_0285-l,,,,,,,297,277,"[[17, 62, 252, 154]]",0.9771320120718086,0.9552865312081762,0.9807632252826182,0.9735275883446993,0.995343140960704,0.9844353646527016,3.1622776601683795,1.2692217513079267,-0.0073775573465592065,142.0785087502736
bus_0285-r,,,,,,,297,276,"[[20, 68, 203, 157]]",0.9744227844601133,0.9501213265031005,0.9585637863813582,0.9908153701968135,0.9935906426187203,0.9922030064077669,2.8284271247461903,1.1953271729522659,0.03364573570759138,142.0785087502736
bus_0286-l,,,,,,,350,273,"[[27, 56, 207, 161]]",0.9598844062511882,0.9228632009943701,0.9930763178599528,0.9288395025388182,0.998926318614951,0.9638829105768846,6.418378222186161,2.1787574760786046,-0.06468467142541762,142.0785087502736
bus_0286-r,,,,,,,350,276,"[[67, 51, 212, 149]]",0.9342619979009636,0.8766338406445837,0.9489291598023064,0.9200413417269567,0.9938690275370243,0.9569551846319906,10.889992295835176,3.332102865175326,-0.030442544395377243,141.42303300013737
bus_0287-l,,,,,,,385,277,"[[3, 53, 276, 163]]",0.9230463425715584,0.8570901228708537,0.8675206832132373,0.9861658879922335,0.9724723836564483,0.9793191358243409,16.0,4.065998506815879,0.13676354590134093,141.42303300013737
bus_0287-r,,,,,,,385,276,"[[42, 52, 219, 165]]",0.9140986132511556,0.8417878680383114,0.8966220811607345,0.9322699772137975,0.9853741460233286,0.958822061618563,16.97056274847714,4.333113469816595,0.03975799481417459,141.42303300013737
bus_0288-l,,,,,,,389,275,"[[57, 44, 243, 138]]",0.9366470334722022,0.8808430154012429,0.8851479771925062,0.9945088468578401,0.9819737276669188,0.9882412872623795,8.48528137423857,3.4337113098476775,0.1235509456985967,141.42303300013737
bus_0288-r,,,,,,,389,276,"[[47, 43, 167, 125]]",0.9646222995505292,0.9316622321803669,0.9436879432624113,0.9865065243179122,0.9960544623335321,0.9912804933257222,3.605551275463989,1.4466573535275702,0.045373665480427046,141.31190224998136
bus_0289-l,,,,,,,350,273,"[[98, 29, 188, 90]]",0.9241271262309758,0.8589556896193051,0.8672547784078976,0.9889820359281437,0.9930834473324214,0.9910327416302825,6.0,2.509986086509153,0.14035928143712575,141.31190224998136
bus_0289-r,,,,,,,350,278,"[[104, 41, 217, 92]]",0.8266696201129693,0.7045497451387578,0.7200463052286321,0.9703588143525741,0.9844736447878101,0.977416229570192,21.18962010041709,5.571005522334051,0.34763390535621425,141.31190224998136
bus_0290-l,,,,,,,331,276,"[[53, 61, 213, 183]]",0.9507515308962702,0.9061262026032824,0.9981298215538066,0.9076672335600907,0.9996892962560199,0.9536782649080553,6.324555320336759,2.7190256778002437,-0.09063208616780045,141.31190224998136
bus_0290-r,,,,,,,331,276,"[[45, 59, 219, 173]]",0.9555813344310145,0.9149408814045145,0.9982799061767006,0.916385559463145,0.9997158467122172,0.9580507030876811,5.50742505619553,2.4173016998969565,-0.0820354553936697,142.42372150056326
bus_0291-l,,,,,,,370,277,"[[31, 84, 226, 249]]",0.8114041030922248,0.6826576679283141,0.6967003304323545,0.9713210485336101,0.9251590528032339,0.948240050668422,33.961742416789996,11.354049961216369,0.39417337139890996,142.42372150056326
bus_0291-r,,,,,,,370,276,"[[46, 126, 123, 262]]",0.6942675159235668,0.5317073170731708,0.5655622266696316,0.898810224997055,0.9374032104751632,0.9181067177361091,51.64300170445959,15.774247801492871,0.5892331252208741,142.42372150056326
bus_0292-l,,,,,,,369,274,"[[55, 65, 183, 112]]",0.9121301106844364,0.8384551495016611,1.0,0.8384551495016611,1.0,0.9192275747508305,5.385164807134504,2.529398269566934,-0.16154485049833886,142.42372150056326
bus_0292-r,,,,,,,369,276,"[[86, 77, 189, 121]]",0.9362514688601645,0.88014360673847,0.983641975308642,0.8932174887892377,0.9994607025112947,0.9463390956502662,5.0,1.672988265380837,-0.09192825112107623,141.58490899990284
bus_0293-s,,,,,,,369,274,"[[42, 88, 262, 181]]",0.9368716542629586,0.8812404052809334,0.9063407856511305,0.9695311444399406,0.9828165554319614,0.976173849935951,8.54400374531753,3.4993793526031247,0.0697203080664775,141.58490899990284
bus_0294-l,,,,,,,351,274,"[[85, 81, 221, 164]]",0.9156205307484506,0.8443728018757327,0.8475191213963522,0.9956226241216449,0.9822271496005395,0.9889248868610923,9.219544457292887,4.083356514701031,0.1747494528280152,141.58490899990284
bus_0294-r,,,,,,,351,276,"[[109, 61, 247, 140]]",0.9251993418554614,0.8608101742816768,0.9989068051380159,0.8616218764733616,0.9999094940718617,0.9307656852726116,9.219544457292887,3.298153896383367,-0.13743517208863743,141.58490899990284
bus_0295-l,,,,,,,351,275,"[[65, 163, 196, 254]]",0.9439524838012959,0.8938541773187443,0.9984009137635637,0.8951356886840758,0.9998386353158137,0.9474871619999448,6.324555320336759,2.732732761617085,-0.10343061955965181,144.65195699995093
bus_0295-r,,,,,,,351,275,"[[56, 167, 194, 247]]",0.9433118936007849,0.8927060765500877,0.8987328624844204,0.9925441615049323,0.9888961016775428,0.9907201315912375,9.153681120105006,2.735191683007096,0.10438173893094746,144.65195699995093
bus_0296-l,,,,,,,381,273,"[[55, 88, 138, 127]]",0.8727397967969692,0.7742132600061106,0.7742132600061106,1.0,0.9927177051409651,0.9963588525704825,7.0,3.256395865965183,0.2916337805840568,144.65195699995093
bus_0296-r,,,,,,,381,277,"[[75, 90, 196, 134]]",0.9456673877083599,0.8969345884624668,0.9523321373654536,0.9390952741976245,0.9981689308919078,0.9686321025447662,3.1622776601683795,1.4287992626787323,-0.01389941875157948,144.65195699995093
bus_0297-l,,,,,,,295,276,"[[52, 76, 145, 141]]",0.9142857142857143,0.8421052631578947,0.8511784511784511,0.9875,0.9914539829853055,0.9894769914926528,10.160465155060637,2.637735000548356,0.16015625,142.41953900000226
bus_0297-r,,,,,,,295,276,"[[84, 83, 185, 140]]",0.8999407933688574,0.8180839612486545,0.8180839612486545,1.0,0.9891136305076011,0.9945568152538006,7.0,2.9516469384850805,0.22236842105263158,142.41953900000226
bus_0298-l,,,,,,,369,276,"[[111, 106, 170, 132]]",0.9543021819678881,0.9125984251968504,0.9272,0.9830364715860899,0.9990960115233696,0.9910662415547298,2.0,0.7403406300613814,0.06022052586938083,142.41953900000226
bus_0298-r,,,,,,,369,277,"[[120, 109, 170, 134]]",0.9343410486537553,0.87677304964539,0.899090909090909,0.9724680432645034,0.9989031187003439,0.9856855809824236,3.0,1.0230759656234225,0.08161258603736479,142.41953900000226
bus_0299-l,,,,,,,369,275,"[[115, 48, 179, 83]]",0.7840772014475271,0.6448412698412699,0.6448412698412699,1.0,0.9910365548322484,0.9955182774161242,25.204439955967416,5.376658687628613,0.5507692307692308,141.92431550054607
bus_0299-r,,,,,,,369,276,"[[140, 51, 196, 85]]",0.9600278067431353,0.9231283422459893,0.9550484094052559,0.9650593990216632,0.9993526734586159,0.9822060362401395,2.23606797749979,0.734440759830193,0.010482180293501049,141.92431550054607
bus_0300-l,,,,,,,369,275,"[[50, 32, 214, 150]]",0.9713118739667412,0.9442238608432596,0.9713433609958506,0.9712803889789303,0.9948634514816966,0.9830719202303135,5.0,1.829434234759581,-6.482982171799028e-05,141.92431550054607
bus_0300-r,,,,,,,369,276,"[[48, 26, 252, 156]]",0.9608991861728918,0.9247410582172559,0.9997241987975067,0.9249770337858528,0.9999392097264438,0.9624581217561483,6.324555320336759,2.598168869597641,-0.0747677860569562,141.92431550054607
bus_0301-l,,,,,,,369,275,"[[81, 42, 176, 92]]",0.9346463742166518,0.8773109243697479,0.98801261829653,0.8867497168742922,0.9996120192356779,0.943180868054985,4.0,1.761570920418478,-0.10249150622876557,143.70259049974266
bus_0301-r,,,,,,,369,276,"[[112, 42, 185, 93]]",0.8678996036988111,0.7666277712952159,0.7727139076742134,0.9898305084745763,0.9922067971246812,0.9910186527996288,13.892443989449804,3.738464515212271,0.2809792843691149,143.70259049974266
bus_0302-s,,,,,,,383,359,"[[85, 69, 327, 278]]",0.925163220109868,0.8607476385432554,0.9732829046898639,0.8815775049331287,0.9912582047144314,0.93641785482378,25.62810390807303,7.088788407202175,-0.09422275816706863,143.70259049974266
bus_0303-l,,,,,,,353,276,"[[9, 59, 261, 318]]",0.905404152284787,0.8271584020482698,0.8925023868045258,0.9186843976079957,0.8933107535986452,0.9059975756033205,22.47220505424423,9.6519604370705,0.029335507882741606,143.70259049974266
bus_0303-r,,,,,,,353,277,"[[10, 39, 263, 277]]",0.903567343826589,0.8240974388523515,0.8967977686004022,0.9104398981473352,0.9086069889899473,0.9095234435686412,25.059928172283335,9.538014912806645,0.015212046711739398,143.14224724967062
bus_0304-l,,,,,,,369,275,"[[6, 43, 268, 150]]",0.9746493194370623,0.9505521748929456,0.9978234125106463,0.9525272144179954,0.9994201875567208,0.9759737009873581,4.212756921743878,1.6897142076046385,-0.04539500429107006,143.14224724967062
bus_0304-r,,,,,,,369,276,"[[64, 43, 246, 151]]",0.9781771501925546,0.957286432160804,0.970542129327237,0.9859332492867096,0.9948025307411291,0.9903678900139193,3.605551275463989,1.3249029535923094,0.01585827085130383,143.14224724967062
bus_0305-l,,,,,,,369,276,"[[142, 95, 195, 125]]",0.8738771110312612,0.7760051052967454,0.7789878283151825,0.9950900163666121,0.9965713263501024,0.9958306713583572,5.0,2.337678042681374,0.2774140752864157,143.14224724967062
bus_0305-r,,,,,,,369,276,"[[122, 92, 163, 121]]",0.8236842105263158,0.7002237136465325,0.7002237136465325,1.0,0.9960160547049205,0.9980080273524603,5.830951894845301,3.0753901240593082,0.4281150159744409,142.41877125004976
bus_0306-l,,,,,,,368,275,"[[94, 50, 175, 85]]",0.9313276651406148,0.8714810281517748,0.9352014010507881,0.9274858879722102,0.9985034935336764,0.9629946907529433,5.077032961426896,1.5358199131362973,-0.008250108554059922,142.41877125004976
bus_0306-r,,,,,,,368,276,"[[102, 51, 188, 87]]",0.9454133635334089,0.8964776632302406,0.9121503496503497,0.9811941701927598,0.9979787009382448,0.9895864355655023,3.0,1.1206598497773363,0.07569346497414198,142.41877125004976
bus_0307-l,,,,,,,297,277,"[[74, 66, 246, 154]]",0.9421890392492352,0.8906969904911283,0.9263866231647635,0.9585399303724021,0.9900810550899849,0.9743104927311935,7.810249675906654,2.3772525358475827,0.034708302563561555,142.41877125004976
bus_0307-r,,,,,,,297,277,"[[85, 75, 190, 143]]",0.8278248831977851,0.7062297018010039,0.7092661230541142,0.9939746519842094,0.9746824003305102,0.9843285261573598,37.50831354567627,7.423271493269716,0.4014128402243923,142.00247400003718
bus_0308-l,,,,,,,296,278,"[[47, 62, 138, 119]]",0.7828916782891678,0.6432391138273491,0.645458029896512,0.9946839929119905,0.9765531925679958,0.9856185927399932,15.127773471819124,6.81769745391053,0.5410513880685174,142.00247400003718
bus_0308-r,,,,,,,296,277,"[[90, 64, 150, 118]]",0.8321790090570058,0.7125912408759124,0.7132420091324201,0.9987212276214834,0.9881726640383698,0.9934469458299267,10.63014581273465,4.7252077347978085,0.40025575447570333,142.00247400003718
bus_0309-l,,,,,,,296,276,"[[69, 48, 180, 97]]",0.9327680193821926,0.8740068104426788,0.9217141489107015,0.9440902403138793,0.9957870597026462,0.9699386500082627,5.0,1.9105982232999226,0.024276606179499755,142.00247400003718
bus_0309-r,,,,,,,296,276,"[[46, 58, 170, 102]]",0.9402332361516035,0.8872077028885832,0.8910891089108911,0.9951144253021342,0.9939208554500237,0.9945176403760789,3.605551275463989,1.6602830855324098,0.11673952172795063,143.60499374924984
bus_0310-l,,,,,,,351,276,"[[123, 66, 220, 151]]",0.9451968503937008,0.8960883845924157,0.9408998275591786,0.9495333016927702,0.9958367842747502,0.9726850429837601,5.0,2.134179588731605,0.00917576332858725,143.60499374924984
bus_0310-r,,,,,,,351,276,"[[122, 64, 226, 149]]",0.9304378531073446,0.8699240673489601,0.9117647058823529,0.9498918529199711,0.994415732305536,0.9721537926127536,7.615773105863909,2.414839718801984,0.0418168709444845,143.60499374924984
bus_0311-l,,,,,,,296,277,"[[99, 99, 192, 148]]",0.9503909026297086,0.9054712892741061,0.9151382425403778,0.988468361916026,0.9960564813636942,0.9922624216398601,4.242640687119285,1.3689678750045395,0.08013010053222945,143.60499374924984
bus_0311-r,,,,,,,296,276,"[[76, 100, 207, 148]]",0.9569807929911266,0.9175102304544476,0.9836065573770492,0.931758530183727,0.9990794045951974,0.9654189673894622,2.8284271247461903,1.2378258714815353,-0.05271216097987751,142.04812700063485
bus_0312-s,,,,,,,384,360,"[[131, 107, 223, 168]]",0.9387952975396922,0.884650525354043,0.953001968503937,0.9250059708621925,0.9985751904097633,0.9617905806359779,5.0,1.8694113695226804,-0.029376641987102936,142.04812700063485
bus_0313-l,,,,,,,350,274,"[[118, 47, 175, 70]]",0.9363844393592677,0.8803786574870912,0.899736147757256,0.976145038167939,0.9987981276093282,0.9874715828886336,2.0,0.9703279949466842,0.08492366412213741,142.04812700063485
bus_0313-r,,,,,,,350,276,"[[151, 46, 203, 70]]",0.892399658411614,0.8057054741711642,0.8138629283489096,0.9877126654064272,0.997498482342844,0.9926055738746355,4.0,1.7678534394845085,0.21361058601134217,142.04812700063485
bus_0314-l,,,,,,,296,276,"[[72, 84, 182, 179]]",0.95510310623858,0.914064451661254,0.9946989261927416,0.918538973264717,0.9994710358203692,0.9590050045425431,5.385164807134504,2.0229870463031485,-0.07656583406552027,144.81610574966908
bus_0314-r,,,,,,,296,277,"[[72, 85, 205, 181]]",0.9175239755884917,0.8476159793814433,0.998229416972303,0.8488922348892235,0.9998074118909401,0.9243498233900818,7.771354361898096,3.61146874973742,-0.1496020649602065,144.81610574966908
bus_0315-l,,,,,,,369,274,"[[125, 67, 187, 100]]",0.8705173829728989,0.7707222491517208,0.7707222491517208,1.0,0.9952469954580168,0.9976234977290084,7.067514421272201,2.6631916953906143,0.29748427672955974,144.81610574966908
bus_0315-r,,,,,,,369,275,"[[144, 69, 217, 104]]",0.9460083064143978,0.8975481611208407,0.9107063527321191,0.9841574651944311,0.9979777044430135,0.9910675848187223,3.0,1.217862779609478,0.08065290446471435,144.81610574966908
bus_0316-l,,,,,,,314,277,"[[96, 114, 179, 142]]",0.9429723502304147,0.8920980926430517,0.9059214167127836,0.9831831831831832,0.998007337685933,0.990595260434558,2.23606797749979,0.9887035152974549,0.08528528528528528,142.1656600005008
bus_0316-r,,,,,,,314,275,"[[87, 115, 178, 149]]",0.9347234814143246,0.8774468085106383,0.998547215496368,0.8785683851725608,0.9999642869897504,0.9392663360811555,3.1622776601683795,1.3718211746124405,-0.12015338730293992,142.1656600005008
bus_0317-l,,,,,,,313,276,"[[42, 101, 151, 166]]",0.9287765651924181,0.8670241286863271,0.9731193580742227,0.8882988463651346,0.9983441867361943,0.9433215165506644,8.182694247553295,2.5773545532254674,-0.08716352316425563,142.1656600005008
bus_0317-r,,,,,,,313,275,"[[97, 105, 191, 167]]",0.8895173453996983,0.8010186757215619,0.8010186757215619,1.0,0.9855943557407476,0.9927971778703738,7.615773105863909,4.099910141985665,0.24841034336583298,142.1656600005008
bus_0318-l,,,,,,,368,274,"[[104, 114, 197, 206]]",0.8570405514278041,0.7498433583959899,0.7673933953190125,0.9704034056355159,0.9848694981178114,0.9776364518766636,11.180339887498949,4.432509355658705,0.26454490168254613,141.09933949930564
bus_0318-r,,,,,,,368,276,"[[103, 111, 157, 184]]",0.731642972299575,0.5768430783452738,0.584817244611059,0.9769080234833659,0.9821033601648268,0.9795056918240963,18.0,7.497008861447121,0.6704500978473581,141.09933949930564
bus_0319-l,,,,,,,369,275,"[[27, 65, 214, 210]]",0.922120934927294,0.8554957274961957,0.8829890056783859,0.9648821704402931,0.9775618006162685,0.9712219855282809,10.198039027185569,4.130860478979897,0.09274539573569213,141.09933949930564
bus_0319-r,,,,,,,369,275,"[[10, 75, 250, 203]]",0.9458292112057525,0.8972257828236587,0.9906990850730425,0.9048476454293629,0.9976946689218819,0.9512711571756224,13.601470508735444,3.5012937244996984,-0.08665743305632502,141.09933949930564
bus_0320-l,,,,,,,407,280,"[[85, 35, 231, 151]]",0.8907112698928223,0.8029571073049334,0.9283236015909283,0.8560280920795942,0.9916258836324089,0.9238269878560015,16.031128874149275,5.767390282449152,-0.07787748731954741,142.78837975052738
bus_0320-r,,,,,,,407,280,"[[66, 34, 236, 152]]",0.9132566989681824,0.8403610108303249,0.8691009557945042,0.9621393733983632,0.9827906109185868,0.9724649921584749,9.447194094168736,4.033494395311909,0.10705133504174588,142.78837975052738
bus_0321-s,,,,,,,385,360,"[[60, 65, 288, 225]]",0.9316528016367812,0.8720505871725384,0.9404933556759284,0.9229769007189842,0.9864208729057732,0.9546988868123787,40.11234224026316,7.437329701794669,-0.01862475141502218,142.78837975052738
bus_0322-s,,,,,,,383,405,"[[179, 129, 239, 177]]",0.9083351564209144,0.832064128256513,0.8327316486161251,0.9990375360923965,0.9972751687500409,0.9981563524212187,4.47213595499958,2.182955188852394,0.19971126082771895,142.78837975052738
bus_0323-s,,,,,,,382,403,"[[123, 45, 263, 132]]",0.9676662042471454,0.9373578664461443,0.9416407061266875,0.995171202809482,0.9961196956515735,0.9956454492305278,4.0,1.5197065451583744,0.05684811237928007,142.76676924964704
bus_0324-s,,,,,,,382,361,"[[107, 46, 239, 138]]",0.8957489132837251,0.8111822791566586,0.8381359437474148,0.961867088607595,0.9910778069948777,0.9764724478012363,10.621819216857688,3.6892022851976614,0.14762658227848102,142.76676924964704
bus_0325-l,,,,,,,314,276,"[[70, 67, 190, 148]]",0.9529673119644557,0.9101600387972842,0.913482599172548,0.99601963646013,0.9910144451325085,0.9935170407963192,4.0,2.1688545883151242,0.09035425235504843,142.76676924964704
bus_0325-r,,,,,,,314,277,"[[89, 68, 214, 151]]",0.956030608526661,0.9157649796393252,0.9182221185254317,0.9970863947301748,0.9911360072833949,0.9941112010067849,6.324555320336759,2.0809275014210313,0.08588801621484672,142.76676924964704
bus_0326-l,,,,,,,351,274,"[[30, 22, 206, 165]]",0.8731286052482411,0.7748254231269973,0.9103740787094979,0.8388109424050227,0.9840004964935145,0.9114057194492686,23.322673852301826,7.434226813329851,-0.07860849509898135,142.29793149934267
bus_0326-r,,,,,,,351,276,"[[64, 27, 238, 153]]",0.8077658601480003,0.6775228398075179,0.9054054054054054,0.7291353947763435,0.9878518766756033,0.8584936357259734,37.64306044943742,9.683647998214061,-0.1946862803962774,142.29793149934267
bus_0327-l,,,,,,,369,275,"[[91, 149, 203, 210]]",0.7139991277802006,0.5552088985349973,0.557098135293317,0.9939290917921321,0.966576620068408,0.9802528559302701,38.23739793025929,11.480224335404278,0.7841185041282176,142.29793149934267
bus_0327-r,,,,,,,369,276,"[[112, 150, 190, 198]]",0.9608372721134368,0.9246263807667316,0.9480346435709527,0.973990417522245,0.9984229999393461,0.9862067087307955,3.0,1.0624528467413037,0.02737850787132101,142.29793149934267
bus_0328-l,,,,,,,369,274,"[[73, 109, 214, 196]]",0.9647858913030949,0.9319674869168244,0.9690864883640152,0.9605232958457655,0.9971101394060092,0.9788167176258873,5.0,1.6236177608031892,-0.008836355290337388,141.1494637495707
bus_0328-r,,,,,,,369,276,"[[92, 111, 221, 200]]",0.9507782919646613,0.9061748195669607,0.9678208736082222,0.9343255374438932,0.9971834907579944,0.9657545141009438,7.211102550927978,2.229176936911303,-0.03460902433262462,141.1494637495707
bus_0329-l,,,,,,,295,277,"[[51, 35, 185, 161]]",0.9702681694520016,0.9422532553311945,0.9824872097599371,0.9583493282149712,0.9975033312293989,0.9779263297221851,4.0,1.349912978133891,-0.024568138195777352,141.1494637495707
bus_0329-r,,,,,,,295,275,"[[50, 35, 197, 172]]",0.9609075457527966,0.9247565429093122,0.9881310462564019,0.9351438682874288,0.9978569436493607,0.9665004059683948,5.656854249492381,2.085646214511412,-0.05362363440529312,141.1494637495707
bus_0330-l,,,,,,,369,274,"[[77, 123, 193, 230]]",0.8756643183784452,0.7788281851159723,0.8554696933107945,0.8968354430379747,0.9871574791322447,0.9419964610851097,14.317821063276353,4.84826321342643,0.048354430379746835,142.97619324952393
bus_0330-r,,,,,,,369,276,"[[52, 100, 204, 215]]",0.9467924088950984,0.8989608666814062,0.9310739638195558,0.9630506868782568,0.989874184215838,0.9764624355470474,7.615773105863909,2.860110941460788,0.03434391283751776,142.97619324952393
bus_0331-s,,,,,,,383,404,"[[15, 74, 403, 253]]",0.9413370473537604,0.8891753933589434,0.9949751702749916,0.8931862632812362,0.9973871952153013,0.9452867292482687,22.360679774997898,6.3286629482071435,-0.10230296195795817,142.97619324952393
bus_0332-l,,,,,,,349,275,"[[82, 77, 158, 116]]",0.9467455621301775,0.898876404494382,0.9100310237849017,0.9865470852017937,0.9981526897474281,0.9923498874746108,2.0,0.990731479159051,0.08408071748878924,142.97619324952393
bus_0332-r,,,,,,,349,276,"[[104, 73, 171, 106]]",0.9125431530494822,0.8391534391534392,0.8418259023354565,0.9962311557788944,0.9968542836633872,0.9965427197211408,4.123105625617661,1.6617764774118982,0.18341708542713567,142.68520249970607
bus_0333-s,,,,,,,384,404,"[[24, 79, 349, 271]]",0.9407315561066336,0.888095516797378,0.9194134755210858,0.963061690784463,0.9630103459784181,0.9630360183814406,29.07661708494098,6.14289827299733,0.04747397816704747,142.68520249970607
bus_0334-l,,,,,,,295,276,"[[44, 50, 235, 155]]",0.9663508219774333,0.9348924591863177,0.9471024479884491,0.9863978127136022,0.987932325198383,0.9871650689559925,5.534594000431324,1.9380313791145816,0.04149008885850991,142.68520249970607
bus_0334-r,,,,,,,295,275,"[[64, 53, 229, 162]]",0.9715020355688879,0.9445833333333333,0.9589002467395136,0.9844394586379098,0.9913383253105129,0.9878888919742114,5.0990195135927845,1.6486083678480252,0.026633856843019468,142.68520249970607
bus_0335-l,,,,,,,350,274,"[[104, 78, 192, 161]]",0.9402265100671141,0.887195725311696,0.9991085357700022,0.8878985937809467,0.9999559718660224,0.9439272828234846,4.47213595499958,2.099200379637931,-0.11130917013269954,142.0022929996776
bus_0335-r,,,,,,,350,276,"[[154, 81, 227, 166]]",0.9596146721007781,0.9223646723646723,0.9422750424448217,0.9776044287871163,0.9974305270658347,0.9875174779264755,2.8284271247461903,1.236359733806069,0.03749370910920986,142.0022929996776
bus_0336-s,,,,,,,383,403,"[[66, 62, 293, 207]]",0.93876633160179,0.8845990845906085,0.9684049364387121,0.9108880645865154,0.9948186922714062,0.9528533784289608,12.41751103963958,4.410166996890203,-0.05939341042984944,142.0022929996776
bus_0337-l,,,,,,,369,274,"[[124, 95, 196, 136]]",0.9030520646319569,0.823240589198036,0.825944170771757,0.996039603960396,0.9957208889247724,0.9958802464425842,4.47213595499958,2.1388705250183744,0.20594059405940593,142.0022929996776
bus_0337-r,,,,,,,369,276,"[[124, 99, 201, 143]]",0.8901211747792155,0.8019985196150999,0.8034853540971449,0.9976979742173112,0.9946825587928405,0.9961902665050759,6.0,2.566837164619402,0.24171270718232044,140.9422472506776
bus_0338-l,,,,,,,349,275,"[[50, 95, 176, 195]]",0.9151954805161456,0.8436501361107823,0.8595200771735199,0.9785831960461285,0.9868645071089513,0.9827238515775399,8.48528137423857,3.505057882328868,0.1385227896760022,140.9422472506776
bus_0338-r,,,,,,,349,276,"[[95, 92, 232, 190]]",0.9337063232344558,0.8756558756558757,0.9420598572797955,0.9254996337762896,0.9937303352657116,0.9596149845210007,8.54400374531753,2.9537495791228525,-0.01757873809772941,140.9422472506776
bus_0339-l,,,,,,,316,279,"[[37, 72, 187, 154]]",0.9614597732927841,0.9257800021296987,0.9416224412433661,0.982150926344329,0.9932040548718983,0.9876774906081136,4.242640687119285,1.7382111294958467,0.043041120650700405,140.9422472506776
bus_0339-r,,,,,,,316,276,"[[94, 76, 207, 153]]",0.9362609251758687,0.8801603206412826,0.9041998353005765,0.9706792397229999,0.9913215382511283,0.9810003889870641,5.656854249492381,2.5833020310327472,0.07352291144835715,142.35330275005253
bus_0340-l,,,,,,,369,275,"[[28, 86, 261, 205]]",0.9429836770846514,0.8921183681287109,0.9971633483194177,0.8943881714752052,0.9993427905361837,0.9468654810056945,8.0,3.6438720801720073,-0.10306754356487927,142.35330275005253
bus_0340-r,,,,,,,369,276,"[[53, 94, 245, 210]]",0.9440321583178726,0.8939970717423134,0.9854108837389451,0.9059884859635586,0.9973410200600036,0.9516647530117811,14.866068747318506,3.4205266241560657,-0.0805982550893228,142.35330275005253
bus_0341-l,,,,,,,384,274,"[[37, 86, 179, 231]]",0.9101210404326552,0.8350661625708885,0.976063340084699,0.8525249276294629,0.99719767191205,0.9248612997707564,14.328259467134304,4.2512010457742555,-0.1265680283049212,142.35330275005253
bus_0341-r,,,,,,,384,276,"[[56, 97, 171, 228]]",0.7205867055029648,0.5632165216684283,0.8295808383233533,0.6369069510849577,0.985038061992682,0.8109725065388198,37.19945419793698,12.045287559262771,-0.23225450533284295,142.00425900071423
bus_0342-l,,,,,,,350,276,"[[14, 69, 202, 240]]",0.9461540469292408,0.8978105805428968,0.9392651707519304,0.953144720235591,0.9848937925345432,0.9690192563850671,12.743587344059428,3.1214802013912455,0.014777029869583508,142.00425900071423
bus_0342-r,,,,,,,350,276,"[[41, 76, 228, 270]]",0.9388739247545399,0.8847901740020471,0.951146516438537,0.9269140038601759,0.9848536535443815,0.9558838287022786,11.40175425099138,3.5058790293945896,-0.025477160626206304,142.00425900071423
bus_0343-l,,,,,,,406,280,"[[41, 77, 206, 160]]",0.8751947647242132,0.7780856074248511,0.981649772806711,0.7895698622434636,0.9990146951185181,0.8942922786809908,11.704699910719626,3.5503663323786787,-0.19567050885577733,142.00425900071423
bus_0343-r,,,,,,,406,278,"[[60, 59, 218, 180]]",0.9048216859627098,0.82618663496646,0.9849175017714343,0.8367733058135535,0.9985282497036745,0.917650777758614,14.024574583130178,4.0562517278041,-0.15041279669762642,142.58515424990037
bus_0344-l,,,,,,,370,275,"[[112, 49, 216, 115]]",0.9011774600504626,0.8201301186375813,0.8283726323927328,0.9880129091747349,0.9908840799901449,0.98944849458244,8.602325267042627,3.2284194162318456,0.19271553711387737,142.58515424990037
bus_0344-r,,,,,,,370,277,"[[121, 49, 229, 111]]",0.9133262156653402,0.8404787424080029,0.8433411005556551,0.995977984758679,0.9910602868072745,0.9935191357829768,6.0,2.8522933375463118,0.18099068585944114,142.58515424990037
bus_0345-l,,,,,,,371,275,"[[36, 79, 199, 198]]",0.9289697146397463,0.8673608275486593,0.9932974826591848,0.8724671412924425,0.9990162096617363,0.9357416754770894,10.295630140987,4.297896881655991,-0.12164567360350492,142.58515424990037
bus_0345-r,,,,,,,371,276,"[[86, 86, 242, 187]]",0.9449004503935682,0.8955557328652358,0.905599483621107,0.9877673149696383,0.9871475179330572,0.9874574164513478,7.810249675906654,3.021912380613679,0.09073308105253894,142.25544550026825
bus_0346-l,,,,,,,369,274,"[[40, 74, 157, 154]]",0.9430776334014906,0.8922865701447829,0.9111649248024472,0.9773069036226931,0.9925685833395529,0.9849377434811231,6.708203932499369,2.5034917920494424,0.07259056732740943,142.25544550026825
bus_0346-r,,,,,,,369,277,"[[74, 71, 200, 151]]",0.9583180987202925,0.91997191997192,0.9330722677109291,0.9849680571213829,0.9940146450175104,0.9894913510694466,5.242092160363644,1.8787625324484767,0.055618188650883124,142.25544550026825
bus_0347-s,,,,,,,382,404,"[[86, 99, 265, 198]]",0.9698457827173258,0.9414568871790583,0.9911948577969534,0.9493969806865143,0.9992981027717922,0.9743475417291533,4.0,1.483749220285609,-0.042169182761238086,142.25544550026825
bus_0348-l,,,,,,,332,275,"[[47, 70, 245, 159]]",0.961880832735104,0.9265610953599336,0.9957639714625446,0.9302277145237434,0.9992587390761548,0.9647432267999492,4.47213595499958,2.113203037580289,-0.06581505137461816,142.83330674970784
bus_0348-r,,,,,,,332,275,"[[27, 74, 243, 154]]",0.9694618748811561,0.9407336334784855,0.991597946164618,0.9482925377576074,0.9986128771240319,0.9734527074408197,5.0,1.5431246510067431,-0.0436723458076036,142.83330674970784
bus_0349-l,,,,,,,296,276,"[[91, 149, 146, 196]]",0.9373528026377768,0.8820921985815603,0.8951866846603689,0.9836875926841325,0.9970755462954828,0.9903815694898077,3.605551275463989,1.4640025838165351,0.09886307464162135,142.83330674970784
bus_0349-r,,,,,,,296,277,"[[30, 153, 157, 205]]",0.9237277891937629,0.8582659478885895,0.9898963730569948,0.8658508950827102,0.9994972866368476,0.9326740908597788,5.0,2.0999599494357684,-0.12531157942442783,142.83330674970784
bus_0350-l,,,,,,,368,274,"[[94, 65, 186, 107]]",0.8561506123195028,0.7484819431128156,0.7576835975412488,0.9840336134453781,0.9923922317474505,0.9882129225964142,14.035533905932738,3.2253643145717086,0.2987394957983193,142.34442975066486
bus_0350-r,,,,,,,368,275,"[[128, 62, 180, 92]]",0.9373513084853291,0.8820895522388059,0.8900602409638554,0.9899497487437185,0.9985400875947443,0.9942449181692314,2.8284271247461903,1.0806135566315114,0.11222780569514237,142.34442975066486
bus_0351-l,,,,,,,349,275,"[[59, 42, 211, 138]]",0.9673068465034452,0.9366837024417944,0.9498992225741434,0.9853643966547192,0.9939253587180412,0.9896448776863802,4.3344387942713976,1.6057592474958364,0.03733572281959379,142.34442975066486
bus_0351-r,,,,,,,349,275,"[[79, 42, 230, 137]]",0.9754259007990351,0.9520306062389641,0.9880879657910813,0.9630842512652575,0.9986379193927681,0.9808610853290128,2.8284271247461903,1.1903061368036008,-0.0253051503423638,142.34442975066486
bus_0352-l,,,,,,,368,276,"[[113, 108, 188, 161]]",0.9267154193247238,0.8634386778776457,0.8735699618656497,0.9867461895294898,0.9956265854895991,0.9911863875095445,4.242640687119285,2.0803020492553688,0.1295559973492379,142.66825999948196
bus_0352-r,,,,,,,368,276,"[[105, 110, 168, 165]]",0.8315018315018315,0.7115987460815048,0.7125294271514517,0.9981678270428729,0.9888809073341495,0.9935243671885112,15.811388300841896,5.152853776638346,0.400879443019421,142.66825999948196
bus_0353-l,,,,,,,351,273,"[[46, 100, 248, 210]]",0.9190668284013653,0.8502531447361553,0.8918208693747947,0.9480300296804982,0.9748728382502543,0.9614514339653762,21.42925019883576,5.270729154536281,0.06302741081301286,142.66825999948196
bus_0353-r,,,,,,,351,278,"[[29, 100, 243, 208]]",0.9500600560523155,0.9048708562131381,0.9756592292089249,0.9257698709945901,0.9943334099088751,0.9600516404517325,12.19005951203954,3.472258647944625,-0.051133999167707035,142.66825999948196
bus_0354-s,,,,,,,382,405,"[[101, 28, 331, 120]]",0.9212495649147233,0.8539969347422763,0.8885438522870331,0.956454964314753,0.9907547288030576,0.9736048465589053,6.324555320336759,2.9258314907132394,0.07642966844340049,141.8650567502482
bus_0355-s,,,,,,,382,403,"[[52, 51, 331, 208]]",0.9294938917975567,0.8682751874796217,0.9443262411347517,0.9151202749140893,0.9889398540968721,0.9520300645054807,13.601470508735444,4.563919883683799,-0.030927835051546393,141.8650567502482
bus_0356-l,,,,,,,296,276,"[[52, 104, 180, 252]]",0.9062863795110594,0.8286322511974454,0.8548682284040996,0.9642857142857143,0.9779746694811687,0.9711301918834415,10.004987562112085,3.3619764336853213,0.12799339388934763,141.8650567502482
bus_0356-r,,,,,,,296,276,"[[48, 95, 171, 225]]",0.8210031690525625,0.6963574010566318,0.7561392914653784,0.8980396844370069,0.9669575889813173,0.9324986367091621,20.96652283210561,6.506555800588721,0.18766435572555581,141.8650567502482
bus_0357-l,,,,,,,332,274,"[[29, 82, 199, 163]]",0.9544480415849711,0.9128652420409943,0.9961926518180088,0.9160612691466083,0.9994971273399293,0.9577791982432688,7.0710678118654755,2.2734128954876645,-0.08043763676148796,142.41667650003365
bus_0357-r,,,,,,,332,275,"[[56, 65, 236, 157]]",0.9597404260769329,0.9225970614791102,0.9698015530629853,0.9498859122792191,0.9955956560584897,0.9727407841688545,6.324555320336759,2.0672931216446577,-0.020535789740556074,142.41667650003365
bus_0358-l,,,,,,,399,321,"[[55, 39, 227, 126]]",0.9778434268833087,0.9566473988439307,0.9891423448550652,0.9667997273877909,0.9990747657204944,0.9829372465541426,2.23606797749979,1.037752147500918,-0.022587868756693604,142.41667650003365
bus_0358-r,,,,,,,399,322,"[[54, 37, 208, 118]]",0.9432829181494662,0.8926541780677753,0.8969966159052454,0.9946060037523452,0.991879949979158,0.9932429768657516,6.082762530298219,2.528112896625352,0.10881801125703565,142.41667650003365
bus_0359-l,,,,,,,435,320,"[[72, 150, 227, 284]]",0.9452154351964007,0.8961217927685544,0.9704377487208641,0.92127099777373,0.9966553301655451,0.9589631639696375,9.219544457292887,3.2322625613498435,-0.050664507859407674,142.17937525063462
bus_0359-r,,,,,,,435,322,"[[59, 129, 239, 273]]",0.9094541514289585,0.8339439855927467,0.8537190082644628,0.9729749311693957,0.9817768555770267,0.9773758933732112,15.652475842498529,5.159030156834632,0.13968990001449066,142.17937525063462
bus_0360-l,,,,,,,433,322,"[[73, 98, 277, 247]]",0.9570073537248215,0.9175590615548107,0.9546672336806293,0.9593589743589743,0.9908124041163188,0.9750856892376465,7.0710678118654755,3.2634528885649274,0.004914529914529914,142.17937525063462
bus_0360-r,,,,,,,433,325,"[[63, 86, 295, 244]]",0.9259244372990354,0.8620663847621899,0.8877114562059265,0.9675752866563064,0.9750761230284991,0.9713257048424028,17.475691791758145,5.488970497449856,0.08996597925154354,142.17937525063462
bus_0361-l,,,,,,,432,322,"[[126, 151, 207, 208]]",0.9344729344729344,0.8770053475935828,0.883530015392509,0.9916498704290239,0.9966526826462977,0.9941512765376608,5.385164807134504,2.005176628487843,0.122372588540167,141.91903225037095
bus_0361-r,,,,,,,432,323,"[[148, 157, 217, 213]]",0.8885329916720052,0.7994236311239193,0.8040579710144927,0.9928418038654259,0.9950563835544309,0.9939490937099285,8.535195389655684,3.1297220515905484,0.23478883321403007,141.91903225037095
bus_0362-l,,,,,,,431,324,"[[65, 65, 254, 197]]",0.9511064766539219,0.9067712360543466,0.9943673914360124,0.911452839615833,0.9992353922930832,0.9553441159544581,7.0,3.206973110780334,-0.08338422250596791,141.91903225037095
bus_0362-r,,,,,,,431,323,"[[53, 63, 289, 196]]",0.9696328181967868,0.9410556113596932,0.9640768978904533,0.9752531465884356,0.9934958798770315,0.9843745132327335,4.0,1.986246609583237,0.011592694236774866,141.91903225037095
bus_0363-l,,,,,,,432,320,"[[79, 152, 231, 246]]",0.9169048888027521,0.8465598997942203,0.99109667958521,0.8530472412549586,0.9993314877151036,0.9261893644850311,12.076828264374226,4.06300884624114,-0.13928957807428777,141.32832425002562
bus_0363-r,,,,,,,432,323,"[[55, 150, 240, 240]]",0.9444119893946884,0.8946785866326096,0.9455592549266625,0.9432675044883303,0.9952880152029658,0.9692777598456481,7.0710678118654755,2.6180260212645665,-0.0024236983842010774,141.32832425002562
bus_0364-l,,,,,,,450,323,"[[61, 91, 304, 337]]",0.8819182672171364,0.7887779948090867,0.8620094742382596,0.9027684204079133,0.9581262866472634,0.9304473535275883,26.154209565011815,9.63722122417086,0.04728364059533288,141.32832425002562
bus_0364-r,,,,,,,450,323,"[[74, 110, 274, 331]]",0.9325827174138288,0.8736814857956384,0.917405633132878,0.948270412642669,0.9792,0.9637352063213345,13.45362404707371,4.977475579422549,0.03364354697102722,141.32832425002562
bus_0365-l,,,,,,,450,323,"[[64, 139, 150, 195]]",0.9492430988423864,0.9033898305084745,0.9223733003708282,0.9777253668763103,0.997781451806633,0.9877534093414717,4.242640687119285,1.5867083053353486,0.0600104821802935,142.72754300054658
bus_0365-r,,,,,,,450,322,"[[60, 140, 188, 195]]",0.9492646418936559,0.9034288553917509,0.9102136181575434,0.9918166939443536,0.9961406302680755,0.9939786621062145,7.231804752433737,1.7581173265100238,0.08965266412074922,142.72754300054658
bus_0366-l,,,,,,,434,324,"[[55, 57, 224, 206]]",0.9449816380849702,0.8957016031168168,0.9296036059923107,0.9608770126755738,0.9915728330992454,0.9762249228874096,8.06225774829855,2.7725145454330518,0.03364165810208976,142.72754300054658
bus_0366-r,,,,,,,434,323,"[[27, 43, 250, 202]]",0.9216292584101935,0.854649725614278,0.9576754750429339,0.8881981195088116,0.9936712530753237,0.9409346862920676,12.0,4.498162401015438,-0.07254791142167188,142.72754300054658
bus_0367-l,,,,,,,447,319,"[[21, 89, 129, 166]]",0.9739116517285531,0.949149898611761,0.965260152284264,0.9827196382428941,0.998394439923461,0.9905570390831775,2.8284271247461903,1.0469945852173752,0.01808785529715762,141.83643499927712
bus_0367-r,,,,,,,447,321,"[[47, 92, 161, 158]]",0.9658983264919482,0.9340458015267176,0.9550421479862629,0.9770041520281061,0.9979012570595737,0.9874527045438399,3.6252737116907716,1.3184696227088584,0.022995847971893964,141.83643499927712
bus_0368-l,,,,,,,453,320,"[[72, 98, 176, 151]]",0.9600378340033104,0.9231468849477035,0.963683835746499,0.9564193168433451,0.9989126958746403,0.9776660063589927,3.1622776601683795,1.250526605851909,-0.007538280329799764,141.83643499927712
bus_0368-r,,,,,,,453,323,"[[147, 94, 238, 150]]",0.9610260241563939,0.9249760306807286,0.9490900147565174,0.9732660781841109,0.9985458785843742,0.9859059783842425,3.0,1.2222571578506864,0.025472887767969736,141.83643499927712
bus_0369-l,,,,,,,453,323,"[[4, 54, 284, 270]]",0.9439308706409483,0.893815418327622,0.9889860455518584,0.9028019778667294,0.9958882608402585,0.949345119353494,19.313207915827967,5.160698063375368,-0.08714386625853544,141.76581575065939
bus_0369-r,,,,,,,453,324,"[[26, 56, 323, 282]]",0.9382405875176654,0.8836659006621009,0.9958716890176671,0.8869148207353277,0.9984366199918432,0.9426757203635854,16.149298636442225,5.462652339118482,-0.10940854076273122,141.76581575065939
bus_0370-l,,,,,,,434,325,"[[33, 110, 260, 295]]",0.9358474050840658,0.8794297073137295,0.9361205355514209,0.9355744339519452,0.9845893877119949,0.96008191083197,15.0,4.820840852453647,-0.0005833667553870273,141.76581575065939
bus_0370-r,,,,,,,434,322,"[[33, 107, 247, 294]]",0.9522126982049772,0.9087843463780183,0.9855523951419929,0.9210548523206751,0.9972425203364125,0.9591486863285438,8.06225774829855,2.91441332934563,-0.06544303797468354,141.76581575065939
bus_0371-l,,,,,,,432,324,"[[92, 75, 237, 181]]",0.9332409972299169,0.8748377044923397,0.9259734310581769,0.9406235458352722,0.9937472431378315,0.9671853944865518,8.590660962697605,3.1761978579243033,0.01582131223825035,145.35597575013526
bus_0371-r,,,,,,,432,322,"[[110, 86, 220, 192]]",0.9365619876403077,0.8806925996204934,0.9807184363444268,0.8962104755008448,0.9988839456343929,0.9475472105676188,5.656854249492381,2.7470158360931136,-0.08616944243301955,145.35597575013526
bus_0372-l,,,,,,,426,320,"[[75, 39, 198, 99]]",0.9525281920698436,0.9093592637610697,0.9275593340417995,0.9788785046728972,0.9968771474383447,0.9878778260556209,5.0,1.6641173886814864,0.055327102803738315,145.35597575013526
bus_0372-r,,,,,,,426,324,"[[22, 35, 161, 96]]",0.952457226064798,0.9092299138170697,0.9266185012041366,0.9797783103654883,0.9960562779791089,0.9879172941722987,4.47213595499958,1.7930613396207868,0.05736968244457759,145.35597575013526
bus_0373-l,,,,,,,451,324,"[[71, 124, 269, 234]]",0.9270481822925726,0.8640166007392517,0.9586301172746241,0.8974808029098748,0.9956199820228827,0.9465503924663787,9.433981132056603,3.840096813576082,-0.06378822578472315,141.82555850038625
bus_0373-r,,,,,,,451,323,"[[53, 106, 216, 231]]",0.9362397820163487,0.8801229508196722,0.9975943591870593,0.881994866153282,0.9997803662581984,0.9408876162057402,7.211102550927978,3.459530934552071,-0.11587825449211588,141.82555850038625
bus_0374-l,,,,,,,442,322,"[[113, 88, 215, 144]]",0.939134256207427,0.8852526926263463,0.9035940803382664,0.9775846294602013,0.9966945024356297,0.9871395659479155,5.0,1.9762705864635608,0.0818847209515096,141.82555850038625
bus_0374-r,,,,,,,442,322,"[[116, 88, 235, 140]]",0.9368022328548644,0.8811175698481155,0.8930064614215127,0.9851153039832286,0.9959070619538508,0.9905111829685397,4.47213595499958,2.051185534863052,0.10314465408805032,141.82555850038625
bus_0375-l,,,,,,,433,323,"[[93, 65, 227, 220]]",0.9393313234646523,0.8856029637199796,0.9385365193257971,0.9401274749118524,0.9927424447090983,0.9664349598104753,9.273002161935318,3.2435643282204087,0.0016951451044209384,145.0073917503687
bus_0375-r,,,,,,,433,324,"[[61, 63, 250, 223]]",0.9576054907207809,0.9186593772284288,0.9399289848728051,0.9759595959595959,0.9897503568701657,0.9828549764148808,7.0710678118654755,2.7073799344250347,0.03833333333333333,145.0073917503687
bus_0376-l,,,,,,,434,323,"[[67, 152, 194, 230]]",0.9371100752958049,0.8816623937390365,0.9901500227307167,0.8894636536890825,0.9995106748170677,0.9444871642530751,6.708203932499369,2.625393982050334,-0.10168799346583174,145.0073917503687
bus_0376-r,,,,,,,434,323,"[[109, 149, 200, 221]]",0.9444798978940651,0.8948004836759371,0.9160035366931919,0.9747835905156191,0.9964780377850936,0.9856308141503564,4.242640687119285,2.1184157062679296,0.06417011667293941,145.0073917503687
bus_0377-l,,,,,,,440,319,"[[70, 30, 261, 140]]",0.9612683239588494,0.9254250603220919,0.9316461416789064,0.9928360724820902,0.9902221432092381,0.9915291078456641,5.385164807134504,2.4110725023212436,0.06567936909276985,142.5787850002962
bus_0377-r,,,,,,,440,319,"[[18, 22, 208, 161]]",0.94656742946012,0.8985553095012127,0.9026961173790985,0.9949208943896316,0.9850930366547378,0.9900069655221847,14.879461872586644,3.4204857421313686,0.1021659174499387,142.5787850002962
bus_0378-l,,,,,,,452,319,"[[50, 41, 191, 132]]",0.9509286860811741,0.906448087431694,0.926911041573536,0.9762241054613936,0.9951802611797306,0.9857021833205621,8.031128874149275,2.1451159284402768,0.0532015065913371,142.5787850002962
bus_0378-r,,,,,,,452,319,"[[75, 53, 173, 138]]",0.9011902820805479,0.8201513577682149,0.8295062284256342,0.9864358379439586,0.9918028646678934,0.989119351305926,8.94427190999916,3.842212445916308,0.18918436551847226,142.5787850002962
bus_0379-l,,,,,,,433,320,"[[79, 121, 203, 185]]",0.9439374185136897,0.8938271604938272,0.9499650104968509,0.9379858352046986,0.9978459151471331,0.9679158751759158,6.082762530298219,2.0098077352586676,-0.012610122646398342,141.42169525075587
bus_0379-r,,,,,,,433,323,"[[124, 115, 234, 185]]",0.9559108974951475,0.9155453257790368,0.9533554572271387,0.9584800741427247,0.9981184554973822,0.9782992648200535,4.0,1.5714756422100504,0.005375347544022243,141.42169525075587
bus_0380-l,,,,,,,435,321,"[[59, 122, 211, 197]]",0.9303740132004659,0.8698124621899577,0.9969491055332131,0.872133931820939,0.9998325621042377,0.9359832469625884,6.0,2.847234947564266,-0.1251971369646973,141.42169525075587
bus_0380-r,,,,,,,435,325,"[[75, 124, 175, 188]]",0.9111638954869359,0.8368237347294939,0.8596271064897812,0.9692743076612088,0.9942607089453778,0.9817675083032933,10.63014581273465,3.1967695582249713,0.12755205174853446,141.42169525075587
bus_0381-l,,,,,,,429,321,"[[90, 119, 252, 198]]",0.9636135508155583,0.9297820823244553,0.9379932356257046,0.990672752530264,0.9948288425225846,0.9927507975264243,4.0,1.6926633753542881,0.05616193689224053,142.8889455000899
bus_0381-r,,,,,,,429,323,"[[31, 123, 260, 228]]",0.9636098095296051,0.929775115965005,0.9778312955415586,0.9497960652591171,0.9970548422822921,0.9734254537707046,4.47213595499958,2.070619271494287,-0.028670825335892516,142.8889455000899
bus_0382-l,,,,,,,430,323,"[[59, 20, 241, 174]]",0.9419075625589525,0.8901940220241217,0.9200585334128232,0.9648195510088093,0.987839564697638,0.9763295578532236,10.816653826391969,3.603737309066629,0.048650184711565785,142.8889455000899
bus_0382-r,,,,,,,430,324,"[[75, 9, 283, 171]]",0.9282873053756109,0.8661717921527041,0.9182893375905024,0.9385053773324754,0.9845443255473707,0.9615248514399231,21.55225270763424,5.15684722803183,0.022014891074547294,142.8889455000899
bus_0383-l,,,,,,,434,323,"[[45, 37, 277, 151]]",0.9576156377007935,0.9186780542146306,0.9418482916151137,0.9739198897746285,0.9898047722342733,0.981862331004451,13.038404810405298,2.899817210360506,0.03405176655840961,142.71416424980998
bus_0383-r,,,,,,,434,322,"[[45, 41, 241, 165]]",0.9035795244873214,0.8241177036253486,0.8293815929546114,0.99235757295044,0.9712106861752506,0.9817841295628453,29.683949221397253,6.62041140512554,0.19650301065308012,142.71416424980998
bus_0384-l,,,,,,,434,321,"[[55, 62, 220, 165]]",0.9561537557305748,0.915990990990991,0.9913870155196229,0.9233388830028757,0.9991593973037272,0.9612491401533014,6.082762530298219,2.4289480274851263,-0.068639321931285,142.71416424980998
bus_0384-r,,,,,,,434,323,"[[70, 59, 212, 160]]",0.9249762583095916,0.8604240282685512,0.8606313760141376,0.9997200709153681,0.9865986946278917,0.9931593827716299,10.63014581273465,4.079269452881221,0.1616123915274797,142.71416424980998
bus_0385-l,,,,,,,451,322,"[[57, 93, 176, 214]]",0.9149710658950906,0.843268817204301,0.8570554292708515,0.9812812812812813,0.9879096663511595,0.9845954738162204,15.231546211727817,4.337551916584927,0.14494494494494495,141.98832950023643
bus_0385-r,,,,,,,451,322,"[[55, 92, 213, 209]]",0.9457124742431448,0.8970157107419379,0.9430219693377588,0.948418375457002,0.9945642340168879,0.9714913047369449,6.4031242374328485,2.8590008192399536,0.005722460658082976,141.98832950023643
bus_0386-l,,,,,,,411,322,"[[72, 27, 188, 89]]",0.9179909750833823,0.8484134179510426,0.999572740867336,0.8487212044259024,0.9999842307358727,0.9243527175808876,5.385164807134504,2.797034364372031,-0.15091601668782878,141.98832950023643
bus_0386-r,,,,,,,411,322,"[[155, 37, 265, 88]]",0.927244094488189,0.8643570170287728,0.8663919952913478,0.997289972899729,0.9946761105117501,0.9959830417057396,6.708203932499369,2.3375415029945694,0.1510840108401084,141.98832950023643
bus_0387-l,,,,,,,436,324,"[[96, 42, 252, 179]]",0.9327107730541854,0.8739062941010444,0.9226700439544067,0.9429724379473123,0.9918988527276984,0.9674356453375054,12.041594578792296,3.6501103406088666,0.022003959189888837,142.06596100029856
bus_0387-r,,,,,,,436,322,"[[77, 36, 252, 179]]",0.8834155363748458,0.7911766329854785,0.8059055118110237,0.9774215552523875,0.9725527312060573,0.9749871432292224,20.0,6.827417356346321,0.21282401091405184,142.06596100029856
bus_0388-l,,,,,,,433,321,"[[117, 38, 202, 86]]",0.9404261487172054,0.8875512995896033,0.894896551724138,0.9908368967623702,0.9971927290946736,0.9940148129285219,4.0,1.6919519583692253,0.10720830788026879,142.06596100029856
bus_0388-r,,,,,,,433,322,"[[168, 35, 255, 77]]",0.9021608643457383,0.8217605248769819,0.8255973633617139,0.9943764472378432,0.995344677169857,0.9948605622038501,5.385164807134504,2.6541621312034893,0.20443268276546478,142.06596100029856
bus_0389-l,,,,,,,434,324,"[[71, 44, 272, 159]]",0.9679132040627886,0.9378215164392754,0.9842723004694836,0.9520890099909174,0.9978211382113821,0.9749550741011497,4.973606797749943,2.0740279610335017,-0.0326975476839237,141.32659474944376
bus_0389-r,,,,,,,434,323,"[[56, 41, 274, 159]]",0.9724211568009583,0.9463226722084241,0.9531832337775055,0.9924516266213056,0.9924445909203263,0.9924481087708159,5.0,1.7782643228065196,0.041197108228790136,141.32659474944376
bus_0390-l,,,,,,,432,320,"[[59, 32, 257, 160]]",0.9640664731718593,0.9306258058117624,0.9373657659457569,0.992332910321489,0.9894911504424779,0.9909120303819834,7.615773105863909,2.3957824436402126,0.05864001692047378,141.32659474944376
bus_0390-r,,,,,,,432,320,"[[32, 42, 295, 157]]",0.9722996754582438,0.9460926033002713,0.961618444846293,0.9832208560599057,0.9927190710598083,0.987969963559857,5.0,1.8251375916987922,0.022464638994175834,141.32659474944376
bus_0391-l,,,,,,,430,322,"[[50, 22, 241, 128]]",0.9631332168796544,0.9288881007270793,0.9474255396117207,0.9793705204113431,0.9928766899481273,0.9861236051797352,5.0,2.2859429323863245,0.033717669055780615,142.0103039999958
bus_0391-r,,,,,,,430,322,"[[94, 23, 241, 121]]",0.9087662472488685,0.8327878834005632,0.841304013532216,0.9879909706546275,0.9837971503709227,0.9858940605127751,19.879393923933993,4.979098076621299,0.17435665914221218,142.0103039999958
bus_0392-l,,,,,,,448,323,"[[41, 85, 296, 277]]",0.9363701870359347,0.8803534609720177,0.9775946096228698,0.8984818878701337,0.9938531393856729,0.9461675136279033,18.638519035801774,5.7916424412146394,-0.08092589809108673,142.0103039999958
bus_0392-r,,,,,,,448,322,"[[55, 99, 296, 292]]",0.9545231313230528,0.9130026305900037,0.9628137384412153,0.9463740829708498,0.9900749228735125,0.9682245029221812,9.848857801796104,3.5443288190922293,-0.01707459585794975,142.0103039999958
bus_0393-l,,,,,,,430,323,"[[103, 99, 232, 179]]",0.9551805958344318,0.9142064092858945,0.9234102204664203,0.9892150170648464,0.995431915783073,0.9923234664239597,4.224710427894044,1.8635175764803944,0.07126279863481229,145.3559089995906
bus_0393-r,,,,,,,430,322,"[[115, 98, 232, 166]]",0.9254188144329897,0.8611902263528707,0.862094837935174,0.9987830319888734,0.9930750218524882,0.9959290269206809,9.486832980505138,2.861443491011843,0.15855354659248957,145.3559089995906
bus_0394-l,,,,,,,434,322,"[[106, 76, 221, 185]]",0.9241395321841082,0.8589771255934397,0.8824963972952001,0.9699074074074074,0.9919416147179565,0.980924511062682,14.147670233745743,3.486287855231032,0.09904970760233918,145.3559089995906
bus_0394-r,,,,,,,434,321,"[[77, 65, 223, 179]]",0.9316229905307201,0.8719983510254561,0.9167840502763029,0.9469501958589815,0.9941094808212979,0.9705298383401397,7.674116076876723,2.899180934243315,0.032904308897593736,145.3559089995906
bus_0395-l,,,,,,,448,324,"[[16, 145, 112, 207]]",0.9557808455565142,0.9153067548027267,0.9518796992481203,0.9597141000649773,0.9984060910093571,0.9790600955371671,3.1622776601683795,1.461034086272045,0.00823045267489712,141.2538909999057
bus_0395-r,,,,,,,448,323,"[[98, 144, 184, 203]]",0.9345355731225297,0.8771156967308138,0.9078473722102232,0.9628404174090099,0.997272242940863,0.9800563301749365,6.4031242374328485,2.0714325221637995,0.06057520997709341,141.2538909999057
bus_0396-l,,,,,,,448,322,"[[17, 116, 307, 357]]",0.8971966917051062,0.8135600292062167,0.8227426160337553,0.9864670022512837,0.9197692961431586,0.9531181491972212,44.02718872423571,9.43771457657891,0.19899830521336606,141.2538909999057
bus_0396-r,,,,,,,448,323,"[[25, 111, 244, 305]]",0.9653199856989632,0.9329647546648238,0.9454985355914937,0.9859903060885732,0.9850587352289191,0.9855245206587462,9.881771939426212,3.0403464241119367,0.04282584157758449,141.2538909999057
bus_0397-l,,,,,,,431,323,"[[41, 33, 248, 144]]",0.958029197080292,0.9194395796847635,0.9425493716337523,0.974025974025974,0.9919023052308497,0.9829641396284119,6.708203932499369,2.533106521684527,0.03339517625231911,142.75140424979327
bus_0397-r,,,,,,,431,324,"[[42, 31, 231, 135]]",0.9348473308869348,0.8776651066042642,0.889577019370141,0.9849722789611906,0.9866916529030618,0.9858319659321262,10.0,3.5716207073199455,0.10723665013131019,142.75140424979327
bus_0398-l,,,,,,,434,321,"[[67, 68, 213, 181]]",0.9512166542983244,0.9069715477431849,0.9169427710843373,0.9881522356569017,0.9913143451110709,0.9897332903839863,8.54400374531753,2.8223389207793943,0.07765966079688387,142.75140424979327
bus_0398-r,,,,,,,434,320,"[[105, 65, 248, 193]]",0.9728775586408228,0.9471875206556943,0.9490694747996556,0.9979108635097493,0.9938242852553807,0.995867574382565,5.616100833138674,1.7061367575996311,0.051462395543175485,142.75140424979327
bus_0399-l,,,,,,,453,323,"[[48, 41, 210, 174]]",0.9711832388803022,0.9439807705147893,0.9940237643253884,0.9493687886113349,0.9993532531367223,0.9743610208740285,4.123105625617661,1.682432413632167,-0.04492344883158743,142.66646324995236
bus_0399-r,,,,,,,453,322,"[[47, 29, 236, 169]]",0.9650607042795144,0.9324804925951483,0.9934400271447152,0.9382577578379533,0.9990876414745602,0.9686726996562567,6.0,2.2959888289727832,-0.05554665384820809,142.66646324995236
bus_0400-l,,,,,,,433,323,"[[100, 166, 198, 253]]",0.9495588235294118,0.9039619207615848,0.9200626959247649,0.9810088119112732,0.9957907215798675,0.9883997667455704,6.4031242374328485,2.1622133550046985,0.06624126405347919,142.66646324995236
bus_0400-r,,,,,,,433,321,"[[129, 165, 217, 244]]",0.8684863523573201,0.7675438596491229,0.7923673997412678,0.9607843137254902,0.9904102529631871,0.9755972833443387,15.261058391399153,5.048449045400485,0.21254901960784314,142.66646324995236
bus_0401-l,,,,,,,432,322,"[[67, 27, 187, 94]]",0.9252441171762446,0.8608876973488233,0.8630730177691504,0.9970674486803519,0.9931211414254315,0.9950942950528917,6.708203932499369,2.8493247759376454,0.15525271692254614,143.51288950001617
bus_0401-r,,,,,,,432,323,"[[64, 36, 194, 101]]",0.9447188896730181,0.8952296032099867,0.9050480769230769,0.9880268984746596,0.9952637534753708,0.9916453259750152,5.656854249492381,2.050147342510817,0.09168443496801706,143.51288950001617
bus_0402-l,,,,,,,435,324,"[[126, 65, 240, 126]]",0.9068740803027118,0.8296153846153846,0.8381581503788614,0.9878635218685596,0.9939006977953182,0.9908821098319389,6.082762530298219,2.7530929444138827,0.17861231967025418,143.51288950001617
bus_0402-r,,,,,,,435,323,"[[97, 66, 222, 147]]",0.9548833189282627,0.913661925239828,0.9801277501774308,0.9309066397034041,0.9991677255872364,0.9650371826453203,5.0,1.4750572261403527,-0.0502190765082575,143.51288950001617
bus_0403-l,,,,,,,435,322,"[[23, 54, 259, 249]]",0.9480330984124135,0.9012005006827492,0.9994636547198384,0.9016365447559413,0.9998379949492543,0.9507372698525978,12.806248474865697,4.9741392432854825,-0.09787960722925858,141.86190749933303
bus_0403-r,,,,,,,435,325,"[[64, 55, 271, 237]]",0.9541402873181842,0.9123023630689029,0.9227780475959203,0.9877093312539452,0.9805494390269477,0.9841293851404465,9.219544457292887,3.8507757247539063,0.070365006869407,141.86190749933303
bus_0404-l,,,,,,,434,324,"[[81, 18, 268, 108]]",0.9782003193820329,0.9573308134040852,0.9750499740875102,0.981371087928465,0.997350545614642,0.9893608167715535,3.0,1.1813469032676256,0.006482861400894188,141.86190749933303
bus_0404-r,,,,,,,434,321,"[[106, 16, 292, 113]]",0.945068135282073,0.8958570376815475,0.9999252950844165,0.8959170013386881,0.9999919597343496,0.9479544805365189,6.4031242374328485,3.203140516471361,-0.10401606425702811,141.86190749933303
bus_0405-l,,,,,,,436,323,"[[61, 60, 149, 172]]",0.9325320168848823,0.8735924932975871,0.9025065780362831,0.9646240378922439,0.994749090041172,0.979686563966708,6.708203932499369,2.574330733507739,0.06882770870337478,142.0513419998315
bus_0405-r,,,,,,,436,324,"[[35, 51, 213, 180]]",0.9550363747075602,0.9139422192234558,0.9891131173659055,0.9232294442034823,0.9986893106893107,0.9609593774463965,8.0,2.67779565039261,-0.06660883573951298,142.0513419998315
bus_0406-l,,,,,,,451,326,"[[112, 124, 216, 289]]",0.9000871839581517,0.8183259353202282,0.8415389631561787,0.967391304347826,0.9857429925048037,0.9765671484263149,15.0,4.7799638097396775,0.14955022488755623,142.0513419998315
bus_0406-r,,,,,,,451,318,"[[106, 143, 215, 280]]",0.8558208564319699,0.747978025331909,0.7669378813957127,0.9680063197393107,0.9776504040032711,0.972828361871291,29.0,6.900224943105927,0.2621704354695369,142.0513419998315
bus_0407-l,,,,,,,438,321,"[[93, 62, 199, 158]]",0.9149262899262899,0.8431927540333993,0.9913477537437604,0.8494439692044482,0.9996107318241706,0.9245273505143095,9.433981132056603,3.1102291238234323,-0.14314228685486172,143.5305482491458
bus_0407-r,,,,,,,438,318,"[[108, 48, 210, 151]]",0.9328912466843501,0.8742232165050957,0.9907042253521127,0.881453634085213,0.9994973496618534,0.9404754918735332,8.0,2.929120345605687,-0.11027568922305764,143.5305482491458
bus_0408-l,,,,,,,434,323,"[[32, 28, 239, 145]]",0.9635051440855812,0.9295802469135802,0.9763991908293999,0.9509472088911342,0.9962205221494015,0.9735838655202678,6.0,2.514982008942229,-0.026067188684011113,143.5305482491458
bus_0408-r,,,,,,,434,320,"[[27, 34, 305, 139]]",0.9249318434896133,0.8603471676548324,0.8604393641721736,0.9998754721680295,0.9659636376307834,0.9829195548994065,18.83211164788743,5.570322941123068,0.16205221867087294,143.5305482491458
bus_0409-l,,,,,,,435,323,"[[95, 18, 173, 77]]",0.9254944459496072,0.8613212304589006,0.8613212304589006,1.0,0.9959880077905594,0.9979940038952797,4.47213595499958,2.2331744606462522,0.16100702576112413,143.20107899948198
bus_0409-r,,,,,,,435,322,"[[124, 16, 237, 70]]",0.9078750549934008,0.8312922977763455,0.8312922977763455,1.0,0.9922393281496691,0.9961196640748345,6.708203932499369,3.3727655599007433,0.20294630742391936,143.20107899948198
bus_0410-l,,,,,,,435,325,"[[75, 33, 223, 160]]",0.9758012657799439,0.9527460181085189,0.9772234273318872,0.9743832375802636,0.9973455522199399,0.9858643949001018,4.242640687119285,1.5093345533044642,-0.002906387293004393,143.20107899948198
bus_0410-r,,,,,,,435,322,"[[109, 25, 248, 152]]",0.9742676455622592,0.9498263765856424,0.9568787035053902,0.9923002887391723,0.9952276731746245,0.9937639809568983,3.605551275463989,1.5617496831162434,0.037017842600133265,143.20107899948198
bus_0411-l,,,,,,,457,325,"[[44, 78, 199, 229]]",0.9535200505000166,0.9111689631087688,0.9748641304347826,0.9330905780609923,0.9972210956393733,0.9651558368501828,7.003553390593271,2.7496267292888414,-0.04285064048377658,142.42617224954301
bus_0411-r,,,,,,,457,324,"[[62, 72, 244, 215]]",0.9082755119309528,0.8319640365834754,0.9016632133057064,0.9149855088935614,0.9865410704294441,0.9507632896615028,14.866068747318506,5.300246747626939,0.014775245780530773,142.42617224954301
bus_0412-l,,,,,,,439,319,"[[99, 48, 213, 115]]",0.9545269665663386,0.913009648303766,0.9501214574898785,0.9589735207584178,0.9977001709937801,0.9783368458760989,4.0,1.7781425701062767,0.009316770186335404,142.42617224954301
bus_0412-r,,,,,,,439,321,"[[110, 38, 265, 111]]",0.9654726192576907,0.9332499431430521,0.9414936331306643,0.9907049734427813,0.9961548610849323,0.9934299172638568,3.605551275463989,1.4705651267810038,0.05226943505552873,142.42617224954301
bus_0413-l,,,,,,,439,321,"[[169, 14, 252, 140]]",0.9341891578377542,0.876505586997533,0.9569074778200254,0.9125245505363347,0.9979746835443037,0.9552496170403193,6.4031242374328485,2.228032441395636,-0.046381628644810394,141.75632775004487
bus_0413-r,,,,,,,439,319,"[[139, 32, 245, 157]]",0.9405531856336865,0.8877776334588907,0.9526132404181185,0.928794673189292,0.9974374821000588,0.9631160776446754,7.431158336743021,2.2192428880239348,-0.025003397200706618,141.75632775004487
bus_0414-l,,,,,,,435,323,"[[90, 101, 200, 204]]",0.9409038238702202,0.888402625820569,0.9228321400159109,0.9596974352913368,0.9948577746811669,0.9772776049862518,8.0,2.7240306129506657,0.0399479966906985,141.75632775004487
bus_0414-r,,,,,,,435,323,"[[46, 85, 198, 200]]",0.9352153150488104,0.8783140180981108,0.8978416098669263,0.9758356116059618,0.9902528529179505,0.9830442322619561,9.219544457292887,3.174716372967018,0.08686833054061205,141.75632775004487
bus_0415-l,,,,,,,453,322,"[[65, 115, 175, 191]]",0.9064891846921797,0.8289713937918441,0.9994496422674739,0.8293499771654742,0.9999784632834878,0.914664220224481,8.0,3.5865331438011943,-0.1701933323184655,143.1207332507256
bus_0415-r,,,,,,,453,323,"[[39, 106, 146, 185]]",0.9565293448788594,0.9166806370494551,0.9655659544411089,0.9476603119584055,0.9986125835118002,0.9731364477351028,3.561223913934418,1.63371741213041,-0.01854419410745234,143.1207332507256
bus_0416-l,,,,,,,437,324,"[[12, 40, 227, 114]]",0.9525435567110317,0.9093872712454619,0.9095220452019266,0.9998370804822417,0.990557720861173,0.9951974006717074,5.0,2.335820690598346,0.09929944607363962,143.1207332507256
bus_0416-r,,,,,,,437,323,"[[47, 39, 259, 116]]",0.9704792637743517,0.9426514975621082,0.9622373202717649,0.9788636180985293,0.9962861671380179,0.9875748926182736,3.605551275463989,1.4167796517964386,0.01727879128827453,143.1207332507256
bus_0417-l,,,,,,,452,324,"[[45, 82, 310, 176]]",0.9276489976765548,0.8650609694648795,0.9595349877040018,0.8978140361886832,0.9943138086486656,0.9460639224186744,19.057735245998536,4.505193069537235,-0.06432381550047066,142.19969325040438
bus_0417-r,,,,,,,452,322,"[[38, 85, 261, 187]]",0.9596351197263397,0.9224024550635687,0.9367169115308783,0.9837029121025915,0.9923796832398983,0.9880412976712449,7.0,2.1986432110360945,0.05016029922522041,142.19969325040438
bus_0418-l,,,,,,,429,321,"[[61, 23, 249, 136]]",0.9662532448803,0.9347098214285714,0.9725806451612903,0.9600076418518755,0.9965165647591102,0.9782621033054928,4.123105625617661,2.056767930060081,-0.012927466089282302,142.19969325040438
bus_0418-r,,,,,,,429,324,"[[21, 28, 276, 134]]",0.9702566562724874,0.9422315397158164,0.9522576392485522,0.988949195638355,0.9914462862204226,0.9901977409293888,5.084166586553858,1.8859943845689804,0.038531123172461004,142.19969325040438
bus_0419-l,,,,,,,435,323,"[[74, 34, 212, 92]]",0.9373401534526854,0.8820697954271961,0.8841978287092883,0.9972789115646259,0.9942952646239555,0.9957870880942907,5.0,2.2060254877829895,0.12789115646258503,143.92596049947315
bus_0419-r,,,,,,,435,323,"[[55, 30, 203, 94]]",0.9355680187817921,0.8789364048523465,0.8819623755071929,0.9961116511595611,0.9927984156514433,0.9944550334055022,6.4336322069395075,2.540219092002213,0.12942646854603526,143.92596049947315
bus_0420-l,,,,,,,453,319,"[[42, 145, 164, 222]]",0.9687390235335441,0.9393732970027248,0.9752475247524752,0.9623168178646196,0.9987258085654789,0.9805213132150492,3.1622776601683795,1.3087782221829032,-0.013258897418004187,143.92596049947315
bus_0420-r,,,,,,,453,319,"[[68, 140, 210, 216]]",0.9553896228221329,0.9145894428152492,0.9538677201478272,0.9569163896701611,0.9973515747887478,0.9771339822294545,5.0990195135927845,1.9029403551574005,0.0031961135259524417,143.92596049947315
bus_0421-l,,,,,,,436,323,"[[79, 67, 142, 104]]",0.9265223955712129,0.863103609939053,0.8825503355704698,0.9751059322033898,0.9982366489132,0.9866712905582948,4.3344387942713976,1.6047333309938143,0.1048728813559322,143.69972799977404
bus_0421-r,,,,,,,436,322,"[[127, 70, 181, 109]]",0.9088568486096807,0.8329400660689005,0.8337269721303732,0.9988681380871534,0.9974607754733995,0.9981644567802764,4.0,2.066824733847571,0.19807583474816073,143.69972799977404
bus_0422-l,,,,,,,454,320,"[[40, 77, 229, 196]]",0.9581382726100821,0.9196405313883824,0.9302417495553652,0.98775966986081,0.9919149813334555,0.9898373255971327,5.0990195135927845,2.344906218097368,0.06183115338882283,143.69972799977404
bus_0422-r,,,,,,,454,323,"[[130, 81, 241, 172]]",0.9477557027225901,0.9006993006993007,0.9040711277491811,0.9958762886597938,0.9940957071470745,0.9949859979034341,6.082762530298219,2.432277158805298,0.10154639175257732,143.69972799977404
bus_0423-l,,,,,,,433,322,"[[79, 103, 255, 175]]",0.9463871669900156,0.898230485942693,0.9100837277029487,0.9857072449482503,0.9923577323814018,0.9890324886648261,6.324555320336759,2.4723013808061394,0.08309512074913751,141.844659000526
bus_0423-r,,,,,,,433,322,"[[89, 114, 214, 174]]",0.9291595463725338,0.8676918613085739,0.8777516877017905,0.986963696369637,0.9937540302625857,0.9903588633161113,5.709083543098249,2.7580261917767372,0.12442244224422443,141.844659000526
bus_0424-l,,,,,,,452,322,"[[83, 156, 186, 217]]",0.9181723583388516,0.8487233298356068,0.8589380530973452,0.9861816703921967,0.9943323638380634,0.9902570171151301,8.48528137423857,2.8796215741428464,0.14814062182483234,141.844659000526
bus_0424-r,,,,,,,452,323,"[[47, 157, 150, 222]]",0.910463251250118,0.8356425355039834,0.8950102021888332,0.9264592933947773,0.9959797710032104,0.9612195321989938,9.055385138137417,3.1847459659281876,0.03513824884792627,141.844659000526
bus_0425-l,,,,,,,433,322,"[[74, 55, 167, 114]]",0.911053050096558,0.8366367619445024,0.8376853979527888,0.9985059760956175,0.9942618713536666,0.9963839237246421,8.0,2.866161130585777,0.1919820717131474,142.90319675001228
bus_0425-r,,,,,,,433,322,"[[70, 55, 197, 116]]",0.8846210448859455,0.793112547829529,0.8026438776872746,0.9852483199475496,0.9889143071441965,0.987081313545873,18.24828759089466,4.517722008619633,0.2275036879200131,142.90319675001228
bus_0426-l,,,,,,,433,324,"[[46, 64, 237, 223]]",0.9514262548831725,0.907352734429917,0.9290786948176584,0.9748753839182317,0.9877274123772118,0.9813013981477218,9.219544457292887,3.4197758707437456,0.049292583455012334,142.90319675001228
bus_0426-r,,,,,,,433,323,"[[32, 63, 252, 229]]",0.9501983774501096,0.9051218411552346,0.9970588235294118,0.9075449643678595,0.9993735552065504,0.9534592597872049,10.781910667299748,4.004899706363479,-0.08977791184344482,142.90319675001228
bus_0427-l,,,,,,,454,321,"[[79, 54, 224, 222]]",0.8651584867075665,0.7623606261966438,0.8182037954792699,0.9178305084745763,0.9770353630977829,0.9474329357861796,31.0,7.289618795455907,0.12176271186440678,141.87404724998487
bus_0427-r,,,,,,,454,324,"[[102, 44, 205, 203]]",0.9313688570890605,0.8715531671218395,0.9192529269652481,0.9438084335050563,0.9936390121071047,0.9687237228060805,8.48528137423857,2.92452495230646,0.026712459454302614,141.87404724998487
bus_0428-l,,,,,,,437,323,"[[104, 37, 211, 151]]",0.9298976032406886,0.8689800210304942,0.8783080029758742,0.987925881649731,0.9913771030078472,0.9896514923287891,7.211102550927978,3.198258237248298,0.12480573819485953,141.87404724998487
bus_0428-r,,,,,,,437,323,"[[41, 21, 221, 154]]",0.9393330654881479,0.8856060606060606,0.8954995212256623,0.9876786594381469,0.9871049563600844,0.9873918078991157,9.219544457292887,3.49363813750088,0.10293599943673871,141.87404724998487
bus_0429-l,,,,,,,433,320,"[[92, 97, 216, 181]]",0.9340225819616379,0.8762123532414497,0.9336415556159913,0.9344039194338596,0.9962808279730513,0.9653423737034554,5.385164807134504,2.819061314460982,0.0008165487207403375,141.66980975005572
bus_0429-r,,,,,,,433,323,"[[167, 96, 278, 184]]",0.9364628099173554,0.8805172199428074,0.8861361361361362,0.9928501331837937,0.9931437698717659,0.9929969515277798,8.48528137423857,2.8256377223787688,0.1204261881396327,141.66980975005572
bus_0430-l,,,,,,,433,323,"[[72, 179, 184, 242]]",0.6971321361565264,0.5350750874305699,0.5381750465549349,0.9893495625713199,0.9668353132591883,0.978092437915254,35.398389817650894,13.513765078254828,0.8383415747432483,141.66980975005572
bus_0430-r,,,,,,,433,322,"[[114, 160, 246, 219]]",0.7162253903598099,0.5579058699101005,0.5599787685774947,0.9934086629001884,0.9626166819486824,0.9780126724244353,27.756034709052916,13.08360907385992,0.7740112994350282,141.66980975005572
bus_0431-l,,,,,,,456,324,"[[73, 95, 211, 220]]",0.9036670932438992,0.8242634036387055,0.8569635085369937,0.9557546905628675,0.9875283694930345,0.9716415300279511,13.028803607803974,4.102739503327377,0.11528050032670586,144.36655825011258
bus_0431-r,,,,,,,456,322,"[[78, 84, 204, 211]]",0.8995192074207178,0.81738746690203,0.8506475613116561,0.9543487221764221,0.9881424654337553,0.9712455938050887,13.527547277904578,4.392949408104504,0.12190849134377577,144.36655825011258
bus_0432-l,,,,,,,437,325,"[[116, 98, 260, 271]]",0.9155914404073986,0.8443233247359969,0.859208636656267,0.9798938213035129,0.9771314119322067,0.9785126166178597,17.91202221664418,5.106517626594609,0.1404608607251779,144.36655825011258
bus_0432-r,,,,,,,437,321,"[[102, 88, 295, 211]]",0.911222646055009,0.8369228499778728,0.8846183830981523,0.9394767345587017,0.9884554481704225,0.9639660913645621,11.0,3.845921377967631,0.06201357840702103,144.36655825011258
bus_0433-l,,,,,,,459,323,"[[60, 100, 262, 205]]",0.9493289509723364,0.9035453597497393,0.9453300200012122,0.9533618581907091,0.9931613304320795,0.9732615943113943,9.219544457292887,3.093583360746653,0.008496332518337408,141.1943639996025
bus_0433-r,,,,,,,459,322,"[[80, 102, 251, 206]]",0.9728402410893667,0.947116777745581,0.9541672748503868,0.9922586520947176,0.9953350863900403,0.993796869242379,3.605551275463989,1.5105641949044522,0.0399210686095932,141.1943639996025
bus_0434-l,,,,,,,437,324,"[[70, 46, 180, 118]]",0.9307502061005771,0.8704703161141095,0.8787359900373599,0.9893094987732212,0.9942670846764105,0.9917882917248158,5.0,2.656544027180555,0.125832457062741,141.1943639996025
bus_0434-r,,,,,,,437,321,"[[80, 39, 194, 100]]",0.7719761036542788,0.6286328026282537,0.6323884581161815,0.9906411788132218,0.9786181656870356,0.9846296722501287,32.11655770023943,9.390345096078244,0.5665073675826364,141.1943639996025
bus_0435-l,,,,,,,455,322,"[[65, 39, 163, 118]]",0.9765710902478221,0.9542148760330579,0.9833077840231647,0.9699260752688172,0.9993027789240029,0.9846144270964101,2.0,0.9223132827465689,-0.013608870967741936,144.98270125022827
bus_0435-r,,,,,,,455,322,"[[79, 41, 194, 118]]",0.9239190687361419,0.8585962652929813,0.8723014523093027,0.982029754013846,0.9930146506251745,0.9875222023195103,11.628963495787564,3.2868425571116093,0.1257917219030785,144.98270125022827
bus_0436-l,,,,,,,434,321,"[[2, 118, 287, 237]]",0.9674051688612414,0.9368681109844166,0.9907950799903529,0.9450941298263104,0.9979776213647965,0.9715358755955534,6.6014260392260455,2.3353650532562367,-0.04612553199647253,144.98270125022827
bus_0436-r,,,,,,,434,320,"[[18, 120, 319, 239]]",0.9720475316669933,0.9456152512998267,0.9984993777907913,0.9469610191259675,0.9996275131506028,0.9732942661382852,4.47213595499958,2.099699275392765,-0.05161581450241244,144.98270125022827
bus_0437-l,,,,,,,453,323,"[[67, 72, 201, 186]]",0.9143918674854223,0.8422853883448997,0.9465811965811965,0.8843197923944506,0.9963316214233309,0.9403257069088907,12.864287558750597,3.9126043670014177,-0.06577502744784909,141.72409974980837
bus_0437-r,,,,,,,453,322,"[[18, 66, 193, 189]]",0.947247000922793,0.8997808619430241,0.9193909538737125,0.9768437747819191,0.9918952992735787,0.9843695370277489,10.00990195135927,2.7393480492344118,0.062490087232355274,141.72409974980837
bus_0438-l,,,,,,,437,321,"[[21, 11, 320, 198]]",0.9677433349964207,0.9375026268230152,0.9981876356476406,0.9391011472476581,0.9991268917345751,0.9691140194911166,9.0,3.4536543258196803,-0.05919376907693927,141.72409974980837
bus_0438-r,,,,,,,437,324,"[[20, 11, 311, 186]]",0.9534636222910217,0.9110659147637977,0.9998478161619236,0.9111922703527345,0.9999389785000915,0.955565624426413,10.118252056394759,4.752665256157954,-0.08866903980398502,141.72409974980837
bus_0439-l,,,,,,,430,323,"[[157, 71, 283, 125]]",0.9510606624488277,0.9066879545857726,0.919906407487401,0.9843990755007704,0.9966716031653428,0.9905353393330566,4.242640687119285,1.6345002123118624,0.07010785824345146,145.6011012496674
bus_0439-r,,,,,,,430,322,"[[172, 61, 270, 115]]",0.9169601272293536,0.8466540801342564,0.8487907465825447,0.9970355731225297,0.9946507752284022,0.9958431741754659,10.64416419288808,2.742753539627095,0.17465415019762845,145.6011012496674
bus_0440-l,,,,,,,432,322,"[[31, 68, 256, 232]]",0.9588892820715639,0.9210252719129879,0.9945164075993091,0.9257264579397935,0.9988881398667518,0.9623072989032726,7.810249675906654,3.0317287170892664,-0.06916924560909932,145.6011012496674
bus_0440-r,,,,,,,432,323,"[[88, 86, 301, 263]]",0.9449680494112116,0.8956771867277074,0.9845030281439259,0.9084857201561537,0.9969791928889506,0.9527324565225521,10.04987562112089,3.7852034399728307,-0.07721388945962605,145.6011012496674
bus_0441-l,,,,,,,469,322,"[[54, 126, 137, 196]]",0.953291570502253,0.9107517849643008,0.9278990158322636,0.9801129943502825,0.9977011180615718,0.9889070562059272,4.0,1.6262521932856788,0.05627118644067797,141.42325574994175
bus_0441-r,,,,,,,469,321,"[[94, 121, 164, 182]]",0.9016895037914061,0.8209786821705426,0.8343180699162974,0.9808972503617945,0.9954246944130963,0.9881609723874454,9.219544457292887,3.165831949738159,0.17568740955137482,141.42325574994175
bus_0442-l,,,,,,,435,324,"[[105, 115, 304, 285]]",0.8671734691367137,0.7654953741910263,0.773185926120909,0.9871730241416008,0.9579971889801523,0.9725851065608766,26.0,7.977846544178233,0.2767602083683415,141.42325574994175
bus_0442-r,,,,,,,435,323,"[[88, 85, 271, 303]]",0.9496973797290131,0.9042130919220056,0.9454618269195763,0.953971052824921,0.9867764801426516,0.9703737664837864,9.0,3.593926015302675,0.00900007346998751,141.42325574994175
bus_0443-l,,,,,,,450,320,"[[117, 90, 273, 145]]",0.9699832393722383,0.941715976331361,0.9799876847290641,0.9601809954751132,0.9990536507243212,0.9796173230997172,3.0,1.064531749455872,-0.020211161387631977,145.08089725040918
bus_0443-r,,,,,,,450,323,"[[73, 86, 233, 150]]",0.961094674556213,0.9251032322369358,0.9756720228262502,0.9469465092552106,0.9988302320039859,0.9728883706295983,3.605551275463989,1.3517428555361835,-0.029441772336394112,145.08089725040918
bus_0444-l,,,,,,,456,318,"[[160, 60, 203, 104]]",0.7883732789393166,0.6506734006734006,0.6509473684210526,0.9993535875888817,0.994221426032162,0.9967875068105219,12.473737562890623,5.02053279929889,0.535229476405947,145.08089725040918
bus_0444-r,,,,,,,456,321,"[[139, 49, 197, 103]]",0.8824068978169143,0.7895600787918582,0.7905982905982906,0.9983395599833956,0.9955753749123063,0.996957467447851,8.54400374531753,3.1950390528007855,0.2627646326276463,145.08089725040918
bus_0445-l,,,,,,,432,321,"[[102, 55, 199, 108]]",0.9380679100908657,0.8833596036928619,0.8981227106227107,0.9817317317317318,0.9966957735602483,0.9892137526459901,7.211102550927978,1.9948629529487079,0.09309309309309309,142.11926449934253
bus_0445-r,,,,,,,432,319,"[[81, 50, 179, 102]]",0.9482675649663138,0.9016243422557767,0.90785533287261,0.9924452279022916,0.9970112898525819,0.9947282588774368,4.242640687119285,1.6091344235113185,0.09317552253840343,142.11926449934253
bus_0446-l,,,,,,,433,321,"[[96, 125, 264, 243]]",0.9610978139460667,0.9251090495791607,0.9824492725256084,0.9406546726636682,0.9978127413912266,0.9692337070274474,5.830951894845301,2.4979221482967278,-0.04254122938530735,142.11926449934253
bus_0446-r,,,,,,,433,320,"[[52, 132, 220, 241]]",0.942931171937284,0.8920243856451512,0.8992017232640649,0.9911312849162012,0.9871941403734708,0.9891627126448359,16.0,3.5459582972431343,0.10223463687150838,142.11926449934253
bus_0447-l,,,,,,,452,324,"[[33, 44, 196, 146]]",0.9316783478679579,0.8720953525641025,0.9062239800166528,0.9586039854673566,0.9934408328176756,0.976022409142516,5.830951894845301,2.8790584960448884,0.05780028624903666,141.94454824973946
bus_0447-r,,,,,,,452,325,"[[68, 44, 176, 150]]",0.9538713865919497,0.9118108178730076,0.9655506364139458,0.9424713031735314,0.9982149897845801,0.9703431464790557,5.0,1.9090279654847537,-0.023902768399729914,141.94454824973946
bus_0448-l,,,,,,,436,323,"[[75, 118, 266, 274]]",0.928153575282558,0.8659389571852479,0.959262737731862,0.8989987897458467,0.9943416225030575,0.9466702061244521,12.649110640673518,4.351722014434164,-0.06282319287050281,141.94454824973946
bus_0448-r,,,,,,,436,324,"[[67, 111, 279, 284]]",0.9461326570766473,0.8977720615690993,0.9594306996541634,0.9331982059686045,0.9922507537518208,0.9627244798602126,11.180339887498949,3.606289050139336,-0.027341728480248403,141.94454824973946
bus_0449-l,,,,,,,454,325,"[[91, 103, 187, 189]]",0.8954522077731247,0.8106957562857523,0.8111273792093704,0.9993440472285995,0.9899683284789187,0.9946561878537591,8.602325267042627,4.382861083345044,0.23204329288291242,143.6912890003441
bus_0449-r,,,,,,,454,323,"[[59, 89, 219, 189]]",0.9212204202148145,0.8539468464894883,0.8542857142857143,0.9995357043365215,0.9864873815989932,0.9930115429677573,8.246211251235321,4.0547121620167,0.17002507196582783,143.6912890003441
bus_0450-l,,,,,,,455,325,"[[87, 72, 221, 235]]",0.9493761140819964,0.9036308109942314,0.9782648625482153,0.9221446297685693,0.9972806936912094,0.9597126617298893,8.06225774829855,3.239168462201675,-0.05736711490737,143.6912890003441
bus_0450-r,,,,,,,455,324,"[[79, 73, 269, 242]]",0.9603906673901248,0.9237995824634656,0.9856148491879351,0.936425359315757,0.9975147910019401,0.9669700751588486,8.0,2.8200931872208486,-0.04990741557181906,143.6912890003441
bus_0451-l,,,,,,,456,326,"[[44, 92, 211, 288]]",0.906758034026465,0.8294211732157524,0.990092368027246,0.8363628438167473,0.9984727359503639,0.9174177898835556,18.3193144947589,6.140421225846732,-0.15526786103482848,142.0212895000077
bus_0451-r,,,,,,,456,323,"[[74, 105, 249, 307]]",0.9453476221720006,0.8963594470046083,0.9726472647264727,0.9195385997258072,0.9956633765410077,0.9576009881334074,7.615773105863909,3.0827570437849117,-0.054602184087363496,142.0212895000077
bus_0452-l,,,,,,,455,320,"[[68, 34, 170, 87]]",0.9209726443768997,0.8535211267605634,0.8542615484710475,0.9989855440020289,0.9952561468900231,0.997120845446026,5.949285568453588,2.42042119638628,0.16941415166117169,142.0212895000077
bus_0452-r,,,,,,,455,322,"[[149, 25, 277, 87]]",0.9519553072625698,0.908315565031983,0.992841684701182,0.9143032347079565,0.9996928286198004,0.9569980316638784,4.242640687119285,1.8055173279569494,-0.0791047064234248,142.0212895000077
bus_0453-l,,,,,,,455,321,"[[46, 71, 234, 256]]",0.942281353942477,0.8908620051794303,0.9717949867718937,0.9145075533800321,0.9948593051480504,0.9546834292640413,11.40175425099138,4.102623443242222,-0.05895012237319605,142.8317527497711
bus_0453-r,,,,,,,455,324,"[[92, 68, 256, 247]]",0.8273814683193205,0.7055845067819788,0.7325224464737933,0.9504630090610375,0.9452542133287261,0.9478586111948818,48.88637416288677,12.819871497976115,0.2975206611570248,142.8317527497711
bus_0454-l,,,,,,,455,320,"[[88, 108, 213, 274]]",0.952,0.9083969465648855,0.9646623642373682,0.9396657467034651,0.9966127523461782,0.9681392495248217,6.0,2.2566810034108844,-0.025912296841459674,142.8317527497711
bus_0454-r,,,,,,,455,324,"[[68, 117, 200, 284]]",0.9569132968391312,0.9173861520230235,0.976807066033768,0.9378136717623305,0.9970327093823269,0.9674231905723287,7.0710678118654755,2.7850866337577025,-0.03991923853475628,142.8317527497711
bus_0455-l,,,,,,,453,322,"[[105, 110, 245, 181]]",0.9631639644528865,0.9289453022768909,0.950334672021419,0.9763443817906753,0.9973231357552581,0.9868337587729668,4.47213595499958,1.473306422022991,0.027369000137532663,142.39759525025875
bus_0455-r,,,,,,,453,324,"[[119, 98, 263, 162]]",0.9277021153288901,0.8651533576543711,0.8741296928327645,0.9882697947214076,0.9934280398879488,0.9908489173046782,7.615773105863909,2.680478334274083,0.1305757061274888,142.39759525025875
bus_0456-l,,,,,,,434,322,"[[35, 117, 165, 197]]",0.967725540025413,0.9374692269817824,0.9735395628275597,0.9619805481874447,0.9984298078600633,0.980205178023754,3.605551275463989,1.429135999011774,-0.01187318428697739,142.39759525025875
bus_0456-r,,,,,,,434,323,"[[152, 117, 284, 189]]",0.9512913154021143,0.9071073114712263,0.9151647785787848,0.9903872945110058,0.9950452617966377,0.9927162781538217,5.0,2.027853063581859,0.08219559765951519,142.39759525025875
bus_0457-l,,,,,,,453,323,"[[102, 158, 199, 234]]",0.9540506694923417,0.9121385153803647,0.948477303198621,0.9596899224806201,0.9980943475088375,0.9788921349947288,7.0,1.6808233911280372,0.011821705426356589,142.55233525000222
bus_0457-r,,,,,,,453,322,"[[81, 157, 164, 230]]",0.9435168738898757,0.8930733019502354,0.9890764647467726,0.9019696626669685,0.9996889338206704,0.9508292982438195,5.0,1.827886433347934,-0.08806882499434004,142.55233525000222
bus_0458-l,,,,,,,436,322,"[[63, 160, 258, 262]]",0.9443106677368803,0.8944967414916727,0.9729069859021816,0.9173473934353186,0.9972897593873595,0.957318576411339,8.0,2.864391856900149,-0.05710678746472598,142.55233525000222
bus_0458-r,,,,,,,436,324,"[[48, 177, 176, 263]]",0.960291113381001,0.9236153751688567,0.9486629667003027,0.9722078593588418,0.9969519501527769,0.9845799047558094,4.049242250247062,1.7242086922066797,0.02481902792140641,142.55233525000222
bus_0459-l,,,,,,,454,322,"[[116, 117, 204, 196]]",0.9701189951520494,0.9419719274221157,0.9802280014250089,0.960216367126156,0.999209722548538,0.979713044837347,3.1622776601683795,1.1431452914042963,-0.020415285290525213,142.22109199999977
bus_0459-r,,,,,,,454,323,"[[154, 113, 245, 193]]",0.9443811693242217,0.8946232691961877,0.898988073726057,0.9946021591363454,0.9960533747528947,0.9953277669446201,5.830951894845301,2.029168904719251,0.10635745701719312,142.22109199999977
bus_0460-l,,,,,,,453,321,"[[85, 100, 239, 177]]",0.9044612502601818,0.8255858138062064,1.0,0.8255858138062064,1.0,0.9127929069031032,7.106076496631101,3.653815359730147,-0.17441418619379354,142.22109199999977
bus_0460-r,,,,,,,453,323,"[[101, 97, 228, 171]]",0.9509857398893478,0.9065517753677017,0.9701112877583465,0.9325997248968363,0.9986549908424909,0.9656273578696636,4.242640687119285,1.8769366711471536,-0.03866727800703042,142.22109199999977
bus_0461-l,,,,,,,452,321,"[[131, 59, 214, 130]]",0.9573996552573257,0.91828058573453,0.9274809160305344,0.9893129770992366,0.9978464459273743,0.9935797115133054,4.123105625617661,1.3528382723953876,0.06666666666666667,141.84075049979583
bus_0461-r,,,,,,,452,322,"[[140, 54, 213, 125]]",0.9445530043966781,0.8949317287664892,0.8955534969893469,0.9992248062015504,0.9968166353741689,0.9980207207878596,5.0,1.8317568949095169,0.11576227390180878,141.84075049979583
bus_0462-l,,,,,,,455,324,"[[70, 106, 184, 159]]",0.9597995424338163,0.9227063259321324,0.9456848432803778,0.9743419597434196,0.998229518751006,0.9862857392472129,3.605551275463989,1.2298425719644646,0.030303030303030304,141.84075049979583
bus_0462-r,,,,,,,455,322,"[[88, 105, 205, 158]]",0.9615342940730307,0.9259181969949917,0.9679319371727748,0.9552206673842841,0.9989638036161139,0.977092235500199,3.605551275463989,1.2091493984398634,-0.013132400430570505,141.84075049979583
bus_0463-l,,,,,,,445,319,"[[107, 103, 258, 216]]",0.9684424562830419,0.9388157376015138,0.9599322799097065,0.9771048744460856,0.9961701176706301,0.9866374960583579,4.656888370749678,1.6705758225093141,0.01788938125718037,142.21324699974502
bus_0463-r,,,,,,,445,322,"[[69, 78, 269, 204]]",0.965490649701176,0.9332836377189713,0.9552564172434465,0.9759465478841871,0.9934492938641986,0.9846979208741928,6.32848376619156,2.115709619363406,0.02165924276169265,142.21324699974502
bus_0464-l,,,,,,,453,325,"[[100, 43, 235, 205]]",0.9557603038402026,0.915269077928201,0.9747507352413743,0.937495688168334,0.9973479996986363,0.9674218439334852,6.4031242374328485,2.3949908725993536,-0.03822007588823732,142.21324699974502
bus_0464-r,,,,,,,453,324,"[[108, 51, 234, 207]]",0.8834896169469648,0.7912954777286637,0.9119836977819579,0.8567221322338389,0.991568436068774,0.9241452841513065,13.601470508735444,5.785162820651376,-0.060594905021351786,142.21324699974502
bus_0465-l,,,,,,,453,322,"[[36, 97, 241, 275]]",0.9214079678943188,0.854269214371536,0.9147161354581673,0.9281984334203656,0.983172289551261,0.9556853614858133,13.601470508735444,5.663031268062516,0.014739324517813526,144.742932000554
bus_0465-r,,,,,,,453,324,"[[23, 90, 259, 272]]",0.9269651897492249,0.8638724306927071,0.9841256614307737,0.87608026408516,0.9968199914865914,0.9364501277858757,11.180339887498949,5.385237966972184,-0.10978821260339008,144.742932000554
bus_0466-l,,,,,,,451,321,"[[51, 72, 128, 130]]",0.9483017323693903,0.901686121919585,0.924468085106383,0.973396807616914,0.9979886685552408,0.9856927380860774,3.605551275463989,1.5880929396091374,0.05292635116213946,144.742932000554
bus_0466-r,,,,,,,451,323,"[[63, 72, 194, 139]]",0.9582085080886759,0.9197699496764917,0.935233918128655,0.9823402948402948,0.9968166368450931,0.989578465842694,3.1622776601683795,1.5716854780058864,0.05036855036855037,144.742932000554
bus_0467-l,,,,,,,453,322,"[[44, 130, 193, 236]]",0.9041794754398588,0.8251163901157933,0.8730579765062524,0.9376017362995117,0.9927433679437376,0.9651725521216247,7.615773105863909,3.245453784801279,0.07392837764514379,141.73631150060828
bus_0467-r,,,,,,,453,322,"[[139, 118, 249, 222]]",0.9326943113148572,0.8738773916438891,0.9914353219137626,0.8805245901639345,0.9995804428498057,0.94005251650687,6.708203932499369,2.732033219469427,-0.1118688524590164,141.73631150060828
bus_0468-l,,,,,,,459,320,"[[94, 17, 206, 105]]",0.9177742448330684,0.8480432483253026,0.8614062313477379,0.9820359281437125,0.9916793280394461,0.9868576280915793,10.007481343168132,3.775774638129752,0.1400381056069679,141.73631150060828
bus_0468-r,,,,,,,459,321,"[[91, 42, 216, 152]]",0.9566329248801279,0.9168709150326797,0.9632013732432142,0.9501534553921049,0.9975125099717166,0.9738329826819108,5.0,2.041053036088269,-0.013546407027198646,141.73631150060828
bus_0469-l,,,,,,,455,320,"[[87, 78, 188, 151]]",0.9587347754953645,0.9207402234636871,0.9928463855421686,0.9268892794376098,0.9997283968265314,0.9633088381320706,4.47213595499958,1.5612930758029766,-0.0664323374340949,145.31194150004012
bus_0469-r,,,,,,,455,321,"[[93, 88, 165, 155]]",0.9517700752436167,0.9079783478465522,0.9412051719931691,0.9625748502994012,0.9983033784592423,0.9804391143793217,4.123105625617661,1.6042689517050805,0.022704590818363273,145.31194150004012
bus_0470-l,,,,,,,436,323,"[[51, 29, 213, 113]]",0.95578231292517,0.9153094462540716,0.9544296631757713,0.9571388021572523,0.9962920028558487,0.9767154025065505,7.0710678118654755,2.104687322824899,0.002838489923360772,145.31194150004012
bus_0470-r,,,,,,,436,322,"[[79, 30, 233, 112]]",0.9599004916187881,0.9228929384965832,0.9678690874343048,0.9520620373634121,0.9979602823757782,0.9750111598695952,4.0,1.7078236311223816,-0.016331805898249323,145.31194150004012
bus_0471-l,,,,,,,434,322,"[[47, 73, 183, 173]]",0.9375698012061648,0.8824766109534321,0.9031737493275955,0.974689422965285,0.9931368437106798,0.9839131333379825,6.0,2.59480873534667,0.07918263090676884,142.46014450054645
bus_0471-r,,,,,,,434,323,"[[127, 53, 301, 168]]",0.9325851639605222,0.8736857803295802,0.9542308005537911,0.9118997587360884,0.9955863758805651,0.9537430673083267,13.46840869323987,3.5471798374284496,-0.044361428904973146,142.46014450054645
bus_0472-l,,,,,,,435,320,"[[56, 137, 224, 236]]",0.9621667016586185,0.9270917624211037,0.9558651760387118,0.9685518640628963,0.9958467783090342,0.9821993211859652,5.830951894845301,1.9975688671899374,0.013272465973455067,142.46014450054645
bus_0472-r,,,,,,,435,323,"[[55, 141, 242, 248]]",0.9719425704895347,0.9454166105801588,0.9787486064659978,0.9652305366591081,0.9975784425813008,0.9814044896202044,3.605551275463989,1.6384426096027438,-0.013811585240156668,142.46014450054645
bus_0473-l,,,,,,,431,322,"[[74, 175, 244, 265]]",0.9764315284666147,0.9539484222329009,0.9830802244965335,0.9698721602475369,0.9983794594509134,0.9841258098492252,3.1622776601683795,1.25564395105592,-0.013435387997720056,141.89845549935853
bus_0473-r,,,,,,,431,323,"[[72, 167, 269, 255]]",0.9716886120332724,0.9449361578641904,0.9874156621939201,0.9564546923189896,0.9986782913332537,0.9775664918261217,3.605551275463989,1.535660449811316,-0.03135555881920987,141.89845549935853
bus_0474-l,,,,,,,430,320,"[[53, 54, 163, 120]]",0.9460834181078331,0.8976833976833977,0.9096567668504357,0.9855491329479769,0.9961634317649725,0.9908562823564746,8.358374286456534,1.9152446092471946,0.08342967244701349,141.89845549935853
bus_0474-r,,,,,,,430,324,"[[103, 58, 201, 116]]",0.9407694726910578,0.8881631037212985,0.8909849086576648,0.9964468132356207,0.995927813257972,0.9961873132467963,4.47213595499958,2.017337459142763,0.11836553408838552,141.89845549935853
bus_0475-l,,,,,,,430,322,"[[100, 31, 225, 111]]",0.9417996011964108,0.8900011777175834,0.893368010403121,0.9957833706680722,0.9931077167592515,0.9944455437136619,7.0710678118654755,2.5786886100654316,0.11463960996178679,141.68927749960858
bus_0475-r,,,,,,,430,323,"[[112, 32, 235, 110]]",0.9587037387302187,0.9206829740857351,0.9234786833475039,0.996722600943891,0.9952004388170225,0.9959615198804568,4.47213595499958,1.7991766818514678,0.07931305715783954,141.68927749960858
bus_0476-l,,,,,,,449,321,"[[55, 96, 229, 197]]",0.9673253352152434,0.9367183762728081,0.949172494979572,0.986186056550831,0.9943638178607079,0.9902749372057695,4.123105625617661,1.8709246534953434,0.03899561119505,141.68927749960858
bus_0476-r,,,,,,,449,321,"[[45, 75, 192, 186]]",0.9724666228934121,0.9464087927068245,0.9771287825475018,0.9678487409601813,0.9980399843198745,0.9829443626400278,5.0,1.4823492220288,-0.00949725538032587,141.68927749960858
bus_0477-l,,,,,,,448,321,"[[50, 72, 174, 132]]",0.8442343782581497,0.730454654799134,0.7307183251112983,0.9995062541145491,0.9837510527691459,0.9916286534418475,25.45584412271571,6.169349670492233,0.36784068466096115,141.6767937498662
bus_0477-r,,,,,,,448,324,"[[56, 65, 207, 132]]",0.8965960931103053,0.8125728824340083,0.8153387937453462,0.9958425360530077,0.9873704121348805,0.9916064740939441,16.989696961967,4.296754079549304,0.22138495517734183,141.6767937498662
bus_0478-l,,,,,,,431,322,"[[27, 63, 311, 270]]",0.8967097990766629,0.8127596876381317,0.9859512404375491,0.8222825114781468,0.9962656784492588,0.9092740949637028,28.0,8.450248247258306,-0.1660008347743128,141.6767937498662
bus_0478-r,,,,,,,431,323,"[[49, 56, 248, 234]]",0.9503983099335417,0.9054847366655485,0.9556558682952735,0.9451982841635297,0.9913893114027172,0.9682937977831234,11.0,3.4897513314510795,-0.010942834631883043,141.6767937498662
bus_0479-l,,,,,,,433,321,"[[46, 114, 287, 236]]",0.9748006229059506,0.9508400460299195,0.9886097152428811,0.9613719923674781,0.997974571511242,0.9796732819393601,5.0,1.7329377699658626,-0.02755154279331689,143.84785975016712
bus_0479-r,,,,,,,433,324,"[[48, 104, 270, 224]]",0.9656071719641401,0.9335014182161991,0.9477100283389707,0.9841932880808848,0.9904046970014678,0.9872989925411764,6.0,2.4326185863581378,0.038496226325532824,143.84785975016712
bus_0480-l,,,,,,,434,322,"[[132, 110, 234, 170]]",0.9608281378661334,0.9246094634367218,0.9767998086582157,0.9453703703703704,0.9992837522521192,0.9723270613112448,4.0,1.2033868058112127,-0.03217592592592593,143.84785975016712
bus_0480-r,,,,,,,434,322,"[[115, 99, 203, 154]]",0.9374112788746936,0.8821957736215691,0.9007936507936508,0.9771320957761636,0.9970594937918563,0.98709579478401,4.47213595499958,1.9065163839718027,0.0847457627118644,143.84785975016712
bus_0481-l,,,,,,,433,323,"[[88, 90, 241, 166]]",0.9428243147124802,0.8918331435669186,0.9050420168067227,0.9838985954093867,0.9931046055742857,0.9885016004918362,7.810249675906654,2.5419319995974243,0.08713029576338929,142.38746000046376
bus_0481-r,,,,,,,433,322,"[[76, 90, 204, 164]]",0.9532047646057856,0.9105933351395286,0.9616595135908441,0.9448973854371662,0.9979744845516657,0.9714359349944159,5.385164807134504,1.9091761255333854,-0.01743041889232499,142.38746000046376
bus_0482-l,,,,,,,431,322,"[[106, 67, 204, 130]]",0.9492966298957596,0.9034868040839915,0.9101494275179507,0.9919627749576988,0.9965461679621646,0.9942544714599317,4.123105625617661,1.7916510000889685,0.08989001692047377,142.38746000046376
bus_0482-r,,,,,,,431,321,"[[117, 74, 231, 142]]",0.9619739732972791,0.9267339628785412,0.9337270341207349,0.9919832694318578,0.996953541507997,0.9944684054699273,3.0,1.410882445201679,0.062391077030324156,142.38746000046376
bus_0483-l,,,,,,,455,320,"[[58, 86, 227, 213]]",0.9111530126924268,0.836805376066167,0.8392347970345793,0.9965525732578183,0.976027397260274,0.9862899852590461,20.12461179749811,6.074202916688354,0.18745382910613148,142.8755885008286
bus_0483-r,,,,,,,455,322,"[[68, 76, 244, 207]]",0.9551145038167939,0.9140853302162478,0.925244702592234,0.9869772244851127,0.9892314009250149,0.9881043127050638,8.97213595499958,3.0282720136881682,0.06672021111812289,142.8755885008286
bus_0484-l,,,,,,,447,325,"[[38, 58, 255, 198]]",0.9144623346751006,0.8424049794729175,0.9992145774426642,0.8429631592896899,0.9998776878103672,0.9214204235500285,16.0,5.635516393425507,-0.15637423800689107,142.8755885008286
bus_0484-r,,,,,,,447,324,"[[14, 61, 206, 210]]",0.958198041571856,0.9197506626092078,0.9983484283431007,0.9211522390994445,0.9997509740129333,0.960451606556189,12.0,2.862652962847063,-0.07732389519736518,142.8755885008286
bus_0485-l,,,,,,,431,322,"[[108, 183, 199, 234]]",0.9411448535339962,0.8888324873096447,0.9690094078583287,0.9148380355276907,0.9991700875853995,0.9570040615565452,4.123105625617661,1.7686414939147999,-0.05590386624869383,141.67408350022015
bus_0485-r,,,,,,,431,321,"[[164, 189, 236, 231]]",0.9221533694810224,0.8555515630614445,0.8577089337175793,0.9970686767169179,0.9970947978494149,0.9970817372831664,4.242640687119285,1.9492199498786087,0.1624790619765494,141.67408350022015
bus_0486-l,,,,,,,453,324,"[[126, 120, 223, 224]]",0.9155937052932761,0.8443271767810027,0.987823700908935,0.8532069323063249,0.9994929332028767,0.9263499327546008,7.810249675906654,3.207185325135315,-0.13627610724337136,141.67408350022015
bus_0486-r,,,,,,,453,323,"[[108, 113, 271, 213]]",0.9526803441429517,0.9096366508688783,0.9383963494132985,0.9674059139784946,0.9958730921239383,0.9816395030512164,4.242640687119285,1.9491759538118567,0.030913978494623656,141.67408350022015
bus_0487-l,,,,,,,448,324,"[[93, 19, 233, 161]]",0.9309141178503543,0.8707570957522467,0.9162528063133546,0.9460522618713122,0.9905970240459532,0.9683246429586327,10.44030650891055,4.056164372458752,0.03252318066872717,143.2274034996226
bus_0487-r,,,,,,,448,323,"[[55, 12, 260, 156]]",0.9051537722248919,0.8267405497339112,0.9962975206611571,0.8292884266138353,0.9995574277066062,0.9144229271602207,12.547836069321429,5.315622716828371,-0.1676297396951186,143.2274034996226
bus_0488-l,,,,,,,432,322,"[[89, 71, 213, 164]]",0.9273925397497128,0.864615037763499,0.9954574951330305,0.8680398370303305,0.9997313231184942,0.9338855800744124,7.810249675906654,3.1487030073753077,-0.12799909461294703,143.2274034996226
bus_0488-r,,,,,,,432,323,"[[133, 80, 213, 165]]",0.9391919191919192,0.885355170443725,0.9701585976627712,0.9101409553641346,0.9989362335227779,0.9545385944434563,5.575347416784999,1.9870378289409902,-0.06186374314800313,143.2274034996226
bus_0489-l,,,,,,,437,323,"[[73, 99, 225, 196]]",0.9455460848827453,0.8967163679008209,0.965458152958153,0.9264387710947641,0.99704466187228,0.961741716483522,6.0,2.923857732118374,-0.04041540458675898,141.87731449965213
bus_0489-r,,,,,,,437,323,"[[84, 103, 201, 187]]",0.9504911591355599,0.9056533133657806,0.9079194295008132,0.9972516146763776,0.9945022932010696,0.9958769539387236,5.0,2.1309956114761897,0.09839219458568091,141.87731449965213
bus_0490-l,,,,,,,455,324,"[[66, 75, 185, 200]]",0.9032957007640552,0.8236456275345742,0.9987391249527172,0.8245029665868637,0.9999274379049872,0.9122152022459254,9.219544457292887,4.100585005388177,-0.1744561257416467,141.87731449965213
bus_0490-r,,,,,,,455,323,"[[150, 85, 267, 224]]",0.9374181722964127,0.8822079842286841,0.9950894098026498,0.8860655061463576,0.9996069532200172,0.9428362296831874,8.54400374531753,3.2458796231067857,-0.10956191733355333,141.87731449965213
bus_0491-l,,,,,,,451,320,"[[106, 114, 166, 165]]",0.9340659340659341,0.8762886597938144,0.9798270893371758,0.8923884514435696,0.9997042961544419,0.9460463737990057,4.0,1.6052520417868081,-0.08923884514435695,141.88383199962118
bus_0491-r,,,,,,,451,322,"[[191, 119, 253, 166]]",0.9268177525967894,0.8636163660360757,0.9622549019607843,0.8938979963570127,0.9994616363458392,0.946679816351426,4.09848450049413,1.7299642971834126,-0.07103825136612021,141.88383199962118
bus_0492-l,,,,,,,436,322,"[[107, 74, 189, 133]]",0.9485360505610732,0.9021099116781158,0.9160438465371201,0.9834180262102167,0.9975338997314366,0.9904759629708266,3.0,1.5902034014194337,0.07354907729339395,141.88383199962118
bus_0492-r,,,,,,,436,321,"[[109, 67, 227, 123]]",0.934604385128694,0.8772369362920543,0.8786520881878472,0.998167379352474,0.9949868562331075,0.9965771177927907,4.123105625617661,2.196758872982299,0.13602117694970475,141.88383199962118
bus_0493-l,,,,,,,435,319,"[[28, 115, 261, 199]]",0.9637086432418569,0.9299591634698676,0.990249044669917,0.9385537654552267,0.998794307174687,0.9686740363149569,5.0,1.9953929651100963,-0.05220432121893343,142.2452507495109
bus_0493-r,,,,,,,435,322,"[[12, 111, 220, 204]]",0.9480947043989914,0.901311846573883,0.9917203985932005,0.9081454643048846,0.9990971989198345,0.9536213316123596,6.074486277268395,2.852302101073068,-0.08427267847557703,142.2452507495109
bus_0494-l,,,,,,,452,321,"[[43, 230, 266, 360]]",0.9628499213124135,0.9283612286187236,0.9943363703521301,0.933296352794342,0.9990685166735516,0.9661824347339467,6.0,2.577080936286342,-0.06138769472565063,142.2452507495109
bus_0494-r,,,,,,,452,323,"[[93, 235, 250, 353]]",0.9596702772668438,0.9224674219108113,0.9279973649538867,0.9935816053039921,0.9917082644251923,0.9926449348645923,7.02132034355964,2.4476155820683934,0.07067287346593314,142.2452507495109
bus_0495-l,,,,,,,455,321,"[[145, 226, 207, 281]]",0.9463448515367251,0.8981542518127884,0.9116761458681834,0.983754512635379,0.9981575182328924,0.9909560154341357,3.605551275463989,1.486166660790647,0.07906137184115523,141.99709925014758
bus_0495-r,,,,,,,455,322,"[[142, 215, 197, 272]]",0.9220200519866321,0.8553220806062694,0.8690934546727337,0.9818109924871491,0.9974024350435127,0.9896067137653308,4.242640687119285,2.1026265602237935,0.12969553183076316,141.99709925014758
bus_0496-l,,,,,,,454,320,"[[88, 124, 195, 198]]",0.93953125,0.885958449977899,0.9316702819956616,0.9475260006303183,0.9968258309701009,0.9721759158002097,7.0710678118654755,2.4508338770101807,0.017018594390167036,141.99709925014758
bus_0496-r,,,,,,,454,321,"[[101, 116, 207, 191]]",0.9661616161616161,0.9345383488031265,0.9755226925038246,0.9569784892446224,0.9989694926898388,0.9779739909672306,2.8284271247461903,1.3043914699468957,-0.01900950475237619,141.99709925014758
bus_0497-l,,,,,,,454,319,"[[75, 145, 168, 202]]",0.9331184528605962,0.8746223564954683,0.8919454225352113,0.9782766111513396,0.9965098839234307,0.9873932475373851,7.0710678118654755,2.2280653889970954,0.0967897658701424,142.00050875024317
bus_0497-r,,,,,,,454,322,"[[124, 136, 230, 208]]",0.9369353565476712,0.8813531353135313,0.9968271743187757,0.8838325335098461,0.9998786970637554,0.9418556152868007,6.0,2.434972280000226,-0.11335429422472282,142.00050875024317
bus_0498-l,,,,,,,432,321,"[[58, 57, 207, 134]]",0.9604974396488661,0.9239971850809289,0.9330964467005076,0.9895564168819982,0.9949066345143139,0.9922315256981561,4.123105625617661,1.7924653952451828,0.06050818260120586,142.00050875024317
bus_0498-r,,,,,,,432,320,"[[86, 51, 261, 127]]",0.9580225244990493,0.9194272880404267,0.9303096297699082,0.9874371859296482,0.9942629978953933,0.9908500919125207,4.123105625617661,1.8584410682540236,0.0614070351758794,142.00050875024317
bus_0499-l,,,,,,,432,321,"[[82, 178, 184, 232]]",0.953479125248509,0.9110942249240122,0.9416230366492147,0.9656375838926174,0.9983474993886489,0.9819925416406332,2.8284271247461903,1.3174687074533478,0.025503355704697986,142.03112774976034
bus_0499-r,,,,,,,432,323,"[[121, 192, 205, 246]]",0.9378325399047885,0.8829422620616926,0.8857445120338535,0.9964296340374889,0.9968276115292821,0.9966286227833855,3.605551275463989,1.8202561492101914,0.1249628086878905,142.03112774976034
bus_0500-l,,,,,,,453,323,"[[100, 119, 238, 224]]",0.9369717459550834,0.8814175374829623,0.8980649939820387,0.9794022617124394,0.9919290400615768,0.9856656508870081,13.45362404707371,3.245501903219323,0.09056946688206785,142.03112774976034
bus_0500-r,,,,,,,453,323,"[[97, 119, 242, 219]]",0.961828653064869,0.9264642642126086,0.9476554939737838,0.97643219724438,0.995601942536977,0.9860170698906785,5.0990195135927845,2.0313439882508577,0.03036620739666425,142.03112774976034
bus_0501-l,,,,,,,433,321,"[[121, 187, 216, 231]]",0.9024962074196663,0.8223171651168635,0.8225238813474107,0.9996944699052857,0.994798113763631,0.9972462918344583,6.708203932499369,2.7764826110019216,0.2153987167736022,142.48435525041714
bus_0501-r,,,,,,,433,323,"[[119, 181, 224, 228]]",0.9325438290955532,0.8736132260169676,0.8934371523915462,0.975230694511899,0.996471220928091,0.985850957719995,5.0,2.0960705579276033,0.09154929577464789,142.48435525041714
bus_0502-l,,,,,,,434,322,"[[119, 137, 202, 195]]",0.9449308105055069,0.895610278372591,0.9302196274673339,0.9601147776183644,0.9981579739180849,0.9791363757682247,5.0,1.6425130211534107,0.0321377331420373,142.48435525041714
bus_0502-r,,,,,,,434,322,"[[155, 136, 206, 189]]",0.7878013148283418,0.6498945465501658,0.651464814255512,0.9963048498845266,0.9916123358263739,0.9939585928554502,18.35755975068582,5.816980334739179,0.5293302540415704,142.48435525041714
bus_0503-l,,,,,,,448,323,"[[79, 114, 169, 167]]",0.9311666006077421,0.8711990111248454,0.8898989898989899,0.9764477694652258,0.9969098834118856,0.9866788264385558,5.0,1.9777333605006524,0.09725685785536159,147.14641600039613
bus_0503-r,,,,,,,448,322,"[[102, 115, 205, 168]]",0.9371695561293496,0.8817677001388247,0.8854553903345725,0.9952990336902585,0.9964892791272334,0.995894156408746,4.0,1.8393246138459074,0.12405327761817707,147.14641600039613
bus_0504-l,,,,,,,450,321,"[[95, 90, 180, 132]]",0.9233569998179502,0.8576259722691918,0.8593697051846831,0.997639653815893,0.9970755700876625,0.9973576119517777,3.0,1.829588652652929,0.16089693154996065,147.14641600039613
bus_0504-r,,,,,,,450,321,"[[158, 96, 227, 136]]",0.720966894377299,0.5636811832374692,0.564454196379594,0.9975763451284537,0.9888472964526256,0.9932118207905396,30.518395664964217,7.774946838609923,0.767329132331556,147.14641600039613
bus_0505-l,,,,,,,435,323,"[[70, 52, 222, 168]]",0.9717581072006952,0.9450676090964967,0.9595912317653483,0.9842374779964794,0.9959533463013741,0.9900954121489267,4.123105625617661,1.551879849376851,0.0256841094575132,142.45456924982136
bus_0505-r,,,,,,,435,322,"[[86, 53, 242, 168]]",0.9517503097893433,0.9079423716291097,0.917843005452237,0.9882589465219139,0.9913816743056372,0.9898203104137755,6.324555320336759,2.6765548617790347,0.0767189384800965,142.45456924982136
bus_0506-l,,,,,,,433,323,"[[110, 66, 199, 115]]",0.7460684551341351,0.5949834009590557,0.5950931562442354,0.9996901146575767,0.9839349493530066,0.9918125320052917,18.99341649025257,8.392880712230635,0.6798884412767277,142.45456924982136
bus_0506-r,,,,,,,433,321,"[[109, 53, 201, 107]]",0.7614939266659099,0.6148487626031164,0.6148487626031164,1.0,0.9845103546914973,0.9922551773457486,14.0,7.9393809516022396,0.6264162194394752,142.45456924982136
bus_0507-l,,,,,,,455,324,"[[143, 97, 220, 186]]",0.910148107515085,0.8351117374672841,0.9762297011061426,0.852445540484998,0.9992914965556912,0.9258685185203446,7.197099077021725,2.770735463751285,-0.12679819153308672,142.47286024965433
bus_0507-r,,,,,,,455,323,"[[86, 108, 171, 184]]",0.9333883274902042,0.8750966744006187,0.8879733176378262,0.9836991958269942,0.9959891545615465,0.9898441751942704,5.0,2.318193748518642,0.10780265159747882,142.47286024965433
bus_0508-l,,,,,,,454,323,"[[13, 83, 295, 288]]",0.955145183743363,0.9141415332374372,0.9220121298608633,0.9907483132283786,0.9695016462972265,0.9801249797628026,22.80350850198276,4.711463013596655,0.0745501942343079,142.47286024965433
bus_0508-r,,,,,,,454,324,"[[14, 84, 323, 298]]",0.9312372494899795,0.8713227037951943,0.9232599643069601,0.9393535891538555,0.960319901568748,0.9498367453613017,35.17766952966369,7.870465826041808,0.01743130371625711,142.47286024965433
bus_0509-l,,,,,,,453,322,"[[42, 143, 277, 289]]",0.9516274493727966,0.9077187768827716,0.9590580458582938,0.944311109303177,0.9918290279758911,0.968070068639534,10.0,3.5969583500469127,-0.015376479681080421,142.29003075070068
bus_0509-r,,,,,,,453,325,"[[32, 159, 263, 300]]",0.9643155303435728,0.9310900748212145,0.9748539277212724,0.954002541296061,0.9952999231484853,0.9746512322222731,7.615773105863909,2.5499558593448333,-0.021389241846675136,142.29003075070068
bus_0510-l,,,,,,,433,319,"[[108, 59, 195, 115]]",0.9285379568884724,0.8666083533785262,0.8730998017184401,0.9914936202151614,0.9957056586893313,0.9935996394522464,7.810249675906654,2.3339380319766785,0.13560170127595697,142.29003075070068
bus_0510-r,,,,,,,433,325,"[[120, 59, 212, 118]]",0.9256432621020497,0.8615790541911914,0.8693426172434978,0.9897411984145489,0.9953238148289307,0.9925325066217399,5.385164807134504,2.505013105210809,0.13849382140359057,142.29003075070068
bus_0511-l,,,,,,,435,321,"[[68, 74, 175, 131]]",0.9650914272144384,0.9325378614043139,0.9517564402810305,0.9788053949903661,0.9984795140349711,0.9886424545126686,2.23606797749979,1.046046479897546,0.02842003853564547,143.34651374974783
bus_0511-r,,,,,,,435,321,"[[38, 72, 186, 120]]",0.9019287348806799,0.8213754093480202,0.8219871890361984,0.9990946949121854,0.9910895371033166,0.995092116007751,8.602325267042627,3.225566516608494,0.21546261089987326,143.34651374974783
bus_0512-l,,,,,,,451,320,"[[105, 157, 209, 241]]",0.9572474377745241,0.9180005616399888,0.9621780721118469,0.952367079388201,0.9981302971881707,0.9752486882881859,4.300014504089359,1.7797406435725185,-0.010196649672250545,143.34651374974783
bus_0512-r,,,,,,,451,323,"[[110, 149, 213, 225]]",0.9260557768924302,0.8622941089182371,0.8657628128724673,0.9953751284686536,0.9935566918153538,0.9944659101420037,10.862395264551012,3.0496711312427665,0.14970880438506337,143.34651374974783
bus_0513-l,,,,,,,432,323,"[[103, 69, 246, 131]]",0.9712387588106619,0.9440856827846905,0.9669301500241975,0.9755859375,0.9984631762024709,0.9870245568512355,2.8284271247461903,1.0063536109097428,0.008951822916666666,143.13018949997058
bus_0513-r,,,,,,,432,323,"[[106, 72, 216, 132]]",0.9508049082517167,0.9062231759656653,0.9472857783759533,0.9543502824858757,0.9982606893591195,0.9763054859224976,5.0990195135927845,1.5473949193680232,0.007457627118644068,143.13018949997058
bus_0514-l,,,,,,,450,321,"[[81, 127, 209, 188]]",0.9395800861831851,0.886045305204911,0.9626150666917151,0.917621776504298,0.9985669638356401,0.9580943701699691,7.211102550927978,1.9924980195675195,-0.04674068767908309,143.13018949997058
bus_0514-r,,,,,,,450,324,"[[66, 127, 162, 176]]",0.9161509525543017,0.8452754142409314,0.8492688413948256,0.9944678609062171,0.9952818230472381,0.9948748419767276,7.0,2.5373921706760014,0.17096944151738672,143.13018949997058
bus_0515-l,,,,,,,452,320,"[[151, 113, 245, 199]]",0.9496272871018748,0.9040860215053763,0.9434470377019749,0.9558890404729422,0.9972617227965199,0.9765753816347311,5.0,2.1443828649358103,0.01318781264211005,142.59916599985445
bus_0515-r,,,,,,,452,321,"[[112, 107, 201, 200]]",0.9519304135510454,0.9082702387885847,0.9430083144368858,0.9610229548605762,0.9972799619050368,0.9791514583828065,4.242640687119285,2.0076933782022066,0.019103373902326297,142.59916599985445
bus_0516-l,,,,,,,436,319,"[[94, 54, 295, 168]]",0.9742067876874507,0.9497106980179737,0.9952909302025545,0.9539974030792061,0.9994060743139345,0.9767017386965703,5.0,1.5833098980849878,-0.04148890125517839,142.59916599985445
bus_0516-r,,,,,,,436,322,"[[46, 56, 280, 171]]",0.974032363874918,0.949379229498588,0.981382539245387,0.9667914699658148,0.9972286677106992,0.9820100688382569,3.605551275463989,1.6323715410064406,-0.014867871289814965,142.59916599985445
bus_0517-l,,,,,,,435,323,"[[155, 187, 211, 232]]",0.9153169828782971,0.8438566552901023,0.8485628485628486,0.99347061778001,0.997451521145877,0.9954610694629435,4.242640687119285,2.0164718968582593,0.17076845806127575,143.34420475006482
bus_0517-r,,,,,,,435,322,"[[119, 196, 169, 241]]",0.9195928753180661,0.8511540273198305,0.8543735224586289,0.9955922865013774,0.9977722324689885,0.996682259485183,5.0990195135927845,1.8279022852589275,0.1652892561983471,143.34420475006482
bus_0518-l,,,,,,,434,320,"[[85, 80, 279, 204]]",0.9778745844319615,0.9567070435172723,0.9735220269344899,0.9822662367572548,0.9961814470998749,0.9892238419285648,3.1622776601683795,1.4106877009659067,0.008982035928143712,143.34420475006482
bus_0518-r,,,,,,,434,322,"[[54, 78, 261, 197]]",0.9537779480583454,0.9116400732409102,0.9133602390062372,0.9979383804833353,0.9864825082184387,0.992210444350887,6.708203932499369,2.976079813102846,0.09260107662352537,143.34420475006482
bus_0519-l,,,,,,,433,323,"[[80, 39, 213, 119]]",0.9401278583722645,0.887020067277578,0.8951188107222288,0.9899029126213592,0.993219004949521,0.9915609587854401,6.722793735874387,2.6554075465629188,0.10588996763754045,143.3835990001171
bus_0519-r,,,,,,,433,322,"[[104, 47, 227, 125]]",0.8499575191163976,0.7390661938534279,0.7390661938534279,1.0,0.9799201049096822,0.9899600524548411,17.029386365926403,7.051772837091533,0.35305877648940426,143.3835990001171
bus_0520-l,,,,,,,427,317,"[[66, 17, 286, 119]]",0.9715211459754434,0.9446194660918588,0.9481304781981582,0.9960951159808835,0.9920897454336258,0.9940924307072547,5.656854249492381,1.7516533548600852,0.05058864669541905,143.3835990001171
bus_0520-r,,,,,,,427,321,"[[53, 16, 257, 121]]",0.9665585798041335,0.9352814401622718,0.9586148648648649,0.9746350485501024,0.9947756052752444,0.9847053269126734,4.47213595499958,1.915465954085392,0.01671180395006275,143.3835990001171
bus_0521-l,,,,,,,431,321,"[[54, 78, 240, 188]]",0.9587249939744517,0.9207221804293733,0.9365471775854965,0.9819786459297661,0.991174640599928,0.9865766432648471,8.54400374531753,2.6084210035554554,0.04850953527124607,142.5784762495823
bus_0521-r,,,,,,,431,323,"[[56, 90, 291, 211]]",0.9578062387051152,0.9190289505428226,0.9995626742469798,0.9193986323411102,0.9999329562120259,0.9596657942765681,6.0,2.6866302828221964,-0.08019911504424779,142.5784762495823
bus_0522-l,,,,,,,431,319,"[[86, 66, 211, 120]]",0.9459919390953874,0.8975186947654656,0.9139840775354794,0.9803229998143679,0.9962377556736461,0.988280377744007,4.123105625617661,1.927821596816384,0.07258214219417115,142.5784762495823
bus_0522-r,,,,,,,431,319,"[[42, 69, 179, 129]]",0.8750728013977869,0.7778928294071965,0.7900617851978441,0.9805841083374123,0.9878425700365409,0.9842133391869765,15.264337522473747,4.90913603461986,0.24114863762440855,142.5784762495823
bus_0523-l,,,,,,,458,323,"[[178, 46, 233, 82]]",0.8339181286549707,0.7151454363089268,0.7151454363089268,1.0,0.9961230786032162,0.9980615393016081,6.4031242374328485,3.4150928772348688,0.39831697054698456,142.43922449986712
bus_0523-r,,,,,,,458,321,"[[156, 42, 208, 85]]",0.8933547695605574,0.8072639225181598,0.8111922141119221,0.9940369707811568,0.9973304160560338,0.9956836934185953,4.242640687119285,2.29367472113439,0.22540250447227192,142.43922449986712
bus_0524-l,,,,,,,435,321,"[[110, 116, 254, 210]]",0.9564875196761862,0.9166038142441547,0.9865476052417952,0.9282051282051282,0.9991109067218518,0.96365801746349,5.0990195135927845,2.0659395800257725,-0.059138025095471905,142.43922449986712
bus_0524-r,,,,,,,435,321,"[[103, 122, 224, 218]]",0.9639075753144194,0.9303297199638663,0.9648670804543857,0.9629499766245909,0.9977113038701851,0.980330640247388,4.0,1.6686739492341922,-0.001986909770920991,142.43922449986712
bus_0525-l,,,,,,,434,325,"[[92, 90, 240, 179]]",0.9182046228274503,0.8487784679089027,0.8503277192400233,0.9978580469282445,0.986205736394987,0.9920318916616158,10.04987562112089,4.175742319140793,0.17349819881218967,143.04826024999784
bus_0525-r,,,,,,,434,322,"[[41, 98, 244, 185]]",0.9698912740451631,0.9415426251691476,0.9545891068733708,0.9856920243660575,0.9947305579877418,0.9902112911768997,5.308131845707585,1.6243403667368792,0.032582518770364076,143.04826024999784
bus_0526-l,,,,,,,435,318,"[[111, 96, 184, 150]]",0.8808503887037918,0.7870711652962858,0.7881885292447472,0.9982020855807263,0.9944964551564379,0.9963492703685821,9.0,3.3284700208934592,0.2664509169363538,143.04826024999784
bus_0526-r,,,,,,,435,320,"[[118, 89, 193, 142]]",0.897036358081271,0.8132963988919668,0.8228699551569507,0.9858965748824715,0.9953605144543466,0.9906285446684091,10.665191763118239,2.8118359247593903,0.19811954331766285,143.04826024999784
bus_0527-l,,,,,,,453,321,"[[48, 116, 168, 200]]",0.9759236197592362,0.9529793271179571,0.9797194054729823,0.972157133011716,0.9989432389003894,0.9855501859560527,2.8284271247461903,1.0138322248165914,-0.00771881461061337,142.28825574991788
bus_0527-r,,,,,,,453,320,"[[89, 138, 206, 202]]",0.8824751789425075,0.7896694214876033,0.7983567748224482,0.9864074328974536,0.9895938137810102,0.9880006233392319,14.560219778561036,4.698159508539509,0.23554714384033035,142.28825574991788
bus_0528-l,,,,,,,434,321,"[[97, 41, 210, 110]]",0.9448900388098318,0.8955370279548799,0.900690562315028,0.9936513694902956,0.9954858334392119,0.9945686014647538,4.123105625617661,2.007345867214037,0.10321059314347905,142.28825574991788
bus_0528-r,,,,,,,434,324,"[[118, 58, 205, 124]]",0.9536791036155712,0.9114594833296533,0.9132743362831859,0.9978245105148659,0.9971277632456276,0.9974761368802467,3.605551275463989,1.508542534354657,0.09257916364515349,142.28825574991788
bus_0529-l,,,,,,,435,321,"[[106, 49, 190, 104]]",0.9271193472548749,0.8641402423304976,0.8652555498193082,0.9985105749180816,0.9961695945053494,0.9973400847117155,5.0,2.1705850737399035,0.15400655347036044,143.92837025025074
bus_0529-r,,,,,,,435,320,"[[123, 52, 204, 106]]",0.9056149732620321,0.8275103835817249,0.8279149352236617,0.9994098554145766,0.9948163256289991,0.9971130905217879,5.656854249492381,2.90752659879764,0.2071407494836235,143.92837025025074
bus_0530-l,,,,,,,416,320,"[[81, 29, 242, 155]]",0.8590974462626813,0.7529980921231944,0.7851509769094138,0.9484208719533127,0.9751045542859025,0.9617627131196076,33.03557915047598,7.2234603735917275,0.20794713353930655,143.92837025025074
bus_0530-r,,,,,,,416,324,"[[53, 31, 224, 167]]",0.9245332288810549,0.8596576423455141,0.90863595534454,0.9409966777408638,0.9881069704511668,0.9645518240960154,12.083045973594572,4.224152767670367,0.035614617940199336,143.92837025025074
bus_0531-l,,,,,,,432,323,"[[46, 160, 274, 286]]",0.9603411122827931,0.9237078849885342,0.9504923537686618,0.9703961084086171,0.9907503963510271,0.9805732523798221,10.251285619838924,2.859726877375507,0.020940467917535326,141.43449675066222
bus_0531-r,,,,,,,432,323,"[[48, 157, 258, 290]]",0.9711971411554496,0.9440070396443128,0.961008958038661,0.9816036600048158,0.9930370208215811,0.9873203404131985,6.4031242374328485,2.0498808245437727,0.02143029135564652,141.43449675066222
bus_0532-l,,,,,,,435,325,"[[131, 60, 220, 179]]",0.9084349520167401,0.8322316234796404,0.8606781514902926,0.9618029029793735,0.9924423347919602,0.9771226188856669,10.290750585296923,3.5453362121462555,0.11749427043544691,141.43449675066222
bus_0532-r,,,,,,,435,324,"[[52, 48, 188, 186]]",0.8990567365901732,0.8166240409207162,0.8885899814471243,0.9097730078829899,0.990790654162609,0.9502818310227994,17.88854381999832,4.594700114801552,0.023838921075125842,141.43449675066222
bus_0533-l,,,,,,,455,318,"[[94, 21, 242, 89]]",0.9493679009176667,0.9036159296359638,0.9312602291325696,0.9681937172774869,0.9960160525355709,0.9821048849065289,4.788854381999844,2.0516484159104453,0.03965968586387435,141.46810374950292
bus_0533-r,,,,,,,455,320,"[[52, 18, 192, 91]]",0.9616400277970814,0.9261143086601525,0.978503747701881,0.9453477250990573,0.9989007889731778,0.9721242570361175,3.1622776601683795,1.4996088412151913,-0.033884410438584506,141.46810374950292
bus_0534-l,,,,,,,433,323,"[[2, 116, 312, 349]]",0.9380727454778955,0.8833681793957283,0.9764807178139303,0.9025718354695484,0.9887309876127716,0.9456514115411601,19.697715603592208,5.784202474044723,-0.07568903409566893,141.46810374950292
bus_0534-r,,,,,,,433,324,"[[22, 114, 317, 337]]",0.9408901508167705,0.8883782466402061,0.944617207167185,0.9371923896275619,0.9774365780821092,0.9573144838548355,13.31133813875419,5.007149778230846,-0.00786013369573202,141.46810374950292
bus_0535-l,,,,,,,430,324,"[[22, 104, 321, 359]]",0.9501229983754932,0.904985057207024,0.961665664461816,0.9388541341796768,0.975946516371697,0.9574003252756869,13.601470508735444,5.4007954246295276,-0.023720853437047093,141.86890375003713
bus_0535-r,,,,,,,430,322,"[[6, 102, 321, 377]]",0.9591654296282324,0.921534946024742,0.991337074270602,0.9290162684290798,0.9932332220986281,0.9611247452638539,22.115552078001844,5.325992631308629,-0.06286540416878496,141.86890375003713
bus_0536-l,,,,,,,457,319,"[[87, 32, 225, 139]]",0.9390930826275479,0.885179526355997,0.8883692402054743,0.9959601168987451,0.9891463969168611,0.992553256907803,10.295630140987,3.4932076786039192,0.1211105380780471,141.86890375003713
bus_0536-r,,,,,,,457,322,"[[101, 29, 251, 138]]",0.9413877790403578,0.8892659279778393,0.8926659714980882,0.995735111662531,0.9884997542045911,0.9921174329335611,10.037406715840667,3.516693649596172,0.115462158808933,141.86890375003713
bus_0537-l,,,,,,,438,320,"[[141, 114, 236, 179]]",0.9583657155545686,0.9200596887657216,0.9348061511804202,0.9831435079726651,0.9977830153936805,0.9904632616831728,2.8284271247461903,1.329563266236307,0.05170842824601367,145.29695674991672
bus_0537-r,,,,,,,438,320,"[[107, 120, 179, 181]]",0.9656419529837251,0.9335664335664335,0.9416711882799783,0.9908649728803882,0.9984267179873698,0.994645845433879,3.1622776601683795,1.0714489564620164,0.05224093634027976,145.29695674991672
bus_0538-l,,,,,,,431,321,"[[157, 117, 233, 179]]",0.9179588384550325,0.8483585200625325,0.9957186544342508,0.8514644351464435,0.999895931671709,0.9256801834090762,6.708203932499369,2.515181684194034,-0.1448744769874477,145.29695674991672
bus_0538-r,,,,,,,431,322,"[[133, 120, 221, 180]]",0.9327731092436975,0.8740157480314961,0.9214167127836193,0.944412932501418,0.9979002779913645,0.9711566052463912,5.0,1.9405856461250568,0.024957458876914352,145.29695674991672
bus_0539-l,,,,,,,434,323,"[[91, 200, 217, 288]]",0.9435215946843853,0.8930817610062893,0.9789132197891321,0.9105997736703131,0.9988202285429066,0.9547100011066099,5.0,2.343390415003936,-0.06978498679743493,141.73627524996846
bus_0539-r,,,,,,,434,321,"[[123, 191, 283, 282]]",0.9114195276357439,0.837255077391071,0.9962738209304801,0.8398851193681566,0.9997269294385669,0.9198060244033617,12.041594578792296,4.445328826673889,-0.15697361335487345,141.73627524996846
bus_0540-l,,,,,,,456,320,"[[29, 70, 252, 248]]",0.9589785010912716,0.9211899101954569,0.9975687368157603,0.9232627399073461,0.9994122731201383,0.9613375065137422,10.816653826391969,3.5809136236340504,-0.07448709463931172,141.73627524996846
bus_0540-r,,,,,,,456,320,"[[39, 74, 282, 234]]",0.9722275243367055,0.9459559847711022,0.9782024198194738,0.9663251754885221,0.9940416819780566,0.9801834287332893,6.324555320336759,2.437310166088654,-0.012141908556251186,141.73627524996846
bus_0541-l,,,,,,,432,323,"[[131, 82, 252, 138]]",0.8940367387566736,0.80837833415153,0.8505509641873278,0.9422086591646004,0.9935365208908878,0.9678725900277441,13.549724247153833,3.6957684847324233,0.10776273126072859,142.59488725019764
bus_0541-r,,,,,,,432,323,"[[113, 66, 210, 131]]",0.9020897832817337,0.8216425801903419,0.8228026826685493,0.9982869379014989,0.9925555736805421,0.9954212557910205,10.246834584086285,3.502379066862013,0.2132762312633833,142.59488725019764
bus_0542-l,,,,,,,431,320,"[[160, 178, 221, 231]]",0.9167419180061405,0.8462820940313438,0.8516778523489933,0.9925694172858819,0.9967347059388459,0.994652061612364,6.359911333029999,2.261324970535429,0.16542823621431366,142.59488725019764
bus_0542-r,,,,,,,431,322,"[[114, 181, 183, 232]]",0.9232704402515723,0.8574766355140186,0.8638197713517148,0.991509069857198,0.9970262352137806,0.9942676525354893,5.656854249492381,2.0328996301093407,0.1478193747587804,142.59488725019764
bus_0543-l,,,,,,,455,323,"[[94, 58, 256, 140]]",0.9298350013524479,0.8688706905267415,0.8796315250767656,0.9861158921399885,0.991493670886076,0.9888047815130323,9.0,3.0966039253994877,0.12105565117613311,141.38109525083564
bus_0543-r,,,,,,,455,318,"[[104, 56, 256, 139]]",0.9597260909935005,0.9225705678902153,0.9385925085130533,0.9818332937544526,0.9960298822907799,0.9889315880226163,4.242640687119285,1.6579663468954096,0.046069817145571124,141.38109525083564
bus_0544-l,,,,,,,433,322,"[[134, 110, 208, 163]]",0.9544380695241309,0.9128469980632666,0.9178838039597533,0.99402460456942,0.9981476193614046,0.9960861119654123,2.9227922061357776,1.2274408490109692,0.08295254833040422,141.38109525083564
bus_0544-r,,,,,,,433,323,"[[100, 112, 168, 161]]",0.8617108950057689,0.757022878656241,0.7638807714786674,0.9882797731568999,0.994111388050782,0.9911955806038409,15.572386727531361,4.0380741355016285,0.2937618147448015,141.38109525083564
bus_0545-l,,,,,,,434,321,"[[137, 103, 229, 161]]",0.9494836102379883,0.9038256037614875,0.9197477163984341,0.9812064965197216,0.9972667476519215,0.9892366220858215,6.355982887175193,1.6600826150814059,0.06682134570765662,142.67701800054056
bus_0545-r,,,,,,,434,321,"[[138, 100, 193, 158]]",0.6058753156985245,0.4345919145690313,0.4356719556490155,0.9943280977312391,0.9784560143626571,0.9863920560469481,40.99689688708352,12.976695992821158,1.2822862129144852,142.67701800054056
bus_0546-l,,,,,,,454,319,"[[11, 63, 259, 196]]",0.967890085291961,0.9377781101596679,0.9894267566181402,0.9472710103871577,0.997735549340521,0.9725032798638393,5.0990195135927845,2.512795277869573,-0.04260623229461756,142.67701800054056
bus_0546-r,,,,,,,454,321,"[[73, 60, 300, 198]]",0.9816167418957735,0.9638971714078491,0.9816167418957735,0.9816167418957735,0.9963086252925085,0.988962683594141,3.605551275463989,1.409729843490317,0.0,142.67701800054056
bus_0547-l,,,,,,,454,321,"[[108, 152, 237, 316]]",0.9043850733265573,0.8254588827778145,0.9716848673946958,0.8458039109179794,0.9972291345434561,0.9215165227307177,12.767085268111776,5.034713128202867,-0.12954915806626832,142.88485625002068
bus_0547-r,,,,,,,454,319,"[[45, 164, 192, 319]]",0.9223901326014351,0.8559592488032405,0.879493000378358,0.9696864353750956,0.9853499229548538,0.9775181791649747,10.246834584086285,4.263585124593047,0.10255162344434401,142.88485625002068
bus_0548-l,,,,,,,434,321,"[[149, 122, 226, 177]]",0.9544583640383199,0.9128841274316324,0.9172804532577904,0.9947772657450077,0.9978538722171999,0.9963155689811038,3.273096063992282,1.3258001671868622,0.08448540706605223,142.88485625002068
bus_0548-r,,,,,,,434,321,"[[125, 114, 247, 170]]",0.9451105282877482,0.8959332267803232,0.9008928571428572,0.9938928289992119,0.9958655522281321,0.994879190613672,6.708203932499369,1.7974584867256307,0.10323089046493301,142.88485625002068
bus_0549-l,,,,,,,430,322,"[[106, 143, 177, 191]]",0.8483593501115004,0.7366528354080222,0.7393114936146585,0.9951420029895366,0.9930846049608201,0.9941133039751784,16.18623753639814,4.414512344389245,0.3460388639760837,141.5851042502254
bus_0549-r,,,,,,,430,322,"[[100, 147, 201, 198]]",0.9210275927687916,0.8536155202821869,0.8547461368653422,0.998452810727179,0.9951107874752939,0.9967817991012364,6.203658925317489,2.396432354722751,0.16812790097988653,141.5851042502254
bus_0550-l,,,,,,,455,321,"[[45, 75, 237, 183]]",0.9380827157542434,0.8833858622242233,0.9999271933017838,0.8834426862215361,0.999992337693186,0.9417175119573611,6.375625116449215,3.6574608600256293,-0.11649298855010935,141.5851042502254
bus_0550-r,,,,,,,455,320,"[[44, 75, 254, 179]]",0.965141737727587,0.9326318133734202,0.9922402558938515,0.9394840157038699,0.99897472020036,0.9692293679521149,10.954163456597993,2.1748396531049914,-0.053168816601233876,141.5851042502254
bus_0551-l,,,,,,,432,325,"[[98, 70, 249, 204]]",0.9495828538550057,0.9040054775761726,0.9893593106032221,0.9128811449906659,0.9988724520990654,0.9558767985448656,7.280109889280518,2.763155341302067,-0.07730069833367904,142.23059925006964
bus_0551-r,,,,,,,432,324,"[[72, 49, 229, 199]]",0.9224215825480832,0.8560134163871586,0.894535895349565,0.9521017920191859,0.9865153612842817,0.9693085766517338,14.273899703390002,4.433987722168659,0.06435280794084339,142.23059925006964
bus_0552-l,,,,,,,434,322,"[[68, 77, 227, 174]]",0.960177793904209,0.9234057402076246,0.9427324545778412,0.9782809611829945,0.9950127202779846,0.9866468407304896,4.47213595499958,1.9784215692168472,0.03770794824399261,142.23059925006964
bus_0552-r,,,,,,,434,320,"[[110, 81, 262, 171]]",0.9039782418291615,0.8247812920592194,0.8283348821491932,0.994825487012987,0.9842509920634921,0.9895382395382395,19.72054619134364,4.775556316904375,0.20099431818181818,142.23059925006964
bus_0553-l,,,,,,,456,320,"[[105, 78, 201, 147]]",0.9412115786332438,0.8889515219842165,0.9026903262736119,0.9831670822942643,0.9963857470873374,0.9897764146908008,4.123105625617661,2.0018707190560003,0.08915211970074813,142.429925000215
bus_0553-r,,,,,,,456,321,"[[139, 78, 250, 151]]",0.9561603650586702,0.9160031225604996,0.9702331734744502,0.9424899598393575,0.9987156709548987,0.970602815397128,4.123105625617661,1.6362383663548037,-0.02859437751004016,142.429925000215
bus_0554-l,,,,,,,434,322,"[[111, 43, 191, 97]]",0.921619293712317,0.854632587859425,0.8631352514116698,0.9886048660301817,0.9962710895890873,0.9924379778096345,6.17947964631363,2.2806364343551118,0.14536495226362797,142.429925000215
bus_0554-r,,,,,,,434,322,"[[60, 48, 167, 105]]",0.949452401010952,0.9037690457097033,0.9352697095435685,0.9640718562874252,0.9976901208244492,0.9808809885559372,5.0,1.6652813603266203,0.030795551753635585,142.429925000215
bus_0555-l,,,,,,,431,324,"[[94, 56, 258, 148]]",0.8894099912063984,0.8008445818565719,0.8144171779141104,0.9796144267134028,0.9812116177418228,0.9804130222276128,26.267721717542123,5.8564305201964855,0.20284106632229498,142.59619400036172
bus_0555-r,,,,,,,431,320,"[[92, 49, 271, 163]]",0.9185615469866626,0.8493886493745141,0.8570206089995008,0.9896245059288538,0.9840589619641267,0.9868417339464902,16.1245154965971,4.294792544750123,0.15472661396574441,142.59619400036172
bus_0556-l,,,,,,,431,316,"[[68, 52, 201, 124]]",0.9646516045864713,0.9317169069462647,0.948625567120363,0.9812284334023464,0.9970143697993812,0.9891214016008638,4.524922359499634,1.424622054619465,0.03436853002070393,142.59619400036172
bus_0556-r,,,,,,,431,320,"[[61, 54, 186, 119]]",0.9567263255188639,0.9170425257731959,0.9531223840616105,0.960357624831309,0.9978786593126856,0.9791181420719973,5.0,1.5478303326873857,0.0075910931174089065,142.59619400036172
bus_0557-l,,,,,,,433,317,"[[88, 44, 149, 78]]",0.8020188116540491,0.6694752968211414,0.6694752968211414,1.0,0.9936316072996687,0.9968158036498344,11.236288813749798,4.570498259048083,0.4937070938215103,141.98090824993415
bus_0557-r,,,,,,,433,320,"[[32, 44, 110, 82]]",0.8944944944944945,0.8091271278522274,0.8117732558139535,0.9959875167186804,0.9962000337448741,0.9960937752317772,6.155300367309771,2.465798769567118,0.22692822113241196,141.98090824993415
bus_0558-l,,,,,,,461,322,"[[70, 193, 170, 248]]",0.9351937984496124,0.8782760629004077,0.8787878787878788,0.9993373094764745,0.9956641072855505,0.9975007083810126,4.551315561749631,2.1405227676925875,0.13717693836978131,141.98090824993415
bus_0558-r,,,,,,,461,316,"[[157, 180, 239, 232]]",0.9143246930422919,0.8421713998492083,0.8449319213313162,0.9961355529131986,0.9956785091910731,0.9959070310521358,5.830951894845301,2.592545834485162,0.1789536266349584,141.98090824993415
bus_0559-l,,,,,,,419,319,"[[84, 69, 250, 181]]",0.9613601236476044,0.9255952380952381,0.9947452593100297,0.9301431318094424,0.999423163737899,0.9647831477736707,6.4031242374328485,2.1682071153794182,-0.06494338816492203,142.11671199973352
bus_0559-r,,,,,,,419,320,"[[142, 67, 255, 176]]",0.9503822669198009,0.9054556120453656,0.9083864639529181,0.9964493221433183,0.9925151859984294,0.9944822540708738,7.0710678118654755,2.460788447444679,0.09694426511727997,142.11671199973352
bus_0560-l,,,,,,,453,322,"[[73, 46, 247, 166]]",0.976512,0.9541020510255127,0.9720328725234121,0.9810325982125635,0.9966311879858495,0.9888318930992065,3.605551275463989,1.4590864779219952,0.009258663923358838,142.11671199973352
bus_0560-r,,,,,,,453,323,"[[61, 37, 199, 166]]",0.9634214549386629,0.9294244604316547,0.9508353573268565,0.9763452237001209,0.9949807268929347,0.9856629752965278,6.0,2.1868811994907382,0.026828899637243046,142.11671199973352
bus_0561-l,,,,,,,426,319,"[[134, 107, 204, 166]]",0.9078319741498692,0.8312200619892928,0.8491652274035694,0.9752066115702479,0.9960562659461575,0.9856314387582027,7.056854249492377,2.7218222414962066,0.1484297520661157,141.22471524933644
bus_0561-r,,,,,,,426,320,"[[139, 106, 229, 164]]",0.9075547936818905,0.8307554360008966,0.8350608382154123,0.9938321265754894,0.994479263298414,0.9941556949369517,8.06225774829855,2.960478501534313,0.19013140252078306,141.22471524933644
bus_0562-l,,,,,,,435,318,"[[25, 26, 281, 209]]",0.9663064380704748,0.9348093803222848,0.9353730795448587,0.9993557422969188,0.9759816817694631,0.987668712033191,6.708203932499369,3.2860281992397935,0.06840336134453781,141.22471524933644
bus_0562-r,,,,,,,435,321,"[[45, 21, 279, 203]]",0.9484370978351017,0.9019309219472396,0.9053286743830531,0.9958561047384541,0.9673854776974222,0.9816207912179382,15.187086094139996,5.065630450982575,0.09999399435469342,141.22471524933644
bus_0563-l,,,,,,,436,321,"[[12, 54, 314, 282]]",0.9657180248271676,0.9337086481332062,0.9807762689010883,0.9511151791384914,0.9884520145333364,0.9697835968359139,7.810249675906654,4.011388422453301,-0.030242462733963464,146.01522799966915
bus_0563-r,,,,,,,436,324,"[[29, 38, 305, 275]]",0.9610797658846858,0.925075606697647,0.9294634254798785,0.9949227504412844,0.9580925332716885,0.9765076418564864,15.0,4.635573608236325,0.07042700462109042,146.01522799966915
bus_0564-l,,,,,,,430,321,"[[142, 180, 265, 250]]",0.9675579322638146,0.9371546961325967,0.9598245862215307,0.9754169062679701,0.9978332850145719,0.986625095641271,3.1622776601683795,1.3321695713807558,0.016244968372627948,146.01522799966915
bus_0564-r,,,,,,,430,325,"[[143, 176, 249, 249]]",0.9329202168861348,0.874274099883856,0.876820034944671,0.9966898378020523,0.9936727794896342,0.9951813086458432,5.656854249492381,2.6986294742279013,0.13670969877523997,146.01522799966915
bus_0565-l,,,,,,,433,323,"[[61, 87, 220, 179]]",0.8834489680150107,0.7912302641863374,0.8099047923833906,0.9716836244960645,0.9816441467541196,0.976663885625092,21.936269439589076,6.142387664293469,0.19975043194471107,141.53859475027275
bus_0565-r,,,,,,,433,322,"[[25, 87, 194, 175]]",0.967098121085595,0.9362923437626324,0.9725394692643601,0.9617173227038698,0.9974329586133266,0.9795751406585982,4.0,1.6935165614166785,-0.01112771964789902,141.53859475027275
bus_0566-l,,,,,,,432,323,"[[69, 72, 215, 160]]",0.9132635374055328,0.8403725915528901,0.9802053877065039,0.8548805815160956,0.9989911402390922,0.9269358608775939,8.108246124032743,2.908777607766952,-0.12785565939771548,141.53859475027275
bus_0566-r,,,,,,,432,323,"[[60, 53, 212, 163]]",0.9522259454284346,0.9088084795321637,0.9749068810037248,0.9305763473053892,0.9980131627964733,0.9642947550509313,5.0,2.13139960231803,-0.045471556886227546,141.53859475027275
bus_0567-l,,,,,,,434,320,"[[29, 58, 260, 170]]",0.9280851523665442,0.865819849790816,0.9878651943869335,0.8751273690646015,0.9982306376412974,0.9366790033529495,18.410553707220778,4.563005243650863,-0.11412268188302425,146.22009100003197
bus_0567-r,,,,,,,434,323,"[[46, 54, 263, 156]]",0.9553392150897475,0.9144970586522221,0.9151900209839123,0.9991727122311315,0.9883102484172639,0.9937414803241977,7.211102550927978,2.5912190351891287,0.09176530482372407,146.22009100003197
bus_0568-l,,,,,,,433,323,"[[80, 87, 251, 216]]",0.9547289977348085,0.9133793969849247,0.9692061587682463,0.940677966101695,0.9962862034871103,0.9684820847944027,7.211102550927978,2.489830908157504,-0.029434596972441454,146.22009100003197
bus_0568-r,,,,,,,433,322,"[[107, 87, 253, 206]]",0.9481596919833157,0.901429318459125,0.9204413989498976,0.9775992438563327,0.9930614842525185,0.9853303640544255,6.264107122827124,2.539948936711572,0.062098298676748584,146.22009100003197
bus_0569-l,,,,,,,433,321,"[[105, 128, 185, 185]]",0.9617775426530882,0.9263694267515924,0.9431906614785992,0.9811117107393416,0.9983812191858789,0.9897464649626102,3.605551275463989,1.1908767075892355,0.04020507285483001,141.9911934999618
bus_0569-r,,,,,,,433,324,"[[91, 127, 198, 186]]",0.958442374123312,0.9202010050251256,0.9321930360415394,0.986212839293408,0.997545152967195,0.9918789961303015,3.0,1.3437783031163222,0.05794915984489444,141.9911934999618
bus_0570-l,,,,,,,454,319,"[[36, 98, 236, 227]]",0.9563690094510581,0.9163861729978094,0.9912731896202971,0.9238392760960896,0.9988040551243466,0.9613216656102181,8.024903099319411,2.862102634635207,-0.06802757729182377,141.9911934999618
bus_0570-r,,,,,,,454,321,"[[35, 114, 196, 219]]",0.9722936510810909,0.9460811953763744,0.9850297204080135,0.9598827231121282,0.9984516129032258,0.979167168007677,4.0,1.6432052649885796,-0.025529176201373,141.9911934999618
bus_0571-l,,,,,,,435,322,"[[36, 31, 200, 127]]",0.954367666232073,0.912718204488778,0.9907760176458793,0.9205402887750349,0.9992886689604515,0.9599144788677432,7.810249675906654,2.164692449094934,-0.07088961341406613,145.09431724945898
bus_0571-r,,,,,,,435,321,"[[74, 30, 230, 122]]",0.9506977642570863,0.906028531983433,0.9331690207602616,0.9688976377952756,0.9945549333848234,0.9817262855900495,6.0,2.3473127248917183,0.03828740157480315,145.09431724945898
bus_0572-l,,,,,,,431,323,"[[173, 196, 230, 239]]",0.9169764560099133,0.8466819221967964,0.848234754699679,0.9978425026968716,0.9975902561899839,0.9977163794434277,4.242640687119285,1.863625746719366,0.17637540453074432,145.09431724945898
bus_0572-r,,,,,,,431,321,"[[144, 209, 217, 260]]",0.9424847958297133,0.8912257640486362,0.9689174705251876,0.9174560216508796,0.9993574356512427,0.9584067286510611,4.0,1.59437593396627,-0.05311231393775372,145.09431724945898
bus_0573-l,,,,,,,434,323,"[[85, 17, 240, 117]]",0.9672385653437363,0.9365556583410423,0.989251689601824,0.946183800623053,0.9989634213378147,0.9725736109804338,4.3344387942713976,1.8291255627832934,-0.04353582554517134,142.12324749951222
bus_0573-r,,,,,,,434,322,"[[91, 17, 234, 118]]",0.9634809634809635,0.9295352323838081,0.9346239289114566,0.9941767237741581,0.9935574163988773,0.9938670700865178,6.8978713763747725,2.0132512745665823,0.06371845725377669,142.12324749951222
bus_0574-l,,,,,,,435,319,"[[33, 111, 237, 244]]",0.9743748868719778,0.9500302541347317,0.9582443291628522,0.9910578086371048,0.9931442791054996,0.9921010438713023,5.256399425040717,1.7830936897330947,0.03424333280732208,142.12324749951222
bus_0574-r,,,,,,,435,322,"[[113, 110, 249, 239]]",0.9492862097922523,0.9034679268885955,0.9257940464321321,0.9740016483104817,0.9917773411298659,0.9828894947201738,9.219544457292887,3.0046240021486628,0.052071626582752675,142.12324749951222
bus_0575-l,,,,,,,452,321,"[[138, 145, 256, 224]]",0.9429721569942973,0.8920977467470644,0.9278758871100842,0.9585677749360614,0.996861240994922,0.9777145079654916,5.01980390271855,1.998692383397422,0.03307757885763001,142.3540107498411
bus_0575-r,,,,,,,452,321,"[[148, 155, 245, 228]]",0.9124950729207726,0.8390721275824574,0.8481406851071625,0.9874173597782043,0.9940955677585237,0.990756463768364,12.863961030678928,3.034110483821103,0.16421411814885903,142.3540107498411
bus_0576-l,,,,,,,452,321,"[[148, 115, 226, 207]]",0.9264137862731504,0.8629151291512915,0.9230313795145056,0.9298210735586481,0.9972155188416558,0.963518296200152,5.0,2.440030129744161,0.007355864811133201,142.3540107498411
bus_0576-r,,,,,,,452,320,"[[82, 90, 178, 194]]",0.9233349305222808,0.8575878949710726,0.9549058473736373,0.8937847866419295,0.9980242017195958,0.9459044941807626,7.0,2.742924242721028,-0.0640074211502783,142.3540107498411
bus_0577-l,,,,,,,435,322,"[[71, 102, 185, 241]]",0.8617203469421579,0.7570374684527277,0.7799,0.9627206517713862,0.9833218407353242,0.9730212462533552,21.16585158710448,5.640106374721474,0.23441550425873348,142.08534650060756
bus_0577-r,,,,,,,435,319,"[[107, 106, 201, 243]]",0.9386059393752885,0.8843142939982603,0.9027229676400947,0.977459673111847,0.9923804519180242,0.9849200625149356,7.255957320857128,2.662709477806295,0.08279030018160453,142.08534650060756
bus_0578-l,,,,,,,432,322,"[[73, 22, 209, 117]]",0.9503639351960554,0.9054223335719399,0.9081037422597146,0.9967494089834515,0.9920590607357777,0.9944042348596146,11.313708498984761,2.5416514087055315,0.09761623325453113,142.08534650060756
bus_0578-r,,,,,,,432,323,"[[68, 15, 235, 112]]",0.9384043952642576,0.8839565566003353,0.8873198214677691,0.9957303555300107,0.9879080066270405,0.9918191810785255,17.0,3.3444909123147606,0.12217751867969455,142.08534650060756
bus_0579-l,,,,,,,435,323,"[[43, 39, 277, 195]]",0.9633768306944109,0.9293414031443613,0.9366202266657042,0.991707112011312,0.9846420262729801,0.9881745691421461,11.180339887498949,2.8788332669885435,0.058814537394428094,142.03342199925828
bus_0579-r,,,,,,,435,322,"[[55, 37, 282, 190]]",0.9709281961471103,0.943498978897209,0.9584282460136674,0.9837585069516931,0.9911986841085438,0.9874785955301184,5.830951894845301,2.170878541164356,0.026428959124879962,142.03342199925828
bus_0580-l,,,,,,,460,323,"[[54, 52, 285, 162]]",0.969385129920247,0.9405891163255118,0.9777362603144948,0.961175450232131,0.9966738771427907,0.9789246636874609,5.0,1.9536670898831798,-0.016937911331054538,142.03342199925828
bus_0580-r,,,,,,,460,318,"[[46, 47, 261, 156]]",0.9747166003917146,0.9506801736613604,0.9683943628751696,0.9811219308202401,0.9958623138620205,0.9884921223411303,3.605551275463989,1.5086778163853456,0.013142959555529004,142.03342199925828
bus_0581-l,,,,,,,433,324,"[[32, 73, 262, 318]]",0.92224592773206,0.8557109190887667,0.9209049100500474,0.9235908566777453,0.9788910347815101,0.9512409457296277,12.041594578792296,5.045223915564044,0.0029166384046666214,142.85536275019695
bus_0581-r,,,,,,,433,323,"[[56, 89, 292, 267]]",0.8790595343644304,0.7842160768689946,0.8277162822336281,0.9371936703542921,0.9499348578103239,0.9435642640823081,30.886890422961002,8.582048993263573,0.13226438874107269,142.85536275019695
bus_0582-l,,,,,,,432,323,"[[88, 182, 172, 251]]",0.9394211352927978,0.8857626401523164,0.890282798213906,0.9943006411778675,0.9961869573249584,0.9952437992514129,7.0710678118654755,1.993067429439867,0.11683685585371646,142.85536275019695
bus_0582-r,,,,,,,432,321,"[[88, 178, 174, 254]]",0.9409672040022234,0.8885156414024774,0.9081545064377683,0.976239907727797,0.9968139827448879,0.9865269452363424,5.0,1.951507918989603,0.07497116493656286,142.85536275019695
bus_0583-l,,,,,,,399,272,"[[106, 13, 172, 68]]",0.9372248491765857,0.8818656029456888,0.8853974121996303,0.9954970557672325,0.996478639922,0.9959878478446162,4.47213595499958,1.76095004388614,0.12435053688950468,142.03730000008363
bus_0583-r,,,,,,,399,271,"[[103, 19, 169, 75]]",0.8671826625386997,0.7655097021044001,0.7659283565764288,0.9992864787727435,0.9918728519074113,0.9955796653400774,10.198039027185569,3.9592143706138727,0.30467356403853013,142.03730000008363
bus_0584-l,,,,,,,398,270,"[[46, 139, 158, 237]]",0.9210021905805038,0.8535718817408958,0.9942358853088974,0.8578168834480999,0.9996085044871409,0.9287126939676205,8.584828810525094,3.348110986994327,-0.13720989543483805,142.03730000008363
bus_0584-r,,,,,,,398,270,"[[95, 141, 201, 227]]",0.9269012318359519,0.863761341765191,0.993831066118317,0.868417415342087,0.9996108755300573,0.9340141454360722,7.0710678118654755,3.002806428841822,-0.1261921216309606,142.03730000008363
bus_0585-l,,,,,,,459,322,"[[76, 33, 219, 119]]",0.9195587506197322,0.85109556039922,0.9000363945165595,0.9399467882934246,0.9941102891247632,0.9670285387090939,8.54400374531753,2.863778469509476,0.04434308881287217,142.93332175020623
bus_0585-r,,,,,,,459,322,"[[25, 25, 162, 119]]",0.9196433843065478,0.8512405727401902,0.9946360153256705,0.8551663555506753,0.9996971685257154,0.9274317620381953,8.602325267042627,3.314629063430788,-0.1402218074009004,142.93332175020623
bus_0586-l,,,,,,,431,322,"[[58, 54, 201, 112]]",0.9633450566627589,0.9292822677925211,0.9319522153334342,0.9969265609835005,0.996606334841629,0.9967664479125647,3.0,1.3153233613445914,0.06971853769006794,142.93332175020623
bus_0586-r,,,,,,,431,323,"[[63, 64, 209, 131]]",0.96302761028245,0.9286916602907421,0.96302761028245,0.96302761028245,0.9982469472052727,0.9806372787438613,4.123105625617661,1.2885723748683267,0.0,142.93332175020623
bus_0587-l,,,,,,,431,320,"[[66, 89, 160, 136]]",0.9608695652173913,0.9246861924686193,0.9561186650185414,0.9656679151061174,0.9989459306986549,0.9823069229023862,2.23606797749979,1.0240797168733806,0.009987515605493134,141.86154424987762
bus_0587-r,,,,,,,431,326,"[[87, 83, 166, 126]]",0.920645266416816,0.8529589371980676,0.8581409477521263,0.9929701230228472,0.9966076085456302,0.9947888657842388,5.830951894845301,2.115367532170207,0.15711775043936732,141.86154424987762
bus_0588-l,,,,,,,396,270,"[[67, 109, 187, 205]]",0.8938846320659245,0.8081296562540844,0.8257211538461539,0.9743145288370627,0.9870244794877404,0.9806695041624016,14.662521419397219,4.052479206007234,0.17995587771824773,141.86154424987762
bus_0588-r,,,,,,,396,271,"[[71, 105, 198, 213]]",0.8520777518098387,0.7422782798689046,0.7671935947444056,0.9580822971413921,0.9772094659096618,0.967645881525527,23.706539182259394,6.281133710386196,0.2488142545827458,141.86154424987762
bus_0589-l,,,,,,,433,319,"[[86, 29, 174, 91]]",0.9617536248430186,0.9263250494831757,0.9401785714285714,0.9843421360130872,0.9979977287669596,0.9911699323900234,3.0,1.245941410264267,0.04697359196073849,141.90306324962876
bus_0589-r,,,,,,,433,323,"[[151, 30, 240, 97]]",0.9516214779372674,0.907707910750507,0.9114052953156823,0.9955506117908788,0.9967864424810141,0.9961685271359464,4.049242250247062,1.6628143828705066,0.09232480533926585,141.90306324962876
bus_0590-l,,,,,,,455,322,"[[40, 152, 243, 263]]",0.9435816549381218,0.8931893878488573,0.9538820066233288,0.9335013803865082,0.9942086131476804,0.9638549967670943,8.54400374531753,3.4811956433576117,-0.021365982475093026,141.90306324962876
bus_0590-r,,,,,,,455,320,"[[41, 159, 258, 273]]",0.9342900699153656,0.876683273319193,0.9030078244080886,0.9678174689610106,0.984996384671005,0.9764069268160078,11.676882432050757,4.283348184528714,0.07177085602265301,141.90306324962876
bus_0591-l,,,,,,,437,321,"[[21, 47, 221, 140]]",0.9735854503464203,0.9485304457882154,0.9844559585492227,0.9629523877507317,0.9983131117939621,0.9806327497723468,4.47213595499958,1.4525582406308193,-0.02184310086373046,141.8712817494452
bus_0591-r,,,,,,,437,321,"[[72, 54, 265, 158]]",0.9672190201729106,0.9365190094175095,0.9894604952830188,0.9459554678692221,0.9988658444700004,0.9724106561696113,5.074264635194588,1.8009649300476303,-0.043968432919954906,141.8712817494452
bus_0592-l,,,,,,,438,320,"[[74, 62, 185, 120]]",0.9631802549059276,0.9289756097560976,0.9554485249849488,0.9710381399143382,0.9983586801422477,0.984698410028293,3.0,1.2409449464967894,0.016316540893330615,141.8712817494452
bus_0592-r,,,,,,,438,320,"[[86, 68, 204, 121]]",0.9626998223801065,0.928082191780822,0.9393414211438474,0.9872495446265938,0.9976704457213853,0.9924599951739895,3.0,1.2114732711848217,0.051001821493624776,141.8712817494452
bus_0593-l,,,,,,,433,323,"[[53, 82, 260, 240]]",0.9659345889712382,0.9341136244082062,0.9810321808388196,0.9512946428571428,0.996492393090355,0.9738935179737489,6.324555320336759,2.3486808569329995,-0.0303125,143.66481575052603
bus_0593-r,,,,,,,433,323,"[[43, 72, 285, 244]]",0.9607130635988854,0.9243963624960803,0.9637754601628142,0.9576700669222272,0.9898420381932029,0.9737560525577151,11.038556864609168,3.2979544423963487,-0.006334871028523163,143.66481575052603
bus_0594-l,,,,,,,399,272,"[[30, 90, 151, 208]]",0.9394215210355987,0.8857633260226948,0.9139118457300276,0.9663961714523512,0.9911541105584536,0.9787751410054024,9.211336491335102,2.755126810577042,0.05742821473158552,143.66481575052603
bus_0594-r,,,,,,,399,271,"[[42, 83, 176, 203]]",0.9373471307619944,0.8820821529745042,0.9946097025354362,0.886319160291763,0.9994426496846842,0.9428809049882236,7.0,3.0111922961690687,-0.1088774239459171,143.66481575052603
bus_0595-l,,,,,,,452,321,"[[107, 99, 233, 174]]",0.9677278990499674,0.9374736546297597,0.9668164034197942,0.9686411149825784,0.9983430291453214,0.98349207206395,3.0,1.2810304362847849,0.0018873403019744484,141.45606925012544
bus_0595-r,,,,,,,452,320,"[[29, 101, 200, 171]]",0.9721771137815308,0.9458605435011587,0.9704960553334053,0.973864006073094,0.9979840347366322,0.9859240204048632,2.8284271247461903,1.1949237206354386,0.0034703394425767272,141.45606925012544
bus_0596-l,,,,,,,398,270,"[[64, 106, 236, 227]]",0.9527164715228128,0.9097025262185872,0.998407412769654,0.911024506242156,0.999761701021436,0.955393103631796,5.830951894845301,2.6825077712862635,-0.08752229341436026,141.45606925012544
bus_0596-r,,,,,,,398,270,"[[65, 111, 206, 226]]",0.9372214770908147,0.881859631981762,0.9996308260267651,0.88214692946734,0.9999579752474207,0.9410524523573803,6.708203932499369,3.4482737473306515,-0.11752728457403486,141.45606925012544
bus_0597-l,,,,,,,434,319,"[[106, 103, 172, 153]]",0.9292389853137517,0.8678304239401496,0.8923076923076924,0.9693593314763231,0.9978371697821721,0.9835982506292476,4.123105625617661,1.850370468931142,0.08635097493036212,141.62903775013547
bus_0597-r,,,,,,,434,320,"[[126, 96, 189, 144]]",0.9075907590759076,0.8308157099697885,0.8368200836820083,0.9914375844975214,0.9968608454496893,0.9941492149736053,5.385164807134504,2.333009622657334,0.18476791347453808,141.62903775013547
bus_0598-l,,,,,,,452,323,"[[84, 93, 220, 191]]",0.9368334700574241,0.8811728395061729,0.8930402293856982,0.9851432953129493,0.9909193511503877,0.9880313232316684,13.892443989449804,3.3751019880131206,0.10313428544042941,141.62903775013547
bus_0598-r,,,,,,,452,319,"[[87, 81, 214, 188]]",0.9299110595514308,0.8690035233535098,0.8724716553287982,0.9954465486908828,0.9895484110760082,0.9924974798834455,10.0,3.5572366781965448,0.14095001552312947,141.62903775013547
bus_0599-l,,,,,,,433,323,"[[62, 23, 240, 138]]",0.9407822970235312,0.8881859643960571,0.9309892821343203,0.9507835262619104,0.9929616231519346,0.9718725747069226,8.06225774829855,2.819593957897863,0.021261516654854713,140.65172524988157
bus_0599-r,,,,,,,433,324,"[[99, 20, 267, 140]]",0.9310752516376418,0.8710391008011479,0.9121587778612572,0.9507929256672976,0.9887732157575079,0.9697830707124027,12.165525060596439,4.214262536717041,0.04235463029432879,140.65172524988157
bus_0600-l,,,,,,,454,320,"[[80, 75, 265, 225]]",0.9727847156574954,0.947011527656689,0.9765745966734928,0.9690241363929226,0.9962510891025794,0.982637612747751,5.385164807134504,1.882598746469929,-0.00773157555632651,140.65172524988157
bus_0600-r,,,,,,,454,318,"[[81, 70, 206, 232]]",0.960752688172043,0.9244697361614072,0.987361005594309,0.9355408677442576,0.9985823953645103,0.967061631554384,5.830951894845301,2.327516282067183,-0.05248347621228977,140.65172524988157
bus_0601-l,,,,,,,453,320,"[[48, 112, 237, 217]]",0.972079502433748,0.9456757645511344,0.971554054054054,0.9726055194805194,0.9967659169124877,0.9846857181965036,4.242640687119285,1.5273753732356956,0.0010822510822510823,141.38617775006423
bus_0601-r,,,,,,,453,319,"[[79, 112, 240, 213]]",0.9591723920082129,0.9215477996965099,0.9353149545664562,0.9842787682333873,0.9936444044277316,0.9889615863305594,6.082762530298219,2.21487906107717,0.052350081037277146,141.38617775006423
bus_0602-l,,,,,,,432,324,"[[54, 51, 289, 163]]",0.9534375432286624,0.9110182933276938,0.9541502851763664,0.9527258653101847,0.9932065440343939,0.9729662046722893,8.0,2.6857842119661712,-0.001492867411257326,141.38617775006423
bus_0602-r,,,,,,,432,322,"[[102, 42, 281, 161]]",0.9499492974069246,0.904669931710009,0.9198344788890448,0.9821027407518347,0.9909105367793241,0.9865066387655794,9.024923312161834,2.5751843153834373,0.06769507263741201,141.38617775006423
bus_0603-l,,,,,,,455,319,"[[84, 51, 230, 118]]",0.9347680791338057,0.877525410967499,0.8802870090634441,0.9964377315474494,0.9931150318185438,0.9947763816829966,5.974642784226799,2.555387318005712,0.13194642348247365,141.38349775021197
bus_0603-r,,,,,,,455,321,"[[82, 52, 235, 113]]",0.9268563497571131,0.863683393688567,0.8691917219836002,0.9927159209157128,0.992786805236564,0.9927513630761384,5.830951894845301,2.712649184936312,0.14211386948119517,141.38349775021197
bus_0604-l,,,,,,,457,321,"[[104, 157, 219, 216]]",0.9616698993257596,0.9261697206902686,0.9460294384880974,0.9778362133734034,0.9978991745241312,0.9878676939487674,3.605551275463989,1.3347668321654407,0.03362133734034561,141.38349775021197
bus_0604-r,,,,,,,457,322,"[[76, 151, 179, 210]]",0.9435820575955465,0.8931901094446696,0.8992042440318302,0.9925675675675676,0.9965385316086719,0.9945530495881197,6.324555320336759,1.8575221006149027,0.10382882882882882,141.38349775021197
bus_0605-l,,,,,,,433,323,"[[25, 7, 288, 175]]",0.9487084545534691,0.9024218435529318,0.9800728597449909,0.919289253374338,0.9950539812286381,0.957171617301488,11.518821543406041,4.001099957503378,-0.06201947719118401,141.19250049952825
bus_0605-r,,,,,,,433,322,"[[9, 6, 256, 165]]",0.9495574673516123,0.9039594626443554,0.9589549129094092,0.9403424181751318,0.9914312806103364,0.9658868493927341,13.939130035606492,3.8023451181236716,-0.01940914477178932,141.19250049952825
bus_0606-l,,,,,,,429,323,"[[21, 16, 279, 166]]",0.9381278787219381,0.8834659653676696,0.9986487529920469,0.8845233210231158,0.9996798477904923,0.9421015844068041,22.422018678583377,4.991998612150765,-0.11427985227739024,141.19250049952825
bus_0606-r,,,,,,,429,320,"[[51, 19, 285, 166]]",0.9408987141714308,0.8883935151068534,0.9476476830562434,0.9342451952882826,0.9880508109659825,0.9611480031271326,16.1245154965971,4.739898278333003,-0.014142901425914445,141.19250049952825
bus_0607-l,,,,,,,435,322,"[[131, 64, 193, 123]]",0.9309859154929577,0.8708827404479579,0.8816272090696899,0.9861991794106677,0.9974160959028743,0.991807637656771,4.47213595499958,1.8723804539562385,0.1186124580380455,142.3434342505061
bus_0607-r,,,,,,,435,319,"[[114, 70, 169, 128]]",0.9301351608604607,0.8693950177935943,0.875,0.9926859000406338,0.9974395468951754,0.9950627234679046,3.0,1.7972805125842248,0.13449817147501017,142.3434342505061
bus_0608-l,,,,,,,431,319,"[[98, 52, 203, 119]]",0.9392769392769392,0.885506287227002,0.8958821560093739,0.9870896348210992,0.99529026933299,0.9911899520770446,7.031980515339459,2.2417349413812246,0.1018074511250461,142.3434342505061
bus_0608-r,,,,,,,431,321,"[[64, 50, 202, 112]]",0.9353381335592263,0.8785306988463069,0.8802816901408451,0.9977409638554217,0.9931592653612834,0.9954501146083525,5.0,2.483994794411548,0.13343373493975905,142.3434342505061
bus_0609-l,,,,,,,431,323,"[[98, 64, 270, 188]]",0.9195385076415943,0.8510608792123145,0.9251526343559207,0.9139921066348946,0.9921055142148445,0.9530488104248696,12.107789699695129,4.376637625641027,-0.012063444783677118,142.3908737497186
bus_0609-r,,,,,,,431,324,"[[81, 63, 255, 183]]",0.8741775408932182,0.776479038788037,0.8897785094283148,0.8591142258507334,0.988291217220575,0.9237027215356541,17.01322386466688,6.784704984947777,-0.03446282783035908,142.3908737497186
bus_0610-l,,,,,,,398,269,"[[48, 72, 198, 178]]",0.8947621335896204,0.8095652173913044,0.8618375376070354,0.9303022732950287,0.9879462122435794,0.9591242427693041,17.0,3.871989537975221,0.07944041968523607,142.3908737497186
bus_0610-r,,,,,,,398,270,"[[66, 70, 202, 197]]",0.9260268542833078,0.8622439564495294,0.9144730404149134,0.9378763548775592,0.9910355296627554,0.9644559422701573,8.056031973468693,2.8902299812936674,0.025592131674026495,142.3908737497186
bus_0611-l,,,,,,,398,270,"[[103, 65, 169, 144]]",0.9070535842551357,0.8299158780231335,0.8569489685124865,0.9633811412877632,0.9949415931581927,0.979161367222978,6.708203932499369,2.6679863971728968,0.12419896246566982,142.88026800022635
bus_0611-r,,,,,,,398,270,"[[110, 63, 196, 134]]",0.8782780801583374,0.7829730921923247,0.7979321195774332,0.9766162310866575,0.9913411991331568,0.9839787151099071,17.0,3.5476526123641263,0.22393397524071526,142.88026800022635
bus_0612-l,,,,,,,433,320,"[[93, 56, 184, 100]]",0.9236306729264476,0.8580982843849957,0.8595980192251675,0.9979709164693946,0.9964455063678532,0.9972082114186239,4.0,2.0046828643004164,0.16097396009469056,142.88026800022635
bus_0612-r,,,,,,,433,321,"[[149, 56, 237, 101]]",0.9199077632590316,0.851693709080558,0.8573065902578797,0.9923714759535655,0.9963376428539911,0.9943545594037783,4.47213595499958,2.1608465261790206,0.15754560530679934,142.88026800022635
bus_0613-l,,,,,,,432,322,"[[97, 104, 155, 140]]",0.9133858267716536,0.8405797101449275,0.8483206933911159,0.9892608970309539,0.9979639473244086,0.9936124221776812,5.656854249492381,1.7952742652952616,0.16614024005053696,142.63668224975845
bus_0613-r,,,,,,,432,322,"[[142, 111, 205, 143]]",0.9026063100137174,0.8225,0.8258032128514057,0.9951603145795523,0.9974754639835287,0.9963178892815405,5.0,1.965277062443056,0.20508166969147004,142.63668224975845
bus_0614-l,,,,,,,434,322,"[[83, 28, 209, 120]]",0.9667279719110516,0.9355987055016182,0.938941214680091,0.996209510682288,0.995696036385281,0.9959527735337845,4.0,1.5570987786735846,0.060992419021364576,142.63668224975845
bus_0614-r,,,,,,,434,322,"[[86, 35, 204, 120]]",0.9318714747449142,0.872433843597959,0.909450766947056,0.9554256010396361,0.994456771144919,0.9749411860922776,9.541136703698776,2.9980892238859926,0.05055230669265757,142.63668224975845
bus_0615-l,,,,,,,435,322,"[[125, 92, 212, 136]]",0.9011715229798738,0.8201202843083653,0.8228195282501372,0.9960159362549801,0.9952866669585139,0.995651301606747,9.0,2.692041092490899,0.2104913678618858,142.49236100022244
bus_0615-r,,,,,,,435,324,"[[99, 83, 260, 136]]",0.9508793208004851,0.9063583815028902,0.955806156659555,0.9460030165912519,0.9978408160226342,0.971921916306943,4.47213595499958,1.6477489271378425,-0.010256410256410256,142.49236100022244
bus_0616-l,,,,,,,395,271,"[[59, 41, 211, 174]]",0.9627597515214581,0.9281935915364504,0.9795316008982996,0.9465525793650794,0.9964913052564427,0.971521942310761,5.385164807134504,2.3314444693922187,-0.03366815476190476,142.49236100022244
bus_0616-r,,,,,,,395,270,"[[49, 35, 197, 162]]",0.9694992197474819,0.9408039647577092,0.9753104038818324,0.9637568749118601,0.9962581649868062,0.9800075199493332,4.47213595499958,1.823379339900714,-0.011846001974333662,142.49236100022244
bus_0617-l,,,,,,,457,318,"[[113, 119, 193, 183]]",0.9481662591687041,0.901441190144119,0.9180871212121212,0.9802831142568251,0.9975525217514324,0.9889178180041287,4.0,1.683872943712321,0.06774519716885744,141.70364199981123
bus_0617-r,,,,,,,457,321,"[[123, 116, 217, 187]]",0.934211801182056,0.8765454545454545,0.880065717415115,0.9954573611397893,0.9953684774486444,0.9954129192942169,5.0,2.4034093867030393,0.1311170761924427,141.70364199981123
bus_0618-l,,,,,,,397,271,"[[97, 137, 146, 203]]",0.9074613488684741,0.8305988515176375,0.8815846756639094,0.9349030470914127,0.9974198689065746,0.9661614579989937,4.242640687119285,2.078144840258722,0.060480147737765465,141.70364199981123
bus_0618-r,,,,,,,397,270,"[[81, 130, 124, 190]]",0.8714324544713238,0.7721579961464354,0.7789115646258503,0.9888957433682912,0.9956900226392218,0.9922928830037565,6.0,2.588394936269286,0.26958667489204197,141.70364199981123
bus_0619-l,,,,,,,459,321,"[[63, 79, 283, 231]]",0.9464289517967069,0.8983057700861268,1.0,0.8983057700861268,1.0,0.9491528850430634,9.0,4.124305762326989,-0.10169422991387328,142.35575149996293
bus_0619-r,,,,,,,459,320,"[[15, 80, 290, 268]]",0.9746759536879007,0.9506028432607522,0.980267837812761,0.9691475048923679,0.9944121356502242,0.9817798202712961,7.280109889280518,2.1212405605296967,-0.011344178082191781,142.35575149996293
bus_0620-l,,,,,,,397,268,"[[48, 75, 221, 245]]",0.9529032421865082,0.9100431598855535,0.9290099009900991,0.9780580601448897,0.983556742996709,0.9808074015707994,7.211102550927978,3.0843842580040817,0.052796164069422,142.35575149996293
bus_0620-r,,,,,,,397,268,"[[53, 107, 234, 254]]",0.9554437742865998,0.9146886981924411,0.9295389182670006,0.9828338810142724,0.9823386468543258,0.982586263934299,7.176093866162352,3.0902420105337707,0.05733483741233018,142.35575149996293
bus_0621-l,,,,,,,399,270,"[[112, 66, 216, 146]]",0.9528082132689155,0.9098698302850552,0.922023710135248,0.9857193859335951,0.995427306908977,0.990573346421286,7.67771472925012,1.7792089000044984,0.06908247054623348,141.9490020007288
bus_0621-r,,,,,,,399,269,"[[71, 63, 166, 141]]",0.9508375819373635,0.9062825407844498,0.9132563833508219,0.9916445119635396,0.9951403517366384,0.9933924318500891,3.605551275463989,1.7410894306050968,0.08583364982909229,141.9490020007288
bus_0622-l,,,,,,,436,320,"[[114, 67, 203, 191]]",0.901616412806963,0.820857506721381,0.8373267898383372,0.9765993265993266,0.991563108249738,0.9840812174245324,10.965549442140356,3.3658090630679562,0.16632996632996633,141.9490020007288
bus_0622-r,,,,,,,436,321,"[[46, 55, 159, 165]]",0.9144385026737968,0.8423645320197044,0.8489224867426379,0.9909126827340972,0.9898838799362359,0.9903982813351666,8.449420855788087,3.4906966243266315,0.1672593177927038,141.9490020007288
bus_0623-l,,,,,,,434,318,"[[45, 99, 196, 214]]",0.9535617473225793,0.9112451163580771,0.9506468190678717,0.9564946064009985,0.9956070822981978,0.9760508443495981,6.0,2.219024587306964,0.006151377373629313,144.97101874985674
bus_0623-r,,,,,,,434,322,"[[47, 110, 217, 208]]",0.946621192893401,0.8986522099239516,0.9094026211520878,0.9870162090638439,0.9906859058720311,0.9888510574679374,8.48528137423857,2.7395127883517194,0.08534568309626199,144.97101874985674
bus_0624-l,,,,,,,451,324,"[[69, 75, 227, 167]]",0.9427661422642603,0.8917290487493154,0.9519540005847383,0.9337539432176656,0.9963659951497461,0.9650599691837058,7.615773105863909,2.54731870581016,-0.01911863110601281,144.97101874985674
bus_0624-r,,,,,,,451,323,"[[53, 73, 188, 175]]",0.9381675765487776,0.8835363809098021,0.9814998758380928,0.8984996590134121,0.9989114155251142,0.9487055372692632,7.810249675906654,2.5428094421593537,-0.08456467378949761,144.97101874985674
bus_0625-l,,,,,,,452,325,"[[20, 58, 207, 203]]",0.9585493538352596,0.9203982515784361,0.9464615691954252,0.9709498924070089,0.9915843682780927,0.9812671303425509,9.130194339616962,2.8521514833265473,0.025873552618096117,142.1621277495433
bus_0625-r,,,,,,,452,322,"[[65, 54, 236, 173]]",0.9472596913355207,0.8998037631305552,0.9236876407157246,0.9720663424367129,0.9900545148487329,0.9810604286427229,14.825570472484454,3.4183376434866535,0.052375607931163484,142.1621277495433
bus_0626-l,,,,,,,429,323,"[[68, 106, 155, 186]]",0.8282404451336313,0.7068348123929628,0.718923198733175,0.9767641996557659,0.9867457194274151,0.9817549595415904,20.532871068593955,6.484937416974584,0.3586488812392427,142.1621277495433
bus_0626-r,,,,,,,429,322,"[[81, 102, 163, 169]]",0.9100461027125549,0.8349399960653158,0.8422306013097837,0.9897388059701493,0.9940605155024281,0.9918996607362887,11.35773137498807,3.2344856498304573,0.17513992537313433,142.1621277495433
bus_0627-l,,,,,,,396,270,"[[91, 86, 199, 156]]",0.9557608167233835,0.9152700186219739,0.920067390490453,0.9943354238316812,0.9958127813134334,0.9950741025725574,4.123105625617661,1.4764083155277161,0.0807202103985434,145.86673575013265
bus_0627-r,,,,,,,396,269,"[[120, 81, 196, 150]]",0.9124537607891492,0.8390022675736961,0.8391925606713541,0.9997298027560119,0.9931046555731694,0.9964172291645906,7.810249675906654,2.8349654430281697,0.19129964874358282,145.86673575013265
bus_0628-l,,,,,,,397,271,"[[48, 72, 159, 225]]",0.9256512468712339,0.8615928898093019,0.9224018475750577,0.928923620801935,0.9913257192424462,0.9601246700221906,8.48528137423857,3.2305911502018283,0.007070425155828449,145.86673575013265
bus_0628-r,,,,,,,397,267,"[[89, 85, 221, 227]]",0.9274602492479588,0.8647327510217165,0.9311415997929071,0.9238078931598322,0.991539260798575,0.9576735769792036,10.0,3.4733598933263274,-0.00787603801044431,145.86673575013265
bus_0629-l,,,,,,,451,319,"[[75, 74, 136, 123]]",0.9059089973234506,0.8280015054572827,0.8305020762551907,0.9963768115942029,0.9968304614537523,0.9966036365239777,6.708203932499369,2.4013320254185913,0.19972826086956522,141.66871450015606
bus_0629-r,,,,,,,451,319,"[[116, 74, 182, 116]]",0.903378523778782,0.8237833594976453,0.8244304791830322,0.9990480723465016,0.9968469612324361,0.9979475167894689,5.0,2.286978541545126,0.21180390290337933,141.66871450015606
bus_0630-l,,,,,,,452,328,"[[26, 82, 249, 230]]",0.9527302560142846,0.9097276623197088,0.9705998033431662,0.9355067999810454,0.9952970043962786,0.965401902188662,8.602325267042627,3.2011365489486066,-0.03615599677770933,141.66871450015606
bus_0630-r,,,,,,,452,322,"[[56, 76, 300, 218]]",0.9627159745377387,0.9281122150789012,0.9831512846592668,0.943112883383532,0.9968763066630593,0.9699945950232957,10.0,2.429585573466286,-0.04072455775675561,141.66871450015606
bus_0631-l,,,,,,,453,320,"[[23, 153, 259, 304]]",0.972035176803915,0.9455918674159717,0.9695735153784042,0.9745093699276967,0.9929657536571292,0.9837375617924129,6.4031242374328485,2.303418337293238,0.005090748118636565,146.00522425007512
bus_0631-r,,,,,,,453,323,"[[51, 155, 210, 300]]",0.9625346534653465,0.9277752328599786,0.9344816979390956,0.992324024171158,0.9900117233294256,0.9911678737502918,6.324555320336759,2.612516898736786,0.06189776253470521,146.00522425007512
bus_0632-l,,,,,,,451,321,"[[109, 74, 170, 128]]",0.9319351009101702,0.8725453871804372,0.950363196125908,0.9142080745341615,0.9991349906818102,0.9566715326079859,5.830951894845301,1.7388517665264829,-0.03804347826086957,146.00522425007512
bus_0632-r,,,,,,,451,323,"[[168, 74, 217, 140]]",0.929471032745592,0.8682352941176471,0.8978102189781022,0.9634464751958225,0.9982423714036617,0.9808444232997421,5.914213562373095,1.744108572946061,0.0731070496083551,146.00522425007512
bus_0633-l,,,,,,,434,323,"[[152, 81, 244, 153]]",0.9658194566170026,0.9338983050847458,0.9713530189510797,0.9603485838779956,0.9990412413711723,0.979694912624584,2.8284271247461903,1.1292375321451038,-0.011328976034858388,141.45436549915757
bus_0633-r,,,,,,,434,326,"[[102, 78, 234, 140]]",0.9593386198751477,0.9218547341115434,0.9427955562924888,0.9764726086209857,0.997456896233995,0.9869647524274904,3.2509323832274712,1.4195088087554641,0.035720419027992445,141.45436549915757
bus_0634-l,,,,,,,456,321,"[[120, 43, 193, 102]]",0.7573320133646826,0.6094403505277833,0.6094403505277833,1.0,0.9863169499567389,0.9931584749783695,19.4164878389476,8.079550317266426,0.6408496732026144,141.45436549915757
bus_0634-r,,,,,,,456,324,"[[161, 46, 262, 116]]",0.8860391086857663,0.7953951665578054,0.8007562058194969,0.9916530944625407,0.9915145065531533,0.991583800507847,8.94427190999916,4.2149999560116385,0.2383957654723127,141.45436549915757
bus_0635-l,,,,,,,450,320,"[[53, 75, 172, 135]]",0.9491969273743017,0.9033061970426981,0.9051107041784585,0.9977977610570747,0.9958859914399751,0.9968418762485249,3.605551275463989,1.761522325036566,0.1024041108460268,145.6968237498586
bus_0635-r,,,,,,,450,321,"[[46, 85, 141, 143]]",0.9444383561643835,0.8947259136212624,0.9058229976876182,0.986492673992674,0.996801873188561,0.9916472735906174,5.0,1.8409911642097796,0.08905677655677656,145.6968237498586
bus_0636-l,,,,,,,452,323,"[[92, 129, 227, 199]]",0.9628328532284128,0.9283294946484216,0.9495565410199557,0.9764856776400171,0.9973808992725519,0.9869332884562845,4.0,1.495078651206132,0.028359697876585436,145.6968237498586
bus_0636-r,,,,,,,452,323,"[[89, 122, 237, 192]]",0.9615311968771643,0.9259124530132169,0.9315603269488837,0.9934946656258131,0.9959438941508206,0.9947192798883169,4.0,1.5736426840091744,0.06648451730418943,145.6968237498586
bus_0637-l,,,,,,,434,320,"[[64, 92, 122, 133]]",0.8937007874015748,0.8078291814946619,0.8089086859688196,0.9983507421660253,0.9968700067853,0.9976103744756626,5.830951894845301,2.407891007800505,0.234194612424409,141.50686699940707
bus_0637-r,,,,,,,434,320,"[[136, 78, 199, 128]]",0.8900542495479205,0.8018898664059955,0.8058284217419778,0.9939418416801292,0.9956526201577667,0.9947972309189479,7.0710678118654755,2.967891009871065,0.2334410339256866,141.50686699940707
bus_0638-l,,,,,,,434,324,"[[105, 18, 190, 77]]",0.9249350942544305,0.8603527929441411,0.8632532659081331,0.9961098954534403,0.9952455257393611,0.9956777105964008,5.0,2.5102928534285867,0.1539022611232677,141.50686699940707
bus_0638-r,,,,,,,434,321,"[[67, 14, 142, 76]]",0.9227166276346604,0.8565217391304348,0.8591365023986044,0.9964592817400101,0.9952275413711584,0.9958434115555843,5.656854249492381,2.5984817219192453,0.15983813859382903,141.50686699940707
bus_0639-l,,,,,,,434,324,"[[60, 41, 166, 186]]",0.9013136365761302,0.8203557144072845,0.9971038477451386,0.8223151070545083,0.9997827655497196,0.9110489363021139,12.041594578792296,4.854322637269594,-0.1752964258295658,141.8132485005117
bus_0639-r,,,,,,,434,323,"[[87, 54, 208, 178]]",0.9378140703517588,0.882909520993495,0.9314616755793227,0.9442537043729671,0.994044023111359,0.969148863742163,11.0,3.2587169650707555,0.013733285146367907,141.8132485005117
bus_0640-l,,,,,,,434,323,"[[56, 65, 257, 198]]",0.9698692109155236,0.9415010416080176,0.9684369027624949,0.9713057620817844,0.9955678805523478,0.9834368213170661,4.47213595499958,1.8630943875635868,0.002962360594795539,141.8132485005117
bus_0640-r,,,,,,,434,323,"[[100, 62, 278, 179]]",0.9563151392276744,0.9162872579372306,0.9842843169220737,0.9298915722030557,0.9980556676079064,0.9639736199054811,10.809705194573521,2.68278469831115,-0.05526121241991128,141.8132485005117
bus_0641-l,,,,,,,455,322,"[[64, 146, 208, 261]]",0.9530523326969207,0.9103151594501075,0.9408467040402088,0.9655788116258308,0.9955141502173291,0.98054648092158,7.0,2.390910807560721,0.026287074694970738,143.37620024980424
bus_0641-r,,,,,,,455,321,"[[97, 168, 219, 257]]",0.7540442014126225,0.6051933802688123,0.6102148059371255,0.9865851840810851,0.9696582607322779,0.9781217224066815,36.76955262170047,10.366134154303593,0.6167834252496647,143.37620024980424
bus_0642-l,,,,,,,434,322,"[[100, 146, 232, 201]]",0.940547398948704,0.8877673224978614,0.8892887746358183,0.9980765531833045,0.9951987751674112,0.9966376641753578,4.815247584249841,1.952699688772163,0.12233121754183497,143.37620024980424
bus_0642-r,,,,,,,434,320,"[[109, 150, 235, 205]]",0.9518791710572533,0.9081769436997319,0.9230245231607629,0.9825960841189267,0.9966107795207102,0.9896034318198185,3.472569190875276,1.6473734643833837,0.06453952139231327,143.37620024980424
bus_0643-l,,,,,,,456,322,"[[3, 93, 316, 304]]",0.9539873979602884,0.9120228533576219,0.9980970504281637,0.9136114797611148,0.9991481421385688,0.9563798109498418,14.312563530290111,4.452792938234708,-0.0846466489714665,142.60661349999282
bus_0643-r,,,,,,,456,323,"[[33, 99, 313, 305]]",0.9529737890750687,0.9101718554239652,0.9859923175416133,0.9220950282594118,0.9948167380510177,0.9584558831552148,10.022444029504392,4.553168267539955,-0.06480505795574289,142.60661349999282
bus_0644-l,,,,,,,435,322,"[[49, 113, 211, 254]]",0.9200162954915807,0.8518797937885075,0.8982432880344713,0.9428710597731542,0.9877882878940962,0.9653296738336252,14.866068747318506,3.967044673753043,0.04968339016074038,142.60661349999282
bus_0644-r,,,,,,,435,325,"[[60, 106, 266, 255]]",0.938231780167264,0.8836502756835828,0.9877987421383648,0.8934015927189989,0.9984328930893817,0.9459172429041902,9.219544457292887,3.479831055845946,-0.09556313993174062,142.60661349999282
bus_0645-l,,,,,,,431,320,"[[48, 41, 215, 164]]",0.9085288234224405,0.8323892035988004,0.9322286908493805,0.886004114350571,0.9926669520202224,0.9393355331853968,14.835695041192967,5.036774405513077,-0.049585018088955095,142.8500857500694
bus_0645-r,,,,,,,431,323,"[[66, 7, 264, 166]]",0.878799447886993,0.7838021897427838,0.9880472825728059,0.7913052676115929,0.9984954906279871,0.89490037911979,19.30782557258182,6.642731964605475,-0.19912206473450392,142.8500857500694
bus_0646-l,,,,,,,434,321,"[[81, 142, 149, 190]]",0.7126728760937059,0.5536066652049989,0.5537280701754386,0.9996041171813144,0.9851229640026903,0.9923635405920024,19.10103939533768,8.80152076826892,0.8052256532066508,142.8500857500694
bus_0646-r,,,,,,,434,321,"[[96, 139, 168, 183]]",0.8229648671808055,0.6991846243447875,0.7002041411490231,0.9979218620116376,0.9924913080316708,0.9952065850216543,9.954772721475244,4.815509687104659,0.4251870324189526,142.8500857500694
bus_0647-l,,,,,,,435,320,"[[92, 39, 265, 145]]",0.919094776733045,0.8503009856453,0.8790261916159475,0.9629907102187594,0.9859438070114103,0.9744672586150849,17.68042817213506,4.603371236700495,0.09551992807911297,141.94101199973375
bus_0647-r,,,,,,,435,325,"[[21, 34, 267, 154]]",0.9416750856269867,0.889778812572759,0.9847454133168418,0.9022144577175504,0.9975373556524344,0.9498759066849924,9.848857801796104,3.627135561561033,-0.08380943387317626,141.94101199973375
bus_0648-l,,,,,,,430,320,"[[51, 71, 167, 138]]",0.97168,0.9449198693013848,0.9658078880407125,0.9776239536381197,0.9983636252930252,0.9879937894655725,3.0,1.1110359440598228,0.012234385061171926,141.94101199973375
bus_0648-r,,,,,,,430,320,"[[48, 64, 176, 148]]",0.9514353001082044,0.9073691878110963,0.9350681846615789,0.9683855921223115,0.9960040652284381,0.9821948286753748,5.0,2.0699970367051796,0.035630992485099766,141.94101199973375
bus_0649-l,,,,,,,432,323,"[[119, 130, 220, 238]]",0.8627976190476191,0.7587019104946349,0.9228075759987268,0.8101159703786502,0.9963362769019255,0.9032261236402879,19.235384061671343,5.224460157677143,-0.12211820595221462,142.77733800008718
bus_0649-r,,,,,,,432,325,"[[76, 118, 202, 209]]",0.9528217909916326,0.9098945936756205,0.9774747351759406,0.9293818013429035,0.9985959533097555,0.9639888773263294,5.385164807134504,2.052337326712202,-0.04920120398240333,142.77733800008718
bus_0650-l,,,,,,,452,325,"[[153, 76, 225, 181]]",0.9155636695572797,0.8442760942760943,0.9071997105643994,0.9240832872673669,0.996373866391467,0.960228576829417,7.914612354157986,2.753582113321515,0.01861065045144647,142.77733800008718
bus_0650-r,,,,,,,452,324,"[[92, 73, 208, 207]]",0.9469349555451567,0.8992179168147885,0.9476444694202492,0.946226503319929,0.9958822879451954,0.9710543956325621,6.082762530298219,2.4976169210707937,-0.0014963059945758907,142.77733800008718
bus_0651-l,,,,,,,449,323,"[[71, 29, 224, 124]]",0.9622746067607315,0.9272921459086428,0.9328870154558228,0.9935739436619718,0.9939252021815407,0.9937495729217563,6.094852169800135,2.039709935173173,0.06505281690140845,142.1023705006519
bus_0651-r,,,,,,,449,321,"[[38, 30, 185, 124]]",0.9648850784385261,0.9321526125649837,0.949129732639512,0.9811723242441106,0.9957479358365767,0.9884601300403437,7.2628580546923835,1.8580825090958741,0.03375997032090521,142.1023705006519
bus_0652-l,,,,,,,456,319,"[[112, 118, 178, 185]]",0.9395046691027202,0.8859111791730475,0.8884054261581776,0.9968408960367605,0.9969291882069559,0.9968850421218582,8.596473072402423,1.8096635444978395,0.12205628948879954,142.1023705006519
bus_0652-r,,,,,,,456,322,"[[112, 115, 199, 171]]",0.9291438748250859,0.867664528391542,0.8804243008678881,0.9835712361971451,0.9965343525318092,0.9900527943644772,5.0,2.1824362594652897,0.11715593859412873,142.1023705006519
bus_0653-l,,,,,,,434,322,"[[108, 68, 196, 131]]",0.9490036425969574,0.9029561671763506,0.9098192276088742,0.9917151813703537,0.9967549267456128,0.9942350540579833,4.47213595499958,1.7530113637608844,0.09001343484102105,141.79778724974312
bus_0653-r,,,,,,,434,321,"[[96, 72, 192, 138]]",0.9390951810559293,0.885183255167622,0.8876502351506707,0.9968701095461658,0.9951938123127823,0.9960319609294741,5.0990195135927845,2.2294000981371127,0.12304381846635368,141.79778724974312
bus_0654-l,,,,,,,450,321,"[[94, 83, 264, 153]]",0.9693647210577233,0.9405506883604505,0.9732354845672351,0.9655246252676659,0.9981644585892976,0.9818445419284818,3.0,1.3076401082397986,-0.007922912205567453,141.79778724974312
bus_0654-r,,,,,,,450,322,"[[117, 92, 235, 153]]",0.9632548179871521,0.92911434236616,0.9385745284593557,0.9892681210415201,0.9973566256752098,0.9933123733583649,3.0,1.3478615924048802,0.054011259676284305,141.79778724974312
bus_0655-l,,,,,,,453,322,"[[92, 112, 149, 156]]",0.9398373983739837,0.8865030674846626,0.8927625772285966,0.9921530161844041,0.998310470217692,0.995231743201048,4.0,1.4105298775091024,0.11132908288376656,140.90577049955755
bus_0655-r,,,,,,,453,322,"[[107, 107, 163, 152]]",0.9143819143819144,0.842268498006203,0.8696248856358646,0.9639959432048681,0.9980193753735389,0.9810076592892035,5.0,1.9623991784528674,0.10851926977687627,140.90577049955755
bus_0656-l,,,,,,,432,321,"[[80, 143, 167, 205]]",0.9631961259079903,0.9290051377860813,0.9726161369193154,0.9539568345323741,0.9991672986275297,0.9765620665799519,3.605551275463989,1.1909568404323279,-0.019184652278177457,140.90577049955755
bus_0656-r,,,,,,,432,322,"[[120, 147, 213, 206]]",0.9552444342437457,0.914323374340949,0.9348607367475292,0.97653683716565,0.9978493347769982,0.987193085971324,4.0,1.4764310494344246,0.044580009385265136,140.90577049955755
bus_0657-l,,,,,,,430,322,"[[34, 81, 194, 231]]",0.9349694050253873,0.8778803251634986,0.9435065361623859,0.9265853815882846,0.9930057986808611,0.9597955901345729,11.683301850205114,3.6289964407816586,-0.01793432681762467,141.15479700012656
bus_0657-r,,,,,,,430,326,"[[49, 101, 247, 245]]",0.9473766558881819,0.9000148639944507,0.9767179266587805,0.9197468354430379,0.9964045503612057,0.9580756929021218,8.43746734963791,3.2348735644558313,-0.05832911392405063,141.15479700012656
bus_0658-s,,,,,,,450,434,"[[15, 14, 378, 159]]",0.9527725143899038,0.9098047248395467,0.9895046907101661,0.9186698533805212,0.9972065934934711,0.9579382234369962,16.18623753639812,4.47610327524868,-0.07158615617962036,141.15479700012656
bus_0659-l,,,,,,,428,319,"[[148, 59, 262, 104]]",0.9511130998993176,0.9067832764505119,0.9217259323503902,0.9824358678067946,0.9972693922317613,0.9898526300192779,3.0,1.4660251079446465,0.06586549572452045,141.15479700012656
bus_0659-r,,,,,,,428,318,"[[89, 51, 171, 94]]",0.9227709645343056,0.8566153846153847,0.8716343143393863,0.9802816901408451,0.9969234001680874,0.9886025451544662,7.0710678118654755,2.0614624867090026,0.12464788732394366,142.35418575026415
bus_0660-l,,,,,,,432,320,"[[111, 74, 189, 115]]",0.9327453142227122,0.8739669421487604,0.88125,0.990632318501171,0.9974793260513863,0.9940558222762786,4.0,1.6379481958832631,0.12412177985948478,142.35418575026415
bus_0660-r,,,,,,,432,320,"[[117, 59, 216, 114]]",0.9388968140751308,0.8848308312794084,0.9115881809787627,0.9678921568627451,0.9971451997614789,0.982518678312112,5.385164807134504,1.9073822576757231,0.061764705882352944,142.35418575026415
bus_0661-l,,,,,,,432,319,"[[131, 64, 186, 108]]",0.8576363187762152,0.750755939524838,0.753359341135674,0.995418098510882,0.9958180829327806,0.9956180907218313,8.200222875501128,3.2445343134093316,0.32130584192439865,142.35418575026415
bus_0661-r,,,,,,,432,319,"[[140, 63, 192, 106]]",0.9059873949579832,0.828132501200192,0.830524795377949,0.9965337954939342,0.9974132292746019,0.996973512384268,5.873213921133976,2.0477383921883576,0.1998844598497978,141.47364874952473
bus_0662-l,,,,,,,434,317,"[[154, 101, 231, 140]]",0.9193260654112984,0.8506969919295672,0.8513215859030837,0.999138302455838,0.997005700259506,0.998072001357672,3.605551275463989,1.935234334059474,0.17363205514864283,141.47364874952473
bus_0662-r,,,,,,,434,319,"[[114, 96, 186, 138]]",0.9007157276564507,0.8193656093489149,0.8257065948855989,0.9907145740815503,0.9961903080849311,0.9934524410832407,8.028015986734346,2.5588772936371207,0.19983851433185304,141.47364874952473
bus_0663-l,,,,,,,451,323,"[[68, 81, 164, 164]]",0.9052594297857269,0.8269168553866063,0.8635135135135135,0.951246743580201,0.9942408712820476,0.9727438074311243,13.50624804809475,3.3588708335781465,0.10160029772981019,141.47364874952473
bus_0663-r,,,,,,,451,325,"[[67, 60, 168, 142]]",0.9261003441405542,0.8623713948389273,0.9284546940257854,0.9237579042457091,0.997206466250709,0.960482185248209,8.003112887414925,2.4919107563823806,-0.005058717253839205,141.89294849984435
bus_0664-s,,,,,,,450,322,"[[40, 95, 272, 282]]",0.8985079416011551,0.8157189466324866,0.8577467377320346,0.9433364775636707,0.9596930981808082,0.9515147878722394,32.984845004941285,8.676982642088614,0.09978439563401159,141.89294849984435
bus_0665-l,,,,,,,433,324,"[[138, 90, 210, 177]]",0.9019756838905775,0.8214532871972319,0.8376852505292872,0.9769547325102881,0.9949504928758041,0.985952612693046,6.83951216287465,2.7378464378471197,0.1662551440329218,141.89294849984435
bus_0665-r,,,,,,,433,324,"[[156, 90, 246, 177]]",0.9289109111133583,0.8672583081570997,0.8897714064316157,0.9716522107044637,0.9958027514476451,0.9837274810760543,5.830951894845301,2.243818460991886,0.09202453987730061,141.89294849984435
bus_0666-l,,,,,,,453,323,"[[4, 29, 303, 407]]",0.9420180676772316,0.890391450834192,0.9724220775115382,0.9134576553034802,0.9648956204027105,0.9391766378530954,29.56744936022729,7.5751690828489355,-0.06063665518470127,142.58424324998487
bus_0666-r,,,,,,,453,325,"[[9, 37, 322, 417]]",0.9299676574045658,0.8691023816615371,0.8964759964953404,0.9660588819540666,0.8614630283834815,0.9137609551687741,30.550732283258775,9.638895713203787,0.07761823599377092,142.58424324998487
bus_0667-l,,,,,,,431,320,"[[101, 140, 211, 223]]",0.9155290102389079,0.8442171518489379,0.8469938166030786,0.9961318273247718,0.991153000600957,0.9936424139628643,11.379612814642131,3.5404227890415543,0.17607922017638866,142.58424324998487
bus_0667-r,,,,,,,431,326,"[[90, 141, 217, 225]]",0.9397937924034404,0.8864254761664819,0.8970018356108505,0.9868731066980815,0.992324819709255,0.9895989632036682,9.914570696119913,2.721577313282036,0.10019073263772019,142.58424324998487
bus_0668-l,,,,,,,431,320,"[[113, 70, 166, 126]]",0.9064579256360078,0.8289191123836793,0.8289191123836793,1.0,0.9964750302350963,0.9982375151175482,5.0990195135927845,2.4240523685329527,0.20639032815198619,141.6868627502481
bus_0668-r,,,,,,,431,321,"[[198, 77, 259, 135]]",0.9305342208568015,0.8700925630386211,0.8888164329964134,0.9763610315186246,0.9974844901482012,0.9869227608334129,6.1190314488039945,1.9361314915735413,0.09849570200573066,141.6868627502481
bus_0669-l,,,,,,,451,318,"[[37, 106, 242, 315]]",0.9334034534139715,0.8751232660574584,0.9453518926212627,0.9217532804764048,0.9865630593268433,0.954158169901624,18.286532846821554,5.033259778048259,-0.02496278087456289,141.6868627502481
bus_0669-r,,,,,,,451,321,"[[28, 116, 213, 306]]",0.9588563317449053,0.9209644749143036,0.9756127754394652,0.9426657629281129,0.9950622441306709,0.9688640035293918,8.06225774829855,3.037049243617336,-0.033770583310075354,141.6868627502481
bus_0670-l,,,,,,,448,322,"[[67, 155, 191, 224]]",0.9649889024128302,0.9323464305478694,0.9442342721031246,0.9866764275256222,0.9971038959148923,0.9918901617202573,5.0,1.444773428510842,0.04494875549048316,143.53119924999191
bus_0670-r,,,,,,,448,324,"[[74, 157, 226, 224]]",0.9664011946241912,0.9349867565615217,0.9531173294059891,0.9800605754669359,0.997216311539919,0.9886384435034274,3.605551275463989,1.3536069190981148,0.028268551236749116,143.53119924999191
bus_0671-l,,,,,,,453,318,"[[67, 116, 236, 212]]",0.964427840493787,0.9312995059211042,0.9347449622166247,0.9960577084381815,0.9937259709986983,0.9948918397184399,4.123105625617661,1.8759721816540764,0.06559302130515014,143.53119924999191
bus_0671-r,,,,,,,453,324,"[[52, 116, 257, 213]]",0.9727206515261868,0.9468901063486949,0.9585671408064727,0.9872983870967742,0.9951854547660207,0.9912419209313974,4.123105625617661,1.5457088945622592,0.02997311827956989,143.53119924999191
bus_0672-l,,,,,,,450,320,"[[89, 75, 234, 151]]",0.967994393178367,0.9379739671760046,0.9409560576813898,0.9966325917017438,0.9961675940597708,0.9964000928807573,3.1622776601683795,1.389328739597221,0.05917017438364402,141.01627625041147
bus_0672-r,,,,,,,450,324,"[[56, 58, 173, 133]]",0.9210896191687303,0.8537220843672456,0.8551012799801169,0.9981143022918479,0.9916058341612314,0.9948600682265396,12.825623627379132,3.4396101151225453,0.16724688134609805,141.01627625041147
bus_0673-l,,,,,,,435,321,"[[66, 84, 265, 271]]",0.9291670706874818,0.867704984832707,0.966367486889875,0.8947245564892624,0.9943577380197098,0.9445411472544861,12.73553644947921,4.49812899210472,-0.07413632119514472,141.01627625041147
bus_0673-r,,,,,,,435,320,"[[67, 93, 273, 274]]",0.9153248556920273,0.8438700384122919,0.9828044177268279,0.8565162652804289,0.9967794583555164,0.9266478618179727,24.596747752497688,5.758842156164673,-0.12849774600982822,141.01627625041147
bus_0674-l,,,,,,,454,338,"[[89, 80, 262, 212]]",0.9547630792444071,0.9134417855754816,0.9957632247911875,0.9170057410400758,0.9994834367689708,0.9582445889045232,10.0,2.8829893152543797,-0.07909258123850399,144.20944325047458
bus_0674-r,,,,,,,454,338,"[[82, 74, 245, 220]]",0.9427056254549235,0.8916207710464201,0.9764486249730738,0.9112168319485393,0.9976322476322477,0.9544245397903934,7.0710678118654755,3.0425568968260834,-0.06680514607343875,144.20944325047458
bus_0675-s,,,,,,,472,568,"[[98, 57, 378, 243]]",0.9409381330839957,0.8884638022366098,0.9622171355721033,0.9205799190552753,0.9943798432907224,0.9574798811729988,14.790134482004676,5.197746092912946,-0.04327216277651494,144.20944325047458
bus_0676-s,,,,,,,470,433,"[[151, 23, 297, 192]]",0.9497068628577997,0.9042302851201226,0.9799537393986122,0.9212712573180931,0.9981786339754816,0.9597249456467873,8.282071769685777,3.1259551185188195,-0.059882910510175635,144.20944325047458
bus_0677-s,,,,,,,471,569,"[[211, 129, 329, 271]]",0.9047528299729389,0.8260718262806236,0.8514958031422627,0.9651162790697675,0.9919046073343475,0.9785104432020575,16.64331697709324,5.110551707489742,0.1334363311107497,140.96433499980776
bus_0678-s,,,,,,,475,570,"[[217, 95, 356, 245]]",0.9652521644601467,0.9328380609335134,0.9739109996866187,0.956745940121604,0.9987080855224106,0.9777270128220072,4.242640687119285,1.880744213504274,-0.017624874932656045,140.96433499980776
bus_0679-s,,,,,,,475,569,"[[186, 156, 265, 217]]",0.9308562648414583,0.8706558662137445,0.875,0.994330050731125,0.9982167208643659,0.9962733857977455,5.0,2.0254103394767435,0.13637720083557148,140.96433499980776
bus_0680-s,,,,,,,469,566,"[[226, 138, 393, 218]]",0.9675098007625799,0.9370643919692083,0.9743645213628989,0.9607508532423208,0.9990745007380564,0.9799126769901886,3.1622776601683795,1.3996362016034392,-0.013971843003412969,140.96433499980776
bus_0681-s,,,,,,,463,567,"[[240, 64, 379, 137]]",0.9364874022053841,0.8805607043558851,0.885381479324403,0.9938546025104602,0.9961392536675129,0.9949969280889865,8.57899665835259,2.6910097884704567,0.12251569037656904,143.71566975023597
bus_0682-s,,,,,,,471,570,"[[137, 118, 390, 276]]",0.9630223982518438,0.9286819663494781,0.9435319305523032,0.9833350765261654,0.9929604190385634,0.9881477477823644,9.848857801796104,3.0096642653176793,0.04218526653418401,143.71566975023597
bus_0683-s,,,,,,,471,570,"[[194, 126, 277, 177]]",0.811141793732741,0.6822864067865078,0.6822864067865078,1.0,0.9940662109758122,0.997033105487906,14.0,6.283899170583121,0.465660153937241,143.71566975023597
bus_0684-s,,,,,,,472,567,"[[223, 128, 318, 180]]",0.9389741669786597,0.884968242766408,0.8874734607218684,0.9968203497615262,0.9981921546333143,0.9975062521974203,4.0,1.7687278443040264,0.1232114467408585,143.71566975023597
bus_0685-l,,,,,,,466,343,"[[6, 127, 334, 302]]",0.9526963964579207,0.9096659204034169,0.9629331369932355,0.9426750157671863,0.9860449403163494,0.9643599780417678,17.663077850737505,4.685736834398603,-0.02103793134516623,142.46500300032494
bus_0685-r,,,,,,,466,362,"[[24, 83, 338, 280]]",0.9467447683777499,0.8988749734663554,0.9859600922023796,0.9105295976949707,0.9950648606621108,0.9527972291785407,15.0,5.218050798525019,-0.07650461220891479,142.46500300032494
bus_0686-s,,,,,,,471,571,"[[208, 96, 403, 223]]",0.9399383715464563,0.8866827609991624,0.9565240499601382,0.9239180656091175,0.9967209434703482,0.9603195045397328,8.602325267042627,4.171192853248295,-0.034087992196724676,142.46500300032494
bus_0687-s,,,,,,,470,568,"[[181, 76, 427, 192]]",0.9351898272640262,0.8782690579120832,0.8984980514078031,0.9750059396531242,0.9905739788138178,0.982789959233471,17.638196892651763,4.578441725176226,0.08515086718935615,142.46500300032494
bus_0688-s,,,,,,,473,568,"[[127, 119, 367, 244]]",0.9430285202123503,0.892198643242303,0.9389501624639605,0.9471424614532361,0.9945992340142995,0.9708708477337678,10.63014581273465,3.8594023623289493,0.008724956144400333,144.45162799984246
bus_0689-s,,,,,,,469,569,"[[237, 146, 406, 218]]",0.8922596475574393,0.8054772452678212,0.8163265306122449,0.9837678307919331,0.9930429136277726,0.9884053722098529,8.54400374531753,4.459937653678806,0.20511559272011806,144.45162799984246
bus_0690-s,,,,,,,466,568,"[[213, 70, 307, 123]]",0.8802000454648784,0.7860332927324402,0.7866720845184885,0.9989680082559339,0.995974111620631,0.9974710599382824,9.0,3.8752578842380077,0.26986584107327144,144.45162799984246
bus_0691-s,,,,,,,470,382,"[[140, 111, 272, 169]]",0.9358335311337922,0.8794052044609666,0.8861252622115673,0.991450125733445,0.9956214892697681,0.9935358075016065,6.324555320336759,2.3322216538897673,0.11886001676445934,144.45162799984246
bus_0692-s,,,,,,,472,381,"[[152, 49, 224, 86]]",0.9106438896189225,0.8359469240048251,0.8366197183098592,0.9990389235944258,0.9977159059583349,0.9983774147763804,4.123105625617661,2.0524765923604336,0.1941374339259971,141.0587697500887
bus_0693-s,,,,,,,469,382,"[[116, 60, 225, 111]]",0.9000468164794008,0.8182592040859757,0.8233404710920771,0.9925141972121838,0.995293352502225,0.9939037748572044,6.324555320336759,2.923365359072344,0.20547237996902426,141.0587697500887
bus_0694-s,,,,,,,470,379,"[[70, 44, 339, 191]]",0.9750156978089164,0.9512493954538127,0.9753380277033952,0.974693580891341,0.9949547209879549,0.9848241509396479,6.479394161199479,2.107230642171564,-0.0006607420132809144,141.0587697500887
bus_0695-l,,,,,,,470,345,"[[71, 90, 240, 145]]",0.9368056557495311,0.8811236260008142,0.9111703620544485,0.9639251781472684,0.9959270078628695,0.9799260930050689,4.47213595499958,2.10512593169787,0.057897862232779096,141.0587697500887
bus_0695-r,,,,,,,470,361,"[[172, 112, 274, 179]]",0.8989430010866344,0.8164363897362282,0.8250226654578422,0.9874131944444444,0.9941537119385443,0.9907834531914943,11.375340525389392,3.562369007440998,0.1968315972222222,144.45067900032882
bus_0696-s,,,,,,,473,568,"[[192, 49, 335, 111]]",0.8556926240041121,0.7477821448624369,0.7485386690647482,0.9986502699460108,0.9914617017053695,0.9950559858256902,17.46424919657298,6.008832624025103,0.33413317336532694,144.45067900032882
bus_0697-l,,,,,,,468,343,"[[30, 105, 253, 216]]",0.9492938531113413,0.9034817735885352,0.9137645914396887,0.9876978076862415,0.9874702303131382,0.9875840189996898,9.047077367416799,3.408052275463541,0.08091057252510384,144.45067900032882
bus_0697-r,,,,,,,468,362,"[[53, 155, 261, 230]]",0.9551415996087672,0.9141349672368309,0.9791267888068544,0.9323034195452179,0.9985496598984128,0.9654265397218154,5.830951894845301,1.9921966029646478,-0.04782155875716022,144.45067900032882
bus_0698-s,,,,,,,472,570,"[[248, 128, 394, 191]]",0.8380788795666249,0.721287241300887,0.7281597979566066,0.98708372237784,0.9909829635891461,0.989033342983493,19.177966805453767,6.394435627911706,0.3555866791160909,141.5551352502007
bus_0699-s,,,,,,,464,568,"[[223, 139, 349, 199]]",0.8954277156197692,0.8106556069548573,0.8235294117647058,0.981081081081081,0.9957851469973527,0.9884331140392169,8.520514796885948,3.577940910016638,0.1913127413127413,141.5551352502007
bus_0700-s,,,,,,,469,570,"[[309, 92, 406, 138]]",0.873560276426926,0.7755055669166099,0.7760345611641656,0.9991217798594848,0.9962677235766196,0.9976947517180522,7.73245904788955,3.678503473218429,0.28747072599531615,141.5551352502007
bus_0701-s,,,,,,,470,566,"[[297, 77, 417, 167]]",0.88672543086436,0.7965020089813283,0.8172668849278526,0.9690869877785766,0.9941829270646363,0.9816349574216064,10.0,4.664622832923956,0.18576563623292594,141.5551352502007
bus_0702-s,,,,,,,470,568,"[[276, 137, 337, 179]]",0.8882496127461827,0.7989649681528662,0.7989649681528662,1.0,0.9980940015776383,0.9990470007888191,5.0,2.6735138051783482,0.2516193323368211,141.23958699929062
bus_0703-s,,,,,,,469,568,"[[231, 158, 356, 220]]",0.9463942727431465,0.8982432880344713,0.9139966273187183,0.9811730629978277,0.9980449882699296,0.9896090256338786,4.0,1.8104785977051732,0.07349746560463433,141.23958699929062
bus_0704-s,,,,,,,468,570,"[[208, 83, 403, 163]]",0.9678489939846505,0.9377009646302251,0.9547389098052055,0.9813241356103306,0.9978302919493238,0.9895772137798272,4.0,1.5746699221473772,0.027845545553966518,141.23958699929062
bus_0705-s,,,,,,,468,572,"[[187, 106, 393, 216]]",0.9344164377015888,0.8769058295964126,0.9612879439596903,0.9090063916327716,0.9974848893750549,0.9532456405039132,14.338697870992267,3.941920397648416,-0.05438698431144683,141.23958699929062
bus_0706-s,,,,,,,470,460,"[[159, 116, 303, 258]]",0.9383428968239464,0.8838474249518039,0.9463324732768154,0.930487097709481,0.996403233137685,0.9634451654235829,8.599409190956369,3.364933306188526,-0.016743983763409683,142.46205600011308
bus_0707-s,,,,,,,471,569,"[[190, 54, 380, 201]]",0.9462447968538522,0.8979740209383482,0.9296502584173817,0.963442537701508,0.9943642495648574,0.9789033936331827,10.487766334866576,3.500456762842235,0.03634945397815913,142.46205600011308
bus_0708-s,,,,,,,471,462,"[[126, 109, 287, 275]]",0.9320761673997209,0.8727927394692709,0.8889726199447375,0.97957263064659,0.988924415399573,0.9842485230230815,11.0,4.318252345143521,0.10191541186891054,142.46205600011308
bus_0709-s,,,,,,,470,570,"[[188, 141, 298, 204]]",0.826904376012966,0.704890853827024,0.7111792584332312,0.9876113046844754,0.9921136967427132,0.9898625007135944,18.401070091970894,6.900735563400897,0.3886953155245838,142.46205600011308
bus_0710-s,,,,,,,468,568,"[[194, 125, 270, 186]]",0.8787587202309358,0.7837373954087106,0.8049801674746584,0.9674258474576272,0.9966227561362804,0.9820243017969538,9.326762794674746,4.007003856260617,0.2018008474576271,146.89122075014893
bus_0711-s,,,,,,,467,569,"[[266, 121, 330, 182]]",0.8751584283903675,0.7780281690140846,0.7839909168322452,0.9903191107923988,0.9971057375615173,0.993712424176958,7.615773105863909,3.4440349462732134,0.2631767658659018,146.89122075014893
bus_0712-s,,,,,,,469,430,"[[38, 79, 350, 274]]",0.9391217430064971,0.8852304558186911,0.9954755018470262,0.8888065043976273,0.9990280392229235,0.9439172718102754,15.620499351813308,5.094281392419174,-0.10715381468602986,146.89122075014893
bus_0713-l,,,,,,,470,346,"[[24, 118, 249, 237]]",0.8958692359914355,0.8113796528401835,0.9757692963995223,0.828063908867114,0.9969979493033974,0.9125309290852557,17.69180601295413,6.432870483507563,-0.15137326833035672,146.89122075014893
bus_0713-r,,,,,,,470,363,"[[46, 97, 286, 256]]",0.8922462481846054,0.8054554062420336,0.9817996182358947,0.8176642389737143,0.9971440711613878,0.9074041550675511,22.706658174775487,7.670417599633062,-0.16717808421753114,142.19991174923052
bus_0714-s,,,,,,,471,568,"[[234, 102, 358, 183]]",0.8642161569057742,0.7608984422171235,0.8193758127438231,0.9142484039466048,0.9946707285256066,0.9544595662361057,19.71288736736091,5.281523672885193,0.11578641903656413,142.19991174923052
bus_0715-s,,,,,,,470,568,"[[229, 113, 322, 171]]",0.8559015206372194,0.7481012658227848,0.75736864587783,0.983906770255272,0.9956864472425159,0.9897966087488939,12.031195934094221,4.461597770156002,0.2991120976692564,142.19991174923052
bus_0716-s,,,,,,,466,570,"[[173, 101, 265, 176]]",0.919596712700161,0.8511606022584692,0.8550496297463368,0.9946847507331378,0.9964637690072415,0.9955742598701897,6.324555320336759,3.1367621474519782,0.16330645161290322,142.19991174923052
bus_0717-s,,,,,,,464,569,"[[161, 125, 406, 264]]",0.9352486763301797,0.8783728703024374,0.9204681359986332,0.9505116443189837,0.9922848713869,0.9713982578529419,10.70724690357854,4.423783465224984,0.0326393789696542,143.35194999966916
bus_0718-s,,,,,,,455,460,"[[167, 28, 259, 105]]",0.9002721306226988,0.8186317321688501,0.8201837538282047,0.9976938087635266,0.993945881186077,0.9958198449748018,10.375202143344946,4.100719139283094,0.21642717757672522,143.35194999966916
bus_0719-s,,,,,,,464,569,"[[276, 126, 362, 201]]",0.9370044052863437,0.8814753418980522,0.8989856297548605,0.9783808647654094,0.9981591878860699,0.9882700263257397,4.242640687119285,2.018979700804267,0.08831646734130635,143.35194999966916
bus_0720-s,,,,,,,468,568,"[[105, 23, 427, 136]]",0.9462436842541208,0.8979720169784625,0.9133354653022066,0.9816119608180099,0.9910615630720517,0.9863367619450308,13.038404810405298,3.3342319114112415,0.07475511256229593,143.35194999966916
bus_0721-s,,,,,,,460,461,"[[90, 61, 323, 171]]",0.9732379178511911,0.9478709184647699,0.9599226492627508,0.9869277797107212,0.9956809644630381,0.9913043720868797,4.47213595499958,1.7538555352075602,0.02813261096475968,142.01487174977956
bus_0722-s,,,,,,,465,464,"[[182, 56, 286, 132]]",0.9397590361445783,0.8863636363636364,0.9114989093175444,0.9698275862068966,0.9972917302410742,0.9835596582239854,5.385164807134504,2.4013809569906788,0.06399204244031831,142.01487174977956
bus_0723-s,,,,,,,471,566,"[[104, 107, 442, 375]]",0.9450835303319243,0.8958847050983005,0.9331516929004043,0.9573244552058111,0.9816935813476033,0.9695090182767072,21.208486768560558,5.923804218503532,0.025904429568437543,142.01487174977956
bus_0724-s,,,,,,,465,567,"[[191, 137, 433, 226]]",0.9386600133876954,0.8844102975746804,0.8881787297748603,0.9952254984192529,0.9921742774706234,0.9936998879449381,7.0,3.3722330409109214,0.12052390476804956,142.01487174977956
bus_0725-s,,,,,,,467,568,"[[218, 83, 311, 153]]",0.947996589940324,0.9011345218800648,0.9355019629837352,0.9608294930875576,0.9986733218482742,0.9797514074679159,4.47213595499958,1.853690994012179,0.02707373271889401,144.78514049915248
bus_0726-s,,,,,,,465,568,"[[125, 82, 326, 217]]",0.9050937345831278,0.8266403829907069,0.9959286150505531,0.8294433455778468,0.9997565182104089,0.9145999318941278,12.727922061357855,5.616329059771457,-0.16716586606385986,144.78514049915248
bus_0727-s,,,,,,,434,461,"[[179, 122, 328, 204]]",0.961903230991802,0.9266026633632704,0.9335413416536662,0.9920424403183024,0.9966549056149425,0.9943486729666224,4.0,1.7333839441754293,0.0626657824933687,144.78514049915248
bus_0728-s,,,,,,,466,571,"[[195, 35, 393, 257]]",0.9428998035363457,0.8919682416961551,0.9178983445025858,0.9693013636657403,0.9885897763034788,0.9789455699846095,15.0,5.063419050773271,0.05600077554449687,144.78514049915248
bus_0729-s,,,,,,,467,569,"[[221, 159, 344, 232]]",0.9372131289512428,0.8818448500651891,0.8848732624693377,0.9961340206185567,0.9972953348367788,0.9967146777276678,5.0,2.111782615154498,0.12573637702503682,141.88196299983247
bus_0730-s,,,,,,,473,569,"[[168, 41, 350, 112]]",0.9201060204468005,0.8520336605890603,0.8537549407114624,0.9976393308016012,0.9935811930885063,0.9956102619450538,8.021790211904486,3.694343210616844,0.16853125320743098,141.88196299983247
bus_0731-s,,,,,,,459,431,"[[148, 19, 248, 110]]",0.934439468467807,0.8769463965826099,0.8940713683618994,0.9786252498846686,0.9960590824038552,0.9873421661442618,6.0,2.6190793212605334,0.09457173612178994,141.88196299983247
bus_0732-s,,,,,,,471,569,"[[225, 63, 370, 142]]",0.9337579617834395,0.8757467144563919,0.8773189706762418,0.9979577944179714,0.9952543549973957,0.9966060747076835,6.387410454013627,3.0618390400334166,0.13750850918992513,141.88196299983247
bus_0733-s,,,,,,,467,568,"[[165, 140, 284, 217]]",0.9128573401463886,0.8396849593495935,0.8435426237876468,0.9945832079446284,0.995259270716523,0.9949212393305757,9.412537464580227,3.6324883647226143,0.1790550707192296,142.58271399921796
bus_0734-s,,,,,,,470,571,"[[98, 63, 339, 195]]",0.948590883298657,0.9022091098798302,0.9041609576692868,0.9976129853596435,0.9890722514122203,0.993342618385932,9.055385138137417,3.89949863587432,0.10335773392743476,142.58271399921796
bus_0735-s,,,,,,,468,431,"[[75, 38, 410, 232]]",0.9638547726783021,0.9302313491031973,0.9410764375876578,0.9877631385249521,0.9771925300616161,0.9824778342932841,12.0,4.136207238860316,0.049609892536434566,142.58271399921796
bus_0736-s,,,,,,,469,429,"[[127, 59, 359, 164]]",0.9615142646133646,0.9258810514671021,0.9292096219931272,0.9961459986397643,0.992705263215241,0.9944256309275026,6.082762530298219,2.36844767913117,0.07203581954205396,142.58271399921796
bus_0737-s,,,,,,,462,434,"[[139, 84, 204, 124]]",0.9011235955056179,0.820040899795501,0.8240854911631731,0.9940505701536936,0.9978437309500179,0.9959471505518558,4.055397531527946,2.2845736009405697,0.20624690133862172,142.67163100066682
bus_0738-s,,,,,,,461,435,"[[238, 91, 304, 131]]",0.9023446391987252,0.8220655329738698,0.8220655329738698,1.0,0.9978393678262227,0.9989196839131114,4.47213595499958,2.2564061637622332,0.21644803229061554,142.67163100066682
bus_0739-s,,,,,,,464,431,"[[163, 59, 241, 115]]",0.9439398684622612,0.8938315539739027,0.8951588951588951,0.9983438224577674,0.9982078034168507,0.998275812937309,3.1541637771599587,1.5182084533920763,0.1152699569393839,142.67163100066682
bus_0740-s,,,,,,,462,435,"[[135, 34, 224, 92]]",0.8845133646194654,0.7929394549112859,0.7929394549112859,1.0,0.9942431408447123,0.9971215704223562,10.31733159617553,4.147893042578004,0.2611303344867359,142.67163100066682
bus_0741-s,,,,,,,461,432,"[[116, 67, 308, 139]]",0.9632487097951311,0.9291029766693484,0.9533587865029409,0.9733459755583649,0.997616787936307,0.985481381747336,4.288539740695328,1.4388643671613526,0.02096502317741256,140.86950050023006
bus_0742-s,,,,,,,465,434,"[[123, 46, 354, 159]]",0.9460776983581063,0.8976730987514189,0.9472391903221943,0.944919051317283,0.9952396647773016,0.9700793580472924,11.573609904914456,3.0093305266572807,-0.002449369735348587,140.86950050023006
bus_0743-s,,,,,,,471,433,"[[129, 69, 232, 126]]",0.9202704152806095,0.8523156430133174,0.8562300319488818,0.9946648109487358,0.9963933637893725,0.9955290873690541,6.0,2.5865129509904925,0.16167942472744143,140.86950050023006
bus_0744-s,,,,,,,469,569,"[[189, 113, 337, 237]]",0.9634699742852821,0.9295147756293324,0.972962651798671,0.954160737023444,0.9986036053804583,0.9763821712019511,5.0,2.0033275631703016,-0.01932439517639128,140.86950050023006
bus_0745-s,,,,,,,468,433,"[[84, 15, 346, 110]]",0.9665077202543143,0.9351862023508734,0.9542652169039345,0.97906843013226,0.9955952368100014,0.9873318334711307,5.0,1.8574890838378417,0.025991949396204715,141.26003325054626
bus_0746-s,,,,,,,471,433,"[[77, 44, 395, 293]]",0.9411846703772664,0.8889035170208764,0.9910879047139741,0.8960659778178026,0.9971891162581515,0.946627547037977,18.027756377319946,6.481680128470382,-0.0958763863873353,141.26003325054626
bus_0747-s,,,,,,,478,570,"[[174, 117, 304, 220]]",0.9510731359983725,0.906710628394104,0.9511698880976602,0.9509764035801465,0.9981723197831153,0.9745743616816309,6.708203932499369,2.404557191695659,-0.0002034174125305126,141.26003325054626
bus_0748-s,,,,,,,473,569,"[[181, 83, 476, 277]]",0.9481095316152958,0.9013386470468016,0.9239995809763252,0.9735113956183433,0.9875394491079671,0.9805254223631552,14.866068747318506,4.564114954291799,0.053584239280392916,141.26003325054626
bus_0749-s,,,,,,,471,571,"[[132, 55, 350, 199]]",0.964496293800539,0.9314271769634359,0.9740132698196665,0.9551634968301635,0.9975057661298553,0.9763346314800094,7.211102550927978,2.718542378098556,-0.019352686019352687,141.75599250029336
bus_0750-s,,,,,,,470,435,"[[96, 62, 246, 128]]",0.9668791401074865,0.9358819259617711,0.9429546562652364,0.9920492433957425,0.9976201615035698,0.9948347024496562,3.605551275463989,1.3648698886405803,0.05206463195691203,141.75599250029336
bus_0751-s,,,,,,,470,431,"[[137, 46, 279, 129]]",0.9689737470167065,0.9398148148148148,0.9749804534792806,0.9630406001765225,0.9988424131551477,0.9809415066658351,3.0,1.385095077529211,-0.012246248896734334,141.75599250029336
bus_0752-s,,,,,,,474,568,"[[144, 37, 330, 129]]",0.9618051733626858,0.926420695504665,0.9871959026888605,0.9376877951065961,0.9993339967248309,0.9685108959157135,5.830951894845301,2.1098044359433583,-0.05015023608527686,141.75599250029336
bus_0753-s,,,,,,,472,570,"[[250, 43, 365, 102]]",0.8574724007249959,0.7505047591577733,0.7505047591577733,1.0,0.993442896344699,0.9967214481723494,13.481179790306589,5.359338458995984,0.33243658724058417,142.57625050049683
bus_0754-s,,,,,,,472,569,"[[244, 58, 449, 249]]",0.9527777231905987,0.9098142240570464,0.9481753823287832,0.9574249605055293,0.9945528842991515,0.9759889224023404,9.0,3.507402077607898,0.009755134281200633,142.57625050049683
bus_0755-s,,,,,,,472,432,"[[67, 79, 308, 238]]",0.9664849552858249,0.9351435765050834,0.944079794079794,0.9899794190087385,0.9900266834992684,0.9900030512540035,13.00576072156079,2.866941782239292,0.048618374439083636,142.57625050049683
bus_0756-s,,,,,,,470,569,"[[156, 198, 267, 276]]",0.9063317634746206,0.8287081339712918,0.8321207961564859,0.995075508864084,0.9953202366284275,0.9951978727462558,9.974873734152917,3.7648166528199125,0.1958305975049245,142.57625050049683
bus_0757-s,,,,,,,470,569,"[[155, 41, 431, 198]]",0.936423860601679,0.880448353355714,0.9648525387655822,0.9096224954854244,0.9950288763798524,0.9523256859326383,18.37661134280091,5.742411946628639,-0.057241952589789896,142.03183100016759
bus_0758-s,,,,,,,468,564,"[[93, 51, 405, 281]]",0.9366369479577027,0.8808251764614125,0.9597807380967557,0.9145830380823193,0.9911772519446865,0.9528801450135029,23.0,6.201453279483087,-0.04709169315490049,142.03183100016759
bus_0759-s,,,,,,,465,429,"[[185, 68, 348, 138]]",0.96524033497763,0.9328159645232816,0.9627002288329519,0.9677938808373591,0.9982913240142355,0.9830426024257972,3.605551275463989,1.4763860936772166,0.005291005291005291,142.03183100016759
bus_0760-s,,,,,,,470,434,"[[64, 18, 316, 148]]",0.9728173131462978,0.9470733157760598,0.9566224739348693,0.9895699258798988,0.9944281864325513,0.9919990561562251,5.830951894845301,1.8232390799611817,0.03444143624339799,142.03183100016759
bus_0761-s,,,,,,,470,432,"[[62, 70, 330, 179]]",0.9621463927879672,0.9270540528086263,0.9906440811502856,0.935242434103482,0.9989533352797625,0.9670978846916223,7.0,2.4206707830606655,-0.05592487564501883,141.5876582495912
bus_0762-s,,,,,,,469,430,"[[50, 46, 331, 165]]",0.9660353535353535,0.9343021125900598,0.9936793800597429,0.9398878014823308,0.9991763000073343,0.9695320507448325,6.708203932499369,2.291154940447636,-0.05413373735719258,141.5876582495912
bus_0763-s,,,,,,,470,568,"[[230, 58, 402, 152]]",0.9328887355793185,0.8742188061202499,0.8841906422551584,0.9872637300235256,0.9937400101322296,0.9905018700778776,16.0,3.7034313783396087,0.11657337551715746,141.5876582495912
bus_0764-s,,,,,,,469,569,"[[165, 90, 420, 257]]",0.9816206289693167,0.963904667448081,0.9764652154056934,0.9868307692307692,0.9967016696464002,0.9917662194385847,4.242640687119285,1.6388221737755382,0.010615384615384615,141.5876582495912
bus_0765-s,,,,,,,468,432,"[[87, 39, 259, 139]]",0.9655734667407819,0.9334384179981371,0.9454967704477829,0.9865212782068756,0.9960258242049003,0.9912735512058879,4.230687180969119,1.8460652507047643,0.04338936846887778,144.5942604996162
bus_0766-s,,,,,,,469,567,"[[210, 52, 303, 156]]",0.8874823019905055,0.7977242102111094,0.8033775633293124,0.9912558139534884,0.9949951640388719,0.9931254889961801,10.375202143344946,4.116684334327133,0.23386046511627906,144.5942604996162
bus_0767-s,,,,,,,472,433,"[[47, 115, 289, 360]]",0.9681213017751479,0.9382123145294244,0.9578251536735292,0.9786412122420497,0.9894734919513918,0.9840573520967207,8.94427190999916,3.010960397940223,0.021732628850563256,144.5942604996162
bus_0768-s,,,,,,,467,569,"[[224, 79, 417, 233]]",0.9570964914358816,0.9177229567034665,0.9390107846783191,0.9758925551959032,0.9946454224892255,0.9852689888425643,11.357471378292884,2.9995423074547993,0.03927725977100343,144.5942604996162
bus_0769-s,,,,,,,466,569,"[[227, 76, 434, 188]]",0.9331017548062526,0.8745930167284158,0.8757729061270376,0.9984619328377339,0.9911440593067522,0.9948029960722431,11.302117787419775,4.036343433009869,0.14009228402973598,141.18586525000865
bus_0770-s,,,,,,,468,568,"[[97, 26, 456, 188]]",0.89925112795944,0.816944855271498,0.825684938819962,0.9872086195011106,0.9639852287818157,0.9755969241414632,47.10360718589803,9.413762185203208,0.19562386703091889,141.18586525000865
bus_0771-s,,,,,,,473,567,"[[76, 70, 433, 211]]",0.9379568015708519,0.8831625709370104,0.8874696805491046,0.9945347290497947,0.9813320548437774,0.9879333919467861,11.313708498984761,5.070552121540315,0.12064079578971719,141.18586525000865
bus_0772-s,,,,,,,472,569,"[[162, 62, 370, 186]]",0.9735272088638652,0.948419887278583,0.9544234567276042,0.9934113430318364,0.9963941729835414,0.9949027580076889,5.0,1.7793825760056972,0.04084967320261438,141.18586525000865
bus_0773-s,,,,,,,470,571,"[[169, 224, 300, 313]]",0.9567153951576062,0.9170224411603722,0.9556240018252339,0.957809284244226,0.9985016793516778,0.9781554817979519,5.0,2.003294550025456,0.00228675966155957,141.91880925045552
bus_0774-s,,,,,,,471,569,"[[148, 94, 441, 297]]",0.9686201676883273,0.9391498043134316,0.9432538106090702,0.9953885530206081,0.9878119428589391,0.9916002479397736,9.86397202161648,3.35461245517538,0.05527117073385993,141.91880925045552
bus_0775-s,,,,,,,472,569,"[[143, 103, 342, 238]]",0.970551270361517,0.9427873797098674,0.9652941176470589,0.9758659993062094,0.9971496322300907,0.98650781576815,5.0,2.027064197316061,0.010951979780960405,141.91880925045552
bus_0776-s,,,,,,,472,567,"[[248, 125, 401, 258]]",0.966589861751152,0.935340022296544,0.953951108584423,0.9795680093403386,0.9971095171823146,0.9883387632613265,7.0710678118654755,2.1167589783642144,0.026853473438412143,141.91880925045552
bus_0777-s,,,,,,,474,569,"[[240, 75, 372, 179]]",0.8971954613573111,0.8135580059015375,0.8135580059015375,1.0,0.9907379189828298,0.9953689594914149,9.486832980505138,5.595104777976101,0.22916865514937482,142.08192825026345
bus_0778-s,,,,,,,464,429,"[[42, 108, 243, 204]]",0.9446968058259427,0.8951899426072697,0.9527341477603257,0.9367939367939367,0.996487815421192,0.9666408761075644,8.04358042380898,2.91616313206165,-0.01673101673101673,142.08192825026345
bus_0779-s,,,,,,,463,432,"[[52, 66, 355, 251]]",0.9740834746582593,0.9494763468536433,0.9802533617391703,0.9679907704836448,0.9944676208202298,0.9812291956519372,10.339033051364058,2.684203749220936,-0.012509614079536715,142.08192825026345
bus_0780-s,,,,,,,461,432,"[[131, 40, 256, 113]]",0.9043594009983361,0.8254161098286964,0.8410497647932657,0.977976104793436,0.9933196326838531,0.9856478687386445,20.138185110341748,4.014555079511861,0.16280408809558083,142.08192825026345
bus_0781-s,,,,,,,463,433,"[[118, 75, 299, 143]]",0.8534080298786181,0.744299674267101,0.7501367864307861,0.9896535129932628,0.9857415685315377,0.9876975407624002,29.027553482998904,6.481033470592162,0.3192974013474495,144.66147275015828
bus_0782-s,,,,,,,469,568,"[[253, 124, 366, 181]]",0.9194400667470103,0.8508922443376802,0.8604893284747527,0.987062101910828,0.9969238774448288,0.9919929896778283,5.0,2.856278080721267,0.14709394904458598,144.66147275015828
bus_0783-s,,,,,,,466,566,"[[141, 87, 423, 224]]",0.9590179285921032,0.9212626758259732,0.9572414261921757,0.9608010371179039,0.9946341130504512,0.9777175750841776,10.63014581273465,3.265670673103796,0.003718613537117904,144.66147275015828
bus_0784-s,,,,,,,471,566,"[[207, 76, 367, 128]]",0.9213634325011213,0.8541926541926542,0.8544295022875364,0.9996755879967559,0.9959680670913637,0.9978218275440598,6.854101966249685,2.6513692341209816,0.1699918896999189,144.66147275015828
bus_0785-s,,,,,,,468,565,"[[164, 50, 314, 185]]",0.9367358455075553,0.8810001179384361,0.8883867515014569,0.9906504873682117,0.9924720962224121,0.9915612917953118,15.734349546269298,4.161154760274778,0.11511172999137988,141.83846749983786
bus_0786-s,,,,,,,468,567,"[[177, 34, 284, 100]]",0.8911186665560992,0.803619503440024,0.803619503440024,1.0,0.9949496697861014,0.9974748348930507,10.0,4.247962875727688,0.24436999813884236,141.83846749983786
bus_0787-s,,,,,,,466,429,"[[63, 47, 299, 176]]",0.9803293020544951,0.9614175478708202,0.9807988670915073,0.9798601864181092,0.997378924506203,0.9886195554621562,4.0,1.449651128547712,-0.000957057256990679,141.83846749983786
bus_0788-s,,,,,,,471,567,"[[197, 44, 390, 161]]",0.9574594594594594,0.9183906258101312,0.9435359292601077,0.9718000768091293,0.9957400634971667,0.983770070153148,12.79594154601839,2.823030517833384,0.02995556043232567,141.83846749983786
bus_0789-s,,,,,,,470,569,"[[148, 40, 364, 124]]",0.9543753011378378,0.9127321707075003,0.9248617197040443,0.9858346094946401,0.9958878798600463,0.9908612446773433,6.324555320336759,2.2411088827778674,0.06592649310872895,142.6885452501665
bus_0790-s,,,,,,,469,567,"[[161, 65, 317, 160]]",0.8944735979009512,0.8090929318400949,0.8162975157138581,0.9892092854552049,0.9903685831420781,0.9897889342986415,29.139283526803847,5.724952466932789,0.21182444686253174,142.6885452501665
bus_0791-s,,,,,,,465,430,"[[102, 57, 229, 140]]",0.9432839521477716,0.8926560300328484,0.8966533113363186,0.9950307310056231,0.9954394887235248,0.995235109864574,5.0,2.442230866175481,0.10971622858637374,142.6885452501665
bus_0792-s,,,,,,,465,430,"[[43, 31, 342, 182]]",0.9469131644717018,0.8991786171143876,0.9985793861452764,0.9003303222327086,0.9997768407700168,0.9500535815013627,8.0,3.999660896031675,-0.09838883645678846,142.6885452501665
bus_0793-s,,,,,,,468,566,"[[204, 52, 364, 137]]",0.9583131830931425,0.9199628597957289,0.9943797671617824,0.9247713272353929,0.9997796784879649,0.962275502861679,5.0,2.0442237638089025,-0.07000186671644577,141.84132124955795
bus_0794-s,,,,,,,470,567,"[[214, 78, 360, 130]]",0.9089562189791837,0.8331070070613796,0.839146491588018,0.9914350355526826,0.9954821707094068,0.9934586031310447,7.0710678118654755,3.252731082707519,0.18148028442146089,141.84132124955795
bus_0795-s,,,,,,,465,570,"[[224, 143, 360, 307]]",0.9189765458422174,0.8500986193293886,0.8916393208731631,0.9480430825242718,0.9939690152700246,0.9710060488971481,11.267029484964723,4.519425019754415,0.06325849514563107,141.84132124955795
bus_0796-s,,,,,,,467,568,"[[186, 43, 285, 109]]",0.9078232524447664,0.8312054385674018,0.8317570930811349,0.9992027107833367,0.9961035817075842,0.9976531462454604,7.810249675906654,3.422520812980631,0.20131552720749452,141.84132124955795
bus_0797-s,,,,,,,469,457,"[[164, 108, 308, 170]]",0.9585215035086501,0.9203468979319547,0.9616617872577722,0.9554016620498615,0.9986722224099888,0.9770369422299252,4.0,1.60267327328574,-0.006509695290858725,142.02627424947423
bus_0798-s,,,,,,,471,570,"[[200, 85, 296, 130]]",0.8471006217485091,0.7347567686550738,0.7347567686550738,1.0,0.9954550940663519,0.9977275470331759,8.94427190999916,4.594788329594836,0.3609946075494308,142.02627424947423
bus_0799-s,,,,,,,470,567,"[[192, 101, 344, 212]]",0.9479636155043841,0.90107493379031,0.9798407589361342,0.9180952380952381,0.9990625861593604,0.9585789121272992,7.0,2.889095676277173,-0.06301587301587301,142.02627424947423
bus_0800-s,,,,,,,470,566,"[[161, 54, 282, 153]]",0.9223291035611952,0.855854144905517,0.8768362681194669,0.9728008634646519,0.9950692294210434,0.9839350464428476,9.0,3.924133517577305,0.1094441446303292,142.02627424947423
bus_0801-s,,,,,,,470,570,"[[207, 109, 306, 189]]",0.9120967741935484,0.838398813936249,0.8492266106021925,0.9850200313534228,0.9961702630846165,0.9905951472190196,9.0,3.4410403430470047,0.1599024560181153,142.0561014992927
bus_0802-s,,,,,,,470,380,"[[59, 64, 245, 183]]",0.9511585784772969,0.9068659560531174,0.9986229508196721,0.9080014309563559,0.9998702325926292,0.9539358317744926,6.0,3.082246737404849,-0.09074648223229191,142.0561014992927
bus_0803-s,,,,,,,469,567,"[[203, 170, 395, 295]]",0.9422545367143372,0.8908140657842413,0.9218152959849509,0.9636207214404228,0.9946725415581814,0.979146631499302,11.6661834017935,3.430655914488756,0.04535119523136484,142.0561014992927
bus_0804-s,,,,,,,468,565,"[[88, 50, 457, 258]]",0.9628479768187933,0.9283576132508481,0.9428614859729424,0.9837001533066662,0.983709810228679,0.9837049817676726,10.198039027185569,4.108459360638254,0.043313538564556206,142.0561014992927
bus_0805-s,,,,,,,470,569,"[[184, 174, 384, 287]]",0.9550227142814164,0.9139171992860022,0.9195295753432594,0.9933658780823632,0.9944760829104561,0.9939209804964096,7.0,2.7305192646259133,0.08029790962573538,141.56244624973624
bus_0806-s,,,,,,,469,569,"[[99, 117, 415, 307]]",0.9298114441926213,0.8688295526493898,0.9914297815092553,0.875404210387382,0.998446265164723,0.9369252377760525,15.0,6.879099963309008,-0.11702853120394201,141.56244624973624
bus_0807-s,,,,,,,471,459,"[[150, 73, 332, 241]]",0.9420398848577578,0.8904304343563094,0.9347915594441585,0.9494014949558308,0.9935704208913112,0.9714859579235711,11.260039002625248,3.718538244652235,0.01562908368616382,141.56244624973624
bus_0808-s,,,,,,,469,570,"[[152, 42, 378, 198]]",0.9485894761468426,0.902206564064528,0.9329294013881965,0.9647842639593909,0.9927761302526908,0.9787801971060408,9.899494936611665,3.949419668801391,0.03414498730964467,141.56244624973624
bus_0809-s,,,,,,,464,569,"[[157, 45, 479, 165]]",0.9495871444317676,0.9040132547864507,0.9978055024992888,0.9058142108758208,0.9997720653412688,0.9527931381085448,10.360734506552605,3.4182533444889516,-0.09219361027078876,142.3918965001576
bus_0810-s,,,,,,,472,566,"[[182, 64, 360, 192]]",0.9489795918367347,0.9029126213592233,0.9279802782179961,0.970951298900694,0.9951090011121342,0.983030150006414,7.0,3.175884183426752,0.04630596327458085,142.3918965001576
bus_0811-s,,,,,,,470,569,"[[49, 31, 412, 205]]",0.9196326061997704,0.8512221041445271,0.9927993861771823,0.8565100056010998,0.9989305375363793,0.9277202715687396,25.0,6.014084818584088,-0.13727786547176538,142.3918965001576
bus_0812-s,,,,,,,469,568,"[[226, 137, 340, 193]]",0.9147632311977716,0.8429158110882957,0.86954986760812,0.9649363369245837,0.997171692430163,0.9810540146773734,9.486832980505138,2.943236808579783,0.10969637610186092,142.3918965001576
bus_0813-s,,,,,,,466,568,"[[182, 103, 375, 175]]",0.8654693877551021,0.7628435746150525,0.7679826149945672,0.991304347826087,0.9873894162437548,0.9893468820349209,24.164805162320892,6.6507209811808226,0.29079008882655444,142.5325169993812
bus_0814-s,,,,,,,468,568,"[[174, 43, 405, 179]]",0.9264742445132563,0.8630200437931616,0.8651694879479928,0.9971295125036489,0.9869776165042606,0.9920535645039548,17.46424919657298,5.310216500180795,0.15252505595018,142.5325169993812
bus_0815-s,,,,,,,468,567,"[[283, 113, 411, 166]]",0.8566302118933697,0.7492153639216859,0.7493273542600897,0.9998005584363782,0.993558473085403,0.9966795157608905,13.45362404707371,4.865064121480488,0.33426406063023534,142.5325169993812
bus_0816-s,,,,,,,467,567,"[[203, 126, 433, 276]]",0.9596880452975322,0.9225002567350152,0.9613312881247101,0.958050410608269,0.9954195892842052,0.9767349999462371,10.63014581273465,3.311606820584786,-0.0034128479505137047,142.5325169993812
bus_0817-s,,,,,,,467,566,"[[118, 143, 401, 297]]",0.9397611807461248,0.8863674520118642,0.9167124873390248,0.9639987827145465,0.9875659935540175,0.975782388134282,17.522698233798607,5.039391454385191,0.05158247108947048,142.48959125052352
bus_0818-s,,,,,,,468,568,"[[163, 165, 365, 282]]",0.92437648364522,0.8593866437374605,0.8712733189980821,0.9843729481286934,0.9911610014605298,0.9877669747946116,15.57880174410228,4.58297735988626,0.1298095863427446,142.48959125052352
bus_0819-s,,,,,,,467,566,"[[162, 99, 322, 190]]",0.9313412211762674,0.8715047680620657,0.875822301632421,0.9943752881512218,0.9939678945229745,0.9941715913370981,8.977708763999658,3.562582804130944,0.13536191793453203,142.48959125052352
bus_0820-s,,,,,,,466,568,"[[243, 60, 344, 130]]",0.8378136200716846,0.7208943716268311,0.7214506172839507,0.9989316239316239,0.9916393898221344,0.9952855068768791,17.0,6.910392541109433,0.38461538461538464,142.48959125052352
bus_0821-s,,,,,,,469,569,"[[199, 149, 433, 327]]",0.9372393023368174,0.8818911956357024,0.9291735853876613,0.9454462748156091,0.9906050388844648,0.9680256568500369,15.234825342802408,5.25949384047232,0.017513077947818177,141.95314300013706
bus_0822-s,,,,,,,461,566,"[[128, 73, 487, 263]]",0.9517846631347996,0.9080049009597713,0.9260840588161786,0.9789524669205873,0.9835317046008213,0.9812420857607043,14.317821063276353,4.6227952269752866,0.05708813104070804,141.95314300013706
bus_0823-s,,,,,,,455,565,"[[285, 78, 356, 115]]",0.8829721362229103,0.7904656319290465,0.7984322508398656,0.9875346260387812,0.9978815969620531,0.9927081115004172,7.280109889280518,2.7452482864460466,0.23684210526315788,141.95314300013706
bus_0824-s,,,,,,,464,566,"[[213, 121, 375, 197]]",0.8815600802982506,0.7882051282051282,0.7962080397845006,0.9874084543235256,0.9922814617742043,0.989844958048865,14.033885405237287,4.951671703967775,0.24013876397276115,141.95314300013706
bus_0825-s,,,,,,,464,567,"[[254, 117, 337, 165]]",0.8796680497925311,0.7851851851851852,0.7936772046589018,0.9865563598759048,0.9971405181657808,0.9918484390208429,8.06225774829855,3.327226764482313,0.24301964839710444,141.9883660000778
bus_0826-s,,,,,,,469,569,"[[87, 102, 449, 288]]",0.9461513204184061,0.8978056705390127,0.9870085386440927,0.908542215616062,0.9976130325724406,0.9530776240942513,11.180339887498949,4.759274793110594,-0.07949913294146792,141.9883660000778
bus_0827-s,,,,,,,470,566,"[[165, 128, 301, 239]]",0.9558464610605725,0.915427114322142,0.9312581063553826,0.9817684594348223,0.9968829641246815,0.9893257117797518,5.0,2.3547226223351414,0.05423883318140383,141.9883660000778
bus_0828-s,,,,,,,469,565,"[[276, 45, 407, 147]]",0.9298146531806747,0.8688351563999233,0.875302078298695,0.9915681121331581,0.9949580423133596,0.9932630772232589,7.211102550927978,3.379009428726486,0.13282961016206746,141.9883660000778
bus_0829-s,,,,,,,470,566,"[[225, 124, 314, 185]]",0.929967608622808,0.8691022964509395,0.870374242107464,0.9983213429256594,0.9976322321940042,0.9979767875598318,5.0,2.344761896347386,0.14700239808153479,141.64400499976182
bus_0830-s,,,,,,,466,566,"[[147, 16, 489, 206]]",0.9715016290675135,0.9445825647606063,0.9745966073645015,0.9684262456832757,0.9942912397493352,0.9813587427163055,7.003553390593271,2.932436175410202,-0.0063311955270514714,141.64400499976182
bus_0831-s,,,,,,,469,428,"[[54, 91, 334, 293]]",0.9566199599656848,0.9168470962260531,0.9708340588542573,0.9428160757567218,0.9939183055975794,0.9683671906771506,10.44030650891055,3.7430141042573624,-0.028859703511639703,141.64400499976182
bus_0832-s,,,,,,,465,568,"[[157, 86, 413, 256]]",0.9477332365124684,0.9006587202007528,0.9261063088633724,0.9703944033255602,0.99023156853465,0.9803129859301051,10.295630140987,4.132204802852358,0.04782182567846159,141.64400499976182
bus_0833-s,,,,,,,471,564,"[[209, 113, 320, 208]]",0.952912019826518,0.9100591715976332,0.94599581744372,0.959930096117838,0.9982960257420439,0.979113060929941,5.0,2.203060114590501,0.014729746598427162,142.37643350043072
bus_0834-s,,,,,,,463,564,"[[238, 120, 364, 231]]",0.9491330587220999,0.9031905195989061,0.9198774487048557,0.9803106757692688,0.9965620954088238,0.9884363855890463,9.041538853603063,2.5891673933514174,0.065697041654299,142.37643350043072
bus_0835-s,,,,,,,466,566,"[[112, 94, 405, 263]]",0.9755829388970085,0.9523298429319371,0.9744984061503844,0.9766698883161512,0.9957970579405584,0.9862334731283549,7.0710678118654755,2.2736203462794955,0.002228307560137457,142.37643350043072
bus_0836-s,,,,,,,466,565,"[[88, 46, 470, 214]]",0.9624344878809118,0.9275891272785933,0.9893113682308916,0.9369793257969243,0.9976796843997292,0.9673295050983268,10.63014581273465,3.7554871597380037,-0.05289744373154089,142.37643350043072
bus_0837-s,,,,,,,467,567,"[[214, 54, 418, 170]]",0.9644355279956228,0.9313138429024305,0.9669633061075217,0.9619209313606597,0.9978171302915461,0.9798690308261029,5.313628483749074,2.170895828102304,-0.005214649527043415,142.0786054995915
bus_0838-s,,,,,,,459,568,"[[104, 28, 403, 225]]",0.9755390385898705,0.9522461814914646,0.9807977049787155,0.9703364614328222,0.9961755029444019,0.983255982188612,7.280109889280518,2.4689994059504716,-0.010666056305790799,142.0786054995915
bus_0839-s,,,,,,,468,431,"[[51, 82, 312, 271]]",0.8502752199187201,0.739546746012215,0.7463424546193443,0.9878376763088692,0.9332219871139535,0.9605298317114114,45.72743778793463,14.900712376260373,0.32357159933062396,142.0786054995915
bus_0840-s,,,,,,,465,565,"[[172, 39, 321, 108]]",0.8442146840148699,0.730425168358629,0.7347826086956522,0.991946491946492,0.9897297953398408,0.9908381436431664,26.0,6.895416340792328,0.34998634998635,142.0786054995915
bus_0841-s,,,,,,,465,569,"[[226, 18, 403, 162]]",0.9585678017117282,0.9204322694144257,0.9641446848839046,0.9530550640158219,0.9972246108953381,0.97513983745558,7.218003284763226,2.868612216063989,-0.011502029769959404,142.01223749932979
bus_0842-s,,,,,,,468,565,"[[199, 127, 404, 337]]",0.9220850746752195,0.8554339985573455,0.8846273388450302,0.9628552097428958,0.9841948394788385,0.9735250246108671,14.89285499785481,6.152999990662339,0.08843031123139378,142.01223749932979
bus_0843-s,,,,,,,467,566,"[[90, 22, 461, 182]]",0.9602482104282265,0.9235360016294938,0.9790969358008162,0.9421114966650737,0.9955225606512639,0.9688170286581688,16.0,3.892061197400715,-0.037775053504269955,142.01223749932979
bus_0844-s,,,,,,,467,565,"[[106, 79, 320, 231]]",0.9649797809273292,0.9323294010545082,0.9413634622749905,0.9898115335051546,0.9935947586633922,0.9917031460842733,7.615773105863909,2.811403557827064,0.051465850515463915,142.01223749932979
bus_0845-s,,,,,,,467,566,"[[291, 107, 377, 176]]",0.8646246246246246,0.7615319509098604,0.765907639923388,0.992553778268064,0.9957805259766165,0.9941671521223403,8.994427190999915,3.9947709240084643,0.29591836734693877,141.2085512492922
bus_0846-s,,,,,,,471,563,"[[170, 17, 388, 115]]",0.9665957098411658,0.9353509744889875,0.9580718459207964,0.975272607115321,0.996862538712224,0.9860675729137724,5.064362683835296,2.0836337847325246,0.017953519110034146,141.2085512492922
bus_0847-s,,,,,,,466,563,"[[186, 52, 321, 174]]",0.9470832714858245,0.8994854444209488,0.9135882016036655,0.9831278890600924,0.9951599579754429,0.9891439235177677,10.917494221876378,3.0634046905271624,0.0761171032357473,141.2085512492922
bus_0848-l,,,,,,,408,316,"[[43, 26, 219, 195]]",0.9776549683427254,0.9562867115008087,0.9962309329549486,0.9597590670255031,0.9991944578701466,0.9794767624478249,5.830951894845301,1.8084341988826147,-0.03660985091204238,141.2085512492922
bus_0848-r,,,,,,,408,317,"[[96, 22, 287, 194]]",0.968827411268108,0.9395395318445632,0.9880755083067222,0.9503149055283415,0.9971528943965101,0.9737338999624259,7.615773105863909,2.608258660477763,-0.038216312883912605,144.50535674950515
bus_0849-l,,,,,,,407,318,"[[64, 197, 208, 277]]",0.849755817293881,0.7387612387612388,0.7387612387612388,1.0,0.9739697391996814,0.9869848695998407,24.15075392245406,7.587436609478,0.35361730899256255,144.50535674950515
bus_0849-r,,,,,,,407,316,"[[101, 232, 227, 321]]",0.9206466610312765,0.8529613313754283,0.8563986632592884,0.9953164267763308,0.987810575848087,0.9915635013122088,8.0,3.844884655249261,0.16221156042951793,144.50535674950515
bus_0850-l,,,,,,,411,319,"[[143, 87, 238, 143]]",0.9679365434029717,0.937865338817926,0.9421487603305785,0.9951757408683667,0.9979014800088358,0.9965386104386013,2.8284271247461903,1.0413151085459362,0.056283023202389156,144.50535674950515
bus_0850-r,,,,,,,411,317,"[[70, 77, 156, 135]]",0.9231929604022627,0.8573429838897969,0.8591483387927,0.9975550122249389,0.9952450910699335,0.9964000516474363,5.0,2.36327426458151,0.16109752784569412,142.85585600009654
bus_0851-s,,,,,,,404,387,"[[156, 82, 293, 201]]",0.9485830263850259,0.9021948952598842,0.903422107674685,0.9984965975629055,0.9906130401503027,0.9945548188566041,8.94427190999916,3.081460935354097,0.10523817059661339,142.85585600009654
bus_0852-s,,,,,,,393,385,"[[98, 84, 344, 272]]",0.9385027151631419,0.8841310557919897,1.0,0.8841310557919897,1.0,0.9420655278959948,10.873681287847965,5.767863770349791,-0.11586894420801026,142.85585600009654
bus_0853-l,,,,,,,404,318,"[[98, 130, 185, 270]]",0.7931668073695188,0.6572298576248868,0.69244775860574,0.9281729428172942,0.9704091166950312,0.9492910297561628,28.464683438432417,9.433163964527946,0.3404230590423059,142.85585600009654
bus_0853-r,,,,,,,404,317,"[[99, 124, 165, 241]]",0.5448368264905733,0.3744163104242026,0.376670636495964,0.9842669432918395,0.9229580321219456,0.9536124877068926,93.36755014067543,25.469575228124025,1.6130705394190872,141.7093805002878
bus_0854-s,,,,,,,473,579,"[[219, 92, 379, 313]]",0.9146979951474907,0.8428050358865748,0.8799033658177053,0.9523577379897181,0.9883288301373243,0.9703432840635212,13.97135531087364,5.573763178553015,0.08234355610707321,141.7093805002878
bus_0855-l,,,,,,,441,316,"[[114, 52, 178, 98]]",0.9445822994210091,0.8949843260188087,0.8956862745098039,0.9991251093613298,0.9980593857153279,0.9985922475383289,2.8284271247461903,1.3554665306110558,0.11548556430446194,141.7093805002878
bus_0855-r,,,,,,,441,317,"[[133, 55, 202, 101]]",0.9388523047977423,0.8847517730496454,0.8863232682060391,0.998,0.9976692862917617,0.9978346431458809,4.242640687119285,1.5572068987619951,0.126,141.7093805002878
bus_0856-l,,,,,,,353,387,"[[45, 28, 357, 204]]",0.9343347903712368,0.8767620280075796,0.9651006028540178,0.9054699059710754,0.9855135203623732,0.9454917131667242,24.706269207106736,6.034385366131257,-0.06178702687222567,142.04803350003203
bus_0856-r,,,,,,,353,383,"[[71, 17, 280, 217]]",0.9127109793484486,0.8394373179649254,0.8512269456750557,0.9837684738007916,0.9560189485417053,0.9698937111712485,24.92765104188398,6.890822907801205,0.15570645266712663,142.04803350003203
bus_0857-l,,,,,,,393,386,"[[54, 23, 292, 239]]",0.9447172144972078,0.8952265946867453,0.9169152419061477,0.9742578849721707,0.969651873505182,0.9719548792386763,13.97135531087364,5.0778241446107755,0.0625386518243661,142.04803350003203
bus_0857-r,,,,,,,393,384,"[[27, 2, 323, 219]]",0.9613944318691521,0.9256588462156516,0.9634143791942801,0.9593829370862306,0.982989560450242,0.9711862487682363,12.287936246293341,4.098154945630797,-0.004184535953699463,142.04803350003203
bus_0858-l,,,,,,,403,319,"[[112, 96, 201, 178]]",0.8856742883807747,0.7948073701842546,0.815152035732692,0.9695545565999183,0.9912989333915561,0.9804267449957371,10.870551034457119,4.194109531493115,0.18941561095218634,142.75360600004205
bus_0858-r,,,,,,,403,316,"[[105, 97, 191, 173]]",0.908955223880597,0.8331053351573188,0.8529411764705882,0.9728434504792333,0.9940227379926159,0.9834330942359246,5.830951894845301,2.9653418366651736,0.14057507987220447,142.75360600004205
bus_0859-l,,,,,,,405,317,"[[23, 23, 304, 113]]",0.9703092275471233,0.942330701124671,0.977462271644162,0.9632601144758084,0.9957941154672794,0.9795271149715439,4.0,1.733427078486709,-0.014529621838461914,142.75360600004205
bus_0859-r,,,,,,,405,317,"[[14, 22, 243, 116]]",0.9456694414437313,0.8969382835101254,0.9997984548202888,0.8971004882753632,0.9999731654084225,0.9485368268418928,6.0,3.023450526179608,-0.10271866899752849,142.75360600004205
bus_0860-l,,,,,,,410,317,"[[30, 144, 253, 367]]",0.937585308350912,0.8825040878299463,0.9397133351988309,0.9354668977684236,0.9801456057177379,0.9578062517430808,13.0784943800515,5.193796953634902,-0.004518864712618775,142.93154525057616
bus_0860-r,,,,,,,410,316,"[[115, 142, 231, 300]]",0.9420388422882189,0.8904285714285715,0.9733739361286796,0.912658320521268,0.9970578338409505,0.9548580771811093,8.602325267042627,2.918301691736323,-0.062376455084559634,142.93154525057616
bus_0861-l,,,,,,,407,320,"[[150, 98, 216, 166]]",0.9304245283018868,0.8699007717750827,0.8815642458100559,0.9850187265917603,0.9966623634245411,0.9908405450081507,4.47213595499958,2.0055853276971636,0.11735330836454431,142.93154525057616
bus_0861-r,,,,,,,407,316,"[[113, 92, 187, 163]]",0.9636226793778224,0.9297990801258775,0.9899484536082475,0.9386608015640274,0.9996867973016383,0.9691737994328329,3.0,1.206030393343804,-0.05180840664711633,142.93154525057616
bus_0862-l,,,,,,,349,281,"[[26, 35, 261, 121]]",0.9651285904573244,0.9326072607260726,0.9549847921595134,0.9754901960784313,0.992032063169229,0.9837611296238302,4.152989390993067,1.751506063820138,0.021471969069317868,142.4314352507281
bus_0862-r,,,,,,,349,286,"[[63, 30, 218, 119]]",0.9743021069379489,0.9498918868101909,0.9831662936654666,0.9655963302752294,0.9980637940682708,0.9818300621717502,3.1622776601683795,1.2783925689410116,-0.01787079510703364,142.4314352507281
bus_0863-l,,,,,,,351,275,"[[67, 89, 171, 138]]",0.9380021585321981,0.8832429990966576,0.8840415913200723,0.998978288633461,0.9944606413994169,0.996719465016439,4.123105625617661,1.8888374966870451,0.13001277139208173,142.4314352507281
bus_0863-r,,,,,,,351,286,"[[113, 88, 236, 136]]",0.9438107308829742,0.8936,0.8973689495882707,0.9953218979728224,0.9946713661532686,0.9949966320630454,5.0,1.6784082259709852,0.10915571396747606,142.4314352507281
bus_0864-l,,,,,,,349,274,"[[101, 57, 153, 88]]",0.9210526315789473,0.8536585365853658,0.8645209580838323,0.985494880546075,0.9980837232938785,0.9917893019199768,2.8284271247461903,1.345367139596901,0.13993174061433447,142.45417725032894
bus_0864-r,,,,,,,349,287,"[[101, 57, 180, 91]]",0.9327655759748992,0.874002519949601,0.8758417508417509,0.9976030680728667,0.9969921592218359,0.9972976136473513,3.0,1.4359315996071749,0.13902205177372962,142.45417725032894
bus_0865-l,,,,,,,353,274,"[[57, 67, 185, 128]]",0.9032409581963363,0.8235546038543897,0.8274526678141136,0.9943123061013444,0.9867685877694676,0.990540446935406,14.0,3.7721618086163726,0.20165460186142709,142.45417725032894
bus_0865-r,,,,,,,353,286,"[[66, 72, 192, 134]]",0.8016020993025343,0.6688947793016019,0.669203274530151,0.9993112947658402,0.9698476090383605,0.9845794519021004,15.256139694787265,8.425398190042602,0.49328512396694213,142.45417725032894
bus_0866-l,,,,,,,348,274,"[[25, 77, 249, 180]]",0.9561789937398563,0.916037316748112,0.9990915147477439,0.9168009781581726,0.9998060988378857,0.9583035384980292,5.0,2.7209015123978086,-0.08236536430834214,142.3538622502747
bus_0866-r,,,,,,,348,286,"[[17, 74, 266, 188]]",0.9685014317531021,0.9389265885256015,0.9563073948767521,0.9810104615994844,0.988608727428521,0.9848095945140027,5.0,2.0355398137856504,0.0258317219495265,142.3538622502747
bus_0867-l,,,,,,,350,274,"[[101, 31, 184, 82]]",0.9429549343981746,0.8920669185105234,0.8971506105834464,0.9936880072137061,0.99590593369557,0.994796970454638,4.0,1.6614554535513573,0.10760444845205891,142.3538622502747
bus_0867-r,,,,,,,350,284,"[[119, 34, 204, 93]]",0.9533405673538986,0.9108412322274881,0.9389312977099237,0.968198992443325,0.9979215164615897,0.9830602544524574,2.23606797749979,1.2823096897205255,0.031171284634760706,142.3538622502747
bus_0868-l,,,,,,,351,272,"[[109, 83, 154, 124]]",0.8460028050490883,0.7331064657267866,0.7331064657267866,1.0,0.9941573368524116,0.9970786684262058,8.0,3.3947487617441685,0.3640583554376658,141.03508775042428
bus_0868-r,,,,,,,351,285,"[[138, 83, 182, 120]]",0.4669345999269273,0.30457578646329836,0.30457578646329836,1.0,0.9704527274016019,0.985226363700801,63.96057421649065,18.98236570680569,2.2832550860719873,141.03508775042428
bus_0869-l,,,,,,,355,281,"[[135, 108, 177, 133]]",0.8810975609756098,0.7874659400544959,0.7874659400544959,1.0,0.9976336865949357,0.9988168432974678,4.123105625617661,1.8555871258758345,0.2698961937716263,141.03508775042428
bus_0869-r,,,,,,,355,285,"[[98, 105, 142, 130]]",0.8542805100182149,0.7456279809220986,0.7456279809220986,1.0,0.9968075660684178,0.998403783034209,5.0,2.360336424211925,0.3411513859275053,141.03508775042428
bus_0870-l,,,,,,,315,272,"[[112, 65, 159, 87]]",0.7984644913627639,0.6645367412140575,0.6645367412140575,1.0,0.9950499717141241,0.9975249858570621,9.219544457292887,3.057466951266142,0.5048076923076923,141.49139475011907
bus_0870-r,,,,,,,315,287,"[[115, 66, 157, 87]]",0.8155568650559811,0.6885572139303483,0.6885572139303483,1.0,0.9965110964966059,0.9982555482483029,4.123105625617661,2.5798125243143017,0.4523121387283237,141.49139475011907
bus_0871-s,,,,,,,353,467,"[[203, 77, 290, 140]]",0.910699417152373,0.8360405121345309,0.8395701400882748,0.9949965885831249,0.9947897839879343,0.9948931862855296,5.656854249492381,3.0974412057376455,0.18512622242438026,141.49139475011907
bus_0872-l,,,,,,,350,266,"[[73, 150, 142, 186]]",0.8771752837326607,0.7812219227313567,0.782276203328835,0.9982778415614236,0.9947021607303137,0.9964900011458686,8.570248430093823,2.6049763709130254,0.27611940298507465,141.49139475011907
bus_0872-r,,,,,,,350,285,"[[73, 145, 146, 183]]",0.9262962101836782,0.862711130359463,0.8668407310704961,0.9945082376435347,0.9968694691397179,0.9956888533916263,4.0,1.6225306285652665,0.1472790813779331,141.76668349955435
bus_0873-l,,,,,,,349,272,"[[70, 56, 160, 107]]",0.9619275825346113,0.9266478584252372,0.9311855670103093,0.9947687224669604,0.9970754468980021,0.9959220846824812,2.8284271247461903,1.135237343131526,0.06828193832599119,141.76668349955435
bus_0873-r,,,,,,,349,285,"[[73, 65, 156, 113]]",0.9374698601511011,0.8822995461422087,0.9036256585063527,0.9739478957915831,0.996776233272175,0.985362064531879,3.1622776601683795,1.698713564748381,0.07782231128924516,141.76668349955435
bus_0874-l,,,,,,,357,275,"[[80, 53, 170, 97]]",0.9527059970745978,0.909683426443203,0.9125155666251556,0.9965997959877593,0.9970493731230443,0.9968245845554018,2.8284271247461903,1.1807316798984626,0.09214552873172391,141.76668349955435
bus_0874-r,,,,,,,357,286,"[[99, 58, 188, 96]]",0.9151978716328567,0.8436541998773759,0.8475515860794579,0.9945789663895916,0.9950168621331856,0.9947979142613886,5.0,2.185145741590068,0.17347307553306832,141.115833749609
bus_0875-l,,,,,,,355,274,"[[64, 157, 164, 201]]",0.9215720524017468,0.8545513443472628,0.8623733246158876,0.9894973743435859,0.9955498710413936,0.9925236226924897,5.0,1.735410402022176,0.1474118529632408,141.115833749609
bus_0875-r,,,,,,,355,287,"[[76, 161, 181, 196]]",0.9011442506096418,0.8200751109593718,0.8228845495032545,0.9958540630182421,0.9948026097534004,0.9953283363858212,3.605551275463989,1.9983432877887897,0.21019900497512436,141.115833749609
bus_0876-l,,,,,,,348,282,"[[125, 80, 192, 114]]",0.5494825355756792,0.37881828316610927,0.3789027653880464,0.9994117647058823,0.9711207432908873,0.9852662539983847,26.00768946500615,12.951273399038833,1.6376470588235295,141.115833749609
bus_0876-r,,,,,,,348,286,"[[127, 86, 207, 125]]",0.8033381712626996,0.6713159490600363,0.6713159490600363,1.0,0.9888608011180303,0.9944304005590152,15.0,4.918374371349359,0.4896115627822945,141.7847802504184
bus_0877-l,,,,,,,352,279,"[[153, 125, 201, 171]]",0.8553166763509588,0.7472081218274111,0.7491094147582698,0.996614759647935,0.9949033918805761,0.9957590757642556,5.385164807134504,2.9238820754265573,0.33039945836154366,141.7847802504184
bus_0877-r,,,,,,,352,286,"[[91, 131, 157, 166]]",0.8742480664566027,0.776590330788804,0.776590330788804,1.0,0.9955721864724749,0.9977860932362375,4.47213595499958,2.417432913497608,0.28768020969855834,141.7847802504184
bus_0878-s,,,,,,,352,362,"[[0, 67, 348, 288]]",0.965155435822906,0.93265739535521,0.9534448043421168,0.9771573148629977,0.9629123369830532,0.9700348259230255,13.218997607122038,4.210760079010451,0.02487035475246281,141.7847802504184
bus_0879-l,,,,,,,353,274,"[[76, 170, 151, 234]]",0.9223450758549756,0.8558816511572417,0.8591616766467066,0.9955592561754094,0.9936854991999484,0.9946223776876789,7.810249675906654,2.4794718523568546,0.15875659172911463,141.3761980002164
bus_0879-r,,,,,,,353,286,"[[96, 174, 166, 235]]",0.93667923547003,0.8808999755441428,0.8854473942969519,0.9942036985923268,0.9952124107463913,0.9947080546693591,6.049657518178929,2.074797537780171,0.12282638697212254,141.3761980002164
bus_0880-l,,,,,,,357,268,"[[124, 28, 217, 80]]",0.9182937819164915,0.8489308525409608,0.8505843071786311,0.9977154046997389,0.9942016153414245,0.9959585100205817,5.0,2.155337227908969,0.17297650130548303,141.3761980002164
bus_0880-r,,,,,,,357,287,"[[116, 32, 176, 82]]",0.948051948051948,0.9012345679012346,0.9147130153597413,0.9839130434782609,0.9978933495741771,0.9909031965262189,2.8284271247461903,1.2808561419848268,0.07565217391304348,141.3761980002164
bus_0881-l,,,,,,,332,272,"[[107, 92, 179, 160]]",0.8980926430517712,0.8150346191889218,0.8219451371571073,0.9897897897897898,0.9917906500793341,0.990790219934562,7.280109889280518,3.177535684483155,0.2042042042042042,141.0362412507311
bus_0881-r,,,,,,,332,286,"[[155, 93, 248, 159]]",0.9498782207409306,0.904541015625,0.9087564385577631,0.9948979591836735,0.9959223045556189,0.9954101318696462,3.0,1.441606036471159,0.0947905477980666,141.0362412507311
bus_0882-l,,,,,,,350,274,"[[67, 81, 237, 124]]",0.9432149919954798,0.8925325253965425,0.8994252873563219,0.9914868342902395,0.9938359255467865,0.992661379918513,4.0,1.5584579392726867,0.10235596911502673,141.0362412507311
bus_0882-r,,,,,,,350,288,"[[69, 77, 256, 128]]",0.930171277997365,0.8694581280788177,0.8703960548620743,0.998762157382847,0.9911608597403962,0.9949615085616217,3.605551275463989,1.9150849462568953,0.14748010610079576,141.0362412507311
bus_0883-s,,,,,,,268,566,"[[145, 40, 307, 98]]",0.9296833064949007,0.8686058174523571,0.8688963210702341,0.9996152366294728,0.9918271469376125,0.9957211917835427,7.0,2.773050511243527,0.1504424778761062,141.82303600045998
bus_0884-l,,,,,,,352,282,"[[83, 73, 217, 154]]",0.9647213979558193,0.9318471337579618,0.990521327014218,0.9402313624678663,0.9992348388789296,0.969733100673398,4.0,1.4871847157224602,-0.05077120822622108,141.82303600045998
bus_0884-r,,,,,,,352,287,"[[49, 73, 218, 156]]",0.9570994489364989,0.9177283950617284,0.9617056510039329,0.9525371604305485,0.9959460495896745,0.9742416050101115,4.47213595499958,1.8946917300720292,-0.009533572526909277,141.82303600045998
bus_0885-l,,,,,,,350,272,"[[36, 24, 225, 100]]",0.9698874581770253,0.9415354330708662,0.9891427980560439,0.9513674788662357,0.9987668095601621,0.9750671442131988,3.605551275463989,1.3141105963949564,-0.0381899552461462,141.82303600045998
bus_0885-r,,,,,,,350,287,"[[88, 22, 223, 101]]",0.9273285568065507,0.8645038167938931,1.0,0.8645038167938931,1.0,0.9322519083969465,6.024828759089462,3.1858531251402065,-0.13549618320610687,140.89226499982033
bus_0886-s,,,,,,,308,471,"[[146, 28, 315, 122]]",0.9596652330582355,0.9224581005586592,0.9983071342200726,0.9239033124440466,0.9998405030987969,0.9618719077714217,6.616680023979392,2.2422762615299923,-0.07452999104744852,140.89226499982033
bus_0887-l,,,,,,,350,274,"[[91, 63, 197, 119]]",0.950513734535542,0.9056943056943056,0.9078710194271981,0.9973597359735974,0.994964698155547,0.9961622170645722,3.980277563773195,1.6454577754610356,0.09856985698569858,140.89226499982033
bus_0887-r,,,,,,,350,287,"[[72, 62, 186, 127]]",0.9461765948457964,0.8978511866581141,0.9004503055644902,0.9967954424069788,0.9934727362837831,0.995134089345381,8.024903099319419,1.9890935723636463,0.10699661741142959,140.89226499982033
bus_0888-l,,,,,,,355,271,"[[29, 61, 194, 120]]",0.9381915902624091,0.883578978710734,0.9983179142136249,0.8848963769196362,0.9998882656595678,0.9423923212896019,4.123105625617661,2.0273090567114314,-0.11361264350678396,142.49460750033904
bus_0888-r,,,,,,,355,287,"[[65, 67, 191, 121]]",0.927848575712144,0.8654081454291208,0.8850554165176975,0.974990153603781,0.993357918332352,0.9841740359680665,4.368863084453436,2.295961977937223,0.10161480897991335,142.49460750033904
bus_0889-l,,,,,,,353,271,"[[76, 99, 148, 128]]",0.9403737763274993,0.8874580067189249,0.9124928036845136,0.9700122399020807,0.9983834774378118,0.9841978586699462,3.0,1.1141925420718437,0.06303549571603427,142.49460750033904
bus_0889-r,,,,,,,353,287,"[[105, 85, 150, 117]]",0.8904923599320883,0.8026013771996939,0.805065234075211,0.9962013295346629,0.9974665363362525,0.9968339329354576,4.123105625617661,1.8533485837701285,0.23741690408357075,142.49460750033904
bus_0890-l,,,,,,,348,275,"[[104, 89, 185, 136]]",0.964095744680851,0.9306803594351734,0.9653794940079894,0.9628154050464808,0.9988779561539789,0.9808466806002298,2.8284271247461903,0.9898929369646169,-0.0026560424966799467,141.76727749963902
bus_0890-r,,,,,,,348,287,"[[85, 90, 189, 141]]",0.9445005045408678,0.8948374760994264,0.9019513370272224,0.9912629070691025,0.9957647842329265,0.9935138456510144,3.1622776601683795,1.5813379247010275,0.09902038655017209,141.76727749963902
bus_0891-l,,,,,,,351,269,"[[5, 29, 248, 159]]",0.9746145999730557,0.9504861293592102,0.9539597618868209,0.9961836566077822,0.982290368395119,0.9892370125014506,5.00990195135927,1.971867129609856,0.044261714600464255,141.76727749963902
bus_0891-r,,,,,,,351,284,"[[33, 23, 241, 164]]",0.9884301170236255,0.9771248963199022,0.9895225464190981,0.9873400970445523,0.996922637442543,0.9921313672435477,2.23606797749979,0.9019465022644658,-0.0022055580061755625,141.76727749963902
bus_0892-l,,,,,,,346,275,"[[123, 83, 206, 124]]",0.7723008698618454,0.6290636287857738,0.6290636287857738,1.0,0.9856275434403462,0.992813771720173,13.038404810405298,5.767384357278737,0.5896643109540636,142.0050844999423
bus_0892-r,,,,,,,346,284,"[[91, 73, 184, 123]]",0.8383321141185077,0.7216624685138538,0.7433834976647639,0.9610868835961087,0.9896203939842364,0.9753536387901726,8.94427190999916,4.390237973384672,0.29285474672928546,142.0050844999423
bus_0893-l,,,,,,,353,275,"[[39, 29, 199, 90]]",0.9425671493996782,0.8913730539623084,0.8921040299906279,0.9990816058777224,0.9897040904161962,0.9943928481469593,5.656854249492381,2.289932446845088,0.11991603253739176,142.0050844999423
bus_0893-r,,,,,,,353,286,"[[93, 37, 198, 98]]",0.9304922303898763,0.8700191404210893,0.8700191404210893,1.0,0.9922153442130932,0.9961076721065466,5.0,2.520810377650562,0.1494,142.0050844999423
bus_0894-s,,,,,,,347,485,"[[49, 67, 385, 169]]",0.920035575679172,0.8519128546829378,0.8802846864967315,0.963546297472374,0.9786073709530261,0.9710768342127001,16.0312195418814,5.778151245673112,0.09458486811465346,142.1154582503732
bus_0895-l,,,,,,,349,271,"[[45, 22, 208, 118]]",0.9558243491980016,0.915386552505666,0.998443508514924,0.9166946872898454,0.999794395462187,0.9582445413760161,6.0,2.3672791062668055,-0.08187626092804304,142.1154582503732
bus_0895-r,,,,,,,349,285,"[[31, 14, 240, 112]]",0.9541473467284904,0.9123152709359605,0.9979792536710225,0.9140037014188772,0.9996396612816048,0.956821681350241,5.0,2.690559350197665,-0.08414558914250463,142.1154582503732
bus_0896-l,,,,,,,347,274,"[[27, 50, 247, 114]]",0.9315068493150684,0.8717948717948718,0.876462423160817,0.9939284911176074,0.9855425601039636,0.9897355256107855,6.082762530298219,2.5020504942157897,0.13402293681133348,142.1154582503732
bus_0896-r,,,,,,,347,283,"[[75, 60, 212, 118]]",0.9129431162407254,0.8398301228575762,0.8413614952134933,0.9978374481888629,0.9887320295298536,0.9932847388593582,11.704699910719626,2.966374974877813,0.1859794557577942,142.303187250036
bus_0897-l,,,,,,,352,276,"[[61, 17, 164, 69]]",0.9768630616088243,0.9547725479884301,0.9690419001868161,0.9848114998643884,0.9987588937035253,0.9917851967839568,2.0,0.6577289065705989,0.01627339300244101,142.303187250036
bus_0897-r,,,,,,,352,284,"[[86, 32, 200, 84]]",0.9647088165606684,0.9318236569501325,0.9667583104223944,0.9626679940268791,0.9986138613861386,0.9806409277065089,2.23606797749979,0.9863069018900392,-0.004230960676953708,142.303187250036
bus_0898-l,,,,,,,342,277,"[[134, 97, 193, 138]]",0.8915605846298915,0.8043385793279455,0.8043385793279455,1.0,0.9950453992223431,0.9975226996111716,4.123105625617661,2.5188461565050813,0.24325753569539926,142.303187250036
bus_0898-r,,,,,,,342,288,"[[97, 96, 149, 139]]",0.9027890603845112,0.8228035538005923,0.8704960835509138,0.937570303712036,0.9974358444136562,0.9675030740628461,4.123105625617661,2.1211494039097025,0.07705286839145106,142.11970475025737
bus_0899-s,,,,,,,345,413,"[[196, 120, 289, 158]]",0.9286718200983837,0.8668415874057068,0.8824707846410684,0.9799777530589544,0.9974819011646208,0.9887298271117876,3.1622776601683795,1.6853883575200934,0.11049314052651094,142.11970475025737
bus_0900-l,,,,,,,351,278,"[[78, 19, 191, 57]]",0.8993011435832274,0.817027417027417,0.8368312148980195,0.9718503261242705,0.9941689114244969,0.9830096187743838,4.3344387942713976,2.261899619400611,0.16134569172674218,142.11970475025737
bus_0900-r,,,,,,,351,289,"[[105, 19, 190, 61]]",0.921751878321422,0.8548606390210741,0.8548606390210741,1.0,0.9956835550523634,0.9978417775261816,4.0,1.9029935951274135,0.16978131212723657,142.11970475025737
bus_0901-l,,,,,,,353,280,"[[107, 83, 166, 126]]",0.8614015572858732,0.7565455255959359,0.7568412822517592,0.9994837377387713,0.9935812100760555,0.9965324739074134,6.28828640183097,3.2927210367465216,0.3205988642230253,142.82678675044735
bus_0901-r,,,,,,,353,287,"[[80, 75, 181, 123]]",0.9195000671952694,0.8509950248756218,0.8751598874392428,0.9685730464326161,0.9950091532946748,0.9817910998636454,8.0,2.304907533144663,0.10673839184597962,142.82678675044735
bus_0902-l,,,,,,,347,279,"[[106, 28, 146, 51]]",0.8963337547408344,0.8121420389461627,0.8121420389461627,1.0,0.9982935153583617,0.9991467576791808,3.0,1.392187509949062,0.231311706629055,142.82678675044735
bus_0902-r,,,,,,,347,286,"[[123, 32, 161, 54]]",0.8720200752823086,0.7730812013348165,0.7730812013348165,1.0,0.9979299217632196,0.9989649608816098,3.0,1.7969579449448398,0.2935251798561151,142.82678675044735
bus_0903-l,,,,,,,352,274,"[[94, 80, 169, 115]]",0.9452127659574469,0.8961169944528492,0.910814966683752,0.982310668877833,0.9981614345037458,0.9902360516907894,4.0,1.0982996729653747,0.07849640685461581,142.1036642495892
bus_0903-r,,,,,,,352,285,"[[123, 84, 195, 127]]",0.9505860721673178,0.9058256679807272,0.9311121116614138,0.9708920187793427,0.998441796516957,0.9846669076481498,3.605551275463989,1.12011648795277,0.042723004694835684,142.1036642495892
bus_0904-l,,,,,,,351,280,"[[88, 109, 210, 147]]",0.5304473744379239,0.36095840680427344,0.3611831862999481,0.9982788296041308,0.9350697301516974,0.9666742798779141,58.68237335182091,17.85765188757885,1.763912794033276,142.1036642495892
bus_0904-r,,,,,,,351,288,"[[84, 103, 168, 143]]",0.88210094989756,0.7890703098967011,0.789859906604403,0.9987347110923661,0.9936181204858332,0.9961764157890997,5.385164807134504,2.8265517610205038,0.26444538169548715,142.1036642495892
bus_0905-l,,,,,,,353,276,"[[119, 67, 188, 96]]",0.6906263135771332,0.5274478330658106,0.5274478330658106,1.0,0.9846322493083468,0.9923161246541734,22.0,7.515246947754422,0.8959220937309799,142.6868304997697
bus_0905-r,,,,,,,353,284,"[[92, 66, 144, 107]]",0.8331985987604419,0.7140877598152425,0.7140877598152425,1.0,0.9937288513362916,0.9968644256681458,6.0,3.6115066195238414,0.4003880983182406,142.6868304997697
bus_0906-l,,,,,,,349,274,"[[112, 78, 183, 111]]",0.6584797798009739,0.4908459595959596,0.4908459595959596,1.0,0.9828533767048293,0.9914266883524147,20.248456731316587,8.300275893770644,1.0372990353697749,142.6868304997697
bus_0906-r,,,,,,,349,286,"[[99, 78, 158, 114]]",0.7404651162790697,0.5878877400295421,0.5878877400295421,1.0,0.9886379833438537,0.9943189916719268,13.978516483155236,6.283661911236468,0.7010050251256281,142.6868304997697
bus_0907-l,,,,,,,347,276,"[[85, 22, 201, 80]]",0.8927890118275468,0.8063404548587181,0.80731412799724,0.9985065073607852,0.9877367294285557,0.9931216183946705,9.939696961966996,3.623211606136233,0.23682526136121188,142.0328714993957
bus_0907-r,,,,,,,347,286,"[[111, 21, 202, 70]]",0.8949016660403357,0.8097936975742462,0.8097936975742462,1.0,0.9912302707222744,0.9956151353611372,6.383482008158826,3.2617740687412597,0.23488241881298993,142.0328714993957
bus_0908-l,,,,,,,355,277,"[[21, 64, 225, 137]]",0.9594283079760259,0.9220203810367745,0.9982730499856087,0.9234933877695927,0.9997932650342262,0.9616433264019094,6.215748564819405,1.842598028572357,-0.07490902636016686,142.0328714993957
bus_0908-r,,,,,,,355,284,"[[8, 59, 253, 143]]",0.9441903625637966,0.8942808713666897,0.9998596195690321,0.8943931688327996,0.9999764409315256,0.9471848048821626,6.751973342624457,2.9616698576500156,-0.1054812582407233,142.0328714993957
bus_0909-l,,,,,,,349,279,"[[113, 34, 224, 79]]",0.7284962682001713,0.5729407236335643,0.5729407236335643,1.0,0.9764921499247834,0.9882460749623917,22.092983113714727,7.71563971158118,0.7453812562982869,140.91599125003995
bus_0909-r,,,,,,,349,286,"[[77, 26, 170, 82]]",0.9185716050908193,0.8494058500914077,0.8638159423657913,0.9807387862796834,0.9938973589935849,0.9873180726366342,7.0,2.488335418259705,0.13535620052770447,140.91599125003995
bus_0910-l,,,,,,,352,274,"[[87, 66, 213, 145]]",0.9020902090209021,0.8216432865731463,0.8221278603444209,0.9992831541218637,0.9831457534675265,0.9912144537946952,15.943287045465603,4.169278767200812,0.21548387096774194,140.91599125003995
bus_0910-r,,,,,,,352,288,"[[79, 54, 212, 136]]",0.888700947225981,0.7996955859969559,0.8054164537557486,0.9911960759652874,0.9796200160556596,0.9854080460104735,14.0,5.175882097863171,0.2306628097094705,140.91599125003995
bus_0911-l,,,,,,,355,275,"[[45, 96, 153, 153]]",0.9653054260038676,0.9329375549692173,0.9934441582767501,0.9387168141592921,0.9996992642715214,0.9692080392154068,2.23606797749979,1.101538772246585,-0.05508849557522124,141.36320674970193
bus_0911-r,,,,,,,355,285,"[[42, 95, 170, 153]]",0.9544718373222962,0.9129087779690189,0.9956823728177211,0.9165370658372214,0.9997588795236299,0.9581479726804256,3.605551275463989,1.5816384528183671,-0.07948850872645585,141.36320674970193
bus_0912-l,,,,,,,352,360,"[[46, 95, 347, 272]]",0.9604772761402885,0.9239598655179659,0.9542113115421131,0.9668260773966578,0.9813142047467234,0.9740701410716905,13.0,3.455191052880872,0.01322009674582234,141.36320674970193
bus_0912-r,,,,,,,352,362,"[[51, 102, 302, 276]]",0.9197716346153846,0.8514603616133519,0.8669205110453773,0.979485173860485,0.957411025398296,0.9684480996293905,24.054072952429973,6.820512528001371,0.129844272203655,141.36320674970193
bus_0913-l,,,,,,,354,278,"[[26, 43, 254, 133]]",0.9076722188604732,0.8309522421132427,0.8344068392083382,0.9950422456532365,0.9663697660867394,0.9807060058699879,20.615528128088304,5.07286145669395,0.19251448921164724,141.5930249995654
bus_0913-r,,,,,,,354,287,"[[53, 35, 251, 130]]",0.9636656164108065,0.9298790348664209,0.9354460857682046,0.9936406995230525,0.9886148443148822,0.9911277719189673,4.0,2.001071632680546,0.06221054814405198,141.5930249995654
bus_0914-l,,,,,,,330,277,"[[98, 54, 174, 104]]",0.9038196042337782,0.8245172124265323,0.8245172124265323,1.0,0.9929123711340206,0.9964561855670103,6.215748564819405,2.75014389595674,0.21283095723014256,141.5930249995654
bus_0914-r,,,,,,,330,290,"[[86, 53, 163, 102]]",0.9423716938167805,0.8910235177210997,0.9259896729776248,0.9593437945791726,0.9976855838787462,0.9785146892289593,3.605551275463989,1.496798792864083,0.03601997146932953,141.5930249995654
bus_0915-l,,,,,,,349,275,"[[70, 64, 176, 131]]",0.9411764705882353,0.8888888888888888,0.9149897330595482,0.9689062839747771,0.9954692698301524,0.9821877769024647,5.830951894845301,1.9819254360674932,0.05892585344640139,141.78426600028615
bus_0915-r,,,,,,,349,288,"[[74, 66, 176, 130]]",0.9565315062338537,0.9166846071044134,0.9920782851817335,0.9234439384081544,0.9996454677219215,0.9615447030650379,4.254115450513289,1.4432181081199142,-0.06918238993710692,141.78426600028615
bus_0916-l,,,,,,,348,279,"[[102, 69, 188, 116]]",0.9578964886004326,0.9191951453209837,0.9245101188564087,0.9937845303867403,0.9975052019194021,0.9956448661530712,2.8284271247461903,1.0865085934405556,0.07493093922651933,141.78426600028615
bus_0916-r,,,,,,,348,284,"[[59, 75, 167, 121]]",0.9596299411269975,0.9223928860145514,0.9785591766723842,0.9414191419141914,0.9992121517710828,0.970315646842637,3.0,1.1032405099869735,-0.037953795379537955,141.78426600028615
bus_0917-s,,,,,,,348,357,"[[39, 21, 311, 140]]",0.9544793343548168,0.912922494713019,0.927688131503544,0.9828639904134212,0.9806655174847028,0.9817647539490619,11.681162044153664,3.310256061613261,0.05947673257439585,142.7333150004415
bus_0918-l,,,,,,,353,273,"[[113, 87, 220, 136]]",0.9314859539850007,0.8717582679038782,0.8738373479608872,0.9972781709308656,0.9942931118183289,0.9957856413745972,4.0,1.8922904506393419,0.14126292868807838,142.7333150004415
bus_0918-r,,,,,,,353,284,"[[114, 89, 185, 138]]",0.9371428571428572,0.8817204301075269,0.8844815588030619,0.9964719717757742,0.9966018771558122,0.9965369244657931,3.605551275463989,1.5907166769432366,0.1266170129361035,142.7333150004415
bus_0919-l,,,,,,,347,279,"[[56, 68, 178, 108]]",0.9115762494660401,0.8375196232339089,0.8399370244030439,0.9965753424657534,0.9934829756092349,0.9950291590374942,5.830951894845301,1.9914796369762902,0.1864881693648817,142.7333150004415
bus_0919-r,,,,,,,347,285,"[[74, 65, 153, 107]]",0.9073073073073074,0.8303407841700257,0.8525206922498119,0.9696191698759092,0.9959402638828476,0.9827797168793784,7.0,2.049640596460058,0.13735558408215662,141.9444327502788
bus_0920-s,,,,,,,353,415,"[[123, 120, 211, 191]]",0.9268341109897746,0.8636447733580018,0.8646045563993332,0.9987163029525032,0.9948456152473893,0.9967809590999464,6.0,2.66269278415952,0.15511339323919554,141.9444327502788
bus_0921-l,,,,,,,344,277,"[[79, 93, 180, 142]]",0.9229607250755287,0.8569424964936886,0.8583871874121944,0.9980398562561255,0.9945352228739957,0.9962875395650606,4.123105625617661,1.8612443407307813,0.16269193074158772,141.9444327502788
bus_0921-r,,,,,,,344,285,"[[72, 92, 172, 147]]",0.967045958327176,0.9361945636623749,0.967188885604493,0.966903073286052,0.9988273326572008,0.9828652029716264,2.0,0.859886070313904,-0.0002955082742316785,141.9444327502788
bus_0922-l,,,,,,,352,273,"[[58, 69, 178, 121]]",0.9506898891653472,0.9060142272041388,0.9792637465051258,0.9237362637362637,0.9990278111550477,0.9613820374456556,3.605551275463989,1.4809939471489773,-0.056703296703296706,142.06401474984887
bus_0922-r,,,,,,,352,284,"[[78, 78, 177, 120]]",0.9044868947134607,0.8256285482562855,0.827866630523177,0.9967362924281984,0.9934471229257822,0.9950917076769903,7.761630533395968,2.501078164868284,0.20398172323759792,142.06401474984887
bus_0923-l,,,,,,,329,274,"[[70, 84, 200, 166]]",0.9175617962986929,0.8476805356288857,0.8482890643694664,0.9991544532130778,0.9847320891029501,0.991943271158014,9.463049648703295,3.338553151846952,0.1778466741826381,142.06401474984887
bus_0923-r,,,,,,,329,285,"[[65, 91, 191, 161]]",0.8944045286305247,0.8089799133517133,0.8097240473061761,0.9988652942130005,0.9834695648203114,0.9911674295166559,12.758970336262607,4.180380680526097,0.2335872912951856,142.06401474984887
bus_0924-l,,,,,,,347,277,"[[92, 66, 216, 159]]",0.9369322334760364,0.8813476082899518,0.8813476082899518,1.0,0.9861382048516283,0.9930691024258141,6.751973342624457,3.1660375768866618,0.1346261005237936,141.61219825018634
bus_0924-r,,,,,,,347,286,"[[71, 69, 177, 157]]",0.9462798445308163,0.8980371492556976,0.9002905441098785,0.9972205968402574,0.9918295348786875,0.9945250658594724,7.810249675906654,2.3339737482994383,0.10766530134581627,141.61219825018634
bus_0925-l,,,,,,,355,278,"[[125, 33, 190, 88]]",0.9365303244005642,0.8806366047745358,0.8835662009314704,0.9962490622655664,0.9963550778971924,0.9963020700813794,4.123105625617661,1.7490630956230468,0.1275318829707427,141.61219825018634
bus_0925-r,,,,,,,355,288,"[[69, 31, 150, 83]]",0.9228538283062645,0.8567582121701669,0.86,0.9956195244055068,0.9947700012115828,0.9951947628085448,5.0,2.218984369910083,0.15769712140175218,141.61219825018634
bus_0926-l,,,,,,,348,262,"[[1, 24, 256, 181]]",0.9776314029691052,0.9562416195179383,0.9627593019427066,0.9929701827073286,0.9816782763648145,0.9873242295360716,5.0,1.8593412303020023,0.0313794742919242,141.972510999949
bus_0926-r,,,,,,,348,262,"[[37, 23, 237, 174]]",0.9757585423228738,0.9526645645996341,0.9602150115745282,0.9918135764944276,0.9847521089908422,0.9882828427426349,9.848857801796104,1.9705539888903336,0.032907801418439714,141.972510999949
bus_0927-l,,,,,,,358,265,"[[48, 59, 177, 142]]",0.9125320365380825,0.8391346386270244,0.9008693395614377,0.9245006657789614,0.9912545787545788,0.9578776222667701,8.70490925992957,3.5645043314629885,0.02623169107856192,141.972510999949
bus_0927-r,,,,,,,358,287,"[[58, 73, 190, 145]]",0.8246302444913975,0.7015921931176169,0.7019527235354573,0.9992684711046086,0.9697636350366485,0.9845160530706285,24.312391868188442,7.931873712252475,0.42355523043160204,141.972510999949
bus_0928-l,,,,,,,350,280,"[[95, 35, 214, 82]]",0.9359594006766554,0.8796275266863502,0.8802272727272727,0.9992260061919505,0.994401002932302,0.9968135045621263,3.605551275463989,1.7878326747821593,0.13519091847265222,142.17086625012598
bus_0928-r,,,,,,,350,284,"[[86, 35, 170, 82]]",0.9205307887281944,0.8527624309392265,0.8575,0.9935629224332153,0.9946725099436096,0.9941177161884125,4.242640687119285,2.215205722583137,0.15867396202124234,142.17086625012598
bus_0929-l,,,,,,,352,276,"[[68, 38, 192, 94]]",0.946126106436455,0.8977602654500207,0.9035691922354414,0.9928899082568807,0.9950211225105613,0.993955515383721,3.1622776601683795,1.5066594303218086,0.09885321100917431,142.17086625012598
bus_0929-r,,,,,,,352,286,"[[117, 39, 192, 75]]",0.9022522522522523,0.8219121871153057,0.8249588138385503,0.9955268389662028,0.9956922765051692,0.995609557735686,5.0,2.150179608459492,0.20675944333996024,142.17086625012598
bus_0930-l,,,,,,,348,281,"[[34, 16, 274, 178]]",0.9748219223233414,0.9508805772871789,0.9543922552886339,0.9961453538415479,0.982101397272996,0.9891233755572719,5.0,2.0108218176206356,0.04374836271097639,141.7379112499475
bus_0930-r,,,,,,,348,285,"[[38, 18, 259, 167]]",0.9783287778211636,0.9575769157271163,0.9604032505366452,0.9969361769855165,0.9860495894554884,0.9914928832205024,4.242640687119285,1.677256681662862,0.03803915327073054,141.7379112499475
bus_0931-l,,,,,,,352,280,"[[15, 54, 256, 231]]",0.98279540187547,0.9661727873502519,0.9911772900349812,0.9745540877823096,0.9956624965756552,0.9851082921789824,4.123105625617661,1.5630574108659463,-0.016771169416205028,141.7379112499475
bus_0931-r,,,,,,,352,285,"[[6, 52, 274, 217]]",0.9814921352098447,0.963656903535117,0.9933537832310838,0.9699104245819352,0.9963586000840323,0.9831345123329838,4.0,1.7502763291642307,-0.023600210765689564,141.7379112499475
bus_0932-l,,,,,,,353,276,"[[10, 58, 222, 141]]",0.86216496987326,0.7577240522971295,0.9150568933580312,0.8150534255185418,0.9886304604486422,0.901841942983592,19.94234808487831,5.6107121163567175,-0.10928661219358894,142.07085774978623
bus_0932-r,,,,,,,353,284,"[[63, 34, 257, 122]]",0.8865454930846272,0.7962116885589187,0.8484633329952328,0.9282068353306702,0.9836256028057869,0.9559162190682285,15.545088114658636,4.3685894328940265,0.09398579671549046,142.07085774978623
bus_0933-l,,,,,,,348,275,"[[70, 131, 201, 195]]",0.8993988684582744,0.8171887550200804,0.8375041159038524,0.971172203130966,0.9890893413809113,0.9801307722559387,6.708203932499369,3.297967005033957,0.15960290187094311,142.07085774978623
bus_0933-r,,,,,,,348,284,"[[112, 133, 224, 193]]",0.9043965159684778,0.8254779481355291,0.8254779481355291,1.0,0.9902403912311715,0.9951201956155857,9.0,2.992564451933784,0.2114193992203623,142.07085774978623
bus_0934-l,,,,,,,349,281,"[[148, 75, 200, 113]]",0.7413002427839223,0.5889412773253322,0.5917312661498708,0.992057761732852,0.9901948616110214,0.9911263116719367,14.866068747318506,5.5952934242020325,0.6765342960288808,142.33585350029898
bus_0934-r,,,,,,,349,286,"[[103, 86, 166, 126]]",0.85249343832021,0.7429094236047575,0.7429094236047575,1.0,0.9942764028923515,0.9971382014461758,5.674264014027667,3.124318547023887,0.3460591133004926,142.33585350029898
bus_0935-l,,,,,,,347,276,"[[96, 36, 174, 98]]",0.9396383866481224,0.8861490031479539,0.9063590018781862,0.9754548079699682,0.9962192202277135,0.9858370140988408,5.0,1.766175671393294,0.07623447877562807,142.33585350029898
bus_0935-r,,,,,,,347,287,"[[108, 42, 240, 106]]",0.8903810935728612,0.8024206224457717,0.807625375731688,0.9920326467158959,0.9871245089630782,0.989578577839487,12.529964086141668,3.628738788553363,0.2283326855810338,142.33585350029898
bus_0936-l,,,,,,,347,281,"[[41, 31, 217, 168]]",0.8975936117405848,0.8142129992169146,0.917898918561024,0.8781672297297297,0.9866024802218514,0.9323848549757905,14.899551560488879,5.059803444758852,-0.04328547297297297,141.48660499995458
bus_0936-r,,,,,,,347,287,"[[103, 53, 229, 129]]",0.9304566117104281,0.8699568637401675,0.9088137839628894,0.9531554072838476,0.9925537096163213,0.9728545584500845,8.564017153551594,2.6906766046942936,0.048790658882402,141.48660499995458
bus_0937-l,,,,,,,335,276,"[[61, 37, 222, 174]]",0.9122933376984776,0.8387310378039972,0.8568353729782916,0.9754270512461496,0.9702210397052804,0.972824045475715,14.09954891328584,5.082438274267551,0.13840660879305516,141.48660499995458
bus_0937-r,,,,,,,335,286,"[[47, 41, 232, 177]]",0.9109879360939028,0.8365269461077844,0.9603774764077245,0.8664298601714028,0.991879498936906,0.9291546795541543,18.36708554674336,5.441129662337542,-0.09782363554352728,141.48660499995458
bus_0938-l,,,,,,,351,281,"[[87, 36, 242, 120]]",0.947665637927638,0.9005366279795333,0.9739506006208665,0.922762148337596,0.9978747068086465,0.9603184275731212,8.0,2.4083198704004327,-0.052557544757033246,143.27416900050594
bus_0938-r,,,,,,,351,286,"[[91, 36, 223, 120]]",0.9154939341421143,0.844157504474559,0.8465384615384616,0.9966792452830189,0.9872334979362422,0.9919563716096305,9.219544457292887,3.3237875879945102,0.17735849056603772,143.27416900050594
bus_0939-s,,,,,,,349,358,"[[136, 103, 268, 151]]",0.912881281544876,0.8397254743641501,0.8679324014187356,0.9627401064568387,0.9947521575845002,0.9787461320206694,5.0,2.42860702115809,0.10923397361721823,143.27416900050594
bus_0940-s,,,,,,,347,471,"[[127, 93, 227, 255]]",0.9432068543451653,0.8925179522816771,0.9440542306435805,0.9423609978803196,0.9954687076224937,0.9689148527514067,8.0,2.7473994535112745,-0.0017935757378118376,143.27416900050594
bus_0941-l,,,,,,,348,264,"[[51, 43, 209, 167]]",0.9560028170058193,0.9157139813960093,0.9522965588539359,0.9597380367641587,0.9917638809205074,0.975750958842333,6.379553562304016,2.4435426404965668,0.007814244250948872,141.9728822502293
bus_0941-r,,,,,,,348,288,"[[36, 37, 213, 174]]",0.9246505284691442,0.859860494610019,0.9572583750481325,0.8941909957436605,0.9920280574075626,0.9431095265756115,13.899605232358217,4.535120110760265,-0.0658833403273185,141.9728822502293
bus_0942-l,,,,,,,346,276,"[[67, 83, 183, 155]]",0.928636612520533,0.8667802385008518,0.8701898409440739,0.9954999021717863,0.9916025889251535,0.9935512455484699,4.277064977301324,2.365871613380201,0.14400313050283703,141.9728822502293
bus_0942-r,,,,,,,346,285,"[[105, 80, 182, 151]]",0.9489768076398363,0.9029075804776739,0.9232811255641094,0.9761436991299467,0.9969593990341621,0.9865515490820544,3.605551275463989,1.480080004504369,0.05725512208812798,141.9728822502293
bus_0943-s,,,,,,,351,360,"[[36, 59, 279, 197]]",0.9282518268690275,0.8661100155246927,0.9351272990848962,0.9214767197892951,0.9862253388355025,0.9538510293123987,21.908131845707583,5.483416675017926,-0.014597562608812106,142.07501925011456
bus_0944-l,,,,,,,352,283,"[[116, 75, 213, 142]]",0.9037057073302678,0.8243276585245497,0.8531664964249234,0.9606095457159287,0.9940190143335622,0.9773142800247454,8.54400374531753,2.516278079906429,0.12593444508338125,142.07501925011456
bus_0944-r,,,,,,,352,286,"[[94, 77, 163, 129]]",0.8583391486392185,0.7518337408312958,0.757700205338809,0.9898068669527897,0.9940288235770383,0.991917845264914,7.266308421610007,2.892903519641926,0.3063304721030043,142.07501925011456
bus_0945-l,,,,,,,353,277,"[[15, 123, 262, 281]]",0.9425248419150858,0.8912973838761346,0.9876937640515915,0.9013065543677788,0.9955427297922798,0.9484246420800293,12.041594578792296,4.470520075528093,-0.08746355685131195,142.07501925011456
bus_0945-r,,,,,,,353,287,"[[43, 120, 230, 271]]",0.8654165130851456,0.762761421319797,0.7680009813141432,0.9911350324521133,0.9311073336571151,0.9611211830546142,43.174066289845804,9.311384075371922,0.29053875784919003,141.22850525018293
bus_0946-s,,,,,,,348,359,"[[35, 109, 344, 315]]",0.9447866256049274,0.8953512612049197,0.9500110595001106,0.9396193393130606,0.971472570750549,0.9555459550318048,51.0,8.595735780517009,-0.010938525486764383,141.22850525018293
bus_0947-l,,,,,,,344,279,"[[105, 56, 184, 123]]",0.8877598152424943,0.7981727574750831,0.8059826670394185,0.9880054832076764,0.992542285456382,0.9902738843320292,7.0710678118654755,2.800632412215775,0.22583961617546264,141.22850525018293
bus_0947-r,,,,,,,344,287,"[[102, 49, 179, 116]]",0.8901843817787418,0.802101148301979,0.8112181863108475,0.9861820366476419,0.991991530309542,0.9890867834785919,8.421827830347553,2.916072636532882,0.2156803844998498,141.22850525018293
bus_0948-l,,,,,,,347,276,"[[66, 90, 224, 184]]",0.9564910867156813,0.9166103657948075,0.9383460132397985,0.9753517510526857,0.9927471377927588,0.9840494444227222,5.656854249492381,2.034476076673708,0.03943719831570299,142.62018999943393
bus_0948-r,,,,,,,347,286,"[[57, 102, 211, 194]]",0.9562339095255609,0.916138125440451,0.9567868783513827,0.955681579500105,0.9954190815871601,0.9755503305436326,5.0,1.89755506833953,-0.0011552194917034237,142.62018999943393
bus_0949-l,,,,,,,354,275,"[[46, 93, 254, 232]]",0.9416060311539572,0.8896555147423806,0.9782762949620654,0.9075855782864087,0.9948712662044793,0.951228422245444,12.72004091928941,3.714822958676938,-0.07226048207413409,142.62018999943393
bus_0949-r,,,,,,,354,287,"[[60, 85, 271, 218]]",0.8752596874717731,0.7781882428525538,0.9013394518169416,0.8506466904664365,0.9811740483487357,0.9159103694075861,22.297849189468533,7.353063696034781,-0.056241587171533915,142.62018999943393
bus_0950-l,,,,,,,347,265,"[[12, 107, 243, 277]]",0.9695874842149572,0.9409702127659575,0.9663671642834668,0.9728293386829973,0.9848604072896667,0.9788448729863319,6.737383539249406,2.5825670675268126,0.006687079857811565,141.67649575028918
bus_0950-r,,,,,,,347,261,"[[32, 106, 237, 286]]",0.9675785396376096,0.9371933621933622,0.9609039798786803,0.974346472639988,0.9834595643465198,0.9789030184932539,6.708203932499369,2.632788357533216,0.01398942354573754,141.67649575028918
bus_0951-l,,,,,,,357,269,"[[45, 92, 141, 161]]",0.9309939017866695,0.8708967173738991,0.9179324894514768,0.9444323855003256,0.9957451928335485,0.970088789166937,7.0710678118654755,2.1648583068218032,0.02886911222053397,141.67649575028918
bus_0951-r,,,,,,,357,285,"[[87, 93, 183, 162]]",0.9283335124100139,0.8662522558652497,0.8912729523416546,0.968609865470852,0.9945829264532045,0.9815963959620282,6.494648145952791,2.357824791896,0.0867713004484305,141.67649575028918
bus_0952-l,,,,,,,352,268,"[[20, 93, 241, 203]]",0.9593819423720946,0.9219347438185063,0.9515885022692889,0.9673040920032094,0.9907281431090955,0.9790161175561525,5.0,2.077281479213294,0.016515110992243915,145.08847150045767
bus_0952-r,,,,,,,352,289,"[[42, 90, 251, 207]]",0.9460957810004071,0.8977056585829767,0.9240699951052374,0.9691972020791889,0.9855940565325904,0.9773956293058896,8.602325267042627,2.7235571553063775,0.04883526920361933,145.08847150045767
bus_0953-l,,,,,,,347,266,"[[128, 100, 192, 147]]",0.8532721010332951,0.7440929114937925,0.759607522485691,0.9732844421162913,0.9934950715210249,0.983389756818658,8.0,3.158266426211474,0.28129910948140385,145.08847150045767
bus_0953-r,,,,,,,347,286,"[[127, 103, 183, 146]]",0.8680337756332931,0.7668371696504689,0.7704496788008566,0.9939226519337017,0.9944987273175138,0.9942106896256078,6.324555320336759,2.9098847730939856,0.2900552486187845,145.08847150045767
bus_0954-l,,,,,,,344,274,"[[78, 68, 195, 166]]",0.918073938840712,0.8485551571398439,0.8752311541390189,0.9653269346130774,0.9866505278104305,0.9759887312117539,9.486832980505138,3.776883560281357,0.10293941211757648,142.21813325002586
bus_0954-r,,,,,,,344,289,"[[85, 69, 194, 161]]",0.9516509433962265,0.9077615298087739,0.9101931481742563,0.9970656370656371,0.9931461895180813,0.9951059132918592,5.0,1.9860998459667807,0.09544401544401544,142.21813325002586
bus_0955-l,,,,,,,345,272,"[[61, 54, 255, 132]]",0.9420341941777481,0.8904202659419587,0.9092170465807731,0.9773090444231384,0.9891537304773069,0.9832313874502226,5.830951894845301,2.3139704212674173,0.07489080643443059,142.21813325002586
bus_0955-r,,,,,,,345,287,"[[80, 44, 212, 122]]",0.9340503821115199,0.8762612851832182,0.9093414163681455,0.9601396566773349,0.9928587707969307,0.9764992137371329,8.23701357608847,2.572965808756998,0.05586267093395403,142.21813325002586
bus_0956-l,,,,,,,349,275,"[[83, 97, 216, 163]]",0.933676252825189,0.8756029820201725,0.8924314660309892,0.9789181238764504,0.9919649216524217,0.985441522764436,8.54400374531753,2.4018562533564314,0.09691126000980553,142.54044249992148
bus_0956-r,,,,,,,349,287,"[[67, 86, 217, 156]]",0.8941124780316344,0.8085021851410409,0.8954238779700792,0.8928049137174613,0.9923600321457273,0.9425824729315944,10.0,3.687954374917354,-0.0029248318221702253,142.54044249992148
bus_0957-s,,,,,,,354,272,"[[44, 33, 176, 126]]",0.9149513534979151,0.84323532999878,0.8562933597621407,0.9822367486144664,0.9870029467456948,0.9846198476800806,16.679238268237324,3.5645545329865573,0.14707972147221826,142.54044249992148
bus_0958-l,,,,,,,352,264,"[[6, 54, 256, 150]]",0.9516409476200826,0.907743339898414,0.912139992708713,0.9947180098824331,0.9776025278474795,0.9861602688649562,8.94427190999916,2.671292803962796,0.09053217470324303,142.54044249992148
bus_0958-r,,,,,,,352,261,"[[37, 55, 218, 140]]",0.9693033727323895,0.9404351844072922,0.9468787007274573,0.9928159645232816,0.9922081467052124,0.992512055614247,3.0,1.4528213080258858,0.04851441241685144,142.17551875026402
bus_0959-s,,,,,,,355,367,"[[4, 22, 366, 266]]",0.9773961015578821,0.9557914878350187,0.9921105624672423,0.963111735957689,0.9897122302158273,0.9764119830867581,6.0,3.1211380905633166,-0.029229430273816696,142.17551875026402
bus_0960-l,,,,,,,350,276,"[[87, 96, 158, 151]]",0.9135466303607896,0.8408521303258145,0.842435655994978,0.9977695167286246,0.9946544563944202,0.9962119865615224,5.656854249492381,2.3482817877887943,0.18438661710037174,142.17551875026402
bus_0960-r,,,,,,,350,285,"[[58, 91, 151, 149]]",0.9238014732520227,0.8583931777378815,0.8693181818181818,0.9855707291935069,0.9940022322127069,0.9897864807031069,5.170555836978214,2.3978972597793184,0.13372842051017778,142.17551875026402
bus_0961-l,,,,,,,346,279,"[[54, 83, 228, 141]]",0.925224071702945,0.8608529902311175,0.8842388644150758,0.9701933404940923,0.9893810475271086,0.9797871940106004,6.332412212046361,2.6970140782518883,0.09720730397422127,141.56929650016536
bus_0961-r,,,,,,,346,286,"[[73, 86, 211, 145]]",0.9181657848324515,0.8487120965112488,0.8905234348272323,0.9475791772843102,0.993152297190302,0.970365737237306,7.0710678118654755,2.592362716557886,0.06406989443028759,141.56929650016536
bus_0962-l,,,,,,,348,279,"[[40, 79, 259, 202]]",0.9321849501359928,0.8729835286126677,0.9492829445436081,0.9156919788636229,0.9897319592767511,0.952711969070187,9.848857801796104,3.6573782843358282,-0.03538562013893012,141.56929650016536
bus_0962-r,,,,,,,348,284,"[[66, 85, 228, 207]]",0.9271548291684046,0.8642018945284886,0.8950142763013398,0.9616897419760856,0.983348815606131,0.9725192787911083,10.198039027185569,3.8791184267772447,0.07449653870358716,141.56929650016536
bus_0963-l,,,,,,,348,279,"[[45, 53, 229, 177]]",0.925635750864446,0.8615660392732013,0.9501302902327253,0.9023724185014508,0.9934991917914119,0.9479358051464313,10.0,3.148489825405083,-0.05026455026455026,141.78864800032898
bus_0963-r,,,,,,,348,285,"[[36, 61, 222, 173]]",0.9519108280254777,0.908234579155272,0.9719534997154703,0.9326780560106093,0.9960051412095737,0.9643415986100915,5.830951894845301,2.0200721267560233,-0.04040876823465169,141.78864800032898
bus_0964-l,,,,,,,347,274,"[[82, 68, 206, 177]]",0.9027060065566483,0.8226655863884951,0.8911684037301152,0.9145462733618555,0.9884913453060467,0.951518809333951,12.149029243196061,3.73109890405219,0.026232830443593785,141.78864800032898
bus_0964-r,,,,,,,347,285,"[[71, 77, 222, 181]]",0.8427112535042051,0.7281771779565707,0.7831953103191588,0.9120164698233828,0.9740146766890461,0.9430155732562144,16.97645019878171,6.230752814016838,0.16448152562574495,141.78864800032898
bus_0965-l,,,,,,,351,281,"[[107, 71, 170, 167]]",0.7608258337744839,0.6139781271360218,0.6215187683791732,0.9806222707423581,0.9769604178293513,0.9787913442858547,27.586228448267445,7.903854842551066,0.5777838427947598,141.70787399962137
bus_0965-r,,,,,,,351,287,"[[98, 68, 196, 178]]",0.905476369092273,0.8272789581905414,0.8972643473089503,0.913840096910963,0.9926593224480257,0.9532497096794943,10.295630140987,3.412586574464635,0.018473652331920047,141.70787399962137
bus_0966-l,,,,,,,349,281,"[[55, 51, 220, 170]]",0.9516383243467441,0.9077385662288336,0.9407905527308512,0.9627391742195368,0.9916195605492554,0.977179367384396,7.218003284763226,2.318154188647179,0.02332997650218194,141.70787399962137
bus_0966-r,,,,,,,349,287,"[[33, 59, 229, 164]]",0.9221619599775575,0.8555663520266519,0.93026941362916,0.9141946010086028,0.9893399785415152,0.9517672897750591,15.132745950421556,3.959946950710579,-0.017279738949866508,141.70787399962137
bus_0967-l,,,,,,,345,276,"[[12, 43, 232, 163]]",0.8162769899067331,0.6895844576362655,0.7411403050867119,0.9083671003056799,0.945005113797395,0.9266861070515375,29.154759474226502,9.66709220542723,0.22563446363830242,142.2514627502096
bus_0967-r,,,,,,,345,285,"[[67, 37, 266, 136]]",0.6002720133374282,0.4288490471414243,0.43004871915763004,0.9935371432720935,0.785545331977198,0.8895412376246458,75.13707788711176,29.232808455628312,1.31028973930724,142.2514627502096
bus_0968-l,,,,,,,347,281,"[[73, 81, 188, 169]]",0.9381467361705439,0.8834994138335287,0.9003882915173238,0.9792106545395485,0.9926984126984127,0.9859545336189806,5.830951894845301,2.28171282323705,0.08754263439987006,142.2514627502096
bus_0968-r,,,,,,,347,287,"[[63, 93, 183, 166]]",0.9484366428963248,0.9019300991131977,0.9250936329588015,0.9729881823297692,0.9955441447940758,0.9842661635619225,4.0,1.7447427091756185,0.05177265053460889,142.2514627502096
bus_0969-l,,,,,,,346,275,"[[51, 17, 204, 118]]",0.9654578422484135,0.933222329331347,0.9827427094868956,0.9487704918032787,0.9977718466267903,0.9732711692150344,4.242640687119285,1.7703863596107792,-0.0345687811831789,142.07174150033097
bus_0969-r,,,,,,,346,286,"[[61, 19, 159, 99]]",0.970569210866753,0.9428212378259504,0.9948615945632355,0.9474348855564325,0.9996653026851362,0.9735500941207844,3.1622776601683795,1.2438518153155649,-0.047671665351223365,142.07174150033097
bus_0970-s,,,,,,,347,536,"[[40, 34, 429, 250]]",0.9682325261001422,0.9384212534248951,0.990554813201296,0.946894138232721,0.9959950947672342,0.9714446164999776,11.40175425099138,3.4138175173457133,-0.044076990376202975,142.07174150033097
bus_0971-l,,,,,,,362,279,"[[95, 66, 158, 88]]",0.8307844104588061,0.7105485232067511,0.7123519458544839,0.9964497041420118,0.9966051940530988,0.9965274490975553,5.0,2.236944359825882,0.3988165680473373,142.07174150033097
bus_0971-r,,,,,,,362,289,"[[100, 63, 154, 84]]",0.8605061801059447,0.7551652892561983,0.7551652892561983,1.0,0.9977186750989055,0.9988593375494528,2.8970562748477104,1.6636366174817467,0.32421340629274964,142.42424574968027
bus_0972-s,,,,,,,348,314,"[[92, 11, 249, 92]]",0.9519991777161065,0.9083954491957631,0.9141334386103435,0.9931374651511902,0.9912952994617094,0.9922163823064498,6.0,2.2245307647014525,0.08642504825219816,142.42424574968027
bus_0973-l,,,,,,,359,275,"[[81, 121, 207, 175]]",0.9130376524185985,0.8399901380670611,0.9324028461959496,0.8944604883171436,0.9973976990180792,0.9459290936676115,7.0,2.055248892166278,-0.04069309530060383,142.42424574968027
bus_0973-r,,,,,,,359,288,"[[93, 124, 167, 168]]",0.9451686323194703,0.8960376618281679,0.9572506286672254,0.93338782182264,0.9989895487641786,0.9661886852934093,3.1622776601683795,1.2810041167792656,-0.024928483857785042,142.42424574968027
bus_0974-l,,,,,,,359,278,"[[63, 86, 173, 137]]",0.941451261289318,0.8893792291850544,0.8967665381192524,0.9908226810881678,0.9964031379520625,0.9936129095201152,3.605551275463989,1.3487833039803436,0.10488364470665355,141.20505675055028
bus_0974-r,,,,,,,359,287,"[[78, 92, 210, 147]]",0.882210568777733,0.7892457596535547,0.9356149732620321,0.8345735546651403,0.9969220386125655,0.9157477966388529,16.08253231697503,3.523162977273,-0.10799465750810915,141.20505675055028
bus_0975-l,,,,,,,352,274,"[[70, 68, 197, 117]]",0.9222882919827763,0.8557838660578386,0.9413980745081624,0.9039389067524116,0.9969389539968515,0.9504389303746316,10.735283663885419,2.439149257258816,-0.039790996784565914,141.20505675055028
bus_0975-r,,,,,,,352,285,"[[118, 66, 196, 117]]",0.9134842852314972,0.8407465007776049,0.8468045112781954,0.9915627292736611,0.9949894460725045,0.9932760876730828,6.395267345723238,2.279372318103785,0.17094644167278064,141.20505675055028
bus_0976-l,,,,,,,353,245,"[[13, 21, 239, 127]]",0.951715438950555,0.9078789045579246,0.90849106583827,0.9992583567304126,0.9718968169447403,0.9855775868375765,7.0,3.184219626016167,0.0999099433172644,144.29364475017792
bus_0976-r,,,,,,,353,240,"[[20, 18, 211, 123]]",0.9702495485628015,0.9422181337319612,0.9606096131301289,0.9800849231505293,0.9901175017279666,0.985101212439248,6.348125995465582,1.9078898364128518,0.020273907062974703,144.29364475017792
bus_0977-l,,,,,,,349,276,"[[36, 85, 152, 161]]",0.957396703061443,0.9182751540041068,0.9404177765316136,0.975,0.9952484235946514,0.9851242117973257,5.385164807134504,1.690536704306135,0.036773255813953486,144.29364475017792
bus_0977-r,,,,,,,349,286,"[[42, 87, 190, 154]]",0.9471182412358883,0.899548532731377,0.9036281179138322,0.9950062421972534,0.9927199537502944,0.9938630979737739,5.0,1.809611244617891,0.10112359550561797,144.29364475017792
bus_0978-l,,,,,,,353,275,"[[69, 97, 189, 196]]",0.9365217897247919,0.8806215122004596,0.9524260355029586,0.9211399793979627,0.9954492970182708,0.9582946382081168,8.0,2.843795160968166,-0.032848803937278244,142.19851399957406
bus_0978-r,,,,,,,353,287,"[[100, 96, 231, 192]]",0.9581012351658997,0.9195722919572292,0.9295112781954887,0.9885057471264368,0.9935696142840301,0.9910376807052335,4.47213595499958,1.7111721524304924,0.06346826586706647,142.19851399957406
bus_0979-l,,,,,,,349,280,"[[89, 31, 151, 123]]",0.8987449738028512,0.8161097587961939,0.8810320114667941,0.9171847799054962,0.9946851086991323,0.9559349443023142,9.861517085499994,2.857274726888981,0.0410345685152947,142.19851399957406
bus_0979-r,,,,,,,349,284,"[[92, 30, 191, 117]]",0.8720793410657254,0.7731743666169896,0.8092341288410544,0.9455075633315109,0.9869378077305109,0.9662226855310109,16.406981739922273,4.405318701106644,0.16839803171131765,142.19851399957406
bus_0980-l,,,,,,,350,278,"[[30, 24, 253, 217]]",0.9038484250307908,0.824565183931045,0.9839473974212982,0.8358087868197703,0.9933028872678232,0.9145558370437967,19.022352951874378,7.581754197304103,-0.15055541687468796,142.1250470002633
bus_0980-r,,,,,,,350,284,"[[33, 42, 224, 242]]",0.8819674850696748,0.7888567401142518,0.9974671669793621,0.790440083258995,0.9992551313175899,0.8948476072882925,32.14031735997639,8.34639884475154,-0.20755278025572405,142.1250470002633
bus_0981-l,,,,,,,363,281,"[[39, 94, 180, 254]]",0.9451607891875097,0.8960235640648012,0.9570552147239264,0.9335583857603191,0.9938630309433623,0.9637107083518407,6.4031242374328485,2.5192470399681826,-0.024551173852999847,142.1250470002633
bus_0981-r,,,,,,,363,283,"[[54, 92, 212, 252]]",0.9423228487497313,0.8909361875084677,0.9761745713649521,0.9107402534450523,0.9963641718013773,0.9535522126232148,9.219544457292887,2.81095449963663,-0.06703136901876601,142.1250470002633
bus_0982-l,,,,,,,357,279,"[[50, 24, 235, 163]]",0.9683542390811546,0.938649947263565,0.9737993920972644,0.9629696423204088,0.9948052261112719,0.9788874342158403,5.830951894845301,1.91804720015322,-0.011121130147279832,142.5538024996058
bus_0982-r,,,,,,,357,283,"[[61, 35, 201, 156]]",0.9638458831808585,0.9302147890313269,0.972313426213506,0.9555245487049795,0.9965164575052476,0.9760205031051136,5.9323807579381045,1.7505536857439838,-0.017266939914537368,142.5538024996058
bus_0983-l,,,,,,,354,282,"[[55, 75, 228, 169]]",0.9428798095993653,0.8919324577861163,0.9296050058662495,0.9565392354124749,0.9919900320398718,0.9742646337261733,7.280109889280518,2.4082245100923356,0.0289738430583501,142.5538024996058
bus_0983-r,,,,,,,354,290,"[[75, 75, 162, 169]]",0.9198160816418078,0.8515365448504983,0.912753171600267,0.9269891500904159,0.996009609511788,0.961499379801102,5.385164807134504,2.153294754318791,0.015596745027124773,142.5538024996058
bus_0984-l,,,,,,,352,276,"[[81, 78, 198, 202]]",0.9552391587567467,0.9143137080252962,0.9256086564472498,0.9868294558738704,0.9904899135446686,0.9886596847092695,7.615773105863909,2.334799138588894,0.06614112670640261,142.00272349989973
bus_0984-r,,,,,,,352,285,"[[45, 82, 227, 201]]",0.9402949971441051,0.8873176918199113,0.8971597102006796,0.9877876605957927,0.981382176103257,0.9845849183495248,7.0710678118654755,3.261622087492496,0.10101651842439645,142.00272349989973
bus_0985-l,,,,,,,352,278,"[[76, 70, 193, 139]]",0.9563278201077866,0.9163105413105413,0.9522575869726129,0.9604329973870848,0.9972107505027136,0.9788218739448992,3.1622776601683795,1.4664788490685319,0.008585293019783502,142.00272349989973
bus_0985-r,,,,,,,352,286,"[[65, 54, 182, 151]]",0.9403377110694184,0.8873937677053825,0.952417148069322,0.9285608418556396,0.9966675538993878,0.9626141978775137,6.0,2.0335111470944844,-0.025048169556840076,142.00272349989973
bus_0986-l,,,,,,,345,278,"[[51, 47, 223, 197]]",0.9317243197328725,0.8721759157710024,0.9608530175798948,0.9043097566522629,0.9917264625520288,0.9480181096021458,13.341664064126334,4.015638315820826,-0.058846941096201956,142.6254992502436
bus_0986-r,,,,,,,345,285,"[[25, 53, 219, 200]]",0.9184005201560468,0.8491133152990682,0.9839205897718697,0.8610617221234442,0.9964776195320447,0.9287696708277444,26.3457217388917,5.771340675204232,-0.12486664973329947,142.6254992502436
bus_0987-l,,,,,,,350,275,"[[46, 135, 182, 230]]",0.9480765702403523,0.9012790697674419,0.9873885350318471,0.9117750852840842,0.9988717820146098,0.955323433649347,6.8832815729997545,2.1751521703832286,-0.07657922597341489,142.6254992502436
bus_0987-r,,,,,,,350,284,"[[88, 131, 212, 241]]",0.9391036229490144,0.8851982561760432,0.9441984056687334,0.9340635268346111,0.9944167497507478,0.9642401382926795,7.0710678118654755,2.81781398249399,-0.010733844468784228,142.6254992502436
bus_0988-s,,,,,,,350,287,"[[61, 53, 244, 208]]",0.8195387744138751,0.6942530230139123,0.9911824763319101,0.6985674102178322,0.998884492091636,0.848725951154734,22.80350850198276,8.115655613208126,-0.2952181592202525,141.96649825044005
bus_0989-l,,,,,,,346,276,"[[91, 120, 213, 212]]",0.9432233216017,0.8925474425034561,0.9799917207120188,0.9091141833077317,0.998346334565029,0.9537302589363803,6.082762530298219,2.2416500999086466,-0.07232462877624168,141.96649825044005
bus_0989-r,,,,,,,346,286,"[[110, 115, 171, 199]]",0.9223236734153765,0.855844793713163,0.875848203066097,0.9740078256008944,0.9948206085260752,0.9844142170634849,7.0,2.3265540171683097,0.11207378423700391,141.96649825044005
bus_0990-l,,,,,,,352,540,"[[118, 53, 416, 229]]",0.9529538981708524,0.9101355675801478,0.9424044341356147,0.9637422216745734,0.9878694057785279,0.9758058137265506,9.0,3.3089126892044636,0.022641858172632617,141.96649825044005
bus_0990-r,,,,,,,352,534,"[[119, 46, 380, 214]]",0.9521154945683248,0.9086072841358614,0.9541612949434178,0.9500784481529025,0.9919961981941422,0.9710373231735223,8.48528137423857,3.299719339741888,-0.004278990158322636,142.5878730005934
bus_0991-s,,,,,,,339,375,"[[26, 78, 356, 199]]",0.9591623741709592,0.9215293052141286,0.9987730061349693,0.9225737508500372,0.9996363409667096,0.9611050459083734,8.54400374531753,3.143011358423359,-0.0762928661636605,142.5878730005934
bus_0992-l,,,,,,,350,279,"[[58, 41, 211, 89]]",0.9655520759672694,0.9333984375,0.9805088223225277,0.951044776119403,0.9989743589743589,0.975009567546881,2.23606797749979,0.9646905020676161,-0.030049751243781096,142.5878730005934
bus_0992-r,,,,,,,350,286,"[[112, 41, 205, 90]]",0.9586352657004831,0.9205566830965497,0.9551744885679904,0.9621212121212122,0.9984607438016528,0.9802909779614325,2.23606797749979,1.1421779667447194,0.007272727272727273,142.5878730005934
bus_0993-l,,,,,,,303,275,"[[60, 70, 215, 127]]",0.9509534368070953,0.9064930672979371,0.9643820831084727,0.9378936319104269,0.9974487495007023,0.9676711907055646,3.605551275463989,1.4728426210015744,-0.027466759972008398,142.0645397502085
bus_0993-r,,,,,,,303,275,"[[73, 62, 195, 114]]",0.9437982389390152,0.8935776039522437,0.9191192038958289,0.9698391420911529,0.9951552968331875,0.9824972194621702,5.0,1.639401603846322,0.05518319928507596,142.0645397502085
bus_0994-l,,,,,,,309,275,"[[92, 65, 159, 101]]",0.907342247243725,0.8303993130098755,0.8365051903114187,0.99128651973347,0.9954470996338408,0.9933668096836554,8.0,2.0454931868568513,0.18503331624807792,142.0645397502085
bus_0994-r,,,,,,,309,275,"[[124, 51, 174, 80]]",0.9154342055365946,0.8440559440559441,0.8470175438596491,0.9958745874587459,0.9973974189081097,0.9966360031834278,5.0,1.5329210055077016,0.17574257425742573,142.0645397502085
bus_0995-l,,,,,,,306,275,"[[38, 31, 221, 105]]",0.9663722464616367,0.9349325646041388,0.9530856423173804,0.9800345348586229,0.9940307675872015,0.9870326512229122,4.0,1.4069712927287108,0.028275415497517806,142.56470925010944
bus_0995-r,,,,,,,306,276,"[[96, 35, 262, 106]]",0.9185140440954395,0.849307417336908,0.9510883162371779,0.8880971849083051,0.994848145464128,0.9414726651862166,13.0,3.3505236991834813,-0.06623058053965658,142.56470925010944
bus_0996-l,,,,,,,303,275,"[[93, 40, 230, 112]]",0.9386437029063509,0.8843813387423936,0.9658227848101266,0.912952437930003,0.9971815916178447,0.9550670147739239,11.0,2.316264391340066,-0.05474125037391565,142.56470925010944
bus_0996-r,,,,,,,303,276,"[[99, 35, 220, 112]]",0.9574630279005946,0.9183971921614508,0.9661538461538461,0.9489271683288002,0.997143228152188,0.9730351982404941,5.0,1.6872899645821922,-0.01783016016923542,142.56470925010944
bus_0997-l,,,,,,,303,275,"[[104, 37, 164, 65]]",0.9584158415841584,0.9201520912547528,0.930053804765565,0.988562091503268,0.9988916091156015,0.9937268503094348,2.23606797749979,0.6870980956913058,0.06290849673202614,142.001223999614
bus_0997-r,,,,,,,303,276,"[[95, 33, 151, 62]]",0.8900379179593244,0.801863354037267,0.8048628428927681,0.9953739398612182,0.9961982728255456,0.9957861063433819,8.54400374531753,2.127724790989988,0.23670007710100233,142.001223999614
bus_0998-s,,,,,,,305,462,"[[93, 10, 373, 194]]",0.9613142408247082,0.9255101770028925,0.9739722966934763,0.9489809801093848,0.9910521414376098,0.9700165607734973,11.313188505594386,3.21045280332816,-0.025659165736986747,142.001223999614
bus_0999-l,,,,,,,304,275,"[[128, 131, 222, 165]]",0.8440870758972348,0.7302341364099084,0.7395189003436426,0.983097304705345,0.9906892189016226,0.9868932618034838,12.36931687685298,3.585365217451337,0.3293741434444952,142.001223999614
bus_0999-r,,,,,,,304,276,"[[89, 130, 169, 170]]",0.9123843276235479,0.8388848660391021,0.84408014571949,0.9927163667523564,0.994752972906706,0.9937346698295312,7.924099870362655,2.199797663003335,0.17609254498714652,142.47145899935276
bus_1000-l,,,,,,,302,276,"[[100, 50, 220, 89]]",0.9470976041164174,0.8995113011606597,0.9214643304130162,0.9741978167383394,0.9968753501226207,0.9855365834304801,3.0,1.226285311743623,0.057227919285478004,142.47145899935276
bus_1000-r,,,,,,,302,276,"[[92, 48, 166, 82]]",0.7985896870868224,0.6647101980924431,0.6763717805151176,0.9747175901022055,0.9893610494152872,0.9820393197587464,19.402757201237346,4.6060970046317085,0.44109736417428724,142.47145899935276
bus_1001-l,,,,,,,303,276,"[[98, 34, 174, 65]]",0.9425810119386014,0.8913978494623656,0.8991323210412148,0.9904420549581839,0.9977304341459843,0.9940862445520842,3.605551275463989,1.0494298252657364,0.1015531660692951,142.47145899935276
bus_1001-r,,,,,,,303,276,"[[113, 36, 180, 64]]",0.9291544237675482,0.8676829268292683,0.8692730604764813,0.9978962131837307,0.9973966570156444,0.9976464350996875,3.605551275463989,1.212973744298286,0.1479663394109397,141.76581075025751
bus_1002-l,,,,,,,303,276,"[[96, 50, 151, 124]]",0.5474991967441363,0.3769355552278425,0.3780505842331016,0.9922360248447205,0.9481197256082515,0.970177875226486,47.1514915387938,16.544419567167314,1.624611801242236,141.76581075025751
bus_1002-r,,,,,,,303,276,"[[61, 45, 133, 133]]",0.8917774207682196,0.8046916183447549,0.9056659744882825,0.8783084004602992,0.9960325381774628,0.937170469318881,9.486832980505138,2.63865912924538,-0.030207134637514385,141.76581075025751
bus_1003-l,,,,,,,305,276,"[[113, 76, 178, 119]]",0.9149606299212598,0.8432510885341074,0.8469387755102041,0.9948630136986302,0.9961784830397438,0.995520748369187,5.385164807134504,1.793998246787618,0.17465753424657535,141.76581075025751
bus_1003-r,,,,,,,305,276,"[[104, 83, 185, 119]]",0.9467713787085514,0.8989229494614748,0.9305317324185248,0.9635879218472468,0.9980226540376916,0.9808052879424692,3.0,1.174137395140481,0.035523978685612786,142.75178000025335
bus_1004-l,,,,,,,304,276,"[[114, 62, 222, 134]]",0.9546570942754582,0.9132477860112055,0.9632100648112848,0.94625468164794,0.9975434041036607,0.9718990428758003,4.0,1.6002355189012443,-0.017602996254681647,142.75178000025335
bus_1004-r,,,,,,,304,276,"[[97, 58, 227, 134]]",0.9426279140175597,0.8914817465998568,0.9344237695078031,0.9509773976786805,0.9943507937328714,0.9726640957057759,8.06225774829855,2.1412925199811257,0.0177153329260843,142.75178000025335
bus_1005-s,,,,,,,304,550,"[[201, 73, 326, 122]]",0.94681411269089,0.899,0.9013434930820132,0.9971162377994676,0.9969758808054483,0.9970460593024579,3.0,1.5861312508661969,0.10625554569653949,142.75178000025335
bus_1006-l,,,,,,,304,276,"[[100, 96, 215, 170]]",0.9711785121472762,0.9439718392490466,0.9668018627009163,0.9755949674094285,0.9971412679317526,0.9863681176705905,3.0,1.1752888812857027,0.009095043201455207,142.6460472503095
bus_1006-r,,,,,,,304,276,"[[106, 104, 216, 173]]",0.9571747513700021,0.917866874270144,0.972972972972973,0.9418813660874775,0.9983396073361471,0.9701104867118123,4.0,1.51511251877781,-0.03195526263231476,142.6460472503095
bus_1007-l,,,,,,,304,275,"[[98, 48, 162, 96]]",0.8837961714747911,0.7917874396135266,0.7937046004842615,0.9969586374695864,0.994802088925765,0.9958803631976757,6.781152949374527,2.228430935688671,0.25608272506082724,142.6460472503095
bus_1007-r,,,,,,,304,276,"[[106, 53, 149, 84]]",0.7932178400294877,0.657299938912645,0.6577017114914425,0.9990714948932219,0.9932389196759511,0.9961552072845865,25.852814347309344,5.764578554979227,0.5190343546889508,142.6460472503095
bus_1008-l,,,,,,,304,276,"[[110, 61, 156, 83]]",0.8906697195191757,0.8028895768833849,0.8037190082644629,0.9987163029525032,0.9977142857142857,0.9982152943333944,3.1622776601683795,1.4930487246313497,0.24261874197689345,142.39124300002004
bus_1008-r,,,,,,,304,276,"[[130, 58, 158, 80]]",0.8481327800829875,0.7363112391930836,0.7363112391930836,1.0,0.9978055712110129,0.9989027856055064,3.605551275463989,1.9509116430478444,0.35812133072407043,142.39124300002004
bus_1009-l,,,,,,,305,276,"[[97, 84, 192, 189]]",0.8789571694599627,0.7840531561461794,0.9683804006758387,0.8046530284797433,0.9983458342803748,0.9014994313800591,13.408933484911497,3.3289858419390637,-0.1690734055354994,142.39124300002004
bus_1009-r,,,,,,,305,276,"[[101, 86, 186, 192]]",0.9210142815505683,0.8535926526202053,0.9571890145395799,0.8874742557573488,0.9973109755324142,0.9423926156448815,7.810249675906654,2.481269768416488,-0.07283280284590901,142.39124300002004
bus_1010-l,,,,,,,304,276,"[[122, 68, 178, 103]]",0.9417578538651606,0.8899266177451635,0.9001349527665317,0.9874167283493709,0.9982072123363173,0.9928119703428441,2.23606797749979,1.0555199666908457,0.09696521095484827,142.0076104996042
bus_1010-r,,,,,,,304,276,"[[89, 79, 192, 113]]",0.9318699523710913,0.8724311748739821,0.9430008382229673,0.9209987720016374,0.9983304894366629,0.9596646307191501,4.4985291572495765,1.3570463268541537,-0.023331968890708144,142.0076104996042
bus_1011-l,,,,,,,302,462,"[[35, 34, 348, 160]]",0.9527003679086123,0.9096731620215822,0.954504724666015,0.9509028200446338,0.9902767259464306,0.9705897729955322,8.54400374531753,3.0861420250075007,-0.0037735849056603774,142.0076104996042
bus_1011-r,,,,,,,302,462,"[[113, 34, 287, 135]]",0.9060209260071425,0.8281885344481988,0.834545244690674,0.9908866657530492,0.9770511486432402,0.9839689071981447,18.65337843318351,6.234846981183516,0.18733726188844732,142.0076104996042
bus_1012-l,,,,,,,306,276,"[[123, 57, 208, 99]]",0.967741935483871,0.9375,0.9772896500372301,0.9583789704271632,0.9992535212991177,0.9788162458631404,2.0,0.8252617155703875,-0.019350127783862723,141.49332874967513
bus_1012-r,,,,,,,306,276,"[[108, 61, 173, 97]]",0.936063936063936,0.8798122065727699,0.8814675446848542,0.9978700745473909,0.9969483397515077,0.9974092071494493,3.0,1.425244753370016,0.13205537806176784,141.49332874967513
bus_1013-l,,,,,,,304,276,"[[25, 14, 258, 209]]",0.8682061107189675,0.7671062009978618,0.8213820078226858,0.9206914988415612,0.8994252359039553,0.9100583673727582,31.04834939252005,8.840907086926581,0.12090536446266263,141.49332874967513
bus_1013-r,,,,,,,304,277,"[[25, 16, 269, 203]]",0.8959105410718314,0.8114474183473921,0.8631170443961502,0.9312943856358032,0.9188865994554419,0.9250904925456226,23.0,7.903042784611215,0.0789896824333378,141.49332874967513
bus_1014-l,,,,,,,305,276,"[[67, 79, 231, 183]]",0.7730996998458668,0.6301243057392224,0.6531423480227537,0.9470336877670674,0.9317160705371237,0.9393748791520955,28.88939150345889,11.206450530562657,0.44996521911954684,142.25857675046427
bus_1014-r,,,,,,,305,276,"[[37, 40, 153, 162]]",0.5570341519708608,0.38603418974307707,0.39607159341504694,0.9383961117861482,0.8449506254114549,0.8916733685988016,116.07906769450808,30.17809859134518,1.369258809234508,142.25857675046427
bus_1015-s,,,,,,,303,463,"[[112, 20, 360, 166]]",0.9742741509765969,0.9498387428806697,0.9885024637577662,0.9604496253122398,0.9971112008253712,0.9787804130688055,5.0,2.1601303251735122,-0.028379128504024423,142.25857675046427
bus_1016-l,,,,,,,304,276,"[[54, 38, 221, 100]]",0.9546764106528002,0.9132831406292014,0.9621813031161474,0.9472876865151304,0.9965204019131273,0.9719040442141289,5.0,1.6295955681734295,-0.015479012690001395,142.25857675046427
bus_1016-r,,,,,,,304,276,"[[88, 30, 188, 86]]",0.8224258760107817,0.6984068851858634,0.7026529108327192,0.9914218871848194,0.9798393644528274,0.9856306258188234,25.550926322841406,5.9261053127690095,0.410969586690928,142.14940474994364
bus_1017-l,,,,,,,304,276,"[[51, 44, 226, 183]]",0.9079294839768753,0.8313835697013268,0.927795200933557,0.888896652924324,0.985774431336485,0.9373355421304045,15.275789878880357,5.6271314161212835,-0.041925791349311715,142.14940474994364
bus_1017-r,,,,,,,304,277,"[[80, 45, 220, 186]]",0.9098213260894518,0.8345616621043027,0.968951185722435,0.8574931487090726,0.9945836058116061,0.9260383772603393,16.507511949932887,4.750673865390553,-0.11502956872926583,142.14940474994364
bus_1018-l,,,,,,,311,276,"[[48, 15, 234, 110]]",0.9480718581705255,0.9012705530642751,0.9373493975903614,0.9590424685859711,0.9889983893423603,0.9740204289641656,10.009975124224175,2.634076746976806,0.023142993478606648,142.14940474994364
bus_1018-r,,,,,,,311,277,"[[62, 15, 234, 104]]",0.9389700921969867,0.884961003730078,0.8978240302743614,0.9840686274509803,0.984273024530375,0.9841708259906776,12.696397493084113,2.958918335769186,0.09605957767722474,141.66169575037202
bus_1019-l,,,,,,,303,276,"[[65, 49, 197, 108]]",0.8247038174638,0.7016987119656524,0.9766173031956352,0.7136890070248718,0.9988514694809918,0.8562702382529318,14.142135623730951,4.931086219470156,-0.26922346686918547,141.66169575037202
bus_1019-r,,,,,,,303,276,"[[51, 44, 200, 108]]",0.8059495665878644,0.674971126876753,0.9893591293833132,0.6799069303639688,0.9994330700545025,0.8396700002092357,17.604936969125973,5.344914155973979,-0.31278045537643345,141.66169575037202
bus_1020-l,,,,,,,305,276,"[[85, 101, 225, 196]]",0.9367563448801359,0.8810363836824697,0.9976279650436953,0.8828858689647553,0.9997471016518256,0.9413164853082905,7.0,2.8915114670283497,-0.1150149154789526,141.66169575037202
bus_1020-r,,,,,,,305,276,"[[103, 113, 229, 192]]",0.940579472908823,0.8878244746600742,0.9963585919889024,0.8907146178886994,0.9997298305651687,0.9452222242269341,7.0710678118654755,2.258452949746314,-0.10603007285692141,140.86136449986952
bus_1021-l,,,,,,,302,276,"[[26, 59, 214, 163]]",0.8912774512836374,0.8038778072255545,0.8783721993598537,0.904567571809763,0.9773969692678091,0.940982270538786,17.46424919657298,5.5889023882619036,0.029822633809449065,140.86136449986952
bus_1021-r,,,,,,,302,277,"[[7, 54, 226, 148]]",0.9516106043329533,0.9076881245326627,0.9624477439815482,0.9410147991543341,0.992499712081078,0.966757255617706,5.830951894845301,2.4472205836182854,-0.0222692036645525,140.86136449986952
bus_1022-l,,,,,,,305,411,"[[63, 58, 349, 199]]",0.8481294604300196,0.7363062352012628,0.9996785255036433,0.7364806189310807,0.9999400125973545,0.8682103157642176,32.0,10.404215889801707,-0.26328254519617905,140.86136449986952
bus_1022-r,,,,,,,305,411,"[[65, 70, 336, 194]]",0.9576938539030908,0.9188220346673927,0.9802013747700649,0.9361967728512645,0.9960569191909454,0.966126846021105,9.005538513813736,2.725356305992228,-0.04489343011697258,141.5196525003921
bus_1023-l,,,,,,,305,276,"[[125, 109, 176, 156]]",0.828476821192053,0.7071791972866026,0.7160847166571265,0.9827179890023566,0.9940173929824985,0.9883676909924275,9.899494936611665,3.153513732107344,0.3723487824037706,141.5196525003921
bus_1023-r,,,,,,,305,276,"[[117, 112, 181, 152]]",0.7983240223463687,0.6643421664342166,0.6674451191032228,0.9930507296733843,0.9913948344835087,0.9922227820784465,12.047812288012636,4.091794900757919,0.48783877692842254,141.5196525003921
bus_1024-l,,,,,,,304,276,"[[51, 81, 190, 176]]",0.9220503866300823,0.8553742913340275,0.9877087508350033,0.8645772424277862,0.9987790797977519,0.9316781611127691,11.0,3.2212095320400773,-0.12466378201379956,141.5196525003921
bus_1024-r,,,,,,,304,276,"[[65, 92, 214, 170]]",0.9055973266499582,0.8274809160305343,0.9037636969985707,0.9074384118631906,0.9893039633581319,0.9483711876106613,13.659665204878296,3.927452499848811,0.004066012915570438,142.6641252501213
bus_1025-l,,,,,,,305,276,"[[130, 110, 179, 142]]",0.9110405083399523,0.8366156090444931,0.8427626745040412,0.9913569576490925,0.9974224010214037,0.994389679335248,3.1622776601683795,1.548359160714654,0.1763180639585134,142.6641252501213
bus_1025-r,,,,,,,305,276,"[[144, 109, 171, 138]]",0.8621553884711779,0.7577092511013216,0.7713004484304933,0.9772727272727273,0.9981709941184909,0.9877218606956091,3.0,1.6723804550691916,0.26704545454545453,142.6641252501213
bus_1026-l,,,,,,,306,276,"[[44, 22, 237, 91]]",0.9562296215788954,0.9161302536917835,0.9451171875,0.9676064787042592,0.9924517151529804,0.9800290969286198,4.47213595499958,1.929111704136451,0.023795240951809637,142.6641252501213
bus_1026-r,,,,,,,306,276,"[[82, 24, 211, 85]]",0.9410572275066271,0.8886761890737741,0.9091593853570352,0.9752747252747253,0.9922957019471559,0.9837852136109406,6.344197549610781,2.2283376977376927,0.07272139625080802,142.22383324977272
bus_1027-l,,,,,,,305,276,"[[92, 87, 213, 204]]",0.9347942595128923,0.8775715563506261,0.9671020206998522,0.9045753140486343,0.9964637166735096,0.9505195153610719,9.219544457292887,3.091590951578867,-0.06465368214820791,142.22383324977272
bus_1027-r,,,,,,,305,276,"[[55, 92, 190, 190]]",0.9206308169596691,0.852934131736527,0.9604855023600809,0.8839518431177857,0.9961509661994403,0.940051404658613,8.0,3.1994701202812954,-0.07968226386992677,142.22383324977272
bus_1028-l,,,,,,,303,275,"[[78, 140, 224, 219]]",0.9571941110973649,0.9179024795349389,0.9892596854622171,0.9271420011983224,0.9988797012536677,0.963010851225995,5.0,1.929710771508591,-0.0627920910724985,142.22383324977272
bus_1028-r,,,,,,,303,276,"[[62, 137, 210, 222]]",0.9559928443649374,0.9156956819739548,0.9429478884837078,0.9694037973152739,0.9935641396515347,0.9814839684834042,5.365906566777753,1.9151229635419476,0.02805659692828637,143.1545664991063
bus_1029-l,,,,,,,304,276,"[[142, 25, 203, 69]]",0.9529924329282274,0.9102058694699956,0.960702727693019,0.9454049135577798,0.9989596847232761,0.972182299140528,3.1622776601683795,1.1483742087671829,-0.01592356687898089,143.1545664991063
bus_1029-r,,,,,,,304,276,"[[133, 26, 200, 71]]",0.9601651186790505,0.9233822945613339,0.9493877551020408,0.9711899791231733,0.9984786956041665,0.9848343373636699,2.23606797749979,1.0334278516183326,0.022964509394572025,143.1545664991063
bus_1030-l,,,,,,,305,276,"[[152, 56, 211, 90]]",0.7965179542981502,0.6618444846292948,0.6660600545950864,0.9905277401894452,0.9911247611907814,0.9908262506901133,20.927209552167557,4.560695818608537,0.4871447902571042,143.1545664991063
bus_1030-r,,,,,,,305,276,"[[141, 58, 170, 81]]",0.8321273516642547,0.7125154894671624,0.7125154894671624,1.0,0.9972250463489026,0.9986125231744514,7.0,2.2962729613571042,0.40347826086956523,142.4280874998658
bus_1031-l,,,,,,,305,276,"[[70, 21, 224, 129]]",0.9562098905247263,0.9160940325497288,0.9822588463402812,0.9315068493150684,0.997503512816665,0.9645051810658667,6.0,2.079372989776634,-0.051668658637491954,142.4280874998658
bus_1031-r,,,,,,,305,276,"[[77, 24, 235, 125]]",0.9647058823529412,0.9318181818181818,0.9828148409271174,0.9472521872080183,0.9973068902177966,0.9722795387129075,5.0,1.8380103290980983,-0.03618448993459611,142.4280874998658
bus_1032-l,,,,,,,315,276,"[[74, 40, 184, 106]]",0.9529351710056151,0.9101014040561622,0.9520603835169319,0.9538115675454731,0.9971357880239375,0.9754736777847053,4.0,1.5780118847794185,0.0018393623543838135,142.4280874998658
bus_1032-r,,,,,,,315,277,"[[62, 42, 172, 106]]",0.9361446987109023,0.8799549126432463,0.9522260622077658,0.9205974842767296,0.9971399710346003,0.9588687276556649,5.0,2.135095887664934,-0.033215408805031446,141.4623342507184
bus_1033-l,,,,,,,305,528,"[[119, 24, 368, 189]]",0.9607309873636032,0.9244295516195947,0.9755497928804768,0.9463556470319188,0.9944338385813188,0.9703947428066189,8.48528137423857,3.3670811784369197,-0.029925838805580057,141.4623342507184
bus_1033-r,,,,,,,305,529,"[[130, 23, 371, 189]]",0.9555996507659338,0.9149744649805448,0.9792113995705641,0.9330997922931457,0.9950498884481904,0.964074840370668,9.969848480983504,3.824573043310395,-0.04709055398828162,141.4623342507184
bus_1034-l,,,,,,,303,276,"[[88, 66, 136, 101]]",0.9142078983204721,0.8419732441471572,0.8447986577181208,0.9960435212660732,0.9977607514191994,0.9969021363426362,2.8284271247461903,1.3195611062118915,0.17903066271018794,141.4623342507184
bus_1034-r,,,,,,,303,276,"[[101, 99, 149, 133]]",0.9431179775280899,0.892358803986711,0.892358803986711,1.0,0.998031232910008,0.9990156164550039,2.8284271247461903,1.1153804121567537,0.12062546537602382,141.4997467500143
bus_1035-l,,,,,,,317,276,"[[39, 87, 256, 243]]",0.9428255256362966,0.8918353105373342,0.9592344138481025,0.926968584251326,0.9867192395274555,0.9568439118893908,11.180339887498949,3.8189720966982916,-0.03363706423681944,141.4997467500143
bus_1035-r,,,,,,,317,276,"[[16, 102, 238, 206]]",0.942652909402594,0.8915264606913429,0.9398258626249597,0.9454970153127433,0.9870560488346282,0.9662765320736857,9.457764463858446,3.0338399536034215,0.006034259018946275,141.4997467500143
bus_1036-l,,,,,,,305,276,"[[154, 130, 245, 185]]",0.8859578574875342,0.7952642217730291,0.8510506798516687,0.9238510566923851,0.9940639663050037,0.9589575114986943,8.602325267042627,2.8777140510310417,0.08554176450855418,141.4997467500143
bus_1036-r,,,,,,,305,276,"[[88, 129, 168, 178]]",0.8947711000216967,0.8095798979191206,0.8631226454583508,0.9288288288288288,0.9960102489019034,0.962419538865366,7.0,2.2439944441907325,0.07612612612612613,142.8594819999489
bus_1037-l,,,,,,,304,276,"[[138, 108, 252, 168]]",0.9390753927885159,0.8851480929043256,0.9586891299330718,0.9202481169694284,0.9977453079732964,0.9589967124713624,6.0,1.874348005882746,-0.04009747452370403,142.8594819999489
bus_1037-r,,,,,,,304,276,"[[116, 99, 210, 173]]",0.8883242281793927,0.7990857142857143,0.9523290656496868,0.8323809523809523,0.9978043761919101,0.9150926642864312,12.115827045415918,3.4737134887656174,-0.12595238095238095,142.8594819999489
bus_1038-l,,,,,,,306,276,"[[52, 102, 205, 179]]",0.9434038812631009,0.892870856265199,0.972535898508295,0.9159663865546218,0.99743623112962,0.9567013088421209,5.656854249492381,2.229933382484754,-0.05816701680672269,142.8594819999489
bus_1038-r,,,,,,,306,276,"[[63, 100, 192, 171]]",0.9360339444399968,0.8797592174567344,0.9497969130787978,0.9226641414141414,0.9960445468509984,0.9593543441325699,5.0,2.3206758718638154,-0.028566919191919192,141.26927799952682
bus_1039-l,,,,,,,305,276,"[[98, 18, 159, 108]]",0.9432624113475178,0.8926174496644296,0.9357601713062098,0.9508859185576625,0.9974062225955066,0.9741460705765845,4.0,1.5087133724593915,0.01616412806963009,141.26927799952682
bus_1039-r,,,,,,,305,276,"[[108, 27, 177, 105]]",0.9374478732276897,0.8822605965463108,0.8939554612937434,0.9853886616014027,0.9950469303350752,0.990217795968239,4.47213595499958,1.8251514530520538,0.10227936879018118,141.26927799952682
bus_1040-l,,,,,,,303,276,"[[94, 56, 169, 131]]",0.9157415832575069,0.8445787176905002,0.8619390202124015,0.9767080745341615,0.9950278833341558,0.9858679789341587,4.242640687119285,1.8302367529722539,0.1331521739130435,141.26927799952682
bus_1040-r,,,,,,,303,276,"[[111, 54, 179, 130]]",0.9391247120763409,0.8852357320099256,0.9066073697585769,0.974061433447099,0.9963567870331359,0.9852091102401175,3.9013878188659974,1.5484523046174796,0.07440273037542662,143.19654525024816
bus_1041-l,,,,,,,303,276,"[[105, 97, 155, 117]]",0.8671157379056951,0.7654054054054054,0.7654054054054054,1.0,0.9973830197780994,0.9986915098890496,4.0,1.7261412351412737,0.3064971751412429,143.19654525024816
bus_1041-r,,,,,,,303,276,"[[106, 91, 160, 114]]",0.8472222222222222,0.7349397590361446,0.7349397590361446,1.0,0.9965473531719684,0.9982736765859842,3.1622776601683795,2.0084123601113304,0.36065573770491804,143.19654525024816
bus_1042-l,,,,,,,308,276,"[[70, 27, 119, 55]]",0.8429752066115702,0.7285714285714285,0.7349879903923139,0.9881593110871906,0.9960632262515016,0.9921112686693461,6.44888619169282,2.602728614536326,0.3444564047362756,143.19654525024816
bus_1042-r,,,,,,,308,276,"[[108, 30, 140, 56]]",0.8590694538098449,0.7529550827423168,0.7538461538461538,0.9984326018808778,0.9975346687211094,0.9979836353009937,5.346648326421056,1.9988094564222265,0.32445141065830724,142.33866525046324
bus_1043-l,,,,,,,311,276,"[[112, 53, 239, 147]]",0.9404286970045304,0.8875558391831525,0.9174142480211082,0.9646275488972118,0.9920383583247485,0.9783329536109802,5.656854249492381,2.383155601928607,0.051463448467193786,142.33866525046324
bus_1043-r,,,,,,,311,276,"[[99, 97, 175, 167]]",0.5609086185138445,0.38976581037862373,0.4048001714346941,0.9130014499758338,0.9320056794535974,0.9225035647147155,46.60415838001395,17.86201264134524,1.2554374093765104,142.33866525046324
bus_1044-l,,,,,,,309,276,"[[101, 58, 190, 114]]",0.9678874734607219,0.9377732064798149,0.9875440021662605,0.9489981785063752,0.9994351739295932,0.9742166762179842,3.940832691319585,1.0250224109092803,-0.039032006245121,142.33866525046324
bus_1044-r,,,,,,,309,276,"[[111, 61, 183, 113]]",0.943217665615142,0.8925373134328358,0.8941387559808612,0.9979973297730307,0.9956980361656621,0.9968476829693464,4.47213595499958,1.6158685631099494,0.11615487316421896,142.96282475061162
bus_1045-l,,,,,,,305,276,"[[78, 40, 189, 88]]",0.8207247298156389,0.6959568733153639,0.964152352501867,0.7144438295517432,0.9988084303552367,0.85662612995349,29.410882339705484,4.941553757851136,-0.2589928057553957,142.96282475061162
bus_1045-r,,,,,,,305,276,"[[99, 37, 157, 81]]",0.9473971109294086,0.9000517866390472,0.9279231179925254,0.967706013363029,0.9983613322975335,0.9830336728302813,2.8284271247461903,1.174166526840307,0.04287305122494432,142.96282475061162
bus_1046-l,,,,,,,301,276,"[[94, 87, 168, 160]]",0.8591614191368453,0.7530963920301562,0.8270254287403903,0.8938958133589006,0.9926826522571204,0.9432892328080105,9.460407056280872,3.786011755415268,0.08085650367529562,142.96282475061162
bus_1046-r,,,,,,,301,276,"[[91, 75, 179, 148]]",0.8540305010893247,0.7452471482889734,0.7713338856669428,0.9565887490367326,0.9860576133766086,0.9713231812066706,11.40175425099138,4.813145033691703,0.24017467248908297,142.7338512503411
bus_1047-l,,,,,,,304,276,"[[71, 72, 199, 118]]",0.8425448292802751,0.7279286926994907,0.7926970187196672,0.8990825688073395,0.9887999600444506,0.9439412644258951,12.206555615733702,4.148473793730751,0.13420707732634338,142.7338512503411
bus_1047-r,,,,,,,304,276,"[[92, 72, 195, 116]]",0.9464668094218416,0.8983739837398373,0.9267542633491753,0.9670361726954493,0.996744370992594,0.9818902718440217,4.0,1.4244911399456512,0.04346557759626604,142.7338512503411
bus_1048-l,,,,,,,306,276,"[[73, 39, 243, 139]]",0.9400966183574879,0.886964448495898,0.9320915380521554,0.9482403898213319,0.9915183259993885,0.9698793579103602,9.610816002698444,2.6337070878393427,0.017325392528424473,142.7338512503411
bus_1048-r,,,,,,,306,277,"[[75, 58, 202, 139]]",0.922203495076732,0.8556378600823046,0.9442325158946412,0.9011789181692095,0.9961136288832063,0.9486462735262079,6.082762530298219,2.658399509487177,-0.04559639389736477,141.25802950002253
bus_1049-l,,,,,,,314,276,"[[52, 75, 125, 128]]",0.9305526590198123,0.8701248049921997,0.9595698924731183,0.9032388663967611,0.9988835308929377,0.9510611986448494,3.605551275463989,1.509555818620256,-0.058704453441295545,141.25802950002253
bus_1049-r,,,,,,,314,277,"[[85, 67, 173, 124]]",0.9091788998225521,0.8334812185743863,0.9829089640739449,0.8457382953181273,0.999414197929369,0.9225762466237482,6.883281572999738,2.1207374924938964,-0.13955582232893157,141.25802950002253
bus_1050-l,,,,,,,304,276,"[[61, 72, 186, 156]]",0.9595280559747564,0.922204641350211,0.9374078541750436,0.982717437122383,0.9939182413689818,0.9883178392456824,3.605551275463989,1.5060633108876242,0.04833497260081495,141.25802950002253
bus_1050-r,,,,,,,304,277,"[[72, 51, 164, 142]]",0.9036824657288773,0.8242889833278849,0.8389619031775079,0.9792233009708737,0.987755824837461,0.9834895629041673,14.004805224876304,3.188345225582247,0.16718446601941747,141.5782029998809
bus_1051-l,,,,,,,313,276,"[[70, 23, 249, 79]]",0.9535908737360643,0.9112983151635282,0.9835977892672491,0.925360617242536,0.9988560913137543,0.9621083542781452,3.605551275463989,1.3504748857776934,-0.05920831935592083,141.5782029998809
bus_1051-r,,,,,,,313,276,"[[76, 23, 171, 66]]",0.9336801040312094,0.875609756097561,0.8799019607843137,0.9944598337950139,0.9959098985225552,0.9951848661587845,3.0081138830084115,1.5098894953571718,0.13019390581717452,141.5782029998809
bus_1052-l,,,,,,,304,276,"[[84, 16, 194, 97]]",0.9664090153868381,0.9350013978194017,0.9909629629629629,0.9430424362047088,0.9992058429131244,0.9711241395589166,3.0,1.4487342413968254,-0.04835753559847737,141.5782029998809
bus_1052-r,,,,,,,304,277,"[[100, 19, 175, 102]]",0.9512058328659563,0.906951871657754,0.9106855199570432,0.9954999021717863,0.9936912904408511,0.9945955963063187,8.94427190999916,1.9282720443166077,0.09313245940129133,142.62346924988378
bus_1053-s,,,,,,,304,463,"[[52, 16, 353, 148]]",0.9243910627028237,0.8594118463032321,0.9090308854816228,0.9402792533009562,0.978320920311899,0.9593000868064276,20.76132481744133,5.460451546371129,0.03437547427530733,142.62346924988378
bus_1054-l,,,,,,,305,276,"[[129, 91, 210, 130]]",0.953510990079751,0.9111524163568773,0.9347826086956522,0.9730051607780865,0.9979059771494349,0.9854555689637607,2.8284271247461903,1.1428401813490041,0.04088924176260421,142.62346924988378
bus_1054-r,,,,,,,305,276,"[[127, 92, 195, 141]]",0.9625796178343949,0.9278587874136608,0.9383003492433062,0.9881487535758071,0.9980546413321425,0.9931016974539748,3.0,0.9835168086597845,0.05312627707396812,142.62346924988378
bus_1055-l,,,,,,,303,276,"[[97, 77, 147, 122]]",0.9452577975811585,0.896197948098974,0.9599224305106658,0.9310344827586207,0.999244206599783,0.9651393446792018,2.23606797749979,1.0953214153531718,-0.030094043887147336,141.78878250004345
bus_1055-r,,,,,,,303,276,"[[94, 77, 147, 119]]",0.9246676514032496,0.8598901098901099,0.8728388176240937,0.9830402010050251,0.9972207323614023,0.9901304666832137,5.412333751370282,1.5005814400473199,0.12625628140703518,141.78878250004345
bus_1056-l,,,,,,,309,276,"[[63, 62, 117, 116]]",0.8702817650186071,0.7703529411764706,0.7787821122740247,0.986144578313253,0.9944393953888836,0.9902919868510682,8.54400374531753,2.9521355862825236,0.26626506024096386,141.78878250004345
bus_1056-r,,,,,,,309,276,"[[89, 65, 151, 118]]",0.8655055636187712,0.7628997867803838,0.7798605056669573,0.9722826086956522,0.9939480370068549,0.9831153228512535,10.0,2.810257085017559,0.2467391304347826,141.78878250004345
bus_1057-l,,,,,,,306,276,"[[56, 89, 241, 213]]",0.9539592136689325,0.9119713362371786,0.9675760286225402,0.940720342053772,0.9938434974595581,0.9672819197566651,5.0990195135927845,2.447836832953844,-0.027755634466265673,141.47628400041867
bus_1057-r,,,,,,,306,276,"[[35, 87, 222, 206]]",0.9446254071661238,0.8950617283950617,0.9517526052239816,0.9376041597226852,0.9897343603772226,0.9636692600499539,9.219544457292887,3.1688842155552783,-0.014865675621625225,141.47628400041867
bus_1058-l,,,,,,,305,276,"[[74, 21, 162, 61]]",0.9356955380577427,0.8791615289765722,0.8905079100749376,0.9857142857142858,0.996793074015364,0.9912536798648248,3.605551275463989,1.3204686832393515,0.10691244239631337,141.47628400041867
bus_1058-r,,,,,,,305,276,"[[102, 25, 167, 63]]",0.9296244784422809,0.8685031185031185,0.8921516284036305,0.9703832752613241,0.997550268015232,0.9839667716382781,4.024621125123531,1.4379250866629765,0.08768873403019745,141.47628400041867
bus_1059-l,,,,,,,304,276,"[[83, 95, 205, 147]]",0.9175975818110133,0.8477416221466731,0.9445346320346321,0.8921543572706363,0.9974372116863147,0.9447957844784756,5.0,2.1388811659018487,-0.055456171735241505,143.9078455005074
bus_1059-r,,,,,,,304,276,"[[84, 100, 179, 146]]",0.9254134323320958,0.8611809045226131,0.8757585435962951,0.9810375670840787,0.9952039847612472,0.9881207759226629,5.0,1.818748460028055,0.12021466905187836,143.9078455005074
bus_1060-s,,,,,,,306,413,"[[82, 69, 311, 205]]",0.9598082514037152,0.9227224237251973,0.9758563112053793,0.9442794759825327,0.9948298188987031,0.9695546474406179,9.0,2.917513567738654,-0.032358078602620084,143.9078455005074
bus_1061-l,,,,,,,306,276,"[[99, 62, 175, 89]]",0.9627391742195368,0.9281553398058252,0.9452867501647989,0.9808481532147743,0.9989999277056173,0.9899240404601958,2.0,0.6158819101687306,0.03761969904240766,143.9078455005074
bus_1061-r,,,,,,,306,277,"[[137, 66, 174, 90]]",0.8968307484828051,0.812958435207824,0.8159509202453987,0.9955089820359282,0.998216281779913,0.9968626319079206,3.1622776601683795,1.416403342058887,0.22005988023952097,142.0584757506731
bus_1062-l,,,,,,,305,276,"[[76, 133, 226, 240]]",0.9123627269761879,0.8388483454963511,0.9366000669717602,0.8893481717011129,0.9924008294869222,0.9408745005940176,9.433981132056603,3.464863517280542,-0.05045045045045045,142.0584757506731
bus_1062-r,,,,,,,305,277,"[[61, 127, 189, 226]]",0.823953823953824,0.7006134969325153,0.723034419247151,0.9576154901661839,0.9691245540641121,0.963370022115148,16.492422502470642,6.990791085418389,0.3244397011739594,142.0584757506731
bus_1063-l,,,,,,,307,276,"[[65, 46, 195, 144]]",0.9707082833133254,0.9430837415442034,0.9829807926088013,0.9587384396490396,0.9981650895174186,0.9784517645832291,4.141035884842902,1.343764427537176,-0.024662082048849895,142.0584757506731
bus_1063-r,,,,,,,307,276,"[[31, 37, 175, 133]]",0.9439190675170442,0.8937942523948355,0.9099003603985584,0.980580306145762,0.9888125510016057,0.9846964285736839,8.508690152799373,2.4931892093893095,0.07767877541695226,149.14436566565806
bus_1064-l,,,,,,,309,276,"[[95, 15, 176, 56]]",0.9260106788710908,0.8622159090909091,0.8687977099236641,0.9912901469787697,0.9967044950687263,0.993997321023748,3.1622776601683795,1.4169796648438338,0.14099074578116494,149.14436566565806
bus_1064-r,,,,,,,309,276,"[[96, 27, 151, 64]]",0.8658196467307097,0.7633879781420765,0.7932992617830777,0.9529331514324693,0.9956572573910139,0.9742952044117416,10.160465155060637,2.711028846805707,0.20122783083219645,149.14436566565806
