sample_id,source_sample_id,target_uid,target_class_id,target_class_name,target_instance_id,target_color,height,width,bbox,dice,iou,precision,recall,specificity,balanced_accuracy,hd95,assd,relative_area_error,infer_ms
GIST/original_gist001_5,GIST/original_gist001_5,,1,gastrointestinal_submucosal_tumor,,#ffffff,446,532,"[[250, 129, 382, 246]]",0.9393939393939394,0.8857142857142857,0.9836677554829678,0.8989339019189766,0.9993856739157144,0.9491597879173455,7.0,2.755873294925587,-0.0861407249466951,233.25968498829752
GIST/original_gist002_2,GIST/original_gist002_2,,1,gastrointestinal_submucosal_tumor,,#ffffff,468,475,"[[211, 165, 473, 423]]",0.9602994456327207,0.9236307911917208,0.9539699059017389,0.9667135386913916,0.987991130519385,0.9773523346053883,28.280690238842944,6.075022864688521,0.013358527046623016,233.25968498829752
GIST/original_gist003_2,GIST/original_gist003_2,,1,gastrointestinal_submucosal_tumor,,#ffffff,355,414,"[[206, 190, 322, 277]]",0.9046413502109705,0.8258859784283513,0.8365197034724932,0.9848415250344511,0.9910494947984534,0.9879455099164522,10.295630140987,3.9839488480430734,0.1773082223242995,233.25968498829752
GIST/original_gist004_3,GIST/original_gist004_3,,1,gastrointestinal_submucosal_tumor,,#ffffff,355,414,"[[113, 93, 157, 160]]",0.9387254901960784,0.8845265588914549,0.8969555035128806,0.9845758354755784,0.9981747282834149,0.9913752818794966,4.577708763999658,1.484293946741812,0.09768637532133675,233.25968498829752
GIST/original_gist005_2,GIST/original_gist005_2,,1,gastrointestinal_submucosal_tumor,,#ffffff,497,478,"[[112, 222, 166, 332]]",0.9644805700924173,0.9313978494623656,0.970640968175706,0.9583978756362027,0.9994378816290276,0.9789178786326151,3.1622776601683795,1.117977970457961,-0.012613410046470458,144.02581375907175
GIST/original_gist006_1,GIST/original_gist006_1,,1,gastrointestinal_submucosal_tumor,,#ffffff,467,475,"[[75, 220, 212, 359]]",0.9496407944780955,0.9041105076108094,0.9898685852727406,0.9125549915397632,0.9993334943250423,0.9559442429324028,10.0,3.106685585990022,-0.07810490693739425,144.02581375907175
GIST/original_gist007_3,GIST/original_gist007_3,,1,gastrointestinal_submucosal_tumor,,#ffffff,467,475,"[[186, 263, 321, 354]]",0.9569215611144561,0.9174013434089001,0.9457909543388877,0.9683172704109893,0.9976456545644226,0.9829814624877059,5.385164807134504,2.038303025228002,0.023817436579151436,144.02581375907175
GIST/original_gist008_3,GIST/original_gist008_3,,1,gastrointestinal_submucosal_tumor,,#ffffff,498,477,"[[207, 29, 381, 271]]",0.9543670432437967,0.9127170648909779,0.9745234029205729,0.9350275873599733,0.9964795006766486,0.9657535440183109,11.180339887498949,3.8921946830410072,-0.040528339742517974,144.02581375907175
GIST/original_gist009_1,GIST/original_gist009_1,,1,gastrointestinal_submucosal_tumor,,#ffffff,496,477,"[[33, 11, 357, 240]]",0.8890162328867032,0.8002063209228172,0.9154953756357159,0.8640257609818337,0.9789653606815694,0.9214955608317015,28.231188426986208,12.263109847921474,-0.056220507523745876,149.81016298406757
GIST/original_gist010_5,GIST/original_gist010_5,,1,gastrointestinal_submucosal_tumor,,#ffffff,446,532,"[[175, 123, 279, 212]]",0.9554022334447685,0.9146125561759498,0.9235423542354235,0.9895388242227788,0.9975876955116385,0.9935632598672086,6.464140176446132,1.8984252006607014,0.07146014439369383,149.81016298406757
GIST/original_gist011_1,GIST/original_gist011_1,,1,gastrointestinal_submucosal_tumor,,#ffffff,496,477,"[[333, 145, 384, 243]]",0.9013848090642048,0.8204736440030558,0.8408141962421712,0.9713596623454929,0.997385060550852,0.9843723614481724,8.94427190999916,2.681569862235607,0.15526077781127526,149.81016298406757
GIST/original_gist012_2,GIST/original_gist012_2,,1,gastrointestinal_submucosal_tumor,,#ffffff,497,477,"[[151, 223, 209, 269]]",0.916892502258356,0.8465387823185988,0.8525829483410332,0.991695163654128,0.9985065227936109,0.9951008432238695,5.0,1.9788134016969074,0.16316560820713238,149.81016298406757
GIST/original_gist013_2,GIST/original_gist013_2,,1,gastrointestinal_submucosal_tumor,,#ffffff,497,477,"[[98, 294, 235, 431]]",0.9415002517200872,0.889466675122075,0.9456580366774542,0.9373788678740894,0.9963711020863912,0.9668749849802403,9.219544457292887,3.743986160168192,-0.008754928824433603,146.75391223863699
GIST/original_gist014_11,GIST/original_gist014_11,,1,gastrointestinal_submucosal_tumor,,#ffffff,355,415,"[[145, 25, 300, 136]]",0.9571377116100372,0.917798756619848,0.9551881140666187,0.9590952839268527,0.995840037966142,0.9774676609464974,7.046194077712557,2.453169338431763,0.0040904716073147255,146.75391223863699
GIST/original_gist015_1,GIST/original_gist015_1,,1,gastrointestinal_submucosal_tumor,,#ffffff,355,415,"[[162, 169, 184, 206]]",0.8139029688631426,0.6862026862026862,0.6878824969400245,0.9964539007092199,0.9982624811768794,0.9973581909430497,5.830951894845301,2.3503560480380785,0.44858156028368795,146.75391223863699
GIST/original_gist016_4,GIST/original_gist016_4,,1,gastrointestinal_submucosal_tumor,,#ffffff,596,595,"[[312, 306, 403, 379]]",0.9494550920706502,0.9037739223752459,0.9135780148255288,0.9882652063367886,0.9986323592946637,0.9934487828157261,4.123105625617661,1.8800243754345651,0.08175239585370624,146.75391223863699
GIST/original_gist017_5,GIST/original_gist017_5,,1,gastrointestinal_submucosal_tumor,,#ffffff,498,477,"[[260, 217, 320, 304]]",0.9300790001179107,0.8692968922195283,0.9123294008790191,0.9485329485329486,0.9983760947435172,0.9734545216382329,5.0,2.2911471247498643,0.03968253968253968,146.2332704977598
GIST/original_gist018_5,GIST/original_gist018_5,,1,gastrointestinal_submucosal_tumor,,#ffffff,497,477,"[[209, 153, 266, 193]]",0.9168564920273349,0.8464773922187171,0.8582089552238806,0.9841075794621027,0.9988701668839968,0.9914888731730498,4.242640687119285,1.7272370228642606,0.1466992665036675,146.2332704977598
GIST/original_gist019_1,GIST/original_gist019_1,,1,gastrointestinal_submucosal_tumor,,#ffffff,467,475,"[[240, 241, 331, 327]]",0.9551949624606442,0.9142327306444136,0.9335647782862553,0.9778512396694214,0.998048893523346,0.9879500665963837,5.0,1.8132075496957132,0.04743801652892562,146.2332704977598
GIST/original_gist020_2,GIST/original_gist020_2,,1,gastrointestinal_submucosal_tumor,,#ffffff,467,475,"[[266, 245, 416, 407]]",0.9441057835198495,0.8941291360294118,0.9465458525906105,0.9416782624478189,0.9957183773673135,0.9686983199075663,8.48528137423857,3.570642617561599,-0.005142476858854135,146.2332704977598
GIST/original_gist021_4,GIST/original_gist021_4,,1,gastrointestinal_submucosal_tumor,,#ffffff,481,540,"[[154, 51, 281, 163]]",0.8566057441253264,0.7491779320423821,0.9061982101425257,0.8121596197643332,0.9965991163310514,0.9043793680476923,20.39686201986821,7.018326517861072,-0.10377265075750074,142.47241022530943
GIST/original_gist022_2,GIST/original_gist022_2,,1,gastrointestinal_submucosal_tumor,,#ffffff,445,532,"[[179, 219, 242, 284]]",0.9536307961504812,0.9113712374581939,0.9258210645526613,0.9831629585087192,0.9988775309107423,0.9910202447097307,3.0,1.3781111215924047,0.0619362597714973,142.47241022530943
GIST/original_gist023_1,GIST/original_gist023_1,,1,gastrointestinal_submucosal_tumor,,#ffffff,481,539,"[[186, 98, 358, 183]]",0.9284875528417097,0.8665205479452055,0.9205961113051577,0.936515456591259,0.9972808752232712,0.9668981659072651,9.848857801796104,2.822355039153006,0.01729243160014213,142.47241022530943
GIST/original_gist024_3,GIST/original_gist024_3,,1,gastrointestinal_submucosal_tumor,,#ffffff,498,478,"[[100, 249, 403, 437]]",0.9401842970307701,0.8871205572786902,0.9924628117978327,0.8931377818730963,0.9986681743937681,0.9459029781334323,12.529964086141668,5.375305735305519,-0.10007934679669303,142.47241022530943
GIST/original_gist025_1,GIST/original_gist025_1,,1,gastrointestinal_submucosal_tumor,,#ffffff,467,475,"[[110, 204, 167, 289]]",0.9368607663984727,0.8812211390456645,0.967605633802817,0.9080095162569389,0.9994725786775025,0.9537410474672208,4.0,1.9483564066216021,-0.06159132963256675,141.87225949717686
GIST/original_gist026_2,GIST/original_gist026_2,,1,gastrointestinal_submucosal_tumor,,#ffffff,497,477,"[[242, 168, 337, 226]]",0.9351827845475759,0.8782566350133918,0.9701452393760086,0.9026526526526526,0.9995237543602219,0.9510882035064372,5.811269837220806,1.9950985935058445,-0.06956956956956957,141.87225949717686
GIST/original_gist027_5,GIST/original_gist027_5,,1,gastrointestinal_submucosal_tumor,,#ffffff,445,532,"[[150, 146, 252, 252]]",0.9477447029767321,0.9006794317479926,0.923495883470551,0.973301294887198,0.9973653102085506,0.9853333025478743,5.0297058540778306,2.260513326898011,0.0539313843278601,141.87225949717686
GIST/original_gist028_1,GIST/original_gist028_1,,1,gastrointestinal_submucosal_tumor,,#ffffff,466,475,"[[321, 221, 379, 285]]",0.9117647058823529,0.8378378378378378,0.8792805257696299,0.9467411545623836,0.9984039512496284,0.9725725529060061,5.0,2.4294007674297546,0.07672253258845438,141.87225949717686
GIST/original_gist029_2,GIST/original_gist029_2,,1,gastrointestinal_submucosal_tumor,,#ffffff,468,475,"[[122, 89, 232, 192]]",0.9371014130298863,0.8816470588235295,0.9856635538603183,0.8930997497318556,0.9994904375224979,0.9462950936271768,9.899494936611665,2.795191113442939,-0.09391014181861518,142.86613650619984
GIST/original_gist030_4,GIST/original_gist030_4,,1,gastrointestinal_submucosal_tumor,,#ffffff,354,414,"[[160, 222, 225, 273]]",0.936216609122297,0.8800819952169456,0.9276197335253871,0.9449743213499633,0.9986025168601822,0.9717884191050727,5.0,1.692876561968267,0.018708730741012473,142.86613650619984
GIST/original_gist031_8,GIST/original_gist031_8,,1,gastrointestinal_submucosal_tumor,,#ffffff,356,415,"[[65, 136, 167, 249]]",0.9429312581063554,0.8920245398773006,0.9255906068750884,0.960934057864591,0.9962676770902072,0.9786008674773992,5.656854249492381,2.2530653551504036,0.03818475547070054,142.86613650619984
GIST/original_gist032_3,GIST/original_gist032_3,,1,gastrointestinal_submucosal_tumor,,#ffffff,467,475,"[[190, 276, 293, 363]]",0.8920537010159652,0.8051416407401343,0.8436856554564173,0.9463048498845266,0.9957946535320755,0.971049751708301,9.0,3.7221785809644343,0.1216320246343341,142.86613650619984
GIST/original_gist033_3,GIST/original_gist033_3,,1,gastrointestinal_submucosal_tumor,,#ffffff,445,533,"[[292, 300, 385, 380]]",0.9419225634178905,0.8902208201892744,0.9094424750241702,0.9768085842852198,0.9975713785667677,0.9871899814259937,6.0,2.33359193528621,0.07407407407407407,141.32992524537258
GIST/original_gist034_2,GIST/original_gist034_2,,1,gastrointestinal_submucosal_tumor,,#ffffff,497,478,"[[230, 115, 288, 158]]",0.9214479192317163,0.854337899543379,0.8610216290842154,0.9909957627118644,0.9987185906194045,0.9948571766656344,5.385164807134504,1.777177464902901,0.15095338983050846,141.32992524537258
GIST/original_gist035_1,GIST/original_gist035_1,,1,gastrointestinal_submucosal_tumor,,#ffffff,445,534,"[[158, 150, 234, 240]]",0.9279643008924777,0.865609514370664,0.9516234473741556,0.9054530375285093,0.9990464204255026,0.952249728977006,5.385164807134504,2.439411169404328,-0.04851752021563342,141.32992524537258
GIST/original_gist036_2,GIST/original_gist036_2,,1,gastrointestinal_submucosal_tumor,,#ffffff,497,478,"[[260, 188, 329, 263]]",0.9432864760058167,0.8926605504587156,0.9304327038010997,0.9565003686409437,0.9987537313113231,0.9776270499761334,4.0,1.841591773330137,0.02801671172278201,141.32992524537258
GIST/original_gist037_2,GIST/original_gist037_2,,1,gastrointestinal_submucosal_tumor,,#ffffff,497,478,"[[264, 121, 469, 335]]",0.9630878770845044,0.9288037585833032,0.9669530319182291,0.959253499222395,0.9948689488647428,0.9770612240435689,8.06225774829855,3.370414852329725,-0.007962674961119751,143.76858275500126
GIST/original_gist038_4,GIST/original_gist038_4,,1,gastrointestinal_submucosal_tumor,,#ffffff,497,477,"[[181, 338, 246, 388]]",0.9196177627880832,0.8511966701352758,0.8556485355648535,0.9939246658566221,0.9982352941176471,0.9960799799871346,5.656854249492381,2.126869737694527,0.16160388821385177,143.76858275500126
GIST/original_gist039_8,GIST/original_gist039_8,,1,gastrointestinal_submucosal_tumor,,#ffffff,481,540,"[[163, 179, 213, 238]]",0.9252293577981652,0.8608621425522834,0.8765754019991309,0.9796017484215639,0.9988978620852915,0.9892498052534278,5.0,1.72991069249945,0.11753278290432248,143.76858275500126
GIST/original_gist040_3,GIST/original_gist040_3,,1,gastrointestinal_submucosal_tumor,,#ffffff,481,540,"[[137, 252, 191, 321]]",0.9267042542286007,0.8634192932187201,0.9000995685363425,0.9549295774647887,0.9988283378746594,0.9768789576697241,5.039607805437112,2.0304249552733595,0.06091549295774648,143.76858275500126
GIST/original_gist041_2,GIST/original_gist041_2,,1,gastrointestinal_submucosal_tumor,,#ffffff,355,414,"[[105, 157, 167, 230]]",0.9331006399069226,0.8745910577971646,0.9516463957282706,0.9152639087018545,0.9988638343846932,0.9570638715432738,4.0,2.0130262923066504,-0.038231098430813126,143.23090825928375
GIST/original_gist042_1,GIST/original_gist042_1,,1,gastrointestinal_submucosal_tumor,,#ffffff,467,475,"[[139, 289, 222, 371]]",0.9410475564321719,0.8886589403973509,0.9544343187374972,0.9280311216771125,0.9990561607381283,0.9635436412076204,4.123105625617661,1.9061610862400313,-0.02766371298897774,143.23090825928375
GIST/original_gist043_2,GIST/original_gist043_2,,1,gastrointestinal_submucosal_tumor,,#ffffff,355,415,"[[128, 114, 181, 190]]",0.9357912826120919,0.8793305930710511,0.8916344150044656,0.9845496383957922,0.9974771802637872,0.9910134093297898,5.2993212190719845,1.8070130799603294,0.1042077580539119,143.23090825928375
GIST/original_gist044_2,GIST/original_gist044_2,,1,gastrointestinal_submucosal_tumor,,#ffffff,497,477,"[[205, 20, 468, 255]]",0.9715956097291931,0.9447602702992599,0.9652814308258811,0.9779929381981302,0.9917516324894031,0.9848722853437666,9.848857801796104,3.1076826604202803,0.01316870600253159,143.23090825928375
GIST/original_gist045_5,GIST/original_gist045_5,,1,gastrointestinal_submucosal_tumor,,#ffffff,446,532,"[[246, 208, 336, 275]]",0.8345070422535211,0.716012084592145,0.7582266910420475,0.9278523489932886,0.9954727509242777,0.9616625499587832,23.198991820927542,6.046855770083993,0.22371364653243847,141.74903673119843
GIST/original_gist046_1,GIST/original_gist046_1,,1,gastrointestinal_submucosal_tumor,,#ffffff,446,532,"[[171, 149, 273, 234]]",0.9104477611940298,0.8356164383561644,0.8886225336529596,0.9333720705016463,0.9973977743215472,0.9653849224115967,7.565423623376407,3.0473294076848103,0.050358318806895216,141.74903673119843
GIST/original_gist047_1,GIST/original_gist047_1,,1,gastrointestinal_submucosal_tumor,,#ffffff,355,415,"[[222, 112, 299, 188]]",0.9221630986264077,0.8555683122847302,0.8705607476635514,0.9802683504340963,0.9961400183941361,0.9882041844141163,7.085071285771721,2.3967219401717395,0.126019468560905,141.74903673119843
GIST/original_gist048_3,GIST/original_gist048_3,,1,gastrointestinal_submucosal_tumor,,#ffffff,446,533,"[[247, 150, 297, 190]]",0.9275092936802974,0.8648180242634316,0.8698431144683324,0.993364299933643,0.9990516953063151,0.996207997619979,3.1622776601683795,1.4291014090641943,0.1420039814200398,141.74903673119843
GIST/original_gist049_3,GIST/original_gist049_3,,1,gastrointestinal_submucosal_tumor,,#ffffff,468,475,"[[287, 173, 342, 237]]",0.9156912637828668,0.8444931163954944,0.8498110831234257,0.9926443545421111,0.997827680901353,0.9952360177217321,5.0,2.340789815539476,0.16807649871276203,142.82903302228078
GIST/original_gist050_1,GIST/original_gist050_1,,1,gastrointestinal_submucosal_tumor,,#ffffff,481,540,"[[187, 297, 237, 340]]",0.7800495662949195,0.6394108684611478,0.6564129301355579,0.9610687022900763,0.9974499864566807,0.9792593443733786,12.194775501731346,4.381519880666603,0.46412213740458014,142.82903302228078
GIST/original_gist051_1,GIST/original_gist051_1,,1,gastrointestinal_submucosal_tumor,,#ffffff,355,415,"[[116, 118, 186, 212]]",0.951844066501051,0.9081130355515041,0.9200221647580348,0.9859461599366588,0.996956555354846,0.9914513576457524,5.0,1.7718642214462799,0.07165479018210609,142.82903302228078
GIST/original_gist052_2,GIST/original_gist052_2,,1,gastrointestinal_submucosal_tumor,,#ffffff,354,415,"[[56, 190, 200, 327]]",0.9546005274036063,0.9131442596127625,0.950805707389792,0.9584257602862254,0.9947869259412495,0.9766063431137375,7.0710678118654755,2.711583231930773,0.008014311270125224,142.82903302228078
GIST/original_gist053_7,GIST/original_gist053_7,,1,gastrointestinal_submucosal_tumor,,#ffffff,355,415,"[[136, 199, 267, 290]]",0.9485240046223343,0.9020881206913778,0.9253869017115917,0.9728477534748411,0.9947263191446205,0.9837870363097307,7.0710678118654755,2.618268232171995,0.05128757676974464,142.43299601366743
GIST/original_gist054_2,GIST/original_gist054_2,,1,gastrointestinal_submucosal_tumor,,#ffffff,446,532,"[[285, 93, 367, 197]]",0.9450864977388558,0.895890038105607,0.9300649901102006,0.9606011965562528,0.9978517396568859,0.9792264681065693,6.67769596299271,2.396485828706154,0.03283233620312272,142.43299601366743
GIST/original_gist055_3,GIST/original_gist055_3,,1,gastrointestinal_submucosal_tumor,,#ffffff,481,539,"[[252, 106, 355, 209]]",0.9261458809197503,0.8624503686897335,0.9049248623716709,0.9483860907531576,0.9974727699864739,0.9729294303698157,7.615773105863909,2.7927451671511876,0.048027444253859346,142.43299601366743
GIST/original_gist056_2,GIST/original_gist056_2,,1,gastrointestinal_submucosal_tumor,,#ffffff,445,532,"[[254, 249, 321, 307]]",0.9183557491949232,0.8490367775831874,0.853220696937698,0.9942575881870386,0.9982202456658501,0.9962389169264443,5.0,2.037639861720948,0.1652994257588187,142.43299601366743
GIST/original_gist057_8,GIST/original_gist057_8,,1,gastrointestinal_submucosal_tumor,,#ffffff,446,532,"[[79, 40, 299, 285]]",0.9159534958824479,0.8449393014076115,0.9030725960517937,0.9292071639183138,0.9817936245290165,0.9555003942236652,23.853720883753127,8.222592695010515,0.02893960904226275,141.9623015099205
GIST/original_gist058_7,GIST/original_gist058_7,,1,gastrointestinal_submucosal_tumor,,#ffffff,498,477,"[[151, 267, 215, 348]]",0.9318472077092766,0.8723913043478261,0.9469089193015573,0.9172571428571429,0.9990350429513104,0.9581460929042267,5.385164807134504,2.2993014211079172,-0.03131428571428571,141.9623015099205
GIST/original_gist059_3,GIST/original_gist059_3,,1,gastrointestinal_submucosal_tumor,,#ffffff,468,476,"[[218, 149, 275, 188]]",0.9196876742889013,0.8513164687661332,0.8674381904260915,0.9786350148367953,0.9988601565927728,0.988747585714784,4.0,1.7139012860928344,0.1281899109792285,141.9623015099205
GIST/original_gist060_4,GIST/original_gist060_4,,1,gastrointestinal_submucosal_tumor,,#ffffff,446,533,"[[307, 192, 378, 269]]",0.9184491978609626,0.8491965389369592,0.8551867219917012,0.9918190567853705,0.9970115001584162,0.9944152784718934,6.44888619169282,2.786188041686448,0.15976900866217517,141.9623015099205
GIST/original_gist061_1,GIST/original_gist061_1,,1,gastrointestinal_submucosal_tumor,,#ffffff,355,415,"[[137, 145, 187, 231]]",0.9406921786857753,0.8880253310305124,0.9351318581388299,0.946319018404908,0.9985145594002707,0.9724167889025893,3.605551275463989,1.6570685614246967,0.01196319018404908,143.17918199230917
GIST/original_gist062_1,GIST/original_gist062_1,,1,gastrointestinal_submucosal_tumor,,#ffffff,468,476,"[[280, 112, 430, 326]]",0.9667554826808772,0.9356502420058717,0.9856235372785022,0.9485962513072158,0.9982618010570675,0.9734290261821417,7.0710678118654755,2.651075472687479,-0.037567371892848526,143.17918199230917
GIST/original_gist063_3,GIST/original_gist063_3,,1,gastrointestinal_submucosal_tumor,,#ffffff,496,478,"[[158, 179, 237, 231]]",0.9291001809508143,0.8675883256528418,0.8718740351960481,0.9943661971830986,0.9982283733479048,0.9962972852655017,4.123105625617661,1.8256535984809243,0.14049295774647888,143.17918199230917
GIST/original_gist064_1,GIST/original_gist064_1,,1,gastrointestinal_submucosal_tumor,,#ffffff,466,475,"[[99, 122, 185, 197]]",0.9192338072669827,0.8505390096839028,0.8919333205594941,0.9482583010796496,0.9973942090454212,0.9728262550625354,7.0710678118654755,2.9370825680967365,0.06314931757995518,143.17918199230917
GIST/original_gist065_4,GIST/original_gist065_4,,1,gastrointestinal_submucosal_tumor,,#ffffff,356,415,"[[215, 114, 320, 219]]",0.9725893294175233,0.9466412577417818,0.9905284147557328,0.9552884615384616,0.9994548845215895,0.9773716730300255,3.0,1.3148627065100118,-0.035576923076923075,142.21178073785268
GIST/original_gist066_6,GIST/original_gist066_6,,1,gastrointestinal_submucosal_tumor,,#ffffff,356,416,"[[214, 73, 302, 175]]",0.9168473211520595,0.8464617583988563,0.889039039039039,0.9464514066496164,0.9947899041173153,0.9706206553834658,7.810249675906654,3.405830679681028,0.06457800511508952,142.21178073785268
GIST/original_gist067_2,GIST/original_gist067_2,,1,gastrointestinal_submucosal_tumor,,#ffffff,466,476,"[[275, 199, 313, 233]]",0.8621340887629839,0.7576763485477178,0.7627401837928154,0.991313789359392,0.998714321283868,0.99501405532163,5.385164807134504,2.2666452774835197,0.2996742671009772,142.21178073785268
GIST/original_gist068_2,GIST/original_gist068_2,,1,gastrointestinal_submucosal_tumor,,#ffffff,356,415,"[[219, 133, 338, 261]]",0.9269117025771019,0.8637795275590551,0.9729969449098256,0.884994621728218,0.9979939085105137,0.9414942651193658,8.94427190999916,3.9510657615605513,-0.0904446038006454,142.21178073785268
GIST/original_gist069_4,GIST/original_gist069_4,,1,gastrointestinal_submucosal_tumor,,#ffffff,497,477,"[[158, 271, 219, 316]]",0.8307457368287096,0.7104919460165433,0.7104919460165433,1.0,0.9971754651987581,0.998587732599379,7.810249675906654,3.5968015233687565,0.4074754901960784,142.68574499874376
GIST/original_gist070_1,GIST/original_gist070_1,,1,gastrointestinal_submucosal_tumor,,#ffffff,446,532,"[[175, 98, 285, 172]]",0.9384115342945245,0.8839692259381379,0.9335101973138783,0.9433646112600537,0.9982663507764673,0.9708154810182605,6.708203932499369,2.3560490813839556,0.010556300268096515,142.68574499874376
GIST/original_gist071_1,GIST/original_gist071_1,,1,gastrointestinal_submucosal_tumor,,#ffffff,467,474,"[[179, 292, 284, 388]]",0.941556576680069,0.8895672229005562,0.908297548136861,0.9773438664480548,0.996915895252249,0.9871298808501519,5.00990195135928,2.4091539680310725,0.07601729020718438,142.68574499874376
GIST/original_gist072_1,GIST/original_gist072_1,,1,gastrointestinal_submucosal_tumor,,#ffffff,446,532,"[[278, 192, 383, 314]]",0.9406245112860345,0.8879047337860447,0.9919736118746564,0.8943298969072165,0.9996786745545461,0.9470042857308814,7.933587386567325,3.02147446923245,-0.09843378271213322,142.68574499874376
GIST/original_gist073_2,GIST/original_gist073_2,,1,gastrointestinal_submucosal_tumor,,#ffffff,468,475,"[[283, 209, 334, 269]]",0.9479745830023828,0.9010947527368819,0.9034822104466314,0.9970760233918129,0.9988404136312788,0.9979582185115459,3.317423425521828,1.3266688115995084,0.1035923141186299,142.23949701408856
GIST/original_gist074_3,GIST/original_gist074_3,,1,gastrointestinal_submucosal_tumor,,#ffffff,467,475,"[[166, 232, 235, 306]]",0.92505487613672,0.8605600933488915,0.9365079365079365,0.9138785625774474,0.9990850743605814,0.9564818184690144,5.089117562233504,2.0528353312282106,-0.024163568773234202,142.23949701408856
GIST/original_gist075_7,GIST/original_gist075_7,,1,gastrointestinal_submucosal_tumor,,#ffffff,355,415,"[[181, 200, 242, 243]]",0.9454294266635966,0.8965065502183406,0.9443422263109476,0.9465191332411249,0.9991664140648682,0.9728427736529965,3.0,1.2845661917826063,0.002305209774089442,142.23949701408856
GIST/original_gist076_2,GIST/original_gist076_2,,1,gastrointestinal_submucosal_tumor,,#ffffff,497,477,"[[189, 118, 246, 180]]",0.9426470588235294,0.8915159944367177,0.9535143175901822,0.9320247182842603,0.9994665369284477,0.965745627606354,3.605551275463989,1.5118972465798841,-0.022537259178480554,142.23949701408856
GIST/original_gist077_1,GIST/original_gist077_1,,1,gastrointestinal_submucosal_tumor,,#ffffff,467,475,"[[224, 125, 270, 172]]",0.9530823786142935,0.9103699843668578,0.9258081611022787,0.9820123664980326,0.9993637693936722,0.9906880679458524,3.0,1.048080122872488,0.06070826306913996,142.78613624628633
GIST/original_gist078_1,GIST/original_gist078_1,,1,gastrointestinal_submucosal_tumor,,#ffffff,468,477,"[[271, 128, 472, 374]]",0.9725375131907446,0.9465430861723447,0.9711128244667181,0.9739663882874523,0.9939058772500542,0.9839361327687532,8.06225774829855,2.7897012383612476,0.002938447262604392,142.78613624628633
GIST/original_gist079_1,GIST/original_gist079_1,,1,gastrointestinal_submucosal_tumor,,#ffffff,498,478,"[[308, 132, 399, 208]]",0.9388239952484656,0.8847014925373134,0.8888472352389878,0.9947556114956996,0.9974579577069321,0.9961067846013159,6.227838204321335,2.1681108684661963,0.11915250681770506,142.78613624628633
GIST/original_gist080_8,GIST/original_gist080_8,,1,gastrointestinal_submucosal_tumor,,#ffffff,446,532,"[[255, 189, 427, 326]]",0.9479145173176123,0.9009862153984086,0.9315219280458837,0.9648943831012962,0.9946420800696257,0.979768231585461,7.0710678118654755,3.416582064089523,0.03582573211713874,142.78613624628633
GIST/original_gist081_1,GIST/original_gist081_1,,1,gastrointestinal_submucosal_tumor,,#ffffff,466,474,"[[216, 264, 282, 317]]",0.9138194798572157,0.8413145539906103,0.8775710088148874,0.9531914893617022,0.9982803213735417,0.975735905367622,4.123105625617661,2.3779239716194858,0.08617021276595745,143.09240426518954
GIST/original_gist082_1,GIST/original_gist082_1,,1,gastrointestinal_submucosal_tumor,,#ffffff,481,539,"[[74, 143, 206, 233]]",0.9379655562838924,0.8831780944899562,0.9068909887070754,0.9712452178205603,0.9967828759814618,0.984014046901011,6.4031242374328485,2.658027787333828,0.07096137233123534,143.09240426518954
GIST/original_gist083_4,GIST/original_gist083_4,,1,gastrointestinal_submucosal_tumor,,#ffffff,482,539,"[[224, 274, 287, 367]]",0.9419802182114816,0.8903238242097147,0.8944616576297444,0.9948309282791299,0.997864043424585,0.9963474858518575,5.0,2.096879387075985,0.11221193194055568,143.09240426518954
GIST/original_gist084_2,GIST/original_gist084_2,,1,gastrointestinal_submucosal_tumor,,#ffffff,497,477,"[[242, 103, 395, 281]]",0.9558992713792662,0.9155239960822723,0.9485032978183663,0.9634114918835351,0.9963348303956306,0.9798731611395829,6.0,2.5305973008020497,0.01571759855707292,143.09240426518954
GIST/original_gist085_1,GIST/original_gist085_1,,1,gastrointestinal_submucosal_tumor,,#ffffff,521,601,"[[274, 294, 521, 515]]",0.9134987336668221,0.8407709792642761,0.8692597299824945,0.9624820774255217,0.9802075808014986,0.9713448291135102,34.17601498127012,9.037144250213158,0.1072433752854336,143.03816223400645
GIST/original_gist086_3,GIST/original_gist086_3,,1,gastrointestinal_submucosal_tumor,,#ffffff,497,477,"[[255, 256, 364, 358]]",0.9456066945606695,0.8968253968253969,0.9750573007954698,0.9178829800736134,0.9991928094594005,0.9585378947665069,6.4031242374328485,2.4797022051080213,-0.05863688285315395,143.03816223400645
GIST/original_gist087_5,GIST/original_gist087_5,,1,gastrointestinal_submucosal_tumor,,#ffffff,355,414,"[[67, 182, 173, 276]]",0.9348924098803016,0.8777445758087566,0.953294765062791,0.9171870757534618,0.9976290077648204,0.9574080417591411,5.480256111959767,2.913392011441872,-0.037876730925875644,143.03816223400645
GIST/original_gist088_3,GIST/original_gist088_3,,1,gastrointestinal_submucosal_tumor,,#ffffff,481,539,"[[131, 162, 218, 257]]",0.9518429600338936,0.9081110212880625,0.9560283687943263,0.9476940382452194,0.9987705584440822,0.9732322983446509,5.717788425365907,2.057859476958417,-0.008717660292463443,143.03816223400645
GIST/original_gist089_5,GIST/original_gist089_5,,1,gastrointestinal_submucosal_tumor,,#ffffff,497,478,"[[160, 177, 216, 256]]",0.908751696065129,0.8327634442026733,0.8821205136648008,0.9370409233997902,0.998474693980154,0.9677578086899721,5.0,2.2416145953785853,0.06225953130465198,142.66737198340707
GIST/original_gist090_3,GIST/original_gist090_3,,1,gastrointestinal_submucosal_tumor,,#ffffff,467,475,"[[296, 80, 442, 282]]",0.960705037932131,0.9243815018795349,0.9668983174835406,0.9545905931208811,0.9963740352880488,0.975482314204465,9.0,3.0337589206073616,-0.01272907827028979,142.66737198340707
GIST/original_gist091_2,GIST/original_gist091_2,,1,gastrointestinal_submucosal_tumor,,#ffffff,497,477,"[[112, 299, 248, 408]]",0.9467716535433071,0.8989234449760766,0.9939537080774681,0.9038659793814433,0.9997160968642012,0.9517910381228223,7.0710678118654755,2.933739475042811,-0.09063573883161512,142.66737198340707
GIST/original_gist092_4,GIST/original_gist092_4,,1,gastrointestinal_submucosal_tumor,,#ffffff,481,540,"[[92, 92, 243, 270]]",0.9590383125484218,0.921300297704792,0.9708055049585104,0.9475529655785471,0.9975907236597618,0.9725718446191545,8.54400374531753,3.001105512740559,-0.02395180008889328,142.66737198340707
GIST/original_gist093_1,GIST/original_gist093_1,,1,gastrointestinal_submucosal_tumor,,#ffffff,467,475,"[[147, 189, 188, 238]]",0.9007746219107341,0.8194630872483222,0.8696581196581197,0.9342004590665647,0.9991701357712296,0.9666852974188971,3.605551275463989,1.80299363254583,0.07421576128538639,141.9657512451522
GIST/original_gist094_2,GIST/original_gist094_2,,1,gastrointestinal_submucosal_tumor,,#ffffff,446,529,"[[288, 130, 358, 195]]",0.9595750958984951,0.9222915484968803,0.985753258563201,0.9347513653348664,0.9997978103288808,0.9672745878318736,3.0,1.2270758445033305,-0.051739005461339464,141.9657512451522
GIST/original_gist095_4,GIST/original_gist095_4,,1,gastrointestinal_submucosal_tumor,,#ffffff,482,538,"[[191, 217, 234, 294]]",0.8822330888345559,0.7892818082391542,0.7933308904360572,0.9935750344194585,0.9978066167062695,0.995690825562864,8.0,2.7761715993692238,0.2524093620927031,141.9657512451522
GIST/original_gist096_6,GIST/original_gist096_6,,1,gastrointestinal_submucosal_tumor,,#ffffff,466,476,"[[186, 130, 341, 226]]",0.9311075247125278,0.8710955930923846,0.9481306491372227,0.9146848989298454,0.9976148192930419,0.9561498591114437,8.94427190999916,3.3035865649353524,-0.035275465715418154,141.9657512451522
GIST/original_gist097_8,GIST/original_gist097_8,,1,gastrointestinal_submucosal_tumor,,#ffffff,355,414,"[[245, 145, 269, 188]]",0.8891468369123622,0.800417972831766,0.8299024918743229,0.9575,0.9989259081890949,0.9782129540945474,4.0,1.5277390719964152,0.15375,142.84004748333246
GIST/original_gist098_3,GIST/original_gist098_3,,1,gastrointestinal_submucosal_tumor,,#ffffff,467,475,"[[299, 122, 398, 202]]",0.9420502775057134,0.8904490047832124,0.9196812749003984,0.9655345491049021,0.9976650235350802,0.9815997863199912,5.0990195135927845,2.3641826454205304,0.04985778818805421,142.84004748333246
GIST/original_gist099_3,GIST/original_gist099_3,,1,gastrointestinal_submucosal_tumor,,#ffffff,498,477,"[[256, 185, 342, 283]]",0.8787987987987989,0.78380115706021,0.8296665910637333,0.9341164453524005,0.9967855155587896,0.9654509804555951,6.708203932499369,3.357329862513301,0.1258937691521961,142.84004748333246
GIST/original_gist100_1,GIST/original_gist100_1,,1,gastrointestinal_submucosal_tumor,,#ffffff,497,478,"[[238, 258, 281, 289]]",0.8181818181818182,0.6923076923076923,0.7894736842105263,0.8490566037735849,0.9992397717625892,0.924148187768087,6.0,2.392994206009915,0.07547169811320754,142.84004748333246
GIST/original_gist101_1,GIST/original_gist101_1,,1,gastrointestinal_submucosal_tumor,,#ffffff,499,479,"[[252, 97, 345, 182]]",0.9198470038249044,0.8515895498898332,0.8726011933559104,0.9725017972681524,0.9966160791923138,0.9845589382302331,9.433981132056603,3.1460806745036805,0.11448598130841121,143.3521120052319
GIST/original_gist102_6,GIST/original_gist102_6,,1,gastrointestinal_submucosal_tumor,,#ffffff,481,539,"[[207, 294, 290, 364]]",0.8876074174581637,0.7979264078064647,0.8922482382359627,0.8830146231721034,0.9981398196331441,0.9405772214026238,9.486832980505138,3.8559763835120884,-0.010348706411698537,143.3521120052319
GIST/original_gist103_6,GIST/original_gist103_6,,1,gastrointestinal_submucosal_tumor,,#ffffff,481,539,"[[237, 264, 397, 417]]",0.9641188205394474,0.9307233683321902,0.9720079347586511,0.9563567362428842,0.997890488094546,0.977123612168715,5.830951894845301,2.487402850567186,-0.01610192464082407,143.3521120052319
GIST/original_gist104_2,GIST/original_gist104_2,,1,gastrointestinal_submucosal_tumor,,#ffffff,355,416,"[[141, 160, 176, 196]]",0.873758865248227,0.7758186397984886,0.7777777777777778,0.9967637540453075,0.9982010589221345,0.997482406483721,4.47213595499958,2.1184387712783725,0.2815533980582524,143.3521120052319
GIST/original_gist105_2,GIST/original_gist105_2,,1,gastrointestinal_submucosal_tumor,,#ffffff,467,475,"[[170, 265, 250, 332]]",0.9479577554396234,0.9010643444605708,0.9896386822529224,0.9096459096459096,0.9998208790704083,0.954733394358159,4.47213595499958,1.6956147306091587,-0.08083028083028083,142.90745049947873
GIST/original_gist106_2,GIST/original_gist106_2,,1,gastrointestinal_submucosal_tumor,,#ffffff,481,540,"[[289, 150, 374, 194]]",0.8583412774070543,0.7518370073480294,0.7638276213098066,0.9795474325500435,0.997296478430093,0.9884219554900682,8.0,3.2986343545467025,0.2824194952132289,142.90745049947873
GIST/original_gist107_1,GIST/original_gist107_1,,1,gastrointestinal_submucosal_tumor,,#ffffff,446,531,"[[269, 139, 378, 250]]",0.8121373138502412,0.6836962919364332,0.7086383601756955,0.9510397904044539,0.989649747094951,0.9703447687497024,21.470910553583888,7.460200543886803,0.3420664810872769,142.90745049947873
GIST/original_gist108_1,GIST/original_gist108_1,,1,gastrointestinal_submucosal_tumor,,#ffffff,497,478,"[[54, 198, 214, 381]]",0.9344867982337569,0.8770297699594046,0.9210818492694409,0.9482876868913173,0.9917615151023436,0.9700246009968304,12.361178813797025,5.088901865178425,0.02953682959169677,142.90745049947873
GIST/original_gist109_6,GIST/original_gist109_6,,1,gastrointestinal_submucosal_tumor,,#ffffff,355,416,"[[130, 33, 308, 177]]",0.9470685726123886,0.8994589276930645,0.9859276432846282,0.9111565100403608,0.9979547217716341,0.9545556159059975,10.009975124224175,3.7057198132827436,-0.07583835766605213,144.19212526991032
GIST/original_gist110_2,GIST/original_gist110_2,,1,gastrointestinal_submucosal_tumor,,#ffffff,445,532,"[[156, 222, 266, 324]]",0.9336031933434531,0.8754744833403627,0.9667015950634532,0.9026962383126766,0.9987430891879301,0.9507196637503034,8.009338662244781,3.249405441089429,-0.06621004566210045,144.19212526991032
GIST/original_gist111_1,GIST/original_gist111_1,,1,gastrointestinal_submucosal_tumor,,#ffffff,596,596,"[[252, 198, 344, 265]]",0.9102535832414553,0.8352893565358155,0.8574989613626921,0.9699248120300752,0.9980453612947344,0.9839850866624048,8.48528137423857,3.050593772225659,0.13110902255639098,144.19212526991032
GIST/original_gist112_4,GIST/original_gist112_4,,1,gastrointestinal_submucosal_tumor,,#ffffff,497,476,"[[178, 301, 249, 354]]",0.9495617661650405,0.9039672544080605,0.9243399871217,0.9761985719143148,0.9989941403324045,0.9875963561233596,3.0,1.389778463946526,0.05610336620197212,144.19212526991032
GIST/original_gist113_5,GIST/original_gist113_5,,1,gastrointestinal_submucosal_tumor,,#ffffff,497,479,"[[197, 141, 314, 235]]",0.8817856902016319,0.7885659148474249,0.8387427838357921,0.9294853568382144,0.9945591246120616,0.962022240725138,18.0,4.951278769733525,0.10818879727040091,143.68614499107935
GIST/original_gist114_1,GIST/original_gist114_1,,1,gastrointestinal_submucosal_tumor,,#ffffff,498,478,"[[195, 289, 364, 382]]",0.8987954288067538,0.8161929693343306,0.9135621598995396,0.8844984802431611,0.9963799556478827,0.9404392179455219,15.297058540778355,4.718078547980049,-0.03181357649442756,143.68614499107935
GIST/original_gist115_4,GIST/original_gist115_4,,1,gastrointestinal_submucosal_tumor,,#ffffff,499,479,"[[216, 119, 337, 232]]",0.9367921475568979,0.8810997260829867,0.9394267171444024,0.9341723136495643,0.9975622921418746,0.9658673028957194,8.48528137423857,3.1017696992623995,-0.005593202108206949,143.68614499107935
GIST/original_gist116_1,GIST/original_gist116_1,,1,gastrointestinal_submucosal_tumor,,#ffffff,468,474,"[[191, 66, 277, 122]]",0.9340385812072184,0.8762405137186223,0.920012258657677,0.9484992101105845,0.9988064042585301,0.9736528071845573,4.242640687119285,1.7323419170008783,0.030963665086887835,143.68614499107935
GIST/original_gist117_2,GIST/original_gist117_2,,1,gastrointestinal_submucosal_tumor,,#ffffff,469,475,"[[56, 178, 228, 364]]",0.9652441297055535,0.9328230526789735,0.980548061905438,0.9504105692921694,0.9979549796990685,0.974182774495619,8.06225774829855,2.588230481389752,-0.030735354832790496,144.03238325030543
GIST/original_gist118_4,GIST/original_gist118_4,,1,gastrointestinal_submucosal_tumor,,#ffffff,356,416,"[[125, 90, 207, 198]]",0.9054602701135139,0.8272520817562453,0.9324232081911262,0.8800128845224674,0.9972090466357031,0.9386109655790853,10.0,3.6472166610253085,-0.056208729263971656,144.03238325030543
GIST/original_gist119_2,GIST/original_gist119_2,,1,gastrointestinal_submucosal_tumor,,#ffffff,497,477,"[[107, 266, 246, 393]]",0.9352363413136894,0.8783511098299221,0.958628283781658,0.9129588014981274,0.9976488362633482,0.9553038188807378,8.0,3.9019428390464235,-0.04764044943820225,144.03238325030543
GIST/original_gist120_16,GIST/original_gist120_16,,1,gastrointestinal_submucosal_tumor,,#ffffff,354,416,"[[192, 73, 389, 276]]",0.8450944386149003,0.7317433276547416,0.9557456487341772,0.7574059561128527,0.9926485083453804,0.8750272322291166,42.534588849265305,11.484214437550992,-0.20752351097178684,144.03238325030543
GIST/original_gist121_2,GIST/original_gist121_2,,1,gastrointestinal_submucosal_tumor,,#ffffff,481,538,"[[159, 214, 297, 307]]",0.9039698729013024,0.8247673586256263,0.9890128755364807,0.8323941626932524,0.9997458875472987,0.9160700251202756,15.588155270709805,3.919027387315866,-0.15835861869672013,143.8062484958209
GIST/original_gist122_9,GIST/original_gist122_9,,1,gastrointestinal_submucosal_tumor,,#ffffff,467,475,"[[226, 71, 406, 283]]",0.9434640714467178,0.8929786919206866,0.9771292098445595,0.9120414100578078,0.9971078737497313,0.9545746419037695,14.560219778561036,4.633826011295185,-0.0666112517474591,143.8062484958209
GIST/original_gist123_5,GIST/original_gist123_5,,1,gastrointestinal_submucosal_tumor,,#ffffff,497,477,"[[38, 92, 231, 314]]",0.9183232871034042,0.8489812863256052,0.976241186839013,0.8668927511657482,0.9968653404521274,0.9318790458089378,14.0,7.234334040708115,-0.11200965206899925,143.8062484958209
GIST/original_gist124_5,GIST/original_gist124_5,,1,gastrointestinal_submucosal_tumor,,#ffffff,498,478,"[[26, 237, 207, 422]]",0.9332484913173775,0.8748508755050991,0.9449247651508854,0.9218572587185726,0.9937905372474037,0.9578238979829882,17.88854381999832,5.406686151203371,-0.02441200324412003,143.8062484958209
GIST/original_gist125_5,GIST/original_gist125_5,,1,gastrointestinal_submucosal_tumor,,#ffffff,483,541,"[[160, 210, 223, 301]]",0.9255265797392177,0.8613768961493582,0.8941375968992248,0.9591995841995842,0.9983026159911441,0.9787511000953641,6.4031242374328485,2.2785138163945216,0.07276507276507277,143.32585074589588
GIST/original_gist126_1,GIST/original_gist126_1,,1,gastrointestinal_submucosal_tumor,,#ffffff,482,540,"[[156, 269, 362, 439]]",0.9551119857557867,0.9140807174887893,0.9419593345656192,0.9686371412279035,0.9932898813975852,0.9809635113127444,10.198039027185569,3.6667707431855354,0.028321611860862954,143.32585074589588
GIST/original_gist127_5,GIST/original_gist127_5,,1,gastrointestinal_submucosal_tumor,,#ffffff,498,477,"[[231, 254, 381, 376]]",0.949279112754159,0.9034550700161846,0.9412066564034894,0.957491237228727,0.9964218312906838,0.9769565342597054,5.830951894845301,2.992891001970982,0.01730181221567604,143.32585074589588
GIST/original_gist128_4,GIST/original_gist128_4,,1,gastrointestinal_submucosal_tumor,,#ffffff,497,478,"[[290, 215, 373, 320]]",0.9366951823502927,0.8809281842818428,0.9312444046553268,0.9422101449275362,0.9983451557018866,0.9702776503147115,5.084166586553869,2.286675034979452,0.01177536231884058,143.32585074589588
GIST/original_gist129_2,GIST/original_gist129_2,,1,gastrointestinal_submucosal_tumor,,#ffffff,469,475,"[[185, 107, 343, 172]]",0.9237570563830511,0.8583164812942367,0.9646306818181818,0.8862064465613989,0.9988424634608948,0.9425244550111469,7.0,3.011401940476682,-0.08129975205533081,141.36410600622185
GIST/original_gist130_1,GIST/original_gist130_1,,1,gastrointestinal_submucosal_tumor,,#ffffff,446,533,"[[234, 274, 297, 305]]",0.9071304347826087,0.83004455760662,0.9030470914127424,0.9112508735150244,0.9994075002010268,0.9553291868580256,3.605551275463989,1.5897120617605036,0.009084556254367574,141.36410600622185
GIST/original_gist131_1,GIST/original_gist131_1,,1,gastrointestinal_submucosal_tumor,,#ffffff,468,475,"[[154, 91, 254, 196]]",0.9461487820934825,0.8978010994502749,0.9662498319214737,0.9268670192183671,0.9988300931730576,0.9628485561957123,5.830951894845301,2.4327966624291077,-0.04075841609699471,141.36410600622185
GIST/original_gist132_1,GIST/original_gist132_1,,1,gastrointestinal_submucosal_tumor,,#ffffff,468,476,"[[285, 213, 321, 271]]",0.9288389513108615,0.8671328671328671,0.8875255623721882,0.9741863075196409,0.9990044618211108,0.9865953846703759,3.605551275463989,1.4859190226924286,0.09764309764309764,141.36410600622185
GIST/original_gist133_2,GIST/original_gist133_2,,1,gastrointestinal_submucosal_tumor,,#ffffff,482,540,"[[101, 62, 317, 213]]",0.9026012682800569,0.8224916269635361,0.9593925387916804,0.8521577635501686,0.9969226791872203,0.9245402213686944,18.439088914585774,6.339941749845088,-0.11177361810273202,141.32809126749635
GIST/original_gist134_5,GIST/original_gist134_5,,1,gastrointestinal_submucosal_tumor,,#ffffff,498,477,"[[74, 187, 241, 347]]",0.909949450615976,0.8347772964567366,0.9176434676434676,0.9023833823617698,0.993892860214859,0.9481381212883144,10.63014581273465,5.672255148271135,-0.016629645194212644,141.32809126749635
GIST/original_gist135_3,GIST/original_gist135_3,,1,gastrointestinal_submucosal_tumor,,#ffffff,466,476,"[[222, 274, 280, 317]]",0.9206435778565585,0.852956038403234,0.8656410256410256,0.9831100757134537,0.9988096265771312,0.9909598511452924,5.0,1.6675166282136713,0.13570180547466512,141.32809126749635
GIST/original_gist136_4,GIST/original_gist136_4,,1,gastrointestinal_submucosal_tumor,,#ffffff,498,479,"[[184, 296, 318, 396]]",0.9004503984293798,0.8189265833420859,0.8963099206805379,0.9046293073442395,0.9960769474998151,0.9503531274220274,9.219544457292887,4.386215432950534,0.009281819236570368,141.32809126749635
GIST/original_gist137_7,GIST/original_gist137_7,,1,gastrointestinal_submucosal_tumor,,#ffffff,482,538,"[[232, 284, 320, 351]]",0.9352690754284467,0.8784088579044494,0.9130434782608695,0.9586037144775117,0.9983990394236542,0.9785013769505829,5.830951894845301,2.23926920039743,0.04989930633251287,141.3267250172794
GIST/original_gist138_3,GIST/original_gist138_3,,1,gastrointestinal_submucosal_tumor,,#ffffff,498,479,"[[267, 146, 331, 226]]",0.9280257338158424,0.8657164291072769,0.9041525202402716,0.9531938325991189,0.9984376995445065,0.9758157660718128,7.211102550927978,2.1273889845400564,0.05424008810572687,141.3267250172794
GIST/original_gist139_2,GIST/original_gist139_2,,1,gastrointestinal_submucosal_tumor,,#ffffff,355,415,"[[160, 192, 260, 304]]",0.9237841212190001,0.8583632145117064,0.9086747795020654,0.939404432132964,0.9941007204621343,0.9667525762975491,12.041594578792296,3.7528783661585616,0.033818097876269625,141.3267250172794
GIST/original_gist140_1,GIST/original_gist140_1,,1,gastrointestinal_submucosal_tumor,,#ffffff,468,477,"[[238, 260, 339, 364]]",0.9047944685054328,0.8261412515609824,0.8494792409758881,0.967815344603381,0.9951401300878923,0.9814777373456367,10.63014581273465,3.5408930623863593,0.13930429128738622,141.3267250172794
GIST/original_gist141_3,GIST/original_gist141_3,,1,gastrointestinal_submucosal_tumor,,#ffffff,498,478,"[[216, 147, 309, 207]]",0.8939865215137377,0.8082962268572768,0.813827277017461,0.9916618746405981,0.9966363411577125,0.9941491078991553,8.06225774829855,3.1954499504776477,0.2185163887291547,142.7117942366749
GIST/original_gist142_1,GIST/original_gist142_1,,1,gastrointestinal_submucosal_tumor,,#ffffff,498,477,"[[290, 70, 456, 272]]",0.950645533746195,0.905933661425199,0.9433773592766969,0.958026571887958,0.9936469202288791,0.9758367460584185,11.0,3.8851573650340345,0.015528475924515528,142.7117942366749
GIST/original_gist143_1,GIST/original_gist143_1,,1,gastrointestinal_submucosal_tumor,,#ffffff,499,478,"[[261, 15, 457, 243]]",0.9170225155279503,0.8467604624070257,0.9633644859813084,0.8749344115559122,0.9947701129907871,0.9348522622733497,18.629238496824165,7.520326329897573,-0.09179295657273373,142.7117942366749
GIST/original_gist144_5,GIST/original_gist144_5,,1,gastrointestinal_submucosal_tumor,,#ffffff,469,476,"[[214, 159, 256, 201]]",0.8521072796934865,0.7423230974632844,0.7448091091761554,0.9955237242614146,0.9982847650218118,0.9969042446416132,7.615773105863909,2.698284378310295,0.3366159355416294,142.7117942366749
GIST/original_gist145_6,GIST/original_gist145_6,,1,gastrointestinal_submucosal_tumor,,#ffffff,467,475,"[[244, 275, 343, 359]]",0.9315408947130592,0.8718545146965532,0.9154085257548845,0.9482520699172033,0.9982480906026844,0.9732500802599439,5.054460732476027,2.0619065226993816,0.035878564857405704,143.45433824928477
GIST/original_gist146_2,GIST/original_gist146_2,,1,gastrointestinal_submucosal_tumor,,#ffffff,497,478,"[[197, 100, 328, 219]]",0.9423513779949424,0.8909871940346896,0.9768082459569931,0.9102426099196821,0.9988425155994306,0.9545425627595563,8.54400374531753,3.231379594599332,-0.06814606276393144,143.45433824928477
GIST/original_gist147_5,GIST/original_gist147_5,,1,gastrointestinal_submucosal_tumor,,#ffffff,354,416,"[[176, 69, 311, 168]]",0.9490506487650919,0.9030412813423586,0.9692008595108974,0.9297212406753043,0.9978041378505355,0.9637626892629199,6.082762530298219,2.557831545041569,-0.04073419709462112,143.45433824928477
GIST/original_gist148_1,GIST/original_gist148_1,,1,gastrointestinal_submucosal_tumor,,#ffffff,446,533,"[[270, 248, 333, 313]]",0.9463414634146341,0.8981481481481481,0.9037267080745341,0.9931740614334471,0.9986796599485493,0.9959268606909982,3.0,1.4887193329677482,0.09897610921501707,143.45433824928477
GIST/original_gist149_1,GIST/original_gist149_1,,1,gastrointestinal_submucosal_tumor,,#ffffff,497,478,"[[202, 266, 296, 337]]",0.9347950428979981,0.8775729371755862,0.9001285111070314,0.9722387467777117,0.9976604464934652,0.9849495966355885,7.0710678118654755,2.395232482021171,0.08011104501288915,141.72061072895303
GIST/original_gist150_2,GIST/original_gist150_2,,1,gastrointestinal_submucosal_tumor,,#ffffff,356,415,"[[183, 196, 266, 289]]",0.9025696903659312,0.8224391858348502,0.8927609125202084,0.9125964010282777,0.9958044611859952,0.9542004311071364,11.180339887498949,3.6236373598715574,0.02221814175541682,141.72061072895303
GIST/original_gist151_2,GIST/original_gist151_2,,1,gastrointestinal_submucosal_tumor,,#ffffff,355,414,"[[64, 85, 180, 195]]",0.9253686427926573,0.861103332399888,0.9901255769024364,0.8685622822709727,0.9993252609113378,0.9339437715911552,8.0,3.907912484394523,-0.12277563317954995,141.72061072895303
GIST/original_gist152_9,GIST/original_gist152_9,,1,gastrointestinal_submucosal_tumor,,#ffffff,481,539,"[[160, 164, 265, 257]]",0.9430068264803937,0.8921598077500751,0.9452577975811585,0.9407665505226481,0.9986400205578287,0.9697032855402384,5.0,2.174441579531701,-0.004751346214760849,141.72061072895303
GIST/original_gist153_3,GIST/original_gist153_3,,1,gastrointestinal_submucosal_tumor,,#ffffff,467,475,"[[260, 154, 319, 221]]",0.9288019745585723,0.8670684154555123,0.8839898807372606,0.9784,0.9985364185569361,0.988468209278468,6.0,1.7917828794772046,0.1068,141.71868850826286
GIST/original_gist154_3,GIST/original_gist154_3,,1,gastrointestinal_submucosal_tumor,,#ffffff,447,531,"[[205, 248, 270, 346]]",0.9400126289202273,0.8868149324861001,0.9390243902439024,0.9410029498525073,0.9987532833786881,0.9698781166155976,5.385164807134504,2.0114639035542057,0.002107037505267594,141.71868850826286
GIST/original_gist155_1,GIST/original_gist155_1,,1,gastrointestinal_submucosal_tumor,,#ffffff,446,531,"[[235, 75, 429, 224]]",0.9611921097770154,0.9252837977296182,0.9839771729587358,0.9394383906119028,0.9986589387245222,0.9690486646682125,5.656854249492381,2.7052744572880125,-0.04526404023470243,141.71868850826286
GIST/original_gist156_2,GIST/original_gist156_2,,1,gastrointestinal_submucosal_tumor,,#ffffff,468,475,"[[145, 182, 199, 297]]",0.8649735981895902,0.7620735489587949,0.9828571428571429,0.7723394701392007,0.999724576076678,0.8860320231079393,10.735283663885419,3.852603693422637,-0.2141894925909295,141.71868850826286
GIST/original_gist157_1,GIST/original_gist157_1,,1,gastrointestinal_submucosal_tumor,,#ffffff,597,596,"[[174, 374, 405, 580]]",0.9276789420200662,0.8651130509062759,0.8754423404197844,0.986544901065449,0.9857227785312204,0.9861338397983347,22.360679774997898,6.8424398874637555,0.126910197869102,142.52163976198062
GIST/original_gist158_4,GIST/original_gist158_4,,1,gastrointestinal_submucosal_tumor,,#ffffff,481,538,"[[323, 251, 435, 400]]",0.9368700679740605,0.8812375982949953,0.9086844498332828,0.9668601838413159,0.9951091015358638,0.9809846426885899,9.433981132056603,3.612041954718327,0.06402193194646025,142.52163976198062
GIST/original_gist159_1,GIST/original_gist159_1,,1,gastrointestinal_submucosal_tumor,,#ffffff,354,414,"[[68, 157, 207, 306]]",0.9577539751180892,0.9189327205412996,0.9783214407067619,0.9380334918876654,0.9975687643378122,0.9678011281127388,6.0,2.731359639385738,-0.04118068677917508,142.52163976198062
GIST/original_gist160_1,GIST/original_gist160_1,,1,gastrointestinal_submucosal_tumor,,#ffffff,498,478,"[[273, 53, 464, 344]]",0.9377910083199755,0.882868640413912,0.9369089984748348,0.938674680385066,0.9875137087605268,0.9630941945727964,14.422205101855956,6.187135336999637,0.0018845820811898334,142.52163976198062
GIST/original_gist161_3,GIST/original_gist161_3,,1,gastrointestinal_submucosal_tumor,,#ffffff,445,533,"[[196, 166, 272, 218]]",0.9188231123714995,0.8498360655737704,0.8807339449541285,0.9603556872915895,0.9985031089276118,0.9794293981096007,4.242640687119285,2.0456487587312076,0.09040385327899222,141.98859050520696
GIST/original_gist162_3,GIST/original_gist162_3,,1,gastrointestinal_submucosal_tumor,,#ffffff,499,478,"[[202, 310, 296, 383]]",0.9022307904158634,0.8218765679879578,0.8739107238129112,0.9324478178368122,0.9969603690429235,0.9647040934398678,8.602325267042627,3.7570031830584596,0.06698292220113852,141.98859050520696
GIST/original_gist163_3,GIST/original_gist163_3,,1,gastrointestinal_submucosal_tumor,,#ffffff,355,415,"[[194, 104, 287, 197]]",0.9122396940076498,0.8386403594452041,0.8806153846153846,0.9462199691426052,0.9959240272291789,0.9710719981858921,6.0,2.7597467404867206,0.07449856733524356,141.98859050520696
GIST/original_gist164_1,GIST/original_gist164_1,,1,gastrointestinal_submucosal_tumor,,#ffffff,497,478,"[[88, 279, 305, 444]]",0.9337105452931713,0.8756633024659245,0.9916732128829536,0.8821494706683903,0.998985378927469,0.9405674247979297,14.142135623730951,5.741067698743344,-0.11044338073442578,141.98859050520696
GIST/original_gist165_4,GIST/original_gist165_4,,1,gastrointestinal_submucosal_tumor,,#ffffff,467,475,"[[142, 139, 230, 223]]",0.9386638611257233,0.88441712926249,0.9763624425476034,0.9037682333873582,0.9995020494354255,0.9516351414113919,6.4031242374328485,2.0724050386521924,-0.07435170178282009,142.97524973517284
GIST/original_gist166_6,GIST/original_gist166_6,,1,gastrointestinal_submucosal_tumor,,#ffffff,356,414,"[[216, 176, 280, 265]]",0.9515675918642544,0.9076098606645231,0.9920337394564198,0.9142733750809761,0.9997618263714247,0.9570176007262003,3.605551275463989,1.6723729554411217,-0.07838479809976247,142.97524973517284
GIST/original_gist167_3,GIST/original_gist167_3,,1,gastrointestinal_submucosal_tumor,,#ffffff,355,414,"[[216, 75, 275, 135]]",0.9660565723793677,0.9343418088187962,0.9787592717464598,0.9536793692509855,0.9995622750580159,0.9766208221545007,2.23606797749979,0.9771985418240611,-0.025624178712220762,142.97524973517284
GIST/original_gist168_3,GIST/original_gist168_3,,1,gastrointestinal_submucosal_tumor,,#ffffff,481,540,"[[287, 216, 369, 332]]",0.9615333598620507,0.9259164644271299,0.9309104918453833,0.9942394733232752,0.9978688764859437,0.9960541749046095,4.123105625617661,1.659736790886194,0.06802907694417776,142.97524973517284
GIST/original_gist169_5,GIST/original_gist169_5,,1,gastrointestinal_submucosal_tumor,,#ffffff,354,415,"[[175, 219, 208, 241]]",0.8951149425287356,0.8101430429128739,0.8101430429128739,1.0,0.9990019618968192,0.9995009809484097,2.8284271247461903,1.400109238529578,0.23434991974317818,142.1608869859483
GIST/original_gist170_3,GIST/original_gist170_3,,1,gastrointestinal_submucosal_tumor,,#ffffff,498,477,"[[111, 292, 222, 376]]",0.9588902535943935,0.9210270645385149,0.9610427226647357,0.9567474048442907,0.9988335284679762,0.9777904666561335,4.0,1.7096708929205264,-0.004469434832756632,142.1608869859483
GIST/original_gist171_3,GIST/original_gist171_3,,1,gastrointestinal_submucosal_tumor,,#ffffff,480,541,"[[265, 97, 436, 236]]",0.930270474859522,0.8696314844047683,0.979461712954448,0.8857839875803948,0.9986136630746056,0.9421988253275002,11.40175425099138,4.597005379472554,-0.09564204923486361,142.1608869859483
GIST/original_gist172_4,GIST/original_gist172_4,,1,gastrointestinal_submucosal_tumor,,#ffffff,445,533,"[[179, 183, 237, 249]]",0.9394132653061225,0.8857486470234516,0.8932686476652517,0.9905850706119704,0.9984970816912955,0.9945410761516329,4.242640687119285,1.7580028709710305,0.1089441829186281,142.1608869859483
GIST/original_gist173_2,GIST/original_gist173_2,,1,gastrointestinal_submucosal_tumor,,#ffffff,355,414,"[[190, 118, 257, 159]]",0.9452554744525548,0.8961937716262975,0.9408406850025947,0.9497118910424306,0.9992141237134723,0.9744630073779514,2.8284271247461903,1.143678477649408,0.009429020429544265,141.9736105017364
GIST/original_gist174_5,GIST/original_gist174_5,,1,gastrointestinal_submucosal_tumor,,#ffffff,444,533,"[[242, 185, 417, 365]]",0.9447748891710664,0.8953301807127174,0.9770988848954013,0.9145210678397377,0.9976717494671258,0.9560964086534318,9.0,4.222627796451213,-0.06404450769827921,141.9736105017364
GIST/original_gist175_2,GIST/original_gist175_2,,1,gastrointestinal_submucosal_tumor,,#ffffff,467,475,"[[73, 103, 147, 234]]",0.9079335793357933,0.8313904375739145,0.849766879640822,0.9746484452366805,0.995986640587519,0.9853175429120997,7.0710678118654755,2.970926583521776,0.14695979401861756,141.9736105017364
GIST/original_gist176_1,GIST/original_gist176_1,,1,gastrointestinal_submucosal_tumor,,#ffffff,481,540,"[[257, 276, 326, 346]]",0.9559245848420527,0.9155704376943316,0.9635036496350365,0.9484638255698712,0.9994329380846604,0.9739483818272658,4.0,1.448251564554125,-0.015609514370664023,141.9736105017364
GIST/original_gist177_2,GIST/original_gist177_2,,1,gastrointestinal_submucosal_tumor,,#ffffff,467,475,"[[241, 235, 284, 316]]",0.8813278008298755,0.787833827893175,0.8780487804878049,0.8846314035818409,0.9986555709493948,0.9416434872656179,5.656854249492381,2.665004945893845,0.007496876301541024,143.1435662379954
GIST/original_gist178_2,GIST/original_gist178_2,,1,gastrointestinal_submucosal_tumor,,#ffffff,482,541,"[[178, 245, 230, 313]]",0.9445513381143956,0.8949287371561153,0.9093971034018188,0.982532751091703,0.9989574209151442,0.9907450860034236,3.0,1.4736276275747793,0.08042212518195051,143.1435662379954
GIST/original_gist179_4,GIST/original_gist179_4,,1,gastrointestinal_submucosal_tumor,,#ffffff,355,414,"[[137, 136, 184, 200]]",0.9103243587025652,0.8354085603112841,0.8692307692307693,0.9554962171784601,0.9977681501903637,0.9766321836844118,4.123105625617661,2.1673125771204527,0.09924343569203382,143.1435662379954
GIST/original_gist180_1,GIST/original_gist180_1,,1,gastrointestinal_submucosal_tumor,,#ffffff,445,532,"[[246, 120, 335, 216]]",0.9078998073217727,0.8313338038108681,0.8882186616399623,0.9284729064039409,0.9974402693544557,0.9629565878791984,8.624057378253829,3.111328098938434,0.04532019704433497,143.1435662379954
GIST/original_gist181_6,GIST/original_gist181_6,,1,gastrointestinal_submucosal_tumor,,#ffffff,445,532,"[[177, 110, 285, 206]]",0.9547565186331706,0.9134297756008657,0.9607044447106745,0.9488817891373802,0.9985632246845008,0.9737225069109405,8.0,2.114171292876453,-0.012306235948408472,142.99483899958432
GIST/original_gist182_1,GIST/original_gist182_1,,1,gastrointestinal_submucosal_tumor,,#ffffff,497,478,"[[139, 109, 213, 191]]",0.9541141007033604,0.9122544833475662,0.9489229402620475,0.9593623709025595,0.9990133498061018,0.9791878603543307,3.1622776601683795,1.4798106781059461,0.011001347103726987,142.99483899958432
GIST/original_gist183_2,GIST/original_gist183_2,,1,gastrointestinal_submucosal_tumor,,#ffffff,355,415,"[[214, 113, 267, 187]]",0.9333899024183284,0.8750994431185362,0.9205020920502092,0.9466437177280551,0.9986896642092123,0.9726666909686337,5.0,1.4866172847329309,0.028399311531841654,142.99483899958432
GIST/original_gist184_5,GIST/original_gist184_5,,1,gastrointestinal_submucosal_tumor,,#ffffff,499,477,"[[42, 188, 203, 386]]",0.9455187637969095,0.8966672249204488,0.9726145601525955,0.9198917572269233,0.997191979212264,0.9585418682195936,15.0,4.231562199308764,-0.054207293501138266,142.99483899958432
GIST/original_gist185_3,GIST/original_gist185_3,,1,gastrointestinal_submucosal_tumor,,#ffffff,499,479,"[[277, 302, 355, 344]]",0.9136109384711001,0.8409610983981693,0.8586448598130841,0.9760956175298805,0.9984668147760198,0.9872812161529502,4.2067801686687964,1.9475619978610554,0.13678618857901725,141.9691672490444
GIST/original_gist186_3,GIST/original_gist186_3,,1,gastrointestinal_submucosal_tumor,,#ffffff,446,533,"[[126, 269, 249, 343]]",0.9610696028313016,0.9250567751703255,0.9526036794512005,0.969687351214093,0.99868635407079,0.9841868526424415,3.605551275463989,1.5113624105855215,0.01793366132359943,141.9691672490444
GIST/original_gist187_1,GIST/original_gist187_1,,1,gastrointestinal_submucosal_tumor,,#ffffff,482,539,"[[166, 272, 211, 333]]",0.8676251859196827,0.7661996497373029,0.7733097657976138,0.9881422924901185,0.9980118359706542,0.9930770642303863,7.905124837953327,2.80921934592704,0.27780914737436474,141.9691672490444
GIST/original_gist188_3,GIST/original_gist188_3,,1,gastrointestinal_submucosal_tumor,,#ffffff,480,540,"[[301, 234, 357, 287]]",0.8939264328485885,0.8081979891724671,0.8370044052863436,0.9591555759522716,0.9984164718058057,0.9787860238790387,5.830951894845301,2.6109374324135626,0.14593850390087196,141.9691672490444
GIST/original_gist189_3,GIST/original_gist189_3,,1,gastrointestinal_submucosal_tumor,,#ffffff,468,476,"[[144, 89, 252, 153]]",0.9540006146911177,0.9120470127326151,0.93682092555332,0.9718221665623044,0.9985594810461654,0.9851908238042348,3.113594362117855,1.4944127787078394,0.03736171989146316,142.4053812515922
GIST/original_gist190_3,GIST/original_gist190_3,,1,gastrointestinal_submucosal_tumor,,#ffffff,468,475,"[[77, 139, 225, 338]]",0.9427888846975984,0.8917697431018078,0.9630105317236065,0.9233990147783251,0.9964356435643564,0.9599173291713408,12.041594578792296,4.052102007405283,-0.04113300492610837,142.4053812515922
GIST/original_gist191_2,GIST/original_gist191_2,,1,gastrointestinal_submucosal_tumor,,#ffffff,597,596,"[[70, 243, 333, 482]]",0.9361186384477298,0.8799088622831718,0.9421620750765265,0.9301522381276982,0.9919403980731362,0.9610463181004172,32.86539578044475,7.581269936932001,-0.012747102931152011,142.4053812515922
GIST/original_gist192_8,GIST/original_gist192_8,,1,gastrointestinal_submucosal_tumor,,#ffffff,481,540,"[[196, 296, 304, 402]]",0.9521654815772462,0.9086983343615053,0.9365264384868073,0.9683357072422483,0.9976098606217555,0.9829727839320019,5.0,2.3821009713790557,0.03396515832146379,142.4053812515922
GIST/original_gist193_8,GIST/original_gist193_8,,1,gastrointestinal_submucosal_tumor,,#ffffff,354,414,"[[75, 185, 252, 335]]",0.9399247502055665,0.8866585182399398,0.984702934112979,0.899041899041899,0.9976667701888084,0.9483543346153538,15.0,4.446040063126432,-0.08699175365842032,142.35506075783633
GIST/original_gist194_3,GIST/original_gist194_3,,1,gastrointestinal_submucosal_tumor,,#ffffff,468,475,"[[306, 196, 398, 289]]",0.9641807640378047,0.9308388284005521,0.9548529180431021,0.9736926531921719,0.9986717021650792,0.9861821776786255,4.123105625617661,1.4699883340168407,0.01973051010587103,142.35506075783633
GIST/original_gist195_2,GIST/original_gist195_2,,1,gastrointestinal_submucosal_tumor,,#ffffff,355,414,"[[141, 194, 210, 249]]",0.9469623915139826,0.8992673992673993,0.9903186768858411,0.9072431633407243,0.9998336383297288,0.9535384008352266,4.0,1.3730217909180333,-0.08388765705838877,142.35506075783633
GIST/original_gist196_2,GIST/original_gist196_2,,1,gastrointestinal_submucosal_tumor,,#ffffff,468,476,"[[277, 284, 366, 365]]",0.9411113162266938,0.8887726638772664,0.9242204496011602,0.958631064309891,0.9980777190158657,0.9783543916628783,5.0,2.1699773142732504,0.03723204212109816,142.35506075783633
GIST/original_gist197_2,GIST/original_gist197_2,,1,gastrointestinal_submucosal_tumor,,#ffffff,480,541,"[[296, 278, 365, 354]]",0.953842549203374,0.9117581187010079,0.9373704812341699,0.9709038874314333,0.9989353665744245,0.9849196270029289,4.123105625617661,1.5535308573447628,0.03577390889577868,142.3350724799093
GIST/original_gist198_1,GIST/original_gist198_1,,1,gastrointestinal_submucosal_tumor,,#ffffff,445,533,"[[297, 247, 381, 325]]",0.9121989121989122,0.8385714285714285,0.8496984318455971,0.9846239865809338,0.9973331392760522,0.990978562928493,5.0,2.46171404370901,0.15879228403690243,142.3350724799093
GIST/original_gist199_1,GIST/original_gist199_1,,1,gastrointestinal_submucosal_tumor,,#ffffff,481,540,"[[168, 231, 213, 294]]",0.9566024599675098,0.916814946619217,0.9828326180257511,0.9317359855334539,0.9998602093752912,0.9657980974543725,2.8284271247461903,0.9933236326292811,-0.051989150090415916,142.3350724799093
GIST/original_gist200_2,GIST/original_gist200_2,,1,gastrointestinal_submucosal_tumor,,#ffffff,482,539,"[[332, 203, 381, 246]]",0.8883415435139573,0.7991137370753324,0.7991137370753324,1.0,0.9984196765759659,0.9992098382879829,5.0,2.4439173241834133,0.2513863216266174,142.3350724799093
GIST/original_gist201_1,GIST/original_gist201_1,,1,gastrointestinal_submucosal_tumor,,#ffffff,355,368,"[[114, 183, 160, 234]]",0.9196319018404908,0.8512208972174901,0.9451450189155107,0.8954599761051374,0.9993254035947459,0.9473926898499416,5.0,1.5786833151225335,-0.052568697729988054,143.12786524533294
GIST/original_gist202_1,GIST/original_gist202_1,,1,gastrointestinal_submucosal_tumor,,#ffffff,468,475,"[[131, 26, 263, 208]]",0.9666607132225993,0.9354727199400819,0.9923603471458257,0.9422585886722377,0.9993904460959292,0.9708245173840835,5.385164807134504,2.147201537976657,-0.0504874651810585,143.12786524533294
GIST/original_gist203_3,GIST/original_gist203_3,,1,gastrointestinal_submucosal_tumor,,#ffffff,498,477,"[[99, 136, 217, 236]]",0.9593832998639632,0.921937250996016,0.9633146871341225,0.9554838709677419,0.998772824592247,0.9771283477799945,5.879898987322325,1.7108953118246655,-0.008129032258064516,143.12786524533294
GIST/original_gist204_2,GIST/original_gist204_2,,1,gastrointestinal_submucosal_tumor,,#ffffff,468,475,"[[253, 157, 325, 233]]",0.9368450863777966,0.8811933937133724,0.8844919786096257,0.9957856712823601,0.9980271990793596,0.9969064351808599,3.605551275463989,1.7375191792590399,0.12582781456953643,143.12786524533294
GIST/original_gist205_1,GIST/original_gist205_1,,1,gastrointestinal_submucosal_tumor,,#ffffff,497,478,"[[179, 179, 224, 223]]",0.9116883116883117,0.837708830548926,0.8397129186602871,0.9971590909090909,0.9988651665410445,0.9980121287250677,4.0,1.7008467444950337,0.1875,142.90374299162067
GIST/original_gist206_3,GIST/original_gist206_3,,1,gastrointestinal_submucosal_tumor,,#ffffff,467,476,"[[114, 185, 174, 259]]",0.9511450381679389,0.9068413391557496,0.9623107815878901,0.9402354361605796,0.999442868950904,0.9698391525557417,3.7633307652783845,1.4098551291422052,-0.022939933594929067,142.90374299162067
GIST/original_gist207_5,GIST/original_gist207_5,,1,gastrointestinal_submucosal_tumor,,#ffffff,445,533,"[[46, 179, 227, 327]]",0.9467710609371207,0.8989223765343168,0.9337363821381539,0.9601748122614797,0.9949895672561204,0.9775821897588001,10.77727824608745,3.2504391966221564,0.02831466207066355,142.90374299162067
GIST/original_gist208_3,GIST/original_gist208_3,,1,gastrointestinal_submucosal_tumor,,#ffffff,517,603,"[[297, 335, 434, 444]]",0.9230075381740868,0.857023211294568,0.8617661212704524,0.9936190872520461,0.9962271213822724,0.9949231043171592,5.656854249492381,2.895059827564403,0.15300319045637398,142.90374299162067
GIST/original_gist209_1,GIST/original_gist209_1,,1,gastrointestinal_submucosal_tumor,,#ffffff,469,477,"[[271, 138, 399, 301]]",0.9059224143686987,0.8280239228609789,0.9888492092413089,0.8358282510934516,0.9992625795257374,0.9175454153095945,22.360679774997898,5.996964262739878,-0.15474650403499046,143.07321823434904
GIST/original_gist210_2,GIST/original_gist210_2,,1,gastrointestinal_submucosal_tumor,,#ffffff,446,532,"[[244, 255, 319, 300]]",0.9381462680955067,0.8834985835694051,0.9145894428152492,0.962948668467773,0.9990071629147651,0.980977915691269,3.605551275463989,1.569648816371728,0.052875337707448865,143.07321823434904
GIST/original_gist211_2,GIST/original_gist211_2,,1,gastrointestinal_submucosal_tumor,,#ffffff,466,474,"[[169, 124, 315, 225]]",0.9110590988882388,0.8366469639978507,0.961605764282038,0.8655610117668859,0.9982245788729646,0.9318927953199252,17.02497841103744,4.430815523208066,-0.09987955156119707,143.07321823434904
GIST/original_gist212_4,GIST/original_gist212_4,,1,gastrointestinal_submucosal_tumor,,#ffffff,598,594,"[[259, 128, 366, 212]]",0.9618168914123492,0.9264424391577796,0.9620900184580434,0.9615439193983255,0.9992331222265305,0.980388520812428,4.152989390993067,1.6386751570454063,-0.0005676174258549738,143.07321823434904
GIST/original_gist213_2,GIST/original_gist213_2,,1,gastrointestinal_submucosal_tumor,,#ffffff,445,533,"[[299, 147, 336, 215]]",0.8935762224352828,0.8076256499133448,0.809379070777247,0.9973247726056714,0.9981344234986146,0.997729598052143,4.414762138029506,2.360316521742828,0.23220973782771537,142.19177374616265
GIST/original_gist214_2,GIST/original_gist214_2,,1,gastrointestinal_submucosal_tumor,,#ffffff,498,478,"[[130, 247, 210, 367]]",0.9395641428892384,0.8860169491525424,0.9922492881999367,0.892191722372351,0.9997878907247644,0.9459898065485577,6.324555320336759,2.4478208549726066,-0.10083914094723367,142.19177374616265
GIST/original_gist215_5,GIST/original_gist215_5,,1,gastrointestinal_submucosal_tumor,,#ffffff,498,477,"[[163, 231, 208, 295]]",0.9161264181523501,0.8452336448598131,0.8943829113924051,0.938953488372093,0.9988644965934897,0.9689089924827914,4.242640687119285,2.140469023088737,0.04983388704318937,142.19177374616265
GIST/original_gist216_1,GIST/original_gist216_1,,1,gastrointestinal_submucosal_tumor,,#ffffff,355,414,"[[209, 100, 255, 135]]",0.9305091044221478,0.8700486448922863,0.8779803646563815,0.9897233201581027,0.9988058062523593,0.9942645632052309,3.1622776601683795,1.2813116586837483,0.12727272727272726,142.19177374616265
GIST/original_gist217_4,GIST/original_gist217_4,,1,gastrointestinal_submucosal_tumor,,#ffffff,356,414,"[[110, 116, 173, 156]]",0.9073368875349074,0.8303903345724907,0.8674757281553398,0.951037786056413,0.9981237758152641,0.9745807809358386,5.830951894845301,1.981131310105666,0.09632783395423097,143.51726698805578
GIST/original_gist218_1,GIST/original_gist218_1,,1,gastrointestinal_submucosal_tumor,,#ffffff,468,475,"[[160, 260, 277, 365]]",0.9708183548318884,0.9432915553729196,0.9901865631402998,0.9521933008399875,0.9995720808626097,0.9758826908512986,5.0,1.5096799515106885,-0.03836980192886031,143.51726698805578
GIST/original_gist219_5,GIST/original_gist219_5,,1,gastrointestinal_submucosal_tumor,,#ffffff,468,476,"[[160, 335, 214, 417]]",0.9091173476806748,0.8333777659290855,0.8476138828633406,0.980244590780809,0.9974405567016882,0.9888425737412486,6.4031242374328485,2.635895553437626,0.15647538413295703,143.51726698805578
GIST/original_gist220_2,GIST/original_gist220_2,,1,gastrointestinal_submucosal_tumor,,#ffffff,355,417,"[[161, 193, 341, 350]]",0.9640734860512588,0.9306388755090423,0.9584648687652205,0.9697481292206607,0.9926973731158668,0.9812227511682637,8.018677324489563,2.720599390436918,0.01177222120824968,143.51726698805578
GIST/original_gist221_2,GIST/original_gist221_2,,1,gastrointestinal_submucosal_tumor,,#ffffff,497,479,"[[345, 334, 447, 455]]",0.9228528072837633,0.8567564521582328,0.9472897196261683,0.8996449704142012,0.9981577698126848,0.948901370113443,11.659258061760395,3.4223800637571564,-0.05029585798816568,143.48491272539832
GIST/original_gist222_2,GIST/original_gist222_2,,1,gastrointestinal_submucosal_tumor,,#ffffff,467,476,"[[242, 232, 329, 328]]",0.9124760427124213,0.8390399462907016,0.9437417406078913,0.8832155477031802,0.9986243952878614,0.9409199714955208,8.94427190999916,3.1816549343347065,-0.06413427561837456,143.48491272539832
GIST/original_gist223_3,GIST/original_gist223_3,,1,gastrointestinal_submucosal_tumor,,#ffffff,496,478,"[[221, 281, 296, 327]]",0.9246538392375472,0.859866220735786,0.8777739842949812,0.976823708206687,0.9984730610434367,0.9876483846250619,5.830951894845301,1.9705628364768746,0.1128419452887538,143.48491272539832
GIST/original_gist224_1,GIST/original_gist224_1,,1,gastrointestinal_submucosal_tumor,,#ffffff,354,415,"[[110, 97, 196, 195]]",0.9582655826558265,0.9198751300728408,0.9280143971205759,0.9905554666239795,0.9965875887760107,0.9935715276999951,4.123105625617661,1.7255546523451146,0.06739234832719705,143.48491272539832
GIST/original_gist225_1,GIST/original_gist225_1,,1,gastrointestinal_submucosal_tumor,,#ffffff,355,415,"[[235, 95, 293, 146]]",0.9206128133704735,0.8529032258064516,0.8551099611901681,0.9969834087481146,0.9976881158143888,0.9973357622812518,4.47213595499958,1.7724793554764218,0.16591251885369532,143.24525749543682
GIST/original_gist226_1,GIST/original_gist226_1,,1,gastrointestinal_submucosal_tumor,,#ffffff,355,414,"[[236, 180, 296, 233]]",0.9763382467028704,0.953770367563471,0.9614209320091673,0.991725768321513,0.9993007089841587,0.9955132386528358,1.4142135623730951,0.6300001652867874,0.03152088258471237,143.24525749543682
GIST/original_gist227_1,GIST/original_gist227_1,,1,gastrointestinal_submucosal_tumor,,#ffffff,356,414,"[[108, 115, 158, 178]]",0.9543051359516617,0.9126038280967859,0.9139240506329114,0.9984195969972343,0.9983569549819472,0.9983882759895908,2.8284271247461903,1.1958366116225443,0.09245357566179375,143.24525749543682
GIST/original_gist228_1,GIST/original_gist228_1,,1,gastrointestinal_submucosal_tumor,,#ffffff,355,416,"[[137, 216, 193, 279]]",0.9238358326756116,0.8584525119178584,0.8689680772086117,0.9860994102780118,0.9975706440202057,0.9918350271491088,3.605551275463989,1.830959007911055,0.13479359730412804,143.24525749543682
GIST/original_gist229_1,GIST/original_gist229_1,,1,gastrointestinal_submucosal_tumor,,#ffffff,355,414,"[[216, 105, 275, 172]]",0.9578721295225509,0.9191502853519341,0.9612068965517241,0.9545604214685545,0.9991871217858309,0.9768737716271927,4.123105625617661,1.2031826751521812,-0.00691471847217649,143.66516200243495
GIST/original_gist230_1,GIST/original_gist230_1,,1,gastrointestinal_submucosal_tumor,,#ffffff,354,414,"[[134, 177, 163, 229]]",0.8905603610379842,0.8027118644067797,0.8032564450474898,0.99915611814346,0.9980051041817144,0.9985806111625872,5.385164807134504,1.9783428875594853,0.2438818565400844,143.66516200243495
GIST/original_gist231_1,GIST/original_gist231_1,,1,gastrointestinal_submucosal_tumor,,#ffffff,355,415,"[[238, 126, 298, 178]]",0.8883543796351975,0.7991345113595384,0.8123167155425219,0.9800973020787263,0.9964705233552087,0.9882839127169675,8.6536172634861,2.8277834175903718,0.20654577620521894,143.66516200243495
GIST/original_gist232_1,GIST/original_gist232_1,,1,gastrointestinal_submucosal_tumor,,#ffffff,355,415,"[[193, 101, 235, 129]]",0.9371134020618557,0.8816682832201745,0.8885630498533724,0.9912758996728462,0.9992213540243703,0.9952486268486083,2.8284271247461903,0.9751009299664583,0.11559432933478735,143.66516200243495
GIST/original_gist233_1,GIST/original_gist233_1,,1,gastrointestinal_submucosal_tumor,,#ffffff,355,414,"[[169, 203, 235, 250]]",0.9585054080629302,0.9203172205438066,0.9276741530262657,0.9914564686737185,0.9986852302922941,0.9950708494830063,2.59148346584761,1.0381894520017858,0.06875508543531327,142.5959447515197
GIST/original_gist234_1,GIST/original_gist234_1,,1,gastrointestinal_submucosal_tumor,,#ffffff,354,415,"[[173, 91, 255, 152]]",0.9624800425758382,0.927673762503206,0.9665954035275254,0.9583995760466348,0.9991267046724793,0.9787631403595571,2.8284271247461903,1.1711720136429826,-0.008479067302596715,142.5959447515197
GIST/original_gist235_1,GIST/original_gist235_1,,1,gastrointestinal_submucosal_tumor,,#ffffff,356,415,"[[230, 148, 260, 217]]",0.8414554905782976,0.7263039820527202,0.7421203438395415,0.9714928732183046,0.9969263764710704,0.9842096248446874,5.0,2.8057199597645424,0.3090772693173293,142.5959447515197
GIST/original_gist236_1,GIST/original_gist236_1,,1,gastrointestinal_submucosal_tumor,,#ffffff,355,415,"[[178, 231, 291, 295]]",0.9596338672768878,0.9224001407707197,0.9439942373491806,0.9758004467609829,0.9978091340091438,0.9868047903850634,3.0567971810589367,1.4034529904388333,0.033693224125093076,142.5959447515197
GIST/original_gist237_1,GIST/original_gist237_1,,1,gastrointestinal_submucosal_tumor,,#ffffff,354,414,"[[105, 186, 122, 224]]",0.8499550763701708,0.7390625,0.7425431711145997,0.9936974789915967,0.9988773274917854,0.9962874032416911,3.605551275463989,1.6358515641755302,0.3382352941176471,143.7397037516348
GIST/original_gist238_1,GIST/original_gist238_1,,1,gastrointestinal_submucosal_tumor,,#ffffff,355,415,"[[22, 102, 197, 250]]",0.9696489983077679,0.9410860927152318,0.9557193586570537,0.983990693551961,0.9936336280584499,0.9888121608052054,4.123105625617661,2.0426023946354395,0.02958120983824507,143.7397037516348
GIST/original_gist239_1,GIST/original_gist239_1,,1,gastrointestinal_submucosal_tumor,,#ffffff,355,416,"[[92, 92, 171, 194]]",0.9090372120496161,0.8332430969139144,0.8431336742147553,0.9861170439982914,0.9939929229779437,0.9900549834881176,8.246211251235321,3.0279431918156323,0.1695856471593336,143.7397037516348
GIST/original_gist240_1,GIST/original_gist240_1,,1,gastrointestinal_submucosal_tumor,,#ffffff,354,415,"[[135, 201, 229, 258]]",0.9162349968414403,0.8454185124737701,0.855188679245283,0.9866666666666667,0.995713338220407,0.9911900024435368,7.127081707490474,2.527846290371776,0.15374149659863945,143.7397037516348
GIST/original_gist241_1,GIST/original_gist241_1,,1,gastrointestinal_submucosal_tumor,,#ffffff,355,417,"[[152, 44, 287, 165]]",0.9769000888458121,0.954843293597537,0.9843737283307561,0.9695390781563126,0.9985836529949838,0.9840613655756482,3.08113883008419,1.316503608350168,-0.015070140280561122,142.94377222540788
GIST/original_gist242_1,GIST/original_gist242_1,,1,gastrointestinal_submucosal_tumor,,#ffffff,355,415,"[[235, 148, 314, 260]]",0.9597396165003892,0.9225955652292205,0.9243560038162737,0.9979399646851089,0.9960506372350191,0.9969953009600641,6.324555320336759,1.7237036296722437,0.07960565038257798,142.94377222540788
GIST/original_gist243_1,GIST/original_gist243_1,,1,gastrointestinal_submucosal_tumor,,#ffffff,355,417,"[[77, 183, 285, 351]]",0.9786039700618289,0.9581043409000398,0.9801988265971316,0.9770142949967512,0.9960619393733136,0.9865381171850324,4.47213595499958,1.7473813343393751,-0.003248862897985705,142.94377222540788
GIST/original_gist244_1,GIST/original_gist244_1,,1,gastrointestinal_submucosal_tumor,,#ffffff,355,414,"[[180, 99, 235, 146]]",0.886810551558753,0.7966393795777682,0.7983592400690847,0.9973031283710896,0.9967818848369581,0.9970425066040238,5.385164807134504,2.590023211044088,0.24919093851132687,142.94377222540788
GIST/original_gist245_1,GIST/original_gist245_1,,1,gastrointestinal_submucosal_tumor,,#ffffff,356,416,"[[122, 188, 145, 216]]",0.8387096774193549,0.7222222222222222,0.7222222222222222,1.0,0.9986787633224699,0.9993393816612349,5.0,2.021907946906182,0.38461538461538464,144.12256301147863
GIST/original_gist246_1,GIST/original_gist246_1,,1,gastrointestinal_submucosal_tumor,,#ffffff,355,417,"[[80, 98, 172, 228]]",0.9619431502905302,0.9266767523953605,0.9594820384294068,0.9644169203316889,0.9971987177635949,0.9808078190476419,5.0,1.9330001009257947,0.005143277002204262,144.12256301147863
GIST/original_gist247_1,GIST/original_gist247_1,,1,gastrointestinal_submucosal_tumor,,#ffffff,355,415,"[[49, 131, 199, 307]]",0.9484182252288101,0.9018967882313987,0.9638073093059698,0.9335128518971848,0.9943577620173365,0.9639353069572607,13.0,3.8430097898213758,-0.03143206854345165,144.12256301147863
GIST/original_gist248_1,GIST/original_gist248_1,,1,gastrointestinal_submucosal_tumor,,#ffffff,355,415,"[[163, 263, 257, 335]]",0.9423288172830465,0.8909468582309157,0.9037752414398595,0.9843182252820807,0.9961434523139286,0.9902308387980047,6.062071897723665,2.1854781618677643,0.08911837827500478,144.12256301147863
GIST/original_gist249_1,GIST/original_gist249_1,,1,gastrointestinal_submucosal_tumor,,#ffffff,355,417,"[[140, 241, 235, 330]]",0.9511356843992828,0.9068243339507053,0.977726574500768,0.9259528658713995,0.9989728041031163,0.9624628349872579,5.049509756796392,2.0996180552986936,-0.05295315682281059,143.46120425034314
GIST/original_gist250_1,GIST/original_gist250_1,,1,gastrointestinal_submucosal_tumor,,#ffffff,356,415,"[[170, 132, 202, 151]]",0.8657276995305164,0.7632450331125827,0.7645107794361525,0.9978354978354979,0.9990358369885523,0.998435667412025,3.1622776601683795,1.4804478977648197,0.3051948051948052,143.46120425034314
GIST/original_gist251_1,GIST/original_gist251_1,,1,gastrointestinal_submucosal_tumor,,#ffffff,355,416,"[[146, 197, 190, 253]]",0.8930817610062893,0.8068181818181818,0.8197791164658634,0.9807807807807808,0.9975413484915934,0.989161064636187,5.830951894845301,2.1924701185439073,0.1963963963963964,143.46120425034314
GIST/original_gist252_1,GIST/original_gist252_1,,1,gastrointestinal_submucosal_tumor,,#ffffff,356,417,"[[240, 204, 366, 317]]",0.9764691078394363,0.9540201622817802,0.9596042868920033,0.9939373238835283,0.9964165831754923,0.9951769535295103,4.0,1.3459581840510928,0.03577832806762873,143.46120425034314
GIST/original_gist253_1,GIST/original_gist253_1,,1,gastrointestinal_submucosal_tumor,,#ffffff,356,416,"[[136, 166, 194, 222]]",0.9096802074330165,0.834324217201744,0.8353174603174603,0.9985768500948766,0.9971573006000494,0.997867075347463,4.47213595499958,2.105795850165164,0.1954459203036053,144.07885223045014
GIST/original_gist254_1,GIST/original_gist254_1,,1,gastrointestinal_submucosal_tumor,,#ffffff,356,417,"[[122, 124, 172, 197]]",0.9394402035623409,0.8857965451055663,0.8875,0.9978378378378379,0.9975905599373958,0.9977141988876168,4.242640687119285,1.650030598590131,0.12432432432432433,144.07885223045014
GIST/original_gist255_1,GIST/original_gist255_1,,1,gastrointestinal_submucosal_tumor,,#ffffff,355,417,"[[235, 114, 291, 236]]",0.9128291003814308,0.8396371726852644,0.8518840076402153,0.9831663326653307,0.9940368415533574,0.9886015871093441,13.118583949697715,3.0709305204711024,0.15410821643286574,144.07885223045014
GIST/original_gist256_1,GIST/original_gist256_1,,1,gastrointestinal_submucosal_tumor,,#ffffff,354,415,"[[113, 90, 178, 198]]",0.9490112446684762,0.9029699317469102,0.9156378600823045,0.9849094567404426,0.996822601099056,0.9908660289197493,5.385164807134504,1.7335020455517405,0.07565392354124749,144.07885223045014
GIST/original_gist257_1,GIST/original_gist257_1,,1,gastrointestinal_submucosal_tumor,,#ffffff,356,416,"[[144, 93, 225, 159]]",0.8580441640378549,0.7513812154696132,0.751727314601566,0.9993876301285977,0.9925567907201547,0.9959722104243762,15.262697956936451,4.3009300823642835,0.32945499081445195,143.33748124772683
GIST/original_gist258_1,GIST/original_gist258_1,,1,gastrointestinal_submucosal_tumor,,#ffffff,355,415,"[[189, 135, 214, 151]]",0.9287531806615776,0.8669833729216152,0.8669833729216152,1.0,0.9996189439303211,0.9998094719651606,2.0,0.6890601088340111,0.15342465753424658,143.33748124772683
GIST/original_gist259_1,GIST/original_gist259_1,,1,gastrointestinal_submucosal_tumor,,#ffffff,356,416,"[[220, 202, 270, 239]]",0.9258202567760342,0.8618857901726428,0.8688085676037484,0.9908396946564886,0.9986647227937269,0.9947522087251077,3.0,1.3700636279097949,0.14045801526717558,143.33748124772683
GIST/original_gist260_1,GIST/original_gist260_1,,1,gastrointestinal_submucosal_tumor,,#ffffff,356,416,"[[191, 104, 247, 137]]",0.8996632996632996,0.817625458996328,0.832398753894081,0.9787545787545787,0.9981667132371482,0.9884606459958635,4.47213595499958,1.858891618888929,0.17582417582417584,143.33748124772683
GIST/original_gist261_1,GIST/original_gist261_1,,1,gastrointestinal_submucosal_tumor,,#ffffff,355,417,"[[192, 218, 255, 269]]",0.8253748558246828,0.7026708562450903,0.7071146245059289,0.9911357340720222,0.994932640361075,0.9930341872165486,14.28603895694871,3.859724776432412,0.40166204986149584,142.58321025408804
GIST/original_gist262_1,GIST/original_gist262_1,,1,gastrointestinal_submucosal_tumor,,#ffffff,355,415,"[[199, 182, 277, 248]]",0.9511749347258486,0.9068956933034603,0.9398864809081527,0.962737843551797,0.9983767704000948,0.9805573069759459,3.605551275463989,1.5088025392748574,0.024312896405919663,142.58321025408804
GIST/original_gist263_1,GIST/original_gist263_1,,1,gastrointestinal_submucosal_tumor,,#ffffff,355,415,"[[83, 31, 178, 206]]",0.9615646838247827,0.9259745588838736,0.9495077000757385,0.973931808372896,0.9955797848828642,0.9847557966278802,5.0,2.038341625414492,0.02572291756581787,142.58321025408804
lmym/original_lmym001_1,lmym/original_lmym001_1,,1,gastrointestinal_submucosal_tumor,,#ffffff,468,476,"[[86, 217, 187, 344]]",0.9336996526877819,0.8756441419543024,0.9390053174851423,0.9284536082474227,0.997254397657086,0.9628540029522543,14.136812284925306,3.3211957484065597,-0.011237113402061856,142.58321025408804
lmym/original_lmym002_1,lmym/original_lmym002_1,,1,gastrointestinal_submucosal_tumor,,#ffffff,468,475,"[[164, 242, 319, 369]]",0.9759718109232672,0.9530712350830954,0.9724359453200867,0.9795334838224229,0.9982345342328118,0.9888840090276174,3.0,1.3632531982118463,0.007298720842738901,143.08309275656939
lmym/original_lmym003_1,lmym/original_lmym003_1,,1,gastrointestinal_submucosal_tumor,,#ffffff,469,476,"[[230, 228, 351, 395]]",0.9596166533560193,0.9223683332220813,0.9340273083682574,0.9866476258479114,0.9953354776117262,0.9909915517298189,9.0,2.376526384250429,0.056337022491967155,143.08309275656939
lmym/original_lmym004_1,lmym/original_lmym004_1,,1,gastrointestinal_submucosal_tumor,,#ffffff,499,479,"[[147, 287, 239, 394]]",0.9493577681420273,0.9035975704718892,0.9542763157894737,0.9444896630310923,0.9988062418948978,0.9716479524629951,4.47213595499958,1.8604732588831538,-0.010255575451733681,143.08309275656939
lmym/original_lmym005_1,lmym/original_lmym005_1,,1,gastrointestinal_submucosal_tumor,,#ffffff,445,533,"[[264, 135, 407, 203]]",0.9297008027243979,0.8686363636363637,0.8756682449977089,0.9908399585205668,0.9964822665612211,0.993661112540894,6.082762530298219,2.414841348647238,0.13152436916695473,143.08309275656939
lmym/original_lmym006_1,lmym/original_lmym006_1,,1,gastrointestinal_submucosal_tumor,,#ffffff,468,476,"[[270, 192, 325, 296]]",0.9635510645976182,0.9296657381615598,0.9648277523488316,0.9622777510812109,0.9993321317804634,0.9808049414308372,2.8284271247461903,1.1031299485446802,-0.0026429601153291687,143.91610250459053
lmym/original_lmym007_1,lmym/original_lmym007_1,,1,gastrointestinal_submucosal_tumor,,#ffffff,446,532,"[[228, 151, 307, 191]]",0.9097222222222222,0.8343949044585988,0.8382509776039815,0.9945170814002531,0.9980630137802734,0.9962900475902632,6.395267345723238,2.173441984610927,0.18641923239139604,143.91610250459053
lmym/original_lmym008_1,lmym/original_lmym008_1,,1,gastrointestinal_submucosal_tumor,,#ffffff,468,477,"[[258, 196, 387, 313]]",0.9132581466659737,0.840363462458154,0.8814205457463884,0.9474819368057802,0.9944756803746442,0.9709788085902122,13.949763011838783,4.021928247377815,0.07494877601639167,143.91610250459053
lmym/original_lmym009_1,lmym/original_lmym009_1,,1,gastrointestinal_submucosal_tumor,,#ffffff,481,536,"[[189, 238, 340, 336]]",0.9382509798881964,0.883684337932704,0.9034772924143052,0.9758086073242449,0.9968841627585546,0.9863463850413998,5.830951894845301,2.2075282000213656,0.08005880780539963,143.91610250459053
lmym/original_lmym010_1,lmym/original_lmym010_1,,1,gastrointestinal_submucosal_tumor,,#ffffff,482,539,"[[179, 102, 359, 253]]",0.9368742455442732,0.8812449906492119,0.9498920086393089,0.9242084617539927,0.997165223483028,0.9606868426185105,17.130353933442922,3.351673352757071,-0.027038386102549734,143.4361494902987
lmym/original_lmym011_1,lmym/original_lmym011_1,,1,gastrointestinal_submucosal_tumor,,#ffffff,498,477,"[[325, 185, 399, 277]]",0.9367949865711728,0.8811047490737622,0.8843813387423936,0.9958127141225733,0.9970554302343602,0.9964340721784668,5.0990195135927845,2.4176617877622872,0.125999238675295,143.4361494902987
lmym/original_lmym012_1,lmym/original_lmym012_1,,1,gastrointestinal_submucosal_tumor,,#ffffff,497,477,"[[237, 297, 282, 343]]",0.9445129469790382,0.8948598130841121,0.9223359422034919,0.9677826910928616,0.9994521967335638,0.9836174439132127,2.0,1.1161140992559166,0.049273531269740996,143.4361494902987
lmym/original_lmym013_1,lmym/original_lmym013_1,,1,gastrointestinal_submucosal_tumor,,#ffffff,468,476,"[[290, 300, 338, 368]]",0.8919465803318495,0.8049671292914536,0.8138847858197932,0.9865711727842436,0.997714638105689,0.9921429054449662,6.708203932499369,2.674282930136621,0.21217547000895254,143.4361494902987
lmym/original_lmym014_1,lmym/original_lmym014_1,,1,gastrointestinal_submucosal_tumor,,#ffffff,497,477,"[[122, 91, 255, 202]]",0.9203375527426161,0.8524308269501328,0.9789067408670676,0.8683812405446294,0.9989532760233397,0.9336672582839846,16.42834193055935,4.504986389712091,-0.11290707858905964,142.46959451702423
lmym/original_lmym015_1,lmym/original_lmym015_1,,1,gastrointestinal_submucosal_tumor,,#ffffff,355,415,"[[104, 143, 271, 254]]",0.9118695419711281,0.8380149045942183,0.8482261273209549,0.9858381502890173,0.9866296688451568,0.9862339095670871,16.41766183524081,4.9790487996375985,0.1622350674373796,142.46959451702423
lmym/original_lmym016_1,lmym/original_lmym016_1,,1,gastrointestinal_submucosal_tumor,,#ffffff,499,478,"[[98, 228, 259, 379]]",0.9455204216073781,0.8966702067845318,0.9426019570499771,0.9484570144716844,0.9960875423588449,0.9722722784152646,8.0,3.2315366695360743,0.006211590563668803,142.46959451702423
lmym/original_lmym017_1,lmym/original_lmym017_1,,1,gastrointestinal_submucosal_tumor,,#ffffff,497,479,"[[137, 268, 190, 350]]",0.9553318653664674,0.9144835892803372,0.9290302844906699,0.9831660731628359,0.9990126567194668,0.9910893649411514,2.8284271247461903,1.2492929055232485,0.058271285205568145,142.46959451702423
lmym/original_lmym018_1,lmym/original_lmym018_1,,1,gastrointestinal_submucosal_tumor,,#ffffff,496,478,"[[301, 281, 319, 300]]",0.8025078369905956,0.6701570680628273,0.6772486772486772,0.9846153846153847,0.9994848582093333,0.9920501214123589,3.1622776601683795,1.7145204628397623,0.45384615384615384,143.267369014211
lmym/original_lmym019_1,lmym/original_lmym019_1,,1,gastrointestinal_submucosal_tumor,,#ffffff,496,479,"[[164, 112, 318, 234]]",0.9284793325748957,0.8665062287655719,0.9121525966768497,0.9454011892810256,0.9947514857435396,0.9700763375122825,13.341664064126334,3.926269256696254,0.03645069117306356,143.267369014211
lmym/original_lmym020_1,lmym/original_lmym020_1,,1,gastrointestinal_submucosal_tumor,,#ffffff,469,476,"[[234, 106, 304, 182]]",0.9258292955646664,0.8619014573213046,0.8669148441135411,0.9933351106371634,0.9973939943415052,0.9953645524893343,5.830951894845301,2.3372783381954614,0.1458277792588643,143.267369014211
lmym/original_lmym021_1,lmym/original_lmym021_1,,1,gastrointestinal_submucosal_tumor,,#ffffff,469,476,"[[86, 93, 253, 208]]",0.964778265528326,0.9319532554257095,0.949000407996736,0.9810896309314587,0.9964118094527292,0.988750720192094,5.385164807134504,2.087911101688419,0.03381370826010545,143.267369014211
lmym/original_lmym022_1,lmym/original_lmym022_1,,1,gastrointestinal_submucosal_tumor,,#ffffff,354,415,"[[143, 133, 183, 204]]",0.9396029258098224,0.8860859282617265,0.8892405063291139,0.9960124058484714,0.9980643332665068,0.9970383695574891,3.605551275463989,1.4509117238081757,0.12007089056269384,141.87038576346822
lmym/original_lmym023_1,lmym/original_lmym023_1,,1,gastrointestinal_submucosal_tumor,,#ffffff,467,477,"[[206, 174, 231, 194]]",0.8982035928143712,0.8152173913043478,0.8152173913043478,1.0,0.9995411791695343,0.9997705895847672,3.0,1.133961434501422,0.22666666666666666,141.87038576346822
lmym/original_lmym024_1,lmym/original_lmym024_1,,1,gastrointestinal_submucosal_tumor,,#ffffff,497,479,"[[214, 105, 301, 187]]",0.9514544587505961,0.9074040385664908,0.9631202934929524,0.9400678477195628,0.9991794016936117,0.9696236247065873,5.0,1.7936315469288893,-0.02393516773464003,141.87038576346822
lmym/original_lmym025_1,lmym/original_lmym025_1,,1,gastrointestinal_submucosal_tumor,,#ffffff,467,475,"[[84, 150, 365, 361]]",0.9305746961859932,0.8701633418128264,0.9560884116067817,0.9063872812216721,0.9938180519097249,0.9501026665656985,13.038404810405298,5.0799120531955815,-0.0519838226065128,141.87038576346822
lmym/original_lmym026_1,lmym/original_lmym026_1,,1,gastrointestinal_submucosal_tumor,,#ffffff,467,476,"[[134, 138, 243, 342]]",0.8275758935247495,0.7058673469387755,0.8527840558865831,0.8038152415996901,0.9932394499091831,0.8985273457544366,48.0290210550624,8.71904275667599,-0.057422291081630675,144.14858625968918
lmym/original_lmym027_1,lmym/original_lmym027_1,,1,gastrointestinal_submucosal_tumor,,#ffffff,497,477,"[[93, 242, 306, 391]]",0.963683835746499,0.9299129638112689,0.9674959489085884,0.959901645545678,0.9968414373775594,0.9783715414616188,6.0,2.4537598915484136,-0.007849442027614905,144.14858625968918
lmym/original_lmym028_1,lmym/original_lmym028_1,,1,gastrointestinal_submucosal_tumor,,#ffffff,496,477,"[[125, 164, 228, 315]]",0.8510159507578264,0.7406682027649769,0.7434088806660499,0.9950472063148119,0.9903576658511891,0.9927024360830006,16.979393923933998,5.038313687014454,0.3384924934220709,144.14858625968918
lmym/original_lmym029_1,lmym/original_lmym029_1,,1,gastrointestinal_submucosal_tumor,,#ffffff,497,478,"[[157, 311, 305, 369]]",0.950039881081865,0.9048342541436464,0.911253303658367,0.9922750681611633,0.9972376647442891,0.9947563664527261,4.123105625617661,1.867429439092419,0.08891245077249318,144.14858625968918
lmym/original_lmym030_1,lmym/original_lmym030_1,,1,gastrointestinal_submucosal_tumor,,#ffffff,498,479,"[[262, 251, 371, 337]]",0.967057800956106,0.9362167620329855,0.959799861973775,0.9744263443685409,0.9989992827477204,0.9867128135581307,2.8284271247461903,1.1484071901813575,0.015239096163951655,143.27808399684727
lmym/original_lmym031_1,lmym/original_lmym031_1,,1,gastrointestinal_submucosal_tumor,,#ffffff,519,602,"[[209, 214, 257, 290]]",0.9373144752924742,0.8820243181071311,0.8855163312438139,0.9955489614243324,0.998879712793228,0.9972143371087802,4.0,1.6313342732199876,0.12425816023738873,143.27808399684727
lmym/original_lmym032_1,lmym/original_lmym032_1,,1,gastrointestinal_submucosal_tumor,,#ffffff,520,603,"[[320, 120, 497, 353]]",0.9146931082520692,0.8427967381455753,0.9781275193662589,0.8589854090993043,0.9977799440716679,0.9283826765854861,27.018512172212592,7.4597095404648295,-0.12180631656713661,143.27808399684727
lmym/original_lmym033_1,lmym/original_lmym033_1,,1,gastrointestinal_submucosal_tumor,,#ffffff,354,414,"[[224, 121, 246, 148]]",0.9421487603305785,0.890625,0.8968531468531469,0.9922630560928434,0.9995959983292134,0.9959295272110285,2.0,0.6767032302483066,0.10638297872340426,143.27808399684727
lmym/original_lmym034_1,lmym/original_lmym034_1,,1,gastrointestinal_submucosal_tumor,,#ffffff,355,415,"[[76, 153, 167, 242]]",0.9128253667770941,0.8396308549538569,0.8624575210159184,0.9694410936871733,0.9945978602187551,0.9820194769529642,9.486832980505138,3.0563140074299184,0.12404503417772417,142.49460474820808
lmym/original_lmym035_1,lmym/original_lmym035_1,,1,gastrointestinal_submucosal_tumor,,#ffffff,498,478,"[[194, 171, 251, 201]]",0.9077021005728835,0.831002331002331,0.8319719953325554,0.9985994397759104,0.998782838016026,0.9986911388959682,3.605551275463989,1.7826158163646824,0.20028011204481794,142.49460474820808
lmym/original_lmym036_1,lmym/original_lmym036_1,,1,gastrointestinal_submucosal_tumor,,#ffffff,467,476,"[[157, 300, 263, 352]]",0.9317449194113525,0.8722120178430858,0.8747368421052631,0.9967016491754123,0.9978260571710427,0.9972638531732274,4.242640687119285,1.7689750737235381,0.13943028485757122,142.49460474820808
lmym/original_lmym037_1,lmym/original_lmym037_1,,1,gastrointestinal_submucosal_tumor,,#ffffff,468,476,"[[146, 342, 277, 410]]",0.8875818233564178,0.7978850417874808,0.8108857687640839,0.9803017602682313,0.9949953210150645,0.987648540641648,11.313708498984761,3.5321656292837997,0.2089270746018441,142.49460474820808
lmym/original_lmym038_1,lmym/original_lmym038_1,,1,gastrointestinal_submucosal_tumor,,#ffffff,446,533,"[[265, 276, 413, 368]]",0.9513047884469217,0.9071318129107074,0.978220091704877,0.9258309497978104,0.9990816375851902,0.9624562936915003,6.0,2.4270078467761667,-0.05355557747312358,143.07191074476577
lmym/original_lmym039_1,lmym/original_lmym039_1,,1,gastrointestinal_submucosal_tumor,,#ffffff,468,475,"[[289, 190, 353, 330]]",0.9510263929618769,0.9066256639642158,0.9273663139834144,0.9759253686427927,0.9976443747855361,0.9867848717141644,5.0,1.8522876335697935,0.05236232320192597,143.07191074476577
lmym/original_lmym040_1,lmym/original_lmym040_1,,1,gastrointestinal_submucosal_tumor,,#ffffff,468,476,"[[221, 308, 258, 352]]",0.9290804207668816,0.867553865652725,0.8686548223350253,0.9985412107950401,0.999065027981409,0.9988031193882245,3.0,1.4017972014936315,0.14952589350838805,143.07191074476577
lmym/original_lmym041_1,lmym/original_lmym041_1,,1,gastrointestinal_submucosal_tumor,,#ffffff,497,477,"[[239, 202, 435, 417]]",0.9467980960739966,0.8989711208692587,0.9748357721316604,0.9203281378178835,0.9964955419808901,0.9584118398993868,12.36931687685298,4.724408835463206,-0.055914684167350286,143.07191074476577
lmym/original_lmym042_1,lmym/original_lmym042_1,,1,gastrointestinal_submucosal_tumor,,#ffffff,466,476,"[[225, 285, 320, 343]]",0.968098467721678,0.9381694255111976,0.9712701612903226,0.9649474211316975,0.9994766368869995,0.9822120290093486,2.23606797749979,0.9731228780120599,-0.006509764646970456,143.89554399531335
lmym/original_lmym043_1,lmym/original_lmym043_1,,1,gastrointestinal_submucosal_tumor,,#ffffff,467,475,"[[231, 233, 336, 310]]",0.8889100428367445,0.8000342700479781,0.8202740688685874,0.9700810305422813,0.9952859749691262,0.9826835027557037,12.91227766016838,3.9254290992204446,0.18263037606482443,143.89554399531335
lmym/original_lmym044_1,lmym/original_lmym044_1,,1,gastrointestinal_submucosal_tumor,,#ffffff,468,475,"[[274, 188, 312, 259]]",0.9176621160409556,0.8478517934568388,0.8495260663507109,0.9976808905380334,0.9982693146304237,0.9979751025842285,4.0,1.9424408962527178,0.17439703153988867,143.89554399531335
lmym/original_lmym045_1,lmym/original_lmym045_1,,1,gastrointestinal_submucosal_tumor,,#ffffff,468,475,"[[167, 260, 199, 300]]",0.9242424242424242,0.8591549295774648,0.8618524332810047,0.9963702359346642,0.9992043327697357,0.9977872843522,2.23606797749979,1.332357941928073,0.1560798548094374,143.89554399531335
lmym/original_lmym046_1,lmym/original_lmym046_1,,1,gastrointestinal_submucosal_tumor,,#ffffff,468,475,"[[86, 234, 201, 349]]",0.9357231149567367,0.8792102206736353,0.9947437582128777,0.8833138856476079,0.9997736019923025,0.9415437438199552,7.211102550927978,3.340533000719046,-0.11201866977829639,144.4741922605317
lmym/original_lmym047_1,lmym/original_lmym047_1,,1,gastrointestinal_submucosal_tumor,,#ffffff,498,477,"[[199, 291, 334, 360]]",0.9466476462196861,0.8986998916576381,0.9091656391286478,0.9873530724594555,0.9971276941405827,0.9922403833000191,5.385164807134504,2.0099412084399906,0.08599910727570302,144.4741922605317
lmym/original_lmym048_1,lmym/original_lmym048_1,,1,gastrointestinal_submucosal_tumor,,#ffffff,498,479,"[[301, 152, 361, 230]]",0.8937024817099412,0.8078319502074689,0.8093011171732918,0.9977578475336323,0.9968821680400985,0.9973200077868654,5.385164807134504,3.0830342209298833,0.23286354900704676,144.4741922605317
lmym/original_lmym049_1,lmym/original_lmym049_1,,1,gastrointestinal_submucosal_tumor,,#ffffff,468,476,"[[248, 195, 320, 278]]",0.8684943556663246,0.7675563617517491,0.7749869178440607,0.9876625541847283,0.9960868002311518,0.9918746772079401,10.0,3.4209356966803535,0.2744248082694231,144.4741922605317
lmym/original_lmym050_1,lmym/original_lmym050_1,,1,gastrointestinal_submucosal_tumor,,#ffffff,445,532,"[[283, 196, 383, 388]]",0.9509641873278237,0.9065126050420168,0.964245810055866,0.9380434782608695,0.9981493015392828,0.9680963899000762,6.082762530298219,2.3873225281587525,-0.02717391304347826,144.22559249214828
lmym/original_lmym051_1,lmym/original_lmym051_1,,1,gastrointestinal_submucosal_tumor,,#ffffff,496,478,"[[171, 287, 278, 385]]",0.9643788010425717,0.9312080536912751,0.9607190412782957,0.9680665503823963,0.9987153526248177,0.983390951503607,3.605551275463989,1.5335662746854006,0.007647927009258017,144.22559249214828
lmym/original_lmym052_1,lmym/original_lmym052_1,,1,gastrointestinal_submucosal_tumor,,#ffffff,497,478,"[[302, 156, 400, 340]]",0.9669135024420986,0.9359463169132225,0.9861010685305697,0.9484583880689282,0.9992298274902616,0.973844107779595,5.0,1.8063312076585687,-0.038173247817015685,144.22559249214828
lmym/original_lmym053_1,lmym/original_lmym053_1,,1,gastrointestinal_submucosal_tumor,,#ffffff,499,477,"[[220, 153, 321, 227]]",0.9601215343714394,0.9233016800584368,0.9364697166141878,0.9849990259107734,0.9985272016831981,0.9917631137969858,4.0,1.3956599216243355,0.0518215468536918,144.22559249214828
lmym/original_lmym054_1,lmym/original_lmym054_1,,1,gastrointestinal_submucosal_tumor,,#ffffff,498,479,"[[229, 276, 308, 343]]",0.9513498312710911,0.9072137302225798,0.91655377946356,0.9888921368021046,0.9986900361941299,0.9937910864981172,3.605551275463989,1.3999074419878232,0.07892429114294067,145.0637574889697
lmym/original_lmym055_1,lmym/original_lmym055_1,,1,gastrointestinal_submucosal_tumor,,#ffffff,496,479,"[[176, 202, 207, 266]]",0.8659154929577465,0.7635370094386488,0.7654382470119522,0.996757457846952,0.998004592403047,0.9973810251249995,5.0,2.689713008327009,0.3022049286640726,145.0637574889697
lmym/original_lmym056_1,lmym/original_lmym056_1,,1,gastrointestinal_submucosal_tumor,,#ffffff,468,476,"[[108, 106, 225, 256]]",0.9607275396598833,0.924423167477633,0.9612371470540232,0.9602184723241216,0.997743478653308,0.9789809754887149,5.0,2.1453077854199685,-0.0010597538110377436,145.0637574889697
lmym/original_lmym057_1,lmym/original_lmym057_1,,1,gastrointestinal_submucosal_tumor,,#ffffff,468,475,"[[134, 228, 210, 292]]",0.960318479517144,0.9236660079051383,0.9823962165002628,0.9392112534539061,0.9996931096239906,0.9694521815389483,3.605551275463989,1.2567778750469416,-0.04395880432052248,145.0637574889697
lmym/original_lmym058_1,lmym/original_lmym058_1,,1,gastrointestinal_submucosal_tumor,,#ffffff,355,415,"[[126, 189, 145, 216]]",0.8456375838926175,0.7325581395348837,0.7325581395348837,1.0,0.9989038969526973,0.9994519484763487,3.605551275463989,1.82150545695281,0.36507936507936506,145.64615773269907
lmym/original_lmym059_1,lmym/original_lmym059_1,,1,gastrointestinal_submucosal_tumor,,#ffffff,467,475,"[[217, 101, 302, 173]]",0.8945945945945946,0.8092909535452323,0.8462143559488692,0.9488423373759647,0.9964011229232822,0.9726217301496234,14.835695041192974,3.6735533694116755,0.12127894156560089,145.64615773269907
lmym/original_lmym060_1,lmym/original_lmym060_1,,1,gastrointestinal_submucosal_tumor,,#ffffff,467,475,"[[154, 247, 206, 306]]",0.9572475570032574,0.9180007809449434,0.9828595317725752,0.932936507936508,0.9998130457581906,0.9663747768473493,2.8284271247461903,1.0937240791330276,-0.050793650793650794,145.64615773269907
lmym/original_lmym061_1,lmym/original_lmym061_1,,1,gastrointestinal_submucosal_tumor,,#ffffff,497,477,"[[129, 207, 221, 324]]",0.9562734995126027,0.9162108072048032,0.9399124007664933,0.9732142857142857,0.9980914122245265,0.9856528489694061,5.0,1.8047430309789716,0.035430839002267574,145.64615773269907
lmym/original_lmym062_1,lmym/original_lmym062_1,,1,gastrointestinal_submucosal_tumor,,#ffffff,482,540,"[[85, 181, 208, 333]]",0.9462998381638958,0.8980731639206926,0.9469267574530732,0.9456737484378446,0.9970771494707654,0.9713754489543049,7.2732091554452625,3.165864612998164,-0.0013232375211350436,144.69283149810508
lmym/original_lmym063_1,lmym/original_lmym063_1,,1,gastrointestinal_submucosal_tumor,,#ffffff,355,415,"[[173, 206, 233, 249]]",0.949648711943794,0.9041248606465998,0.9215909090909091,0.9794685990338164,0.9990526467539421,0.9892606228938793,2.0,0.95125886703143,0.06280193236714976,144.69283149810508
lmym/original_lmym064_1,lmym/original_lmym064_1,,1,gastrointestinal_submucosal_tumor,,#ffffff,446,533,"[[188, 112, 377, 371]]",0.4774679431960818,0.3136012414729559,0.3460824889396318,0.7696580179322383,0.9185838349288141,0.8441209264305263,73.56901024407344,19.92618571644044,1.2239149408870904,144.69283149810508
lmym/original_lmym065_1,lmym/original_lmym065_1,,1,gastrointestinal_submucosal_tumor,,#ffffff,468,475,"[[197, 165, 257, 220]]",0.8592657342657343,0.753256704980843,0.7608359133126935,0.9869477911646586,0.997194836320061,0.9920713137423598,9.74513863436123,3.136958204491001,0.2971887550200803,144.69283149810508
lmym/original_lmym066_1,lmym/original_lmym066_1,,1,gastrointestinal_submucosal_tumor,,#ffffff,480,541,"[[155, 40, 428, 230]]",0.9213167146053052,0.854112348897843,0.9214227268078142,0.9212107267939771,0.9860674727855533,0.9536390997897652,27.92120651351844,7.75116572263124,-0.00023007899378786717,144.90496975486167
lmym/original_lmym067_1,lmym/original_lmym067_1,,1,gastrointestinal_submucosal_tumor,,#ffffff,355,414,"[[130, 198, 204, 244]]",0.9185499058380414,0.8493687418371789,0.8625110521662246,0.9823766364551864,0.9978549357170446,0.9901157860861155,4.47213595499958,1.7221189883450123,0.13897280966767372,144.90496975486167
lmym/original_lmym068_1,lmym/original_lmym068_1,,1,gastrointestinal_submucosal_tumor,,#ffffff,497,479,"[[285, 124, 364, 285]]",0.9476636629468282,0.9005330611319042,0.9338979063749706,0.9618413082980012,0.9975544802617837,0.9796978942798924,5.534594000431324,2.1434486347589625,0.029921259842519685,144.90496975486167
lmym/original_lmym069_1,lmym/original_lmym069_1,,1,gastrointestinal_submucosal_tumor,,#ffffff,498,478,"[[209, 110, 267, 211]]",0.961543127502123,0.9259345794392523,0.9554001928640309,0.9677655677655678,0.999209229361955,0.9834873985637613,2.8284271247461903,1.1372670730442753,0.012942612942612943,144.90496975486167
lmym/original_lmym070_1,lmym/original_lmym070_1,,1,gastrointestinal_submucosal_tumor,,#ffffff,498,477,"[[118, 129, 331, 225]]",0.9466096177099804,0.8986313465783664,0.9526350276139661,0.9406599500878084,0.9977682411005306,0.9692140955941695,6.4031242374328485,2.1523685312933014,-0.012570477863018764,144.4420110201463
lmym/original_lmym071_1,lmym/original_lmym071_1,,1,gastrointestinal_submucosal_tumor,,#ffffff,498,479,"[[245, 105, 384, 239]]",0.9050542547115934,0.826574520798018,0.9221034257036875,0.8886240975678138,0.9952246126407313,0.9419243551042725,15.649278193430005,5.808597946769072,-0.036307562907408705,144.4420110201463
lmym/original_lmym072_1,lmym/original_lmym072_1,,1,gastrointestinal_submucosal_tumor,,#ffffff,498,479,"[[155, 124, 213, 173]]",0.9241023435820254,0.8589128697042366,0.867231638418079,0.9889553612517257,0.998608108508307,0.9937817348800163,3.605551275463989,1.8444378571332607,0.14035895075931892,144.4420110201463
lmym/original_lmym073_1,lmym/original_lmym073_1,,1,gastrointestinal_submucosal_tumor,,#ffffff,467,476,"[[299, 178, 314, 193]]",0.7942973523421588,0.6587837837837838,0.6587837837837838,1.0,0.9995452437448502,0.9997726218724251,2.8284271247461903,1.641635920061786,0.517948717948718,144.4420110201463
lmym/original_lmym074_1,lmym/original_lmym074_1,,1,gastrointestinal_submucosal_tumor,,#ffffff,467,476,"[[190, 161, 241, 201]]",0.9050886220697542,0.8266318537859008,0.8515330823023131,0.9658328248932275,0.998749167244497,0.9822909960688623,6.647187993486069,1.9596015424738884,0.1342281879194631,142.77486375067383
lmym/original_lmym075_1,lmym/original_lmym075_1,,1,gastrointestinal_submucosal_tumor,,#ffffff,468,476,"[[169, 268, 213, 306]]",0.9203998519067013,0.8525377229080933,0.8566505858028945,0.9944,0.9990610243862801,0.99673051219314,2.8284271247461903,1.459489380148948,0.1608,142.77486375067383
lmym/original_lmym076_1,lmym/original_lmym076_1,,1,gastrointestinal_submucosal_tumor,,#ffffff,355,415,"[[176, 201, 239, 244]]",0.9455252918287937,0.8966789667896679,0.9288103201146679,0.962852897473997,0.9989745777875656,0.9809137376307813,4.242640687119285,1.2654973972516657,0.03665180782565627,142.77486375067383
lmym/original_lmym077_1,lmym/original_lmym077_1,,1,gastrointestinal_submucosal_tumor,,#ffffff,519,602,"[[243, 79, 378, 182]]",0.9345859429366736,0.8772044415414761,0.9195930744399883,0.9500757958564932,0.9972830308418968,0.973679413349195,7.0,3.260198899621178,0.03314805457301667,142.77486375067383
lmym/original_lmym078_1,lmym/original_lmym078_1,,1,gastrointestinal_submucosal_tumor,,#ffffff,468,476,"[[123, 184, 237, 358]]",0.9209351659521811,0.853456749672346,0.8861200884504168,0.9585978470880486,0.9936809517741944,0.9761393994311215,14.866068747318506,3.5808176703204326,0.08179225319716625,143.62363272812217
lmym/original_lmym079_1,lmym/original_lmym079_1,,1,gastrointestinal_submucosal_tumor,,#ffffff,469,476,"[[112, 99, 211, 167]]",0.928855027363451,0.8671608896012823,0.8800325335502237,0.9834128607134742,0.9973040033265858,0.99035843202003,7.810249675906654,2.4109866507641455,0.11747330152238128,143.62363272812217
lmym/original_lmym080_1,lmym/original_lmym080_1,,1,gastrointestinal_submucosal_tumor,,#ffffff,468,476,"[[247, 121, 320, 218]]",0.9572767127997936,0.9180544105523496,0.9681794470526864,0.9466167970078204,0.9991562387613769,0.9728865178845987,5.0,1.663463172208496,-0.02227133628017681,143.62363272812217
lmym/original_lmym081_1,lmym/original_lmym081_1,,1,gastrointestinal_submucosal_tumor,,#ffffff,597,595,"[[243, 350, 291, 394]]",0.9211479520757871,0.8538223140495868,0.8649921507064364,0.9851013110846245,0.9992702319700626,0.9921857715273436,3.1622776601683795,1.6589413481220208,0.13885578069129917,143.62363272812217
lmym/original_lmym082_1,lmym/original_lmym082_1,,1,gastrointestinal_submucosal_tumor,,#ffffff,467,476,"[[153, 158, 198, 260]]",0.9386440181578563,0.8843818984547461,0.9000280819994384,0.9807221542227662,0.9983746073489663,0.9895483807858663,4.158966144068143,1.6320210958768133,0.08965728274173806,144.2272425047122
lmym/original_lmym083_1,lmym/original_lmym083_1,,1,gastrointestinal_submucosal_tumor,,#ffffff,498,478,"[[145, 256, 232, 340]]",0.9370366011533482,0.8815323294951284,0.9035406264185202,0.9731117086286971,0.9981833958102696,0.9856475522194834,5.0,1.8542737610268671,0.07699828892691274,144.2272425047122
lmym/original_lmym084_1,lmym/original_lmym084_1,,1,gastrointestinal_submucosal_tumor,,#ffffff,468,476,"[[167, 252, 259, 339]]",0.9497170043474694,0.9042486722899093,0.9630677091998003,0.9367313915857605,0.9989750124660646,0.9678532020259125,5.0,1.9780894133968356,-0.027346278317152105,144.2272425047122
lmym/original_lmym085_1,lmym/original_lmym085_1,,1,gastrointestinal_submucosal_tumor,,#ffffff,467,477,"[[227, 125, 270, 189]]",0.9175627240143369,0.847682119205298,0.8556149732620321,0.9891808346213292,0.9985327283101921,0.9938567814657606,4.129082378692743,1.8784603487128242,0.1561051004636785,144.2272425047122
lmym/original_lmym086_1,lmym/original_lmym086_1,,1,gastrointestinal_submucosal_tumor,,#ffffff,497,478,"[[234, 278, 284, 323]]",0.9348700080407397,0.8777050830397585,0.8812531581606872,0.9954337899543378,0.9990034518730864,0.9972186209137122,3.0,1.4267609706809992,0.1295662100456621,144.212284241803
lmym/original_lmym087_1,lmym/original_lmym087_1,,1,gastrointestinal_submucosal_tumor,,#ffffff,498,478,"[[269, 249, 328, 328]]",0.9322148559058314,0.8730359858084136,0.9159797926083488,0.9490358126721763,0.9986519576475807,0.9738438851598785,4.123105625617661,2.0844078326819684,0.03608815426997245,144.212284241803
lmym/original_lmym088_1,lmym/original_lmym088_1,,1,gastrointestinal_submucosal_tumor,,#ffffff,467,476,"[[231, 323, 331, 375]]",0.9391957364341085,0.8853619547841973,0.8871853546910755,0.9976839938239835,0.9977427360054211,0.9977133649147023,4.0,1.8685758817765454,0.12454966546577458,144.212284241803
lmym/original_lmym089_1,lmym/original_lmym089_1,,1,gastrointestinal_submucosal_tumor,,#ffffff,498,479,"[[250, 230, 388, 426]]",0.9772768120779521,0.9555633661377787,0.9634485900875817,0.9915077628425549,0.9967084267921295,0.9941080948173422,3.0,1.511779423020558,0.02912368448473481,144.212284241803
lmym/original_lmym090_1,lmym/original_lmym090_1,,1,gastrointestinal_submucosal_tumor,,#ffffff,498,478,"[[250, 253, 321, 326]]",0.9363479970508725,0.8803142329020333,0.9216255442670537,0.9515484515484516,0.9986156212613229,0.9750820364048872,5.385164807134504,2.0977868158248545,0.032467532467532464,142.49164177454077
lmym/original_lmym091_1,lmym/original_lmym091_1,,1,gastrointestinal_submucosal_tumor,,#ffffff,469,476,"[[289, 191, 342, 282]]",0.9359368730774374,0.879587732528909,0.8889735772357723,0.988138943801186,0.9980109511476858,0.9930749474744359,4.242640687119285,1.8818859621018489,0.11155040948884495,142.49164177454077
lmym/original_lmym092_1,lmym/original_lmym092_1,,1,gastrointestinal_submucosal_tumor,,#ffffff,467,476,"[[272, 184, 392, 353]]",0.9618445215262191,0.9264937106918238,0.9509144701452393,0.9730287601486171,0.9964862965565706,0.9847575283525938,6.332412212046361,2.2402537374953617,0.023255813953488372,142.49164177454077
lmym/original_lmym093_1,lmym/original_lmym093_1,,1,gastrointestinal_submucosal_tumor,,#ffffff,468,475,"[[148, 221, 218, 272]]",0.9072615923009624,0.8302642113690952,0.8659707724425887,0.9526871841984382,0.9985417243995403,0.9756144542989893,5.0990195135927845,2.123813087512679,0.10013780431786863,142.49164177454077
lmym/original_lmym094_1,lmym/original_lmym094_1,,1,gastrointestinal_submucosal_tumor,,#ffffff,499,478,"[[188, 168, 227, 227]]",0.8444040036396724,0.7307086614173228,0.7307086614173228,1.0,0.9978366296967908,0.9989183148483953,8.06225774829855,2.9964947248868867,0.36853448275862066,143.25353325693868
lmym/original_lmym095_1,lmym/original_lmym095_1,,1,gastrointestinal_submucosal_tumor,,#ffffff,498,479,"[[171, 122, 209, 163]]",0.90859375,0.8324982104509664,0.8330945558739254,0.9991408934707904,0.9990184431581697,0.99907966831448,3.605551275463989,1.6202703315649374,0.19931271477663232,143.25353325693868
lmym/original_lmym096_1,lmym/original_lmym096_1,,1,gastrointestinal_submucosal_tumor,,#ffffff,467,476,"[[192, 148, 231, 203]]",0.9182968929804373,0.8489361702127659,0.8539325842696629,0.9931549471064095,0.9987629426558217,0.9959589448811156,4.242640687119285,1.6654041727906364,0.16303671437461106,143.25353325693868
lmym/original_lmym097_1,lmym/original_lmym097_1,,1,gastrointestinal_submucosal_tumor,,#ffffff,481,540,"[[270, 271, 323, 326]]",0.9439009782391695,0.8937618147448015,0.9040152963671129,0.9874686716791979,0.9990246594079566,0.9932466655435772,3.0,1.4304651367931391,0.0923141186299081,143.25353325693868
lmym/original_lmym098_1,lmym/original_lmym098_1,,1,gastrointestinal_submucosal_tumor,,#ffffff,497,479,"[[226, 279, 311, 332]]",0.9573352232459249,0.9181620445894508,0.9362350984197394,0.9794083526682135,0.99901967052405,0.9892140115961318,2.23606797749979,1.2697822311383502,0.046113689095127613,144.06178198987618
lmym/original_lmym099_1,lmym/original_lmym099_1,,1,gastrointestinal_submucosal_tumor,,#ffffff,355,414,"[[155, 78, 248, 127]]",0.9513310029577844,0.9071794871794872,0.9125612587051845,0.9935411401291772,0.9976361316235383,0.9955886358763577,3.605551275463989,1.4360795484470148,0.08873911822521764,144.06178198987618
lmym/original_lmym100_1,lmym/original_lmym100_1,,1,gastrointestinal_submucosal_tumor,,#ffffff,467,475,"[[163, 244, 240, 322]]",0.940052543587294,0.8868859846777828,0.8963789569574129,0.9881998493597791,0.9979113302301669,0.993055589794973,4.092329219213245,1.901645046788969,0.10243535023851369,144.06178198987618
lmym/original_lmym101_1,lmym/original_lmym101_1,,1,gastrointestinal_submucosal_tumor,,#ffffff,468,476,"[[190, 130, 318, 205]]",0.9604671348536258,0.9239410960983756,0.9422511224647778,0.9794013517862891,0.9982775658727153,0.9888394588295022,3.0,1.461458470477437,0.039427100096556165,144.06178198987618
lmym/original_lmym102_1,lmym/original_lmym102_1,,1,gastrointestinal_submucosal_tumor,,#ffffff,497,477,"[[120, 170, 170, 248]]",0.8357188634907071,0.7177981651376146,0.7199116672800884,0.9959266802443992,0.9967631483805108,0.996344914312455,6.082762530298219,3.5383029970574134,0.3834012219959267,142.98236725153401
lmym/original_lmym103_1,lmym/original_lmym103_1,,1,gastrointestinal_submucosal_tumor,,#ffffff,467,476,"[[188, 131, 239, 183]]",0.9486091466289486,0.9022421524663677,0.9145454545454546,0.9853085210577864,0.9991464245175936,0.9922274727876901,3.605551275463989,1.1966465255856686,0.07737512242899118,142.98236725153401
lmym/original_lmym104_1,lmym/original_lmym104_1,,1,gastrointestinal_submucosal_tumor,,#ffffff,355,415,"[[110, 56, 262, 152]]",0.9416013304822999,0.8896471222052618,0.9562783515104719,0.9273680269561961,0.9966847432322655,0.9620263850942308,6.4031242374328485,2.922334792652064,-0.03023212280044927,142.98236725153401
lmym/original_lmym105_1,lmym/original_lmym105_1,,1,gastrointestinal_submucosal_tumor,,#ffffff,467,475,"[[200, 259, 285, 352]]",0.9583699560527367,0.9200675053697454,0.9251774143782783,0.9940328194927897,0.9977524653369911,0.9958926424148904,4.0,1.663751602961747,0.07442400132604012,142.98236725153401
lmym/original_lmym106_1,lmym/original_lmym106_1,,1,gastrointestinal_submucosal_tumor,,#ffffff,496,477,"[[281, 238, 338, 291]]",0.942423030787685,0.8911153119092627,0.8972211648267986,0.992421052631579,0.9988472228745138,0.9956341377530464,3.605551275463989,1.4611789282663843,0.10610526315789473,143.48281247657724
lmym/original_lmym107_1,lmym/original_lmym107_1,,1,gastrointestinal_submucosal_tumor,,#ffffff,470,475,"[[144, 272, 224, 308]]",0.8730964467005076,0.7747747747747747,0.7946241075178496,0.9687660010240655,0.9977902999136906,0.9832781504688781,5.0,2.7230651269832236,0.21915002560163852,143.48281247657724
lmym/original_lmym108_1,lmym/original_lmym108_1,,1,gastrointestinal_submucosal_tumor,,#ffffff,497,478,"[[289, 234, 315, 293]]",0.883960396039604,0.7920511000709723,0.7926136363636364,0.999104744852283,0.998765061387445,0.998934903119864,4.47213595499958,1.9313785969518424,0.26051924798567594,143.48281247657724
lmym/original_lmym109_1,lmym/original_lmym109_1,,1,gastrointestinal_submucosal_tumor,,#ffffff,467,475,"[[202, 275, 302, 352]]",0.9382967873533912,0.8837656099903939,0.9583333333333334,0.919080919080919,0.9990775758693847,0.9590792474751519,5.830951894845301,2.0872676896850537,-0.04095904095904096,143.48281247657724
lmym/original_lmym110_1,lmym/original_lmym110_1,,1,gastrointestinal_submucosal_tumor,,#ffffff,497,478,"[[131, 44, 245, 248]]",0.9209685663174035,0.853514121617621,0.8785884073870909,0.9676444921796334,0.991053985961225,0.9793492390704293,20.591260281974,4.717910229852195,0.1013626904745922,144.34380675083958
lmym/original_lmym111_1,lmym/original_lmym111_1,,1,gastrointestinal_submucosal_tumor,,#ffffff,482,540,"[[350, 346, 412, 411]]",0.9230769230769231,0.8571428571428571,0.8593220338983051,0.9970501474926253,0.998063981899397,0.9975570646960112,5.682968896295314,2.2154800834867197,0.16027531956735497,144.34380675083958
lmym/original_lmym112_1,lmym/original_lmym112_1,,1,gastrointestinal_submucosal_tumor,,#ffffff,467,476,"[[183, 237, 237, 305]]",0.9042574455326804,0.8252462604888727,0.842144452717796,0.9762624082865775,0.9980725082395727,0.9871674582630752,7.0710678118654755,2.366497526090344,0.15925766076823478,144.34380675083958
lmym/original_lmym113_1,lmym/original_lmym113_1,,1,gastrointestinal_submucosal_tumor,,#ffffff,468,475,"[[167, 260, 217, 297]]",0.9174725983236621,0.847528290649196,0.8619018776499091,0.9807029634734665,0.9989676204103256,0.989835291941896,4.242640687119285,1.610394182933685,0.13783597518952448,144.34380675083958
lmym/original_lmym114_1,lmym/original_lmym114_1,,1,gastrointestinal_submucosal_tumor,,#ffffff,467,476,"[[52, 143, 367, 419]]",0.8783998876457094,0.7831667257966901,0.8573484727330881,0.900511122309409,0.9654299935222762,0.9329705579158426,30.23243291566195,10.321027434918285,0.05034434765915581,143.73475723550655
lmym/original_lmym115_1,lmym/original_lmym115_1,,1,gastrointestinal_submucosal_tumor,,#ffffff,468,475,"[[195, 230, 352, 372]]",0.9572034859234781,0.917919721635392,0.9250469630557295,0.991676176411358,0.9942286273583314,0.9929524018848447,5.656854249492381,2.5462993674555996,0.0720279250855877,143.73475723550655
lmym/original_lmym116_1,lmym/original_lmym116_1,,1,gastrointestinal_submucosal_tumor,,#ffffff,498,477,"[[140, 243, 177, 275]]",0.901980198019802,0.8214607754733995,0.8357798165137614,0.9795698924731183,0.999243500016905,0.9894066962450117,3.5833875946992038,1.5923229483790344,0.17204301075268819,143.73475723550655
lmym/original_lmym117_1,lmym/original_lmym117_1,,1,gastrointestinal_submucosal_tumor,,#ffffff,521,602,"[[323, 314, 364, 356]]",0.9017254313578394,0.8210382513661202,0.832409972299169,0.983633387888707,0.9992254017028359,0.9914293947957715,4.123105625617661,1.7515456919900603,0.18166939443535188,143.73475723550655
lmym/original_lmym118_1,lmym/original_lmym118_1,,1,gastrointestinal_submucosal_tumor,,#ffffff,445,533,"[[163, 87, 311, 210]]",0.9609084282809682,0.9247581776563538,0.9468511378241475,0.9753894080996884,0.9968664333949944,0.9861279207473415,6.0,2.2287273673866146,0.03014018691588785,144.0178532502614
lmym/original_lmym119_1,lmym/original_lmym119_1,,1,gastrointestinal_submucosal_tumor,,#ffffff,482,542,"[[315, 219, 339, 260]]",0.9198088157195964,0.8515240904621436,0.8523622047244095,0.9988465974625144,0.999423912250314,0.9991352548564142,3.605551275463989,1.2242189019437064,0.17185697808535177,144.0178532502614
lmym/original_lmym120_1,lmym/original_lmym120_1,,1,gastrointestinal_submucosal_tumor,,#ffffff,497,476,"[[178, 260, 223, 312]]",0.9141595362958874,0.8418912048805287,0.8692913385826772,0.9639115250291036,0.9989397668338628,0.9814256459314832,4.073863375370592,1.8330560157238944,0.10884749708963912,144.0178532502614
lmym/original_lmym121_1,lmym/original_lmym121_1,,1,gastrointestinal_submucosal_tumor,,#ffffff,468,475,"[[108, 107, 172, 167]]",0.9318366682934764,0.8723728297289065,0.8820449645826918,0.9875862068965517,0.9982543299908843,0.992920268443718,4.47213595499958,1.9180158650306094,0.1196551724137931,144.0178532502614
lmym/original_lmym122_1,lmym/original_lmym122_1,,1,gastrointestinal_submucosal_tumor,,#ffffff,467,476,"[[246, 102, 384, 337]]",0.950828084907861,0.9062652852505669,0.9293237882449501,0.9733511629017623,0.9923020764527968,0.9828266196772795,11.13309728288984,3.365259134143484,0.04737571039686709,144.725724007003
lmym/original_lmym123_1,lmym/original_lmym123_1,,1,gastrointestinal_submucosal_tumor,,#ffffff,467,474,"[[70, 62, 189, 231]]",0.9584333780286258,0.9201844200946051,0.9619429143715573,0.9549493568632325,0.9970379753002216,0.975993666081727,7.810249675906654,2.702546835476424,-0.007270241720002486,144.725724007003
lmym/original_lmym124_1,lmym/original_lmym124_1,,1,gastrointestinal_submucosal_tumor,,#ffffff,356,415,"[[139, 26, 349, 181]]",0.9186245055871355,0.8494963223536937,0.9892468112838656,0.8574137583215654,0.9981212638770282,0.9277675110992968,15.613662010495997,6.299056293833551,-0.1332660883598951,144.725724007003
lmym/original_lmym125_1,lmym/original_lmym125_1,,1,gastrointestinal_submucosal_tumor,,#ffffff,519,602,"[[235, 142, 323, 193]]",0.9234921063284307,0.8578591125595387,0.8685279187817259,0.985883030826851,0.9983234455459644,0.9921032381864077,7.035533905932738,2.2654846609555626,0.1351195620858542,144.725724007003
lmym/original_lmym126_1,lmym/original_lmym126_1,,1,gastrointestinal_submucosal_tumor,,#ffffff,355,414,"[[153, 66, 233, 134]]",0.960346239326237,0.9237173717371737,0.9832335329341317,0.9385002286236854,0.9995091026396252,0.9690046656316553,3.0,1.321321713801918,-0.045496113397347965,143.45250875339843
lmym/original_lmym127_1,lmym/original_lmym127_1,,1,gastrointestinal_submucosal_tumor,,#ffffff,467,476,"[[191, 173, 218, 201]]",0.8972746331236897,0.8136882129277566,0.8147208121827412,0.9984447900466563,0.9993413008856344,0.9988930454661453,2.8284271247461903,1.4055464483574658,0.2255054432348367,143.45250875339843
lmym/original_lmym128_1,lmym/original_lmym128_1,,1,gastrointestinal_submucosal_tumor,,#ffffff,497,373,"[[111, 78, 274, 349]]",0.873677806778264,0.7756908387636339,0.795426121136323,0.9690057461257182,0.9647494904839018,0.96687761830481,52.172789842982326,10.514285596857905,0.21822218352777295,143.45250875339843
lmym/original_lmym129_1,lmym/original_lmym129_1,,1,gastrointestinal_submucosal_tumor,,#ffffff,466,474,"[[128, 275, 215, 345]]",0.9583879093198993,0.9201005997291546,0.9354838709677419,0.9824416442883702,0.9984817837189819,0.990461714003676,3.1622776601683795,1.5122285593024782,0.050196240446188804,143.45250875339843
lmym/original_lmym130_1,lmym/original_lmym130_1,,1,gastrointestinal_submucosal_tumor,,#ffffff,476,479,"[[285, 170, 341, 229]]",0.9096464426014841,0.8342674139311449,0.8372840498192045,0.9956999522216914,0.9982072586106918,0.9969536054161916,6.324555320336759,2.0981771235226163,0.1892021022455805,144.21465300256386
lmym/original_lmym131_1,lmym/original_lmym131_1,,1,gastrointestinal_submucosal_tumor,,#ffffff,468,474,"[[123, 318, 295, 415]]",0.975668513611178,0.9524929444967074,0.9851617611286791,0.9663564781675018,0.9991254856421946,0.9827409819048483,4.123105625617661,1.3514808834708818,-0.0190885230255309,144.21465300256386
lmym/original_lmym132_1,lmym/original_lmym132_1,,1,gastrointestinal_submucosal_tumor,,#ffffff,468,473,"[[193, 279, 235, 314]]",0.9324817518248175,0.8735042735042735,0.8988566402814424,0.9687203791469194,0.9994780058917248,0.9840991925193221,3.032455532033674,1.130964240529636,0.07772511848341232,144.21465300256386
lmym/original_lmym133_1,lmym/original_lmym133_1,,1,gastrointestinal_submucosal_tumor,,#ffffff,467,476,"[[228, 142, 273, 192]]",0.9486663311524912,0.9023456199138343,0.9181685338528982,0.9812597605413846,0.9992376492369686,0.9902487048891766,3.605551275463989,1.1672257467936613,0.06871421134825612,144.21465300256386
lmym/original_lmym134_1,lmym/original_lmym134_1,,1,gastrointestinal_submucosal_tumor,,#ffffff,516,602,"[[263, 175, 316, 233]]",0.943923368589104,0.8938019652305367,0.903016418480336,0.9887123745819398,0.9991759667791331,0.9939441706805365,3.0,1.3765931663587678,0.09489966555183947,143.79748125793412
lmym/original_lmym135_1,lmym/original_lmym135_1,,1,gastrointestinal_submucosal_tumor,,#ffffff,482,541,"[[188, 261, 277, 327]]",0.9187206236386565,0.8496607294317218,0.8600558059669456,0.9859744094488189,0.997460050331518,0.9917172298901684,5.156248572301125,2.5861191815614126,0.14640748031496062,143.79748125793412
lmym/original_lmym136_1,lmym/original_lmym136_1,,1,gastrointestinal_submucosal_tumor,,#ffffff,467,476,"[[190, 130, 260, 181]]",0.9679577464788732,0.9379051518253156,0.9605171208944794,0.975514549325763,0.9994851326353008,0.9874998409805319,2.23606797749979,0.855315207949167,0.015613910574875798,143.79748125793412
lmym/original_lmym137_1,lmym/original_lmym137_1,,1,gastrointestinal_submucosal_tumor,,#ffffff,467,474,"[[173, 112, 297, 259]]",0.8441822832385029,0.7303766597416674,0.7497450162262401,0.9658385093167702,0.9873278055834656,0.9765831574501178,40.35335082893611,10.432236921252427,0.2882226469182991,143.79748125793412
lmym/original_lmym138_1,lmym/original_lmym138_1,,1,gastrointestinal_submucosal_tumor,,#ffffff,467,475,"[[141, 199, 179, 240]]",0.9349622709306504,0.8778677462887989,0.892318244170096,0.9818867924528302,0.9992879818594105,0.9905873871561204,2.23606797749979,1.2444043891119256,0.10037735849056603,143.2386675151065
lmym/original_lmym139_1,lmym/original_lmym139_1,,1,gastrointestinal_submucosal_tumor,,#ffffff,467,476,"[[264, 210, 374, 313]]",0.9705694549254078,0.9428216984323897,0.977892151128787,0.963355611892141,0.9991152265300963,0.9812354192111187,4.47213595499958,1.3644052469407268,-0.014865176307905048,143.2386675151065
lmym/original_lmym140_1,lmym/original_lmym140_1,,1,gastrointestinal_submucosal_tumor,,#ffffff,466,476,"[[194, 139, 311, 229]]",0.9624480435717357,0.9276143113689737,0.951672335600907,0.9734705711800522,0.9984133483468114,0.9859419597634318,5.0,1.4544910941822529,0.022905189910118876,143.2386675151065
lmym/original_lmym141_1,lmym/original_lmym141_1,,1,gastrointestinal_submucosal_tumor,,#ffffff,446,532,"[[263, 266, 298, 292]]",0.9165073295092415,0.8458823529411764,0.8811274509803921,0.9548472775564409,0.9995898849563882,0.9772185812564146,2.739573252659227,1.1662421620303696,0.08366533864541832,143.2386675151065
lmym/original_lmym142_1,lmym/original_lmym142_1,,1,gastrointestinal_submucosal_tumor,,#ffffff,354,414,"[[176, 210, 220, 241]]",0.9413854351687388,0.889261744966443,0.899067005937235,0.9878844361602982,0.9991820350144003,0.9935332355873492,2.0,0.9644595180915292,0.09878844361602983,142.80622999649495
lmym/original_lmym143_1,lmym/original_lmym143_1,,1,gastrointestinal_submucosal_tumor,,#ffffff,468,476,"[[142, 156, 187, 203]]",0.912568306010929,0.8391959798994975,0.8391959798994975,1.0,0.9985526779979919,0.9992763389989959,3.1541637771599587,1.9116475073736328,0.19161676646706588,142.80622999649495
lmym/original_lmym144_1,lmym/original_lmym144_1,,1,gastrointestinal_submucosal_tumor,,#ffffff,467,476,"[[187, 262, 363, 363]]",0.93769322235434,0.8826953212446832,0.9560332983108382,0.9200435560395116,0.9974025353928426,0.9587230457161771,9.871529131526685,3.3520555765772087,-0.0376448627206969,142.80622999649495
lmym/original_lmym145_1,lmym/original_lmym145_1,,1,gastrointestinal_submucosal_tumor,,#ffffff,467,476,"[[200, 294, 264, 343]]",0.9643825009678668,0.931214953271028,0.9599229287090558,0.9688837028393621,0.9995266724618949,0.9842051876506285,2.0,0.9304236947090295,0.009334889148191364,142.80622999649495
lmym/original_lmym146_1,lmym/original_lmym146_1,,1,gastrointestinal_submucosal_tumor,,#ffffff,468,477,"[[284, 251, 313, 310]]",0.8926470588235295,0.8061088977423638,0.8120401337792642,0.9910204081632653,0.9987342969492503,0.9948773525562578,4.0,1.8940429427801428,0.22040816326530613,144.12963701761328
lmym/original_lmym147_1,lmym/original_lmym147_1,,1,gastrointestinal_submucosal_tumor,,#ffffff,398,466,"[[212, 112, 275, 170]]",0.962652705061082,0.9279946164199192,0.9619811649808162,0.9633251833740831,0.9994030831576354,0.9813641332658593,2.23606797749979,1.0079954160378777,0.0013971358714634998,144.12963701761328
lmym/original_lmym148_1,lmym/original_lmym148_1,,1,gastrointestinal_submucosal_tumor,,#ffffff,482,540,"[[203, 222, 225, 285]]",0.8871473354231975,0.7971830985915493,0.8005657708628006,0.9947275922671354,0.998911793534047,0.9968196929005912,3.0162277660168324,1.8057116571289185,0.24253075571177504,144.12963701761328
lmym/original_lmym149_1,lmym/original_lmym149_1,,1,gastrointestinal_submucosal_tumor,,#ffffff,596,595,"[[174, 41, 459, 275]]",0.8345976399609618,0.7161454863820635,0.9144752831380936,0.7675533433968422,0.9884848722831956,0.8780191078400189,37.64306044943742,17.702285536084993,-0.16066255966708826,144.12963701761328
lmym/original_lmym150_1,lmym/original_lmym150_1,,1,gastrointestinal_submucosal_tumor,,#ffffff,498,478,"[[303, 271, 352, 324]]",0.9307640600492942,0.8704945515507125,0.8763713080168777,0.9923554706163402,0.9987582167483927,0.9955568436823665,3.0,1.6530167268607445,0.1323459149546106,141.9807054917328
lmym/original_lmym151_1,lmym/original_lmym151_1,,1,gastrointestinal_submucosal_tumor,,#ffffff,468,475,"[[245, 153, 308, 208]]",0.9523974982626824,0.9091210613598674,0.931046195652174,0.9747510668563301,0.9990751202799242,0.9869130935681272,2.8284271247461903,1.2874640576223093,0.04694167852062589,141.9807054917328
lmym/original_lmym152_1,lmym/original_lmym152_1,,1,gastrointestinal_submucosal_tumor,,#ffffff,468,477,"[[185, 159, 228, 201]]",0.9333746513789898,0.8750726321905868,0.8766006984866124,0.9980119284294234,0.9990438692626519,0.9985278988460377,3.0,1.3800360223810668,0.13850231941683233,141.9807054917328
lmym/original_lmym153_1,lmym/original_lmym153_1,,1,gastrointestinal_submucosal_tumor,,#ffffff,498,478,"[[285, 296, 318, 338]]",0.9191270860077022,0.850356294536817,0.8537360890302067,0.995366079703429,0.9992235140210579,0.9972947968622434,2.8284271247461903,1.4318579459104788,0.16589434661723818,141.9807054917328
lmym/original_lmym154_1,lmym/original_lmym154_1,,1,gastrointestinal_submucosal_tumor,,#ffffff,519,604,"[[140, 159, 229, 354]]",0.9432083398163995,0.8925206124852768,0.9592531054672047,0.9276914836636315,0.9982856591224571,0.9629885713930444,8.54400374531753,3.059127093012596,-0.03290228785676027,143.96937499986961
lmym/original_lmym155_1,lmym/original_lmym155_1,,1,gastrointestinal_submucosal_tumor,,#ffffff,497,478,"[[205, 277, 306, 373]]",0.96463152232383,0.9316794388881673,0.9574212493326215,0.9719512195121951,0.9986141641976488,0.985282691854922,3.605551275463989,1.5280654584137636,0.015176151761517615,143.96937499986961
lmym/original_lmym156_1,lmym/original_lmym156_1,,1,gastrointestinal_submucosal_tumor,,#ffffff,355,414,"[[195, 215, 312, 264]]",0.9705011254590689,0.942692750287687,0.9588014981273408,0.9824898057088031,0.9987675156336441,0.9906286606712236,2.0,0.8755046657107781,0.024706164547853203,143.96937499986961
lmym/original_lmym157_1,lmym/original_lmym157_1,,1,gastrointestinal_submucosal_tumor,,#ffffff,355,415,"[[155, 199, 239, 244]]",0.9590092447235304,0.9212466487935657,0.9605171208944794,0.95750609543713,0.9992177440569316,0.9783619197470308,3.0,1.04426693599495,-0.003134796238244514,143.96937499986961
lmym/original_lmym158_1,lmym/original_lmym158_1,,1,gastrointestinal_submucosal_tumor,,#ffffff,467,477,"[[185, 190, 312, 310]]",0.8754026991728341,0.7784143697739239,0.8066431322207959,0.956976965543499,0.9944599229446544,0.9757184442440767,9.433981132056603,3.3755478494141093,0.18636969350847135,143.9862895058468
lmym/original_lmym159_1,lmym/original_lmym159_1,,1,gastrointestinal_submucosal_tumor,,#ffffff,496,478,"[[254, 132, 339, 223]]",0.9751982110184997,0.9515969053759175,0.9740101522842639,0.9763891715855892,0.999448691719608,0.9879189316525987,2.23606797749979,0.8059905158241896,0.0024424994911459393,143.9862895058468
lmym/original_lmym160_1,lmym/original_lmym160_1,,1,gastrointestinal_submucosal_tumor,,#ffffff,518,602,"[[335, 215, 393, 298]]",0.9568485162627964,0.9172670807453416,0.936105476673428,0.9785316724092235,0.9991819855029653,0.9888568289560944,3.0,1.2852438259411292,0.04532202491386165,143.9862895058468
lmym/original_lmym161_1,lmym/original_lmym161_1,,1,gastrointestinal_submucosal_tumor,,#ffffff,497,478,"[[276, 201, 344, 299]]",0.9150895140664962,0.8434700612918434,0.8580335731414868,0.9802739726027397,0.9974691769695104,0.9888715747861251,5.385164807134504,2.369442916537248,0.14246575342465753,143.9862895058468
lmym/original_lmym162_1,lmym/original_lmym162_1,,1,gastrointestinal_submucosal_tumor,,#ffffff,446,532,"[[183, 243, 263, 303]]",0.9521696936087619,0.908706006880127,0.9711538461538461,0.9339135164536306,0.999563346818211,0.9667384316359209,4.47213595499958,1.4259135691804479,-0.03834647810715257,142.038937745383
lmym/original_lmym163_1,lmym/original_lmym163_1,,1,gastrointestinal_submucosal_tumor,,#ffffff,468,474,"[[157, 182, 207, 237]]",0.9501016030706706,0.9049462365591397,0.942230183609494,0.9581056466302368,0.9994126645905043,0.9787591556103705,3.0,1.2178311262975292,0.016848816029143898,142.038937745383
lmym/original_lmym164_1,lmym/original_lmym164_1,,1,gastrointestinal_submucosal_tumor,,#ffffff,468,475,"[[188, 85, 288, 142]]",0.9459301646619176,0.8974074894748504,0.922341152357094,0.9707574304889741,0.9984366977187706,0.9845970641038724,4.123105625617661,1.6994870608776298,0.0524928092042186,142.038937745383
lmym/original_lmym165_1,lmym/original_lmym165_1,,1,gastrointestinal_submucosal_tumor,,#ffffff,469,475,"[[233, 144, 301, 220]]",0.9491268033409264,0.903179190751445,0.9177679882525698,0.9827044025157232,0.9984654661374961,0.9905849343266097,4.0,1.5890872463325263,0.07075471698113207,142.038937745383
lmym/original_lmym166_1,lmym/original_lmym166_1,,1,gastrointestinal_submucosal_tumor,,#ffffff,467,476,"[[182, 239, 269, 352]]",0.941708229426434,0.8898379970544918,0.9266871165644172,0.9572243346007605,0.9977868321140846,0.9775055833574225,5.0,2.253491985754771,0.032953105196451206,142.36817799974233
lmym/original_lmym167_1,lmym/original_lmym167_1,,1,gastrointestinal_submucosal_tumor,,#ffffff,496,478,"[[247, 230, 379, 342]]",0.9559200715776917,0.9155621572212066,0.9537014996429422,0.9581489895970345,0.9982992676795278,0.9782241286382811,6.0,1.9026065588821401,0.004663398302044721,142.36817799974233
lmym/original_lmym168_1,lmym/original_lmym168_1,,1,gastrointestinal_submucosal_tumor,,#ffffff,467,477,"[[226, 161, 272, 187]]",0.9128986197049024,0.839754816112084,0.8449339207048459,0.9927536231884058,0.9992064672915737,0.9959800452399897,3.605551275463989,1.3812206714890645,0.17494824016563146,142.36817799974233
lmym/original_lmym169_1,lmym/original_lmym169_1,,1,gastrointestinal_submucosal_tumor,,#ffffff,467,474,"[[95, 93, 231, 303]]",0.9031847838106823,0.823461208852145,0.9131309743417743,0.893452934419953,0.9923476548073372,0.9429002946136451,21.2602916254693,5.9013169737739135,-0.021550073839085488,142.36817799974233
lmym/original_lmym170_1,lmym/original_lmym170_1,,1,gastrointestinal_submucosal_tumor,,#ffffff,498,478,"[[260, 207, 294, 245]]",0.8021978021978022,0.6697247706422018,0.6734317343173432,0.9918478260869565,0.9985082677364437,0.9951780469117002,7.0710678118654755,2.8341250250428214,0.47282608695652173,143.86759875924326
lmym/original_lmym171_1,lmym/original_lmym171_1,,1,gastrointestinal_submucosal_tumor,,#ffffff,467,476,"[[235, 159, 286, 192]]",0.9179030662710188,0.8482632541133455,0.8508557457212714,0.9964209019327129,0.9988954027931822,0.9976581523629475,3.0,1.5958635319255396,0.17108088761632068,143.86759875924326
lmym/original_lmym172_1,lmym/original_lmym172_1,,1,gastrointestinal_submucosal_tumor,,#ffffff,497,478,"[[279, 194, 362, 337]]",0.9416117470227772,0.8896657199038671,0.9046878471450789,0.9816779170684667,0.9962576874427531,0.9889678022556099,7.615773105863909,2.5769300504180968,0.08510125361620058,143.86759875924326
lmym/original_lmym173_1,lmym/original_lmym173_1,,1,gastrointestinal_submucosal_tumor,,#ffffff,468,476,"[[97, 231, 374, 409]]",0.9049145139892975,0.8263414368551438,0.948948010129115,0.8647863247863248,0.9912984632436004,0.9280423940149626,19.6468827043885,8.348887527659981,-0.08868945868945868,143.86759875924326
lmym/original_lmym174_1,lmym/original_lmym174_1,,1,gastrointestinal_submucosal_tumor,,#ffffff,468,475,"[[189, 275, 246, 314]]",0.9263217097862767,0.8627553693033002,0.8728139904610492,0.9868184541641701,0.9989122108860495,0.9928653325251098,3.1622776601683795,1.5362444794455266,0.13061713600958658,143.4499510214664
lmym/original_lmym175_1,lmym/original_lmym175_1,,1,gastrointestinal_submucosal_tumor,,#ffffff,467,476,"[[273, 174, 346, 293]]",0.9429151782587378,0.8919957593426981,0.8943661971830986,0.9970374759294919,0.9963116066084875,0.9966745412689897,5.656854249492381,2.3699251967449793,0.11479780773218783,143.4499510214664
lmym/original_lmym176_1,lmym/original_lmym176_1,,1,gastrointestinal_submucosal_tumor,,#ffffff,481,539,"[[141, 223, 202, 289]]",0.9326209557732265,0.8737486095661846,0.8742348358375069,0.9993638676844784,0.9982351677957167,0.9987995177400976,4.0,2.0142688808314237,0.1431297709923664,143.4499510214664
lmym/original_lmym177_1,lmym/original_lmym177_1,,1,gastrointestinal_submucosal_tumor,,#ffffff,497,478,"[[136, 150, 232, 207]]",0.9031951538187433,0.8234784492094434,0.9500249875062469,0.8607652252660176,0.9991421794646342,0.9299537023653259,12.206555615733702,3.1568383559391004,-0.09395517319447588,143.4499510214664
lmym/original_lmym178_1,lmym/original_lmym178_1,,1,gastrointestinal_submucosal_tumor,,#ffffff,467,474,"[[201, 178, 250, 205]]",0.9253218884120171,0.8610223642172524,0.8617106314948042,0.9990732159406858,0.9992146323526073,0.9991439241466465,2.8284271247461903,1.256214009869225,0.15940685820203893,147.30371450423263
lmym/original_lmym179_1,lmym/original_lmym179_1,,1,gastrointestinal_submucosal_tumor,,#ffffff,597,597,"[[186, 196, 240, 261]]",0.9163512490537472,0.8456164862032832,0.846207619713387,0.9991745769706974,0.9987570129892143,0.9989657949799559,4.0,2.1214138861407656,0.18076764341725135,147.30371450423263
lmym/original_lmym180_1,lmym/original_lmym180_1,,1,gastrointestinal_submucosal_tumor,,#ffffff,467,476,"[[108, 289, 211, 385]]",0.9617708797150308,0.9263570640852836,0.9538228614685844,0.9698524695317511,0.9982936824291249,0.9840730759804379,6.708203932499369,1.8017048014469945,0.016805644644002565,147.30371450423263
lmym/original_lmym181_1,lmym/original_lmym181_1,,1,gastrointestinal_submucosal_tumor,,#ffffff,467,475,"[[160, 114, 235, 203]]",0.9421534936998854,0.8906334596643205,0.899890590809628,0.9885817307692307,0.9974680975681746,0.9930249141687026,7.810249675906654,2.152188820764968,0.0985576923076923,147.30371450423263
lmym/original_lmym182_1,lmym/original_lmym182_1,,1,gastrointestinal_submucosal_tumor,,#ffffff,466,476,"[[240, 118, 363, 199]]",0.9562992391084776,0.916258064516129,0.9314008394543547,0.9825653798256538,0.9975627828080657,0.9900640813168597,4.47213595499958,1.8156167933618983,0.05493289054932891,154.45469701080583
lmym/original_lmym183_1,lmym/original_lmym183_1,,1,gastrointestinal_submucosal_tumor,,#ffffff,469,475,"[[113, 288, 233, 379]]",0.9465063373415664,0.8984452122408687,0.9222292590246992,0.9720961281708945,0.9971479666488609,0.9846220474098777,7.0,2.2533989444852813,0.0540720961281709,154.45469701080583
lmym/original_lmym184_1,lmym/original_lmym184_1,,1,gastrointestinal_submucosal_tumor,,#ffffff,468,474,"[[183, 252, 209, 289]]",0.9339853300733496,0.8761467889908257,0.8967136150234741,0.9744897959183674,0.9996018964206869,0.9870458461695271,2.2242645786247977,0.9552734268864558,0.08673469387755102,154.45469701080583
lmym/original_lmym185_1,lmym/original_lmym185_1,,1,gastrointestinal_submucosal_tumor,,#ffffff,467,475,"[[287, 214, 316, 249]]",0.8995726495726496,0.8174757281553398,0.8174757281553398,1.0,0.9991492558251087,0.9995746279125544,3.1622776601683795,1.55712808637749,0.22327790973871733,154.45469701080583
lmym/original_lmym186_1,lmym/original_lmym186_1,,1,gastrointestinal_submucosal_tumor,,#ffffff,468,475,"[[280, 194, 377, 249]]",0.8770029338749717,0.7809485530546624,0.7814196661974663,0.999228593468758,0.9950231444386959,0.997125868953727,10.295630140987,4.008232633736059,0.27873489328876316,147.3091475199908
lmym/original_lmym187_1,lmym/original_lmym187_1,,1,gastrointestinal_submucosal_tumor,,#ffffff,496,478,"[[244, 168, 282, 220]]",0.9362336114421931,0.8801120448179272,0.8961779806046777,0.9800374298190893,0.9992271269932268,0.989632278406158,4.0,1.321346252391025,0.09357454772301933,147.3091475199908
lmym/original_lmym188_1,lmym/original_lmym188_1,,1,gastrointestinal_submucosal_tumor,,#ffffff,496,478,"[[284, 116, 341, 181]]",0.8876119655230691,0.7979337587359465,0.7979337587359465,1.0,0.9971637194939905,0.9985818597469953,7.810249675906654,3.1097190061067264,0.25323686214775326,147.3091475199908
lmym/original_lmym189_1,lmym/original_lmym189_1,,1,gastrointestinal_submucosal_tumor,,#ffffff,497,478,"[[276, 281, 344, 360]]",0.9520597446398458,0.9085057471264368,0.9620253164556962,0.9422985216976634,0.9993315393449086,0.9708150305212859,3.1622776601683795,1.5938620401271222,-0.02050548402479733,147.3091475199908
lmym/original_lmym190_1,lmym/original_lmym190_1,,1,gastrointestinal_submucosal_tumor,,#ffffff,466,475,"[[238, 240, 312, 317]]",0.8738293887280777,0.7759298457816752,0.7839902230369692,0.9869230769230769,0.996768,0.9918455384615384,11.672602819947858,2.987813025364765,0.25884615384615384,153.97915249923244
lmym/original_lmym191_1,lmym/original_lmym191_1,,1,gastrointestinal_submucosal_tumor,,#ffffff,482,538,"[[234, 91, 428, 266]]",0.970702482059385,0.943072790072918,0.9761652542372882,0.9653005106717297,0.9977157843531228,0.9815081475124263,5.656854249492381,2.1767426194941555,-0.011130024878879142,153.97915249923244
lmym/original_lmym192_1,lmym/original_lmym192_1,,1,gastrointestinal_submucosal_tumor,,#ffffff,466,475,"[[56, 116, 114, 272]]",0.9417448536619522,0.8899034008204314,0.9137228260869565,0.97154001733603,0.9970386330143451,0.9842893251751876,7.0,2.186780889690808,0.06327650967928344,153.97915249923244
lmym/original_lmym193_1,lmym/original_lmym193_1,,1,gastrointestinal_submucosal_tumor,,#ffffff,597,596,"[[262, 315, 430, 475]]",0.9439543837418978,0.8938575845678157,0.9194873012105388,0.9697591748860962,0.9949499611420949,0.9823545680140955,9.486832980505138,4.055944217277202,0.05467380964301807,153.97915249923244
lmym/original_lmym194_1,lmym/original_lmym194_1,,1,gastrointestinal_submucosal_tumor,,#ffffff,469,475,"[[248, 173, 377, 245]]",0.9615665643723513,0.9259780467210807,0.9455381520333381,0.9781477627471384,0.9982457602014367,0.9881967614742876,3.1622776601683795,1.5243287820555618,0.03448788464397205,147.57059150724672
lmym/original_lmym195_1,lmym/original_lmym195_1,,1,gastrointestinal_submucosal_tumor,,#ffffff,498,478,"[[156, 136, 200, 178]]",0.918918918918919,0.85,0.8518722466960352,0.9974210186976145,0.998862545614458,0.9981417821560362,4.123105625617661,1.6987375934032383,0.1708575112830432,147.57059150724672
lmym/original_lmym196_1,lmym/original_lmym196_1,,1,gastrointestinal_submucosal_tumor,,#ffffff,468,475,"[[110, 143, 189, 193]]",0.9576258222426189,0.918696800704432,0.9243945658594211,0.9933354490637892,0.9988318450004335,0.9960836470321114,2.8284271247461903,1.1965713435776646,0.07457949857188194,147.57059150724672
lmym/original_lmym197_1,lmym/original_lmym197_1,,1,gastrointestinal_submucosal_tumor,,#ffffff,467,474,"[[258, 259, 309, 317]]",0.9221902017291066,0.8556149732620321,0.8682170542635659,0.9833187006145742,0.9984480555048384,0.9908833780597063,8.246211251235321,1.942606641916901,0.13257243195785778,147.57059150724672
lmym/original_lmym198_1,lmym/original_lmym198_1,,1,gastrointestinal_submucosal_tumor,,#ffffff,468,476,"[[192, 287, 263, 366]]",0.92946246314357,0.8682203389830508,0.8691410392364793,0.9987813794784304,0.9971783321519219,0.9979798558151761,4.123105625617661,2.390995405959159,0.149159151840117,151.51861275080591
lmym/original_lmym199_1,lmym/original_lmym199_1,,1,gastrointestinal_submucosal_tumor,,#ffffff,497,478,"[[65, 194, 164, 298]]",0.9703178970786254,0.9423470548100978,0.9824540604623592,0.9584779088595883,0.9993534859339507,0.9789156973967694,4.218733674818955,1.428469299958507,-0.024404348831829747,151.51861275080591
lmym/original_lmym200_1,lmym/original_lmym200_1,,1,gastrointestinal_submucosal_tumor,,#ffffff,497,479,"[[261, 221, 394, 382]]",0.8912451030488844,0.8038251785851448,0.8460667798528579,0.9415204678362573,0.9916104129580344,0.9665654403971459,15.96227766016837,5.371671625744808,0.11282051282051282,151.51861275080591
lmym/original_lmym201_1,lmym/original_lmym201_1,,1,gastrointestinal_submucosal_tumor,,#ffffff,497,479,"[[160, 212, 197, 271]]",0.9001787081950472,0.8184772516248839,0.8257611241217798,0.989337822671156,0.9984256034128856,0.9938817130420208,5.830951894845301,2.2120700566850484,0.19809203142536475,151.51861275080591
lmym/original_lmym202_1,lmym/original_lmym202_1,,1,gastrointestinal_submucosal_tumor,,#ffffff,468,476,"[[249, 226, 297, 297]]",0.8260988260988261,0.7037209302325581,0.7070093457943926,0.9934340118187788,0.9971660376505683,0.9953000247346735,9.219544457292887,3.1412321958707152,0.4051214707813526,142.86168426042423
lmym/original_lmym203_1,lmym/original_lmym203_1,,1,gastrointestinal_submucosal_tumor,,#ffffff,469,476,"[[253, 145, 327, 217]]",0.9732620320855615,0.9479166666666666,0.980701754385965,0.9659343372006912,0.9996487114095797,0.9827915243051355,2.0,0.8592422773451373,-0.015058010367810418,142.86168426042423
lmym/original_lmym204_1,lmym/original_lmym204_1,,1,gastrointestinal_submucosal_tumor,,#ffffff,356,367,"[[182, 110, 201, 128]]",0.8571428571428571,0.75,0.75,1.0,0.9992328464465448,0.9996164232232724,2.23606797749979,1.3772510285146322,0.3333333333333333,142.86168426042423
lmym/original_lmym205_1,lmym/original_lmym205_1,,1,gastrointestinal_submucosal_tumor,,#ffffff,468,475,"[[258, 275, 286, 303]]",0.9002659574468085,0.8186215235792019,0.8256097560975609,0.9897660818713451,0.9993547397299833,0.9945604108006643,2.8284271247461903,1.407672978846218,0.19883040935672514,142.86168426042423
lmym/original_lmym206_1,lmym/original_lmym206_1,,1,gastrointestinal_submucosal_tumor,,#ffffff,445,532,"[[153, 126, 434, 295]]",0.9336541265675123,0.8755640639956243,0.8994661921708185,0.9705436540016168,0.9901036193004775,0.9803236366510472,12.041594578792296,3.4875872802472285,0.07902182700080841,141.73420550650917
lmym/original_lmym207_1,lmym/original_lmym207_1,,1,gastrointestinal_submucosal_tumor,,#ffffff,468,476,"[[269, 195, 313, 243]]",0.9024532710280374,0.8222458754656732,0.8244397011739595,0.9967741935483871,0.9985127792494282,0.9976434863989077,6.0,2.041732814486333,0.20903225806451614,141.73420550650917
lmym/original_lmym208_1,lmym/original_lmym208_1,,1,gastrointestinal_submucosal_tumor,,#ffffff,468,475,"[[285, 179, 330, 237]]",0.9330357142857143,0.8744769874476988,0.9051537462104807,0.9626900046061723,0.9990051288108337,0.980847566708503,3.605551275463989,1.617483515577957,0.06356517733763242,141.73420550650917
lmym/original_lmym209_1,lmym/original_lmym209_1,,1,gastrointestinal_submucosal_tumor,,#ffffff,482,541,"[[100, 170, 200, 297]]",0.9449237560192616,0.8955976038794333,0.8997038876683542,0.9949297559945073,0.9958216438846774,0.9953756999395924,6.708203932499369,2.8208789797799807,0.10584134361466145,141.73420550650917
lmym/original_lmym210_1,lmym/original_lmym210_1,,1,gastrointestinal_submucosal_tumor,,#ffffff,468,476,"[[181, 274, 312, 363]]",0.9188534028240712,0.8498878923766816,0.8738904899135447,0.9686940966010733,0.9949102548594505,0.981802175730262,8.602325267042627,3.6675788777037637,0.10848453871709686,143.44580299803056
lmym/original_lmym211_1,lmym/original_lmym211_1,,1,gastrointestinal_submucosal_tumor,,#ffffff,468,476,"[[229, 227, 338, 329]]",0.939422945439628,0.8857658586900464,0.9246298788694481,0.9546970539188439,0.9974022600337706,0.9760496569763073,5.656854249492381,2.493704748204423,0.032518065591995556,143.44580299803056
lmym/original_lmym212_1,lmym/original_lmym212_1,,1,gastrointestinal_submucosal_tumor,,#ffffff,497,478,"[[174, 186, 199, 210]]",0.9027777777777778,0.8227848101265823,0.8360128617363344,0.9811320754716981,0.9995696856173746,0.9903508805445363,2.23606797749979,1.1855444092255192,0.17358490566037735,143.44580299803056
lmym/original_lmym213_1,lmym/original_lmym213_1,,1,gastrointestinal_submucosal_tumor,,#ffffff,498,479,"[[205, 331, 270, 382]]",0.9075990010702818,0.8308295231874592,0.8349195930423368,0.9941383352872216,0.99786849052686,0.9960034129070408,8.48528137423857,2.480396142500011,0.19069949198905822,143.44580299803056
lmym/original_lmym214_1,lmym/original_lmym214_1,,1,gastrointestinal_submucosal_tumor,,#ffffff,597,596,"[[206, 201, 258, 286]]",0.8329358956375368,0.713701923076923,0.7190603051586341,0.9896666666666667,0.9967121299729034,0.993189398319785,12.0,4.95506444678641,0.37633333333333335,142.04484701622277
lmym/original_lmym215_1,lmym/original_lmym215_1,,1,gastrointestinal_submucosal_tumor,,#ffffff,520,603,"[[333, 148, 490, 388]]",0.9220317878854464,0.8553422795991167,0.9335533390188735,0.9107911587020222,0.9937324468289749,0.9522618027654985,17.83811381685823,6.411068903234587,-0.024382302933834966,142.04484701622277
lmym/original_lmym216_1,lmym/original_lmym216_1,,1,gastrointestinal_submucosal_tumor,,#ffffff,467,475,"[[111, 174, 226, 362]]",0.9302553153634018,0.8696049896049896,0.8906396388723278,0.97355925891444,0.9939171135661632,0.9837381862403016,9.219544457292887,3.283810036584956,0.09310120100549298,142.04484701622277
lmym/original_lmym217_1,lmym/original_lmym217_1,,1,gastrointestinal_submucosal_tumor,,#ffffff,468,476,"[[126, 241, 190, 305]]",0.9694475225581763,0.9407066052227343,0.9665404040404041,0.9723721816449666,0.999517345949121,0.9859447637970438,2.0,0.8463635538878836,0.006033661479834868,142.04484701622277
lmym/original_lmym218_1,lmym/original_lmym218_1,,1,gastrointestinal_submucosal_tumor,,#ffffff,446,531,"[[276, 276, 333, 314]]",0.8702559576345984,0.7703125,0.7719206680584552,0.9973027646662171,0.9981431357635451,0.9977229502148811,5.034656829757472,2.5700295797638244,0.29197572488199597,150.13523725792766
lmym/original_lmym219_1,lmym/original_lmym219_1,,1,gastrointestinal_submucosal_tumor,,#ffffff,498,479,"[[325, 299, 405, 397]]",0.9536572583663997,0.9114195764167143,0.9137733142037303,0.9971817754814467,0.9974112123365855,0.9972964939090161,4.47213595499958,1.9352780778303826,0.09127916079536559,150.13523725792766
lmym/original_lmym220_1,lmym/original_lmym220_1,,1,gastrointestinal_submucosal_tumor,,#ffffff,497,478,"[[282, 230, 377, 327]]",0.9575172811059908,0.918497029976516,0.9241139680333565,0.9934259674286569,0.9976350634331429,0.9955305154308999,5.656854249492381,1.7853041152243598,0.07500373524577918,150.13523725792766
lmym/original_lmym221_1,lmym/original_lmym221_1,,1,gastrointestinal_submucosal_tumor,,#ffffff,468,476,"[[148, 120, 241, 234]]",0.9542298618132794,0.9124661595977827,0.9237796919864265,0.986755890143594,0.9972912173287878,0.9920235537361909,5.0,1.9084393091633949,0.06817231283981598,150.13523725792766
lmym/original_lmym222_1,lmym/original_lmym222_1,,1,gastrointestinal_submucosal_tumor,,#ffffff,483,541,"[[230, 366, 358, 405]]",0.7892376681614349,0.6518518518518519,0.6565204416592062,0.9892086330935251,0.995557339653156,0.9923829863733405,6.708203932499369,3.9544244383309253,0.5067446043165468,144.74302501184866
lmym/original_lmym223_1,lmym/original_lmym223_1,,1,gastrointestinal_submucosal_tumor,,#ffffff,444,534,"[[154, 117, 307, 210]]",0.9568521573921304,0.917273773006135,0.967445152158528,0.94648862512364,0.9985814103072436,0.9725350177154417,7.162090392256099,2.0341147488479145,-0.02166172106824926,144.74302501184866
lmym/original_lmym224_1,lmym/original_lmym224_1,,1,gastrointestinal_submucosal_tumor,,#ffffff,497,477,"[[178, 248, 458, 458]]",0.9326123458095905,0.8737334951817078,0.9227428511629124,0.9426952477682151,0.9852094863639779,0.9639523670660965,24.08318915758459,6.3952666484504235,0.021622921900892714,144.74302501184866
lmym/original_lmym225_1,lmym/original_lmym225_1,,1,gastrointestinal_submucosal_tumor,,#ffffff,468,474,"[[256, 226, 323, 291]]",0.6891160553217077,0.5256880733944954,0.5325278810408922,0.9761499148211243,0.9931431219924479,0.9846465184067861,23.04775442435776,6.8480311905469735,0.8330494037478705,144.74302501184866
lmym/original_lmym226_1,lmym/original_lmym226_1,,1,gastrointestinal_submucosal_tumor,,#ffffff,497,476,"[[149, 93, 397, 266]]",0.9033174837405039,0.8236818498953453,0.9914024073259488,0.8296078168919824,0.9989597847964081,0.9142838008441952,19.40615984663562,7.890298905852642,-0.16319769776469015,143.6609522497747
lmym/original_lmym227_1,lmym/original_lmym227_1,,1,gastrointestinal_submucosal_tumor,,#ffffff,497,478,"[[125, 289, 216, 335]]",0.9312664521789997,0.8713738368910783,0.8718510405257394,0.9993722536095417,0.9980032425974913,0.9986877481035166,4.123105625617661,1.9074143281624303,0.14626490897677338,143.6609522497747
lmym/original_lmym228_1,lmym/original_lmym228_1,,1,gastrointestinal_submucosal_tumor,,#ffffff,355,415,"[[185, 42, 266, 109]]",0.9413236297475551,0.8891514500537057,0.8953060783041316,0.992327978901942,0.9966190256646689,0.9944735022833054,4.123105625617661,1.9837005523399007,0.10836729801006953,143.6609522497747
lmym/original_lmym229_1,lmym/original_lmym229_1,,1,gastrointestinal_submucosal_tumor,,#ffffff,355,414,"[[276, 130, 321, 175]]",0.914587613736425,0.8426176311519741,0.8481219379422972,0.9923566878980892,0.9980811554332875,0.9952189216656884,4.242640687119285,1.7969418152605459,0.1700636942675159,143.6609522497747
lmym/original_lmym230_1,lmym/original_lmym230_1,,1,gastrointestinal_submucosal_tumor,,#ffffff,356,414,"[[244, 146, 275, 203]]",0.870940170940171,0.7713853141559425,0.776085300837776,0.9922103213242454,0.9979912132661916,0.9951007672952185,4.123105625617661,1.9502460412616713,0.27848101265822783,154.92792549775913
lmym/original_lmym231_1,lmym/original_lmym231_1,,1,gastrointestinal_submucosal_tumor,,#ffffff,355,415,"[[199, 131, 228, 148]]",0.8732106339468303,0.7749546279491834,0.7749546279491834,1.0,0.9991558768669417,0.9995779384334709,2.23606797749979,1.393409604669633,0.2903981264637002,154.92792549775913
lmym/original_lmym232_1,lmym/original_lmym232_1,,1,gastrointestinal_submucosal_tumor,,#ffffff,355,414,"[[192, 111, 224, 146]]",0.9074626865671642,0.8306010928961749,0.8321167883211679,0.9978118161925602,0.998740209234814,0.9982760127136872,5.656854249492381,1.5084549693147367,0.19912472647702406,154.92792549775913
lmym/original_lmym233_1,lmym/original_lmym233_1,,1,gastrointestinal_submucosal_tumor,,#ffffff,355,415,"[[196, 58, 315, 186]]",0.9222608024691358,0.85573653123322,0.8960734701527504,0.9500248385494288,0.991920442954976,0.9709726407522024,8.94427190999916,3.928835940438055,0.06020864381520119,154.92792549775913
lmym/original_lmym234_1,lmym/original_lmym234_1,,1,gastrointestinal_submucosal_tumor,,#ffffff,355,414,"[[129, 201, 220, 275]]",0.9668763102725367,0.9358766233766234,0.9574423915299979,0.976497988566589,0.9985588448262529,0.9875284166964209,2.8284271247461903,1.1610968460562832,0.019902604276942622,149.87621901673265
lmym/original_lmym235_1,lmym/original_lmym235_1,,1,gastrointestinal_submucosal_tumor,,#ffffff,355,414,"[[218, 148, 291, 223]]",0.9531602708803611,0.9105121293800539,0.9142083897158322,0.995579133510168,0.9977921254797077,0.9966856294949379,3.605551275463989,1.3570424327672987,0.08900677866195107,149.87621901673265
lmym/original_lmym236_1,lmym/original_lmym236_1,,1,gastrointestinal_submucosal_tumor,,#ffffff,355,415,"[[133, 159, 191, 227]]",0.9554253240987391,0.9146548792927576,0.9468497008095741,0.96415770609319,0.9989552703497423,0.9815564882214661,3.0973665961010224,1.1619353510394872,0.01827956989247312,149.87621901673265
lmym/original_lmym237_1,lmym/original_lmym237_1,,1,gastrointestinal_submucosal_tumor,,#ffffff,354,415,"[[213, 162, 298, 245]]",0.8961228968544257,0.8117958913187542,0.8175750834260289,0.9913676827623416,0.9942738629777309,0.9928207728700362,9.219544457292887,2.951348920392486,0.21257081197734018,149.87621901673265
lmym/original_lmym238_1,lmym/original_lmym238_1,,1,gastrointestinal_submucosal_tumor,,#ffffff,354,414,"[[133, 162, 165, 186]]",0.850936329588015,0.7405475880052151,0.7405475880052151,1.0,0.9986368742636381,0.9993184371318191,3.605551275463989,1.9419953238371226,0.3503521126760563,154.1156829916872
lmym/original_lmym239_1,lmym/original_lmym239_1,,1,gastrointestinal_submucosal_tumor,,#ffffff,355,414,"[[117, 130, 183, 220]]",0.9448080279232112,0.895389704362208,0.8978026533996684,0.9970073664825047,0.9965434072329028,0.9967753868577037,5.588931888902911,1.830032711580086,0.11049723756906077,154.1156829916872
lmym/original_lmym240_1,lmym/original_lmym240_1,,1,gastrointestinal_submucosal_tumor,,#ffffff,354,414,"[[132, 136, 186, 201]]",0.9155896607431341,0.8443202979515829,0.8665902140672783,0.9704623287671232,0.9975800859797531,0.9840212073734382,7.810249675906654,2.0876725802634293,0.11986301369863013,154.1156829916872
lmym/original_lmym241_1,lmym/original_lmym241_1,,1,gastrointestinal_submucosal_tumor,,#ffffff,354,414,"[[136, 165, 173, 203]]",0.8816762530813476,0.7883908890521675,0.7889705882352941,0.9990689013035382,0.9980272473570614,0.9985480743302998,4.242640687119285,2.127208322618037,0.26629422718808193,154.1156829916872
lmym/original_lmym242_1,lmym/original_lmym242_1,,1,gastrointestinal_submucosal_tumor,,#ffffff,355,413,"[[253, 180, 305, 242]]",0.9191023948708278,0.8503140265177949,0.8520979020979021,0.9975440032746623,0.9970660044946315,0.9973050038846469,6.0,2.1581659817446157,0.1706917724109701,144.2694787401706
lmym/original_lmym243_1,lmym/original_lmym243_1,,1,gastrointestinal_submucosal_tumor,,#ffffff,355,415,"[[189, 219, 228, 265]]",0.9210439378923027,0.8536436007348438,0.8557397176181707,0.9971387696709585,0.998389605761785,0.9977641877163718,3.0,1.5802866855583297,0.16523605150214593,144.2694787401706
lmym/original_lmym244_1,lmym/original_lmym244_1,,1,gastrointestinal_submucosal_tumor,,#ffffff,354,413,"[[134, 184, 185, 227]]",0.9366952789699571,0.8809283551967709,0.8935516888433982,0.9842164599774521,0.9985598360428726,0.9913881480101623,3.605551275463989,1.364738521957948,0.10146561443066517,144.2694787401706
lmym/original_lmym245_1,lmym/original_lmym245_1,,1,gastrointestinal_submucosal_tumor,,#ffffff,356,414,"[[202, 203, 237, 244]]",0.9139126886984904,0.8414725770097671,0.8459214501510574,0.9937888198757764,0.9986051949650273,0.9961970074204018,3.0,1.498823689468157,0.17480035492457852,144.2694787401706
lmym/original_lmym246_1,lmym/original_lmym246_1,,1,gastrointestinal_submucosal_tumor,,#ffffff,355,414,"[[150, 164, 179, 203]]",0.8569886670264436,0.7497639282341831,0.7547528517110266,0.9912609238451935,0.9982349198530468,0.9947479218491202,4.3918126112414715,2.1148567402765477,0.31335830212234705,147.19680274720304
lmym/original_lmym247_1,lmym/original_lmym247_1,,1,gastrointestinal_submucosal_tumor,,#ffffff,354,415,"[[165, 203, 239, 249]]",0.9252735026886705,0.8609385783298826,0.8739054290718039,0.9830575256107171,0.9975064416922949,0.990281983651506,4.0,1.8546880655223217,0.12490149724192277,147.19680274720304
lmym/original_lmym248_1,lmym/original_lmym248_1,,1,gastrointestinal_submucosal_tumor,,#ffffff,355,416,"[[237, 200, 289, 228]]",0.9362637362637363,0.8801652892561983,0.8862690707350902,0.9922360248447205,0.9988797202032897,0.9955578725240051,3.605551275463989,1.1944426222532374,0.11956521739130435,147.19680274720304
lmym/original_lmym249_1,lmym/original_lmym249_1,,1,gastrointestinal_submucosal_tumor,,#ffffff,356,414,"[[244, 134, 276, 192]]",0.9072491294713517,0.8302433371958285,0.8307246376811595,0.999302649930265,0.9979993148338472,0.9986509823820561,3.1622776601683795,1.7726781342906441,0.20292887029288703,147.19680274720304
lmym/original_lmym250_1,lmym/original_lmym250_1,,1,gastrointestinal_submucosal_tumor,,#ffffff,355,413,"[[162, 149, 339, 263]]",0.9682085648904871,0.9383762376237623,0.9725004104416352,0.9639544344995932,0.9975060487623302,0.9807302416309617,4.242640687119285,1.5560653760149257,-0.008787632221318144,158.12370949424803
lmym/original_lmym251_1,lmym/original_lmym251_1,,1,gastrointestinal_submucosal_tumor,,#ffffff,356,414,"[[201, 60, 312, 194]]",0.9782293178519593,0.9573863636363636,0.9741700857888848,0.9823225199811941,0.9979743910375944,0.9901484555093942,2.8284271247461903,1.1306410384649497,0.008368594264221908,158.12370949424803
