sample_id,source_sample_id,target_uid,target_class_id,target_class_name,target_instance_id,target_color,height,width,bbox,dice,iou,precision,recall,specificity,balanced_accuracy,hd95,assd,relative_area_error,infer_ms,concept,text_score
100,,,,,,,564,623,[],0.7700786487987205,0.6261202377262375,0.9991397849462366,0.6264579372463358,0.9998557045406173,0.8131568208934765,105.29968568915406,30.613453284053726,-0.37300271024634923,477.91904397308826,object,0.765625
1002,,,,,,,543,592,[],0.0,0.0,0.0,0.0,0.888260143572764,0.444130071786382,254.06985284207707,136.1938311469154,-0.2394851869839728,103.31811918877065,object,0.70703125
1004,,,,,,,539,818,[],0.0,0.0,0.0,0.0,0.9717338912211014,0.4858669456105507,280.58973574747006,217.18694404487536,0.7821034282393957,102.99409087747335,object,0.6953125
1010,,,,,,,729,949,[],0.0289923239012643,0.014709391674541585,1.0,0.014709391674541585,1.0,0.5073546958372708,309.7521533574048,165.00578908543886,-0.9852906083254585,103.62692503258586,object,0.546875
1012,,,,,,,365,485,[],0.0,0.0,0.0,0.0,0.9847427476737821,0.49237137383689106,74.8317904113651,44.479437065370995,0.6387017758726271,101.51315783150494,object,0.7890625
102,,,,,,,340,796,[],0.0,0.0,0.0,0.0,0.9607150850060581,0.48035754250302903,152.1191895671658,95.36040471246433,-0.11330778609998259,100.03189509734511,object,0.55078125
1020,,,,,,,622,840,[],0.9701792404863336,0.9420855343258971,0.9780246028902424,0.9624587418340663,0.9947475968114488,0.9786031693227575,15.0,5.009594555683749,-0.01591561297146943,100.6455181632191,object,0.71484375
1024,,,,,,,547,927,[],0.0,0.0,0.0,0.0,0.978947441054905,0.4894737205274525,487.9325255625618,230.23572772146048,-0.873402489626556,99.92651315405965,object,0.73828125
1026,,,,,,,597,900,[],0.7911958121052579,0.6545276894541601,0.9740486987381703,0.6661441742090981,0.9977969282526691,0.8319705512308836,95.70788891204319,33.326117283185766,-0.3161079368289764,102.78877709060907,object,0.333984375
1029,,,,,,,547,928,[],0.0,0.0,0.0,0.0,0.8970970106815208,0.4485485053407604,319.62478001556764,173.51734915373035,-0.3540863282537953,101.42239602282643,object,0.484375
103,,,,,,,453,780,[],0.0,0.0,0.0,0.0,0.9748027823717663,0.48740139118588316,260.0,143.08824832685252,-0.7006306733257993,100.39040306583047,object,0.79296875
1031,,,,,,,545,859,[],0.012394338266279963,0.006235813524232372,0.056293627561360055,0.006963788300835654,0.9788522915063517,0.49290803990359366,312.03679751234057,144.5147661965058,-0.8762952646239555,99.69239798374474,object,0.69140625
1033,,,,,,,473,592,[],0.0,0.0,0.0,0.0,0.9867095948919749,0.4933547974459874,79.01107474544139,45.64350646464494,0.12305343511450381,99.93816213682294,object,0.6640625
1034,,,,,,,644,1059,[],0.0,0.0,0.0,0.0,0.9589325677398647,0.47946628386993234,395.90118492701845,303.72096512971626,2.0523525513585157,101.07965813949704,object,0.68359375
1036,,,,,,,336,368,[],0.8780429594272077,0.7825994469261859,0.9997282608695652,0.7827659574468085,0.9999915929649931,0.8913787752059008,7.0710678118654755,4.2021458510411085,-0.2170212765957447,101.99692891910672,object,0.73046875
1038,,,,,,,624,910,[],0.00048443566914511786,0.00024227651826618115,0.18282548476454294,0.00024253916456282314,0.9990024313622053,0.4996224852633841,722.5437702987175,392.70542900204543,-0.9986733842665579,100.63030803576112,object,0.267578125
1040,,,,,,,584,661,[],0.0,0.0,0.0,0.0,0.9106579757263932,0.4553289878631966,344.82221811643484,160.00835521710036,-0.5910949305826435,101.00223706103861,object,0.65625
1042,,,,,,,548,806,[],0.9274804842176717,0.8647679324894515,0.8756675923947874,0.9858104858104858,0.991620674761242,0.9887155802858639,25.50407077285596,6.967282117562645,0.12578162578162577,100.62370798550546,object,0.49609375
1044,,,,,,,492,743,[],0.0,0.0,0.0,0.0,0.8744591018245375,0.4372295509122687,346.985012379435,219.44093862410347,0.8838390472437497,100.59875808656216,object,0.71484375
1046,,,,,,,501,592,[],0.002694136291600634,0.0013488851860668095,0.003925190487185408,0.002050910845699119,0.9850365761022258,0.49354374347396246,98.67368749707998,40.38893032525541,-0.47750030160453616,100.33106082119048,object,0.53125
1048,,,,,,,547,929,[],0.8408668213069191,0.7254272733828514,0.9931385131799783,0.7290813553179923,0.99971075893526,0.8643960571266261,39.212228854849485,12.989346787838478,-0.26588150027178836,100.86495312862098,object,0.72265625
1050,,,,,,,425,743,[],0.0,0.0,0.0,0.0,0.8797363116957785,0.43986815584788924,423.99787563125574,297.09040912605474,2.812655343827672,100.66844895482063,object,0.60546875
1052,,,,,,,535,1048,[],0.0,0.0,0.0,0.0,0.9804121320998946,0.4902060660499473,183.49876311386234,126.1125718142811,-0.17105771459476166,101.34573397226632,object,0.6953125
1054,,,,,,,629,875,[],0.5087702005623067,0.3411749153310587,1.0,0.3411749153310587,1.0,0.6705874576655293,170.29665057919806,85.52497460351151,-0.6588250846689413,102.03548008576035,object,0.42578125
1056,,,,,,,555,750,[],0.0,0.0,0.0,0.0,0.9838778053261051,0.49193890266305257,171.17155135444784,85.83637102419222,-0.7678934714259293,100.58266809210181,object,0.7421875
1058,,,,,,,336,569,[],0.03177603213041167,0.016144520465730405,1.0,0.016144520465730405,1.0,0.5080722602328652,176.2639471666394,90.07966825512023,-0.9838554795342696,99.6649470180273,object,0.51171875
1062,,,,,,,336,466,[],0.0,0.0,0.0,0.0,0.9044780641379446,0.4522390320689723,185.44662226558182,124.13682647104662,2.055192753317885,100.2160890493542,object,0.5078125
1064,,,,,,,590,831,[],0.16575412344839313,0.09036636013052507,1.0,0.09036636013052507,1.0,0.5451831800652626,311.950634669643,132.3602184092198,-0.909633639869475,99.9320219270885,object,0.55859375
1066,,,,,,,424,592,[],0.0,0.0,0.0,0.0,0.8934810049269107,0.44674050246345537,202.7819024743693,99.36932755655936,3.8283499446290143,100.15151789411902,object,0.71484375
1068,,,,,,,562,864,[],0.002187705097352877,0.0010950503723171265,0.012491077801570306,0.001198835417023463,0.9870452130025422,0.49412202420978285,318.94606604756876,152.24273643674857,-0.9040246617571502,100.64937896095216,object,0.3828125
107,,,,,,,565,702,[],0.42882230119332404,0.272930491260803,1.0,0.272930491260803,1.0,0.6364652456304015,111.32317816801621,54.2411841360764,-0.7270695087391971,100.80295288935304,object,0.64453125
1072,,,,,,,426,635,[],0.0,0.0,0.0,0.0,0.9835951802166801,0.49179759010834007,337.56805535991225,302.50662064992366,0.10933536276002029,100.5518869496882,object,0.26953125
1074,,,,,,,547,927,[],0.795689628554667,0.6607014665162547,1.0,0.6607014665162547,1.0,0.8303507332581274,42.941821107167776,28.093119207426103,-0.3392985334837453,100.01053404994309,object,0.8125
1080,,,,,,,581,807,[],0.0,0.0,0.0,0.0,0.9611393589505928,0.4805696794752964,274.1269775916021,200.133310360888,0.11909755322529393,101.2595419306308,object,0.828125
1082,,,,,,,622,927,[],0.979806615872236,0.9604126346201928,0.9745907647202541,0.9850785961912903,0.9942627872584653,0.9896706917248779,8.94427190999916,3.449132082484417,0.010761267037089803,100.59858812019229,object,0.765625
1084,,,,,,,525,925,[],0.0,0.0,0.0,0.0,0.9512864618719651,0.47564323093598254,260.6341305324894,136.7296092154453,-0.529269685125818,102.28343517519534,object,0.51953125
1086,,,,,,,629,1102,[],0.0,0.0,0.0,0.0,0.9866808366623334,0.4933404183311667,365.5261951173189,183.8774166574211,-0.8615622328884214,101.65453213267028,object,0.63671875
1088,,,,,,,350,744,[],0.035609241754379475,0.018127371860668783,1.0,0.018127371860668783,1.0,0.5090636859303344,132.1990912295852,80.45569254408514,-0.9818726281393312,100.9429048281163,object,0.4140625
109,,,,,,,601,763,[],0.0,0.0,0.0,0.0,0.9691818035393853,0.48459090176969266,190.95534466336517,106.66477397946814,-0.23473411446597567,100.35182209685445,object,0.80859375
1090,,,,,,,384,617,[],0.0,0.0,0.0,0.0,0.9475555090892458,0.4737777545446229,139.60659010233005,95.9301849881931,0.6332926332926333,100.20919912494719,object,0.71484375
1092,,,,,,,500,926,[],0.0,0.0,0.0,0.0,0.9302927475892199,0.46514637379460994,309.03041920044717,168.05623493567202,-0.13443259534021096,100.20257905125618,object,0.55078125
1094,,,,,,,206,313,[],0.0,0.0,0.0,0.0,0.9782240503266393,0.48911202516331964,119.24239972093348,53.84085047338335,-0.8095525997581621,99.59179488942027,object,0.72265625
1100,,,,,,,501,559,[],0.0,0.0,0.0,0.0,0.9814822698054574,0.4907411349027287,337.3425527032382,162.38215892939806,-0.9036523511041219,99.04276207089424,object,0.75
1102,,,,,,,501,621,[],0.0,0.0,0.0,0.0,0.9761333071443746,0.4880666535721873,303.8963639137527,148.39102630397556,-0.9034256796210991,101.01011698134243,object,0.73046875
1104,,,,,,,571,858,[],0.8535803763910739,0.7445619028257776,0.7930636255368292,0.9240958788898234,0.9876989217785291,0.9558974003341763,41.10960958218893,12.649799949980531,0.1652228763666947,100.66640796139836,object,0.498046875
1108,,,,,,,580,1024,[],0.966986985712922,0.9360840302484252,0.9650064303065906,0.9689756875249104,0.9905906461459645,0.9797831668354374,12.806248474865697,5.89759380423546,0.004113192506974891,101.27434297464788,object,0.76953125
111,,,,,,,602,460,[],0.0,0.0,0.0,0.0,0.9958448941534311,0.49792244707671557,329.7893212852482,182.76440819016938,-0.9836033364888278,101.00004589185119,object,0.59375
1110,,,,,,,578,1024,[],0.9570078048205979,0.917559890902142,0.9760503386400806,0.9386940835658556,0.9945925422144708,0.9666433128901633,26.92582403567252,7.743650804364487,-0.03827287753034638,100.32298089936376,object,0.80078125
1120,,,,,,,467,1024,[],0.9050405446894584,0.8265516502003991,0.9385335705590411,0.8738556506879174,0.9922017007990762,0.9330286757434968,43.17406162759527,16.392382699761214,-0.06891380543010096,101.15017904900014,object,0.6328125
1122,,,,,,,465,1024,[],0.2691216375283433,0.15548269789683164,0.9089387345162371,0.15794296019430185,0.9973294125443973,0.5776361863693495,89.34623159925073,35.38984843256867,-0.8262336566849431,101.34085407480597,object,0.5
1124,,,,,,,522,1024,[],0.6445174517698787,0.47548930276633744,1.0,0.47548930276633744,1.0,0.7377446513831687,121.44175486869129,54.93888695904309,-0.5245106972336626,102.14919201098382,object,0.6953125
1125,,,,,,,522,1024,[],0.3960292168419865,0.2469055053872338,0.639611572657047,0.28680549314990156,0.9520019605892445,0.619403726869573,145.03465094819973,64.974406658674,-0.5515942715694364,101.49518796242774,object,0.67578125
1126,,,,,,,465,1024,[],0.0,0.0,0.0,0.0,0.9811309523809524,0.4905654761904762,342.73218584855636,164.6049462955055,-0.8588853276353277,101.16896103136241,object,0.6640625
1128,,,,,,,521,1024,[],0.9686184069243051,0.9391464938168782,0.9511671831734912,0.9867219601278344,0.9944628807159372,0.9905924204218859,9.433981132056603,3.5084713334621846,0.03738015522751484,101.34919383563101,object,0.6328125
113,,,,,,,660,502,[],0.07352455154664547,0.0381653197842068,1.0,0.0381653197842068,1.0,0.5190826598921034,216.8380666238482,154.99258140143357,-0.9618346802157932,101.85507615096867,object,0.373046875
1130,,,,,,,581,1024,[],0.8932005481397222,0.8070120983873416,0.9948048635320126,0.8104275907929097,0.9986439609656064,0.904535775879258,94.78395550009591,25.15828622064326,-0.18534014005970895,100.92182504013181,object,0.7109375
1132,,,,,,,581,1024,[],0.06894949789597074,0.0357056937769597,1.0,0.0357056937769597,1.0,0.5178528468884799,278.17314171077163,186.01867659671748,-0.9642943062230404,101.60215105861425,object,0.84375
1134,,,,,,,447,494,[],0.0,0.0,0.0,0.0,0.9598552082351702,0.4799276041175851,278.8478667770449,147.022857599149,-0.8208357042131565,100.63448781147599,object,0.7578125
1136,,,,,,,447,578,[],0.0,0.0,0.0,0.0,0.9587745373078499,0.47938726865392495,224.0,147.5768354583752,0.46638358103326255,99.69418705441058,object,0.71875
1141,,,,,,,490,962,[],0.0,0.0,0.0,0.0,0.9492999168851096,0.4746499584425548,262.04961292843,177.18795918968547,10.065116279069768,100.9517249185592,object,0.5625
1142,,,,,,,609,1246,[],0.0,0.0,0.0,0.0,0.9848784725833316,0.4924392362916658,490.1817910125972,265.95237354501967,-0.9293705300760027,103.95132191479206,object,0.50390625
1144,,,,,,,546,922,[],0.0,0.0,0.0,0.0,0.9762301302222987,0.4881150651111493,217.671771252039,159.54178684504623,0.2688776061358972,101.28713282756507,object,0.609375
1148,,,,,,,500,720,[],0.8040927610820084,0.6723705107843639,0.9834394904458599,0.6800704736242098,0.9993513392935762,0.839710906458893,59.0,22.146677039807084,-0.3084775624417038,100.30706087127328,object,0.7890625
1150,,,,,,,512,846,[],0.0,0.0,0.0,0.0,0.9738845363116075,0.48694226815580377,404.3526740543844,227.46240615705815,-0.7221774410231608,101.00105684250593,object,0.66796875
1152,,,,,,,499,560,[],0.4690917469676649,0.3064140166718123,0.9922517433577445,0.30714893617021277,0.997935947799454,0.6525424419848334,118.41236735334684,53.59209394786507,-0.6904526112185687,101.52562893927097,object,0.8046875
1156,,,,,,,500,720,[],0.933202144602223,0.8747694231671096,0.9786292649656354,0.8918053165041117,0.9958890099982507,0.9438471632511811,33.65994782862999,8.580583474883623,-0.08871995920188691,100.387052167207,object,0.78125
1158,,,,,,,500,504,[],0.21378752762356493,0.11968762447343963,1.0,0.11968762447343963,1.0,0.5598438122367199,149.08603742165727,94.36531316712424,-0.8803123755265604,99.50279304757714,object,0.58984375
1160,,,,,,,500,720,[],0.0005466052934407365,0.00027337736147681327,0.0005569724152082783,0.0005366170531250883,0.8949638470330536,0.4477502320430894,220.76137833411312,113.04738377735316,-0.03654644561809812,99.76381901651621,object,0.609375
1162,,,,,,,500,720,[],0.0,0.0,0.0,0.0,0.9258914625635573,0.4629457312817786,403.02096718257695,167.08224114675988,-0.8504259172312026,101.33283399045467,object,0.63671875
1164,,,,,,,500,720,[],0.01486988847583643,0.00749063670411985,0.033087460484720756,0.00958983599547995,0.9719608747864827,0.4907753553909813,221.26499635061703,95.70757144080025,-0.7101670586079467,100.87805287912488,object,0.76953125
1168,,,,,,,500,720,[],0.0,0.0,0.0,0.0,0.9699910077584224,0.4849955038792112,272.7130973748747,136.05794099501,-0.6024458780227174,99.88859202712774,object,0.84375
117,,,,,,,600,654,[],0.0,0.0,0.0,0.0,0.983131494857818,0.491565747428909,185.0375635509263,100.75672494933401,-0.6857428714357179,101.03897703811526,object,0.68359375
1172,,,,,,,500,720,[],0.0,0.0,0.0,0.0,0.9899701936390362,0.4949850968195181,354.18921496849674,206.69219652208812,-0.9559559109833169,101.46345710381866,object,0.482421875
1174,,,,,,,499,630,[],0.8656474496227963,0.7631202921304708,1.0,0.7631202921304708,1.0,0.8815601460652354,36.0,21.954809126402708,-0.23687970786952917,100.63374787569046,object,0.8359375
1176,,,,,,,500,720,[],0.008368887430259271,0.00420202686001483,0.058315334773218146,0.0045079109417507195,0.9712912359254625,0.4878995734336066,376.3402710563119,151.21367171742733,-0.9226976753322006,101.30087309516966,object,0.310546875
1181,,,,,,,500,720,[],0.0,0.0,0.0,0.0,0.9772565914494693,0.48862829572473465,282.04432275796654,159.10129917237384,-0.740440644071303,100.64059891737998,object,0.71484375
1182,,,,,,,500,720,[],0.0,0.0,0.0,0.0,0.9725658609831804,0.4862829304915902,220.0,148.4506380270906,2.2256258234519106,100.83652311004698,object,0.68359375
1184,,,,,,,500,720,[],0.0,0.0,0.0,0.0,0.968600724130587,0.4843003620652935,191.0176692288055,94.71243641525591,-0.6706032556654963,101.46045708097517,object,0.5234375
1186,,,,,,,500,720,[],0.0,0.0,0.0,0.0,0.9699704987049166,0.4849852493524583,463.06047121299395,211.89707314187444,-0.9264973472006742,100.32758209854364,object,0.734375
1188,,,,,,,428,852,[],0.0,0.0,0.0,0.0,0.8938174291506585,0.44690871457532927,349.80850633862923,222.34206275736324,2.128310082699858,100.89657409116626,object,0.703125
1190,,,,,,,500,720,[],0.0,0.0,0.0,0.0,0.9804704098859578,0.4902352049429789,187.23140651260468,122.17719878025528,-0.4190297232661428,101.2811919208616,object,0.6328125
1192,,,,,,,500,720,[],0.0,0.0,0.0,0.0,0.9641443462198179,0.48207217310990896,256.50302052870387,119.45032988027003,-0.8877529946303181,101.28608299419284,object,0.64453125
1194,,,,,,,500,720,[],0.0,0.0,0.0,0.0,0.9773291059556011,0.48866455297780054,184.18550063101318,101.83366437733856,-0.348666281278388,99.97908398509026,object,0.8046875
1196,,,,,,,500,720,[],0.0,0.0,0.0,0.0,0.9727712389713659,0.48638561948568293,395.0895364626447,184.44516422619452,-0.9063120628615836,100.53039621561766,object,0.5703125
12,,,,,,,603,573,[],0.644313924987282,0.4752677901344068,0.9898753064052009,0.4775894280376395,0.9990075772348664,0.738298502636253,95.11833915698202,36.8949891620655,-0.5175256671751538,99.98996392823756,object,0.6875
1200,,,,,,,500,504,[],0.8029887564856627,0.6708280818884763,0.9968742486174561,0.6722420870277604,0.9981679140180538,0.8352050005229071,140.15419791660497,62.10737410485603,-0.3256500627234791,100.22719879634678,object,0.6875
1202,,,,,,,499,630,[],0.0003954206522557807,0.0001977494232308489,0.0022836015658982164,0.00021645021645021645,0.9577869795261099,0.47900171487128007,364.915880639948,184.14344076188522,-0.9052154195011338,100.54495697841048,object,0.65625
1206,,,,,,,485,852,[],0.0,0.0,0.0,0.0,0.9818372336709745,0.49091861683548726,291.6278376012425,201.84364338246834,-0.4129032258064516,100.98865698091686,object,0.64453125
121,,,,,,,660,502,[],0.0007277358318930229,0.000364000364000364,0.0017079419299743809,0.0004623742919893654,0.9770309168967177,0.48874664559435355,197.6689151080665,93.71815434916981,-0.7292798520402266,101.17859998717904,object,0.75
1210,,,,,,,500,720,[],0.0,0.0,0.0,0.0,0.9678561256459292,0.4839280628229646,419.1161791288599,228.33194893416226,-0.9308412851264992,100.94653512351215,object,0.765625
1212,,,,,,,500,504,[],0.3623894200696989,0.22129157231331678,0.9845836368050498,0.2220609976455128,0.9973248514976619,0.6096929245715874,133.0,53.09168771974022,-0.7744620270492252,100.69181979633868,object,0.61328125
1216,,,,,,,500,720,[],0.0,0.0,0.0,0.0,0.9964395803961863,0.49821979019809315,363.78565117387467,204.33648523399896,-0.9917910858905845,100.63407802954316,object,0.5
1218,,,,,,,500,720,[],0.9424460431654677,0.891156462585034,0.9627756037033502,0.9229572696495563,0.9976932767890413,0.9603252732192988,12.521931725677222,4.374976626073268,-0.04135785524750663,100.70228902623057,object,0.65625
1220,,,,,,,499,630,[],0.0,0.0,0.0,0.0,0.9785470750643912,0.4892735375321956,361.1525811278444,183.96942706121303,-0.9529857261781487,100.62387795187533,object,0.796875
1222,,,,,,,500,720,[],0.0,0.0,0.0,0.0,0.9941543601900061,0.49707718009500307,357.2744043448957,237.03487064560795,-0.938780713215845,100.88340402580798,object,0.6171875
1224,,,,,,,485,852,[],0.0,0.0,0.0,0.0,0.9709151158554539,0.48545755792772693,158.25074730348013,100.36310655740827,-0.06467661691542288,101.50017798878253,object,0.546875
1226,,,,,,,500,720,[],0.9336347489100597,0.8755299818291944,0.9688337801608579,0.900903708320349,0.9994739551221499,0.9501888317212495,7.810249675906654,2.641674913002053,-0.07011530071673419,101.43451602198184,object,0.65625
1228,,,,,,,499,630,[],0.17436935997855674,0.09551185007308415,1.0,0.09551185007308415,1.0,0.547755925036542,396.89868699765447,165.18213045661713,-0.9044881499269158,100.66966898739338,object,0.59765625
1232,,,,,,,500,762,[],0.0,0.0,0.0,0.0,0.9588306206791364,0.4794153103395682,331.92431212302984,189.89449778168247,-0.6496867746524572,100.95498594455421,object,0.7265625
1236,,,,,,,500,720,[],0.0,0.0,0.0,0.0,0.9600109490867467,0.48000547454337333,396.49675592165346,194.72683008340752,-0.8570611705507128,100.7271409034729,object,0.7734375
1238,,,,,,,500,720,[],0.0,0.0,0.0,0.0,0.9739479764327942,0.4869739882163971,330.75549661145266,148.08764155907673,-0.8742656459887682,100.42471392080188,object,0.68359375
1241,,,,,,,499,560,[],0.0,0.0,0.0,0.0,0.9812706329414559,0.49063531647072794,305.0554841507873,162.696972377357,-0.942784589711964,100.31344019807875,object,0.7421875
1243,,,,,,,500,720,[],0.0,0.0,0.0,0.0,0.9638190221864159,0.48190951109320795,337.3689243528434,167.94014060464607,-0.8553539448293096,100.31375102698803,object,0.78515625
1244,,,,,,,415,1024,[],0.0,0.0,0.0,0.0,0.9872131612400903,0.49360658062004514,304.68833332576287,219.51543847763472,-0.3973269905991619,99.76376895792782,object,0.76171875
1248,,,,,,,440,490,[],0.9172806966916126,0.847200833945367,1.0,0.847200833945367,1.0,0.9236004169726835,23.948802309313574,12.42125255048884,-0.1527991660546329,100.51280516199768,object,0.83984375
125,,,,,,,342,614,[],0.9165028056208335,0.8458746458923513,0.8882588082179046,0.9466019417475728,0.9939868130108958,0.9702943773792343,16.22891638427203,4.68108847266822,0.06568258371309689,100.5606260150671,object,0.5546875
1250,,,,,,,579,1024,[],0.0,0.0,0.0,0.0,0.9187973216328886,0.4593986608164443,304.0,163.8904526760596,-0.5483392546845082,100.9022539947182,object,0.7109375
1252,,,,,,,414,1024,[],0.0,0.0,0.0,0.0,0.9777576822078848,0.4888788411039424,378.390340190046,184.2657272443615,-0.9027598266555159,99.66936591081321,object,0.66796875
1256,,,,,,,578,1024,[],0.0,0.0,0.0,0.0,0.987025890994595,0.4935129454972975,171.43876167139933,79.08075034531952,-0.5072769180111952,101.35304508730769,object,0.765625
1258,,,,,,,434,622,[],0.0,0.0,0.0,0.0,0.9751119735550616,0.4875559867775308,216.64127439489826,168.92364988338466,0.6393361406985385,101.34266410022974,object,0.70703125
1264,,,,,,,425,365,[],0.0,0.0,0.0,0.0,0.9662599317103107,0.48312996585515533,119.11653789601564,79.53767688090018,1.6448311156601843,99.99285405501723,object,0.77734375
1266,,,,,,,425,365,[],0.0,0.0,0.0,0.0,0.9365221815509419,0.46826109077547096,146.94878950434003,74.8469972389365,-0.34001910219675263,99.33095914311707,object,0.81640625
1268,,,,,,,508,772,[],0.0032028697713150983,0.0016040035929680483,0.746268656716418,0.0016048788316482105,0.9999529113264879,0.500778895079068,160.72958657322553,70.55290443176398,-0.9978494623655914,99.32530811056495,object,0.15234375
127,,,,,,,239,420,[],0.0,0.0,0.0,0.0,0.9617474204674986,0.4808737102337493,256.6012401509206,113.87203244213043,-0.9212891041457248,100.90903495438397,object,0.5390625
1270,,,,,,,508,772,[],0.0,0.0,0.0,0.0,0.9657034224450157,0.48285171122250786,267.92442717338196,187.08988804705635,2.350276799194766,99.54917407594621,object,0.6796875
1273,,,,,,,512,676,[],0.0,0.0,0.0,0.0,0.9700640173511509,0.48503200867557544,180.0,114.08455723726415,2.334090909090909,100.19951895810664,object,0.78515625
1274,,,,,,,501,698,[],0.941515584170685,0.8894940445892293,0.9979441493918109,0.8911269760326365,0.9997680995110765,0.9454475377718565,16.73153822569119,5.678425593762313,-0.10703722590515043,100.24142009206116,object,0.765625
1276,,,,,,,508,772,[],0.8810730111335229,0.7874267221189195,0.9998738329548322,0.7875049684856056,0.9999782427610557,0.8937416056233307,86.09993139506145,25.641756011646194,-0.21239566180228267,100.48297513276339,object,0.7890625
1277,,,,,,,564,624,[],0.0,0.0,0.0,0.0,0.9624388113011191,0.48121940565055954,273.06336160422467,134.78249737981346,-0.711998817850458,100.85176303982735,object,0.765625
1279,,,,,,,564,624,[],0.0,0.0,0.0,0.0,0.967965183912322,0.483982591956161,237.77215192509794,164.39499727527536,-0.1806373659568041,100.67412909120321,object,0.75390625
1282,,,,,,,564,624,[],0.0,0.0,0.0,0.0,0.9800811051513588,0.4900405525756794,304.35889987285776,254.50791651265394,0.3880297248443463,100.58016702532768,object,0.76171875
1283,,,,,,,571,681,[],0.0,0.0,0.0,0.0,0.9169742432818093,0.45848712164090466,276.2856302694297,144.03873996109803,1.4952084331576425,100.67893890663981,object,0.58984375
1285,,,,,,,564,712,[],0.0,0.0,0.0,0.0,0.9937215070525904,0.4968607535262952,247.5802721688179,132.06396048012547,-0.9169677647892314,100.95715592615306,object,0.5234375
1287,,,,,,,564,712,[],0.0,0.0,0.0,0.0,0.979592403586606,0.489796201793303,217.01440036816567,163.2228530972101,0.4591081422639466,100.72045004926622,object,0.8046875
1289,,,,,,,485,680,[],0.8445274105680216,0.7308935047807451,0.9879668419645244,0.7374584165003326,0.9995711154176065,0.8685147659589696,19.72308292331602,8.906081560783003,-0.2535595475715236,100.85523407906294,object,0.609375
129,,,,,,,499,720,[],0.0,0.0,0.0,0.0,0.9726108142093681,0.48630540710468406,469.9931799510627,230.80479775160765,-0.9033798770037302,101.33896395564079,object,0.78125
1291,,,,,,,564,624,[],0.003983522701552668,0.0019957363813670795,0.005155243116578793,0.003245795219828858,0.974906909391808,0.4890763523058184,141.0362212834575,70.5697429689212,-0.37038949542637944,100.85963411256671,object,0.7734375
1295,,,,,,,552,712,[],0.0,0.0,0.0,0.0,0.9704088131418135,0.48520440657090674,210.41185802512672,147.89636168128732,-0.13812662885175533,100.53895693272352,object,0.81640625
1296,,,,,,,692,991,[],0.0,0.0,0.0,0.0,0.9480320190726685,0.47401600953633427,227.90874089820824,114.28030921066816,2.1021329321178865,101.3239030726254,object,0.8125
1298,,,,,,,564,712,[],0.01230138390568939,0.006188757091284167,0.010293802273214669,0.015281757402101241,0.9766498181063837,0.4959657877542425,110.14603684509031,52.67090518079429,0.4845590576249602,101.32392379455268,object,0.76953125
1300,,,,,,,616,772,[],0.0,0.0,0.0,0.0,0.9580563314215049,0.47902816571075246,215.08649412714456,112.6663796006547,2.0070314888413328,102.12653200142086,object,0.66015625
1302,,,,,,,564,624,[],0.0,0.0,0.0,0.0,0.9725069418257859,0.48625347091289295,169.24464523448654,91.90963612726038,4.10828025477707,101.09852813184261,object,0.65234375
1304,,,,,,,616,936,[],0.0,0.0,0.0,0.0,0.901263140798488,0.450631570399244,266.6572651791786,148.67199512612524,0.5394221915285451,102.48089907690883,object,0.50390625
1306,,,,,,,564,712,[],0.11590036093270575,0.0615149849453191,0.9346796310147095,0.061780579244427966,0.9981299272313288,0.5299552532378784,130.6757413891707,49.651356919492095,-0.9339018662711654,100.93037504702806,object,0.53125
1309,,,,,,,693,866,[],0.0,0.0,0.0,0.0,0.9758705649334183,0.48793528246670914,168.00595219643168,106.91724934225088,-0.14617436643627985,103.32051897421479,object,0.28125
1311,,,,,,,564,624,[],0.0,0.0,0.0,0.0,0.9603160464193179,0.48015802320965895,342.6755742660398,217.18263357074997,-0.603007847919207,100.65959906205535,object,0.82421875
1314,,,,,,,565,833,[],0.0,0.0,0.0,0.0,0.9631454078829135,0.48157270394145674,353.69471131532526,269.67557584953494,1.6000304043782305,100.80321179702878,object,0.7890625
1315,,,,,,,565,833,[],0.0,0.0,0.0,0.0,0.9960666672708652,0.4980333336354326,287.2247371577128,173.24806031715593,-0.9407286011813308,102.11954195983708,object,0.609375
1317,,,,,,,548,772,[],0.0,0.0,0.0,0.0,0.9730342052218116,0.4865171026109058,313.2834166185891,239.66435042179984,2.9660483024151207,100.9649159386754,object,0.76953125
1319,,,,,,,693,866,[],0.9415227629513344,0.8895068594734891,0.9580670926517572,0.9255401234567902,0.999105892931956,0.962323008194373,10.0,3.432702172175831,-0.033950617283950615,101.60217015072703,object,0.5546875
1325,,,,,,,616,680,[],0.0,0.0,0.0,0.0,0.972718987536581,0.4863594937682905,206.22802913280242,139.16085720848366,2.7528944756864044,101.07431910000741,object,0.83984375
1329,,,,,,,564,712,[],0.0018573609733830729,0.0009295437358205193,0.0014250175108083956,0.002666305133767173,0.8910394265232975,0.44685286582853234,282.38908928589194,131.76407139474415,0.8710683297180043,102.16017300263047,object,0.53515625
133,,,,,,,499,630,[],0.10302924841577123,0.05431251289969958,0.9988752987487699,0.054315834537378926,0.9999564177575847,0.5271361261474818,343.7370937462479,164.76150539360833,-0.9456230075912208,100.95317498780787,object,0.671875
1331,,,,,,,564,712,[],0.9009413676112199,0.8197391304347826,0.9053106693556132,0.8966140384249572,0.9948178903663215,0.9457159643956394,18.681541692269406,7.314538347810873,-0.009606239299980978,101.29203298129141,object,0.376953125
1333,,,,,,,616,772,[],0.0,0.0,0.0,0.0,0.964858716094301,0.4824293580471505,318.8983666263983,237.6902933894617,3.235624840276003,101.16954101249576,object,0.67578125
1335,,,,,,,430,824,[],0.0,0.0,0.0,0.0,0.9264901019778996,0.4632450509889498,306.3850373685986,194.51867136287092,9.865602687946241,100.8889339864254,object,0.64453125
1338,,,,,,,565,833,[],0.0,0.0,0.0,0.0,0.9386457809807098,0.4693228904903549,192.04166214652486,111.62247225137928,3.0391934109627945,101.94916813634336,object,0.474609375
1339,,,,,,,446,712,[],0.0,0.0,0.0,0.0,0.9826049969368288,0.4913024984684144,119.07602283285725,74.53385820473338,1.1754664549424374,101.29227302968502,object,0.41796875
1345,,,,,,,616,680,[],0.0,0.0,0.0,0.0,0.9444824622392055,0.47224123111960276,300.13496674904434,155.83832595754765,-0.6212794562497665,101.07835801318288,object,0.734375
1349,,,,,,,428,856,[],0.0,0.0,0.0,0.0,0.8349921650336646,0.4174960825168323,359.5132120127637,216.957802134524,2.2066369213608477,100.92476499266922,object,0.71484375
135,,,,,,,499,630,[],0.0931802132413378,0.04886681682684427,1.0,0.04886681682684427,1.0,0.5244334084134221,302.2210991435566,132.28370068816278,-0.9511331831731558,100.52681597881019,object,0.58984375
1354,,,,,,,564,712,[],0.7132603763100622,0.5543160117076916,0.9507643561097051,0.5706981511899322,0.9925358003973836,0.781616975793658,107.26158392305074,37.71691042195964,-0.3997480579466723,101.1671801097691,object,0.52734375
1356,,,,,,,407,712,[],0.0,0.0,0.0,0.0,0.9774009440343392,0.4887004720171696,165.38742394752995,82.79556598662005,-0.6202617189899858,99.99448293820024,object,0.77734375
1359,,,,,,,506,837,[],0.0011725727063250752,0.0005866302864938608,0.0043421185499343635,0.0006778058007566205,0.9726173482706717,0.48664757703571415,283.436145455102,135.44909551058166,-0.8438997477931904,100.85481405258179,object,0.83203125
1360,,,,,,,589,998,[],0.12472797851275315,0.06651193911261657,0.7764849471114728,0.06781021949677044,0.9938558369548929,0.5308330282258317,114.48624363266077,36.819576670182855,-0.9126702716530117,101.82336485013366,object,0.5625
1363,,,,,,,588,859,[],0.8367156128258916,0.7192700444114707,1.0,0.7192700444114707,1.0,0.8596350222057354,57.87054518492115,33.971806030981135,-0.28072995558852926,102.01555886305869,object,0.88671875
1366,,,,,,,586,857,[],0.7910972205087433,0.6543927550912417,1.0,0.6543927550912417,1.0,0.8271963775456208,59.9399666295781,36.055765307414525,-0.34560724490875827,100.72823008522391,object,0.85546875
137,,,,,,,483,852,[],0.9454430714736478,0.8965310889330734,0.9799548456523115,0.9132794525396731,0.9973659621308535,0.9553227073352633,16.15549442140351,6.093750621909763,-0.06803925038837433,101.95916797965765,object,0.66796875
1370,,,,,,,668,836,[],0.8751982032377051,0.7780910430236994,1.0,0.7780910430236994,1.0,0.8890455215118497,40.8166632639171,22.801055783090767,-0.2219089569763007,101.49135813117027,object,0.85546875
1372,,,,,,,566,797,[],0.9763834388289656,0.9538566254848072,0.9875940749408292,0.9654244602446285,0.9975064743471533,0.9814654672958909,10.44030650891055,3.544786071702153,-0.0224481041945589,100.62687797471881,object,0.8359375
1376,,,,,,,565,631,[],0.21664467465865597,0.12148149702986923,1.0,0.12148149702986923,1.0,0.5607407485149346,151.29687361945128,106.69867795875234,-0.8785185029701308,101.81799507699907,object,0.61328125
1380,,,,,,,574,797,[],0.9145679699457353,0.8425842840661454,0.999665409417204,0.842821972611171,0.9999420274579041,0.9213820000345375,25.495097567963924,11.585849982975514,-0.15689593270759605,99.94666301645339,object,0.81640625
1382,,,,,,,574,797,[],0.9059960371894529,0.8281469427788056,0.9987230839538698,0.8290247358496882,0.9997417432601787,0.9143832395549334,33.00227220576575,14.69015774597522,-0.16991531569727872,101.46354814060032,object,0.83203125
1386,,,,,,,574,797,[],0.0,0.0,0.0,0.0,0.986898724111119,0.4934493620555595,153.16690236424742,110.54499464542099,0.24235441977377462,101.76976304501295,object,0.81640625
1388,,,,,,,466,856,[],5.9474247650767217e-05,2.9738008148214232e-05,0.0002454891371056831,3.383579488741139e-05,0.9760291005836009,0.48803146818924414,276.0892961603904,117.53654147325264,-0.8621698895261297,101.84969613328576,object,0.578125
1390,,,,,,,678,1024,[],0.8292579385294617,0.7083182246718399,0.9981133706990748,0.7092678348983616,0.9995342112158058,0.8544010230570838,65.68292603473976,32.83752759777074,-0.28939151030349075,100.583306979388,object,0.8046875
1392,,,,,,,574,779,[],0.0,0.0,0.0,0.0,0.9735983325262648,0.4867991662631324,505.4068594437285,238.59531023991184,-0.9234478969537879,101.755813928321,object,0.69921875
1394,,,,,,,512,846,[],0.0,0.0,0.0,0.0,0.9658358315084253,0.48291791575421267,252.0,186.38349734593262,0.4692674997460124,101.20845097117126,object,0.7578125
1396,,,,,,,499,630,[],0.8824480793971696,0.7896260237476564,0.9972583392182113,0.7913439034841943,0.9994796922300706,0.8954117978571324,48.05829630968572,15.996218444145947,-0.20648053531990637,100.2314689103514,object,0.76953125
1398,,,,,,,577,727,[],0.0,0.0,0.0,0.0,0.9854039751696484,0.4927019875848242,260.5597783355066,221.07732391231738,0.3451032644903398,101.49170691147447,object,0.65234375
140,,,,,,,499,630,[],0.8239543552895051,0.7006142652671755,0.9982750123213405,0.7014634845381754,0.9986180417038253,0.8500407631210003,87.65728568926579,38.30452893977577,-0.2973244087247801,100.94298608601093,object,0.671875
1400,,,,,,,500,504,[],0.05118668083599008,0.02626556393710806,0.8490395480225988,0.026388801090109642,0.9939067217615777,0.5101477614258436,289.5094381747282,170.3332956009844,-0.9689192321469963,99.96634302660823,object,0.2158203125
1406,,,,,,,577,731,[],0.8832490923328825,0.7909096704277427,0.989433390486064,0.7976469831881449,0.999321692032825,0.898484337610485,73.37438220998618,28.760663141945262,-0.19383458163232506,100.9502459783107,object,0.48046875
1408,,,,,,,512,846,[],0.00022033104739871656,0.00011017766147913511,0.0004960932655339203,0.00014161297174821214,0.9800966150168188,0.4901191139942835,199.0156932410249,90.26227716031339,-0.7145436521985414,101.7199419438839,object,0.640625
1410,,,,,,,689,764,[],0.009887273125953095,0.004968197525917764,1.0,0.004968197525917764,1.0,0.5024840987629589,222.16108831176072,137.41036562452558,-0.9950318024740822,101.356663974002,object,0.2373046875
1413,,,,,,,693,952,[],0.7357366323523684,0.58194886538659,0.8812023840373153,0.6314921559305918,0.9781741799844604,0.8048331679575261,147.95065793537074,47.32393432579323,-0.2833744354647017,101.99428908526897,object,0.515625
1415,,,,,,,532,810,[],0.0,0.0,0.0,0.0,0.9759387070220984,0.4879693535110492,294.2826836846874,152.71629182962192,-0.8242368177613321,101.55374906025827,object,0.765625
1417,,,,,,,593,807,[],0.7195058551930144,0.5618970286673731,0.9990945797136914,0.5621833002864067,0.9999088506061434,0.7810460754462751,99.42427280208851,37.547937414467576,-0.43730722626129104,100.77528096735477,object,0.83203125
1419,,,,,,,562,617,[],0.9562534264869196,0.916173955204784,0.9924571795395524,0.9225980578310639,0.9981063797056647,0.9603522187683643,20.518284528683193,6.1573315652893985,-0.0703900613030977,101.33482399396598,object,0.91796875
142,,,,,,,512,846,[],0.0,0.0,0.0,0.0,0.9740417004221208,0.4870208502110604,427.8410886188845,199.104766208477,-0.8877539732291013,100.00822390429676,object,0.77734375
1421,,,,,,,710,842,[],0.0,0.0,0.0,0.0,0.9785191956124314,0.4892595978062157,542.6558674054614,254.07314060754723,-0.9474006045642291,101.8051749560982,object,0.65234375
1423,,,,,,,514,629,[],0.0,0.0,0.0,0.0,0.9246440375307404,0.4623220187653702,326.9902694014484,230.1220190958711,4.865398683247988,101.05758788995445,object,0.7890625
1426,,,,,,,664,838,[],0.0,0.0,0.0,0.0,0.9725812656969506,0.4862906328484753,555.5085166405988,270.78667735017376,-0.9168303626439739,101.17224999703467,object,0.76953125
1428,,,,,,,516,689,[],0.0,0.0,0.0,0.0,0.9682706715316779,0.48413533576583895,363.96382947109686,206.62463515113043,0.9078404401650619,101.42153594642878,object,0.4453125
1430,,,,,,,504,696,[],0.0,0.0,0.0,0.0,0.9100532456188398,0.4550266228094199,231.34281873287895,131.4047752711517,6.9982055883106895,101.51767800562084,object,0.90234375
1432,,,,,,,664,837,[],0.9248953071303825,0.8602839456143538,0.9995535134433043,0.8606146598541983,0.9998667303130384,0.9302406950836184,29.154759474226502,14.677469396937056,-0.13900091562930295,100.7002298720181,object,0.87890625
1434,,,,,,,587,860,[],0.07525818272674273,0.03910040403931135,1.0,0.03910040403931135,1.0,0.5195502020196556,371.1847246296905,193.07588693003078,-0.9608995959606886,101.56926908530295,object,0.6171875
1436,,,,,,,586,857,[],0.0035690744521792253,0.0017877274923498148,0.013520097442143728,0.0020558982052564317,0.9819303854657739,0.4919931418355152,254.0,125.56442729572296,-0.8479376192328351,101.27234202809632,object,0.7734375
1438,,,,,,,588,858,[],0.0,0.0,0.0,0.0,0.9809618236826589,0.49048091184132947,205.53235577211444,131.63184621041984,-0.3488242271997767,101.73931415192783,object,0.77734375
1439,,,,,,,665,858,[],0.01707325302830921,0.00861012796079499,0.017325207149215916,0.016828522016762007,0.9741690907519944,0.4954988063843782,138.23783729445714,73.40876743106799,-0.02866835173606492,102.32087597250938,object,0.7890625
144,,,,,,,574,797,[],0.0,0.0,0.0,0.0,0.9786137801133074,0.4893068900566537,421.37243308014297,242.38291511697628,-0.8181893704957528,102.1339320577681,object,0.6953125
1443,,,,,,,596,777,[],0.9368866861158998,0.8812670050128244,0.9999469247304219,0.8813082290570303,0.9999820802981838,0.9406451546776071,23.345235059857504,12.829047237194244,-0.11864499278836783,101.19985090568662,object,0.8515625
1445,,,,,,,435,876,[],0.0,0.0,0.0,0.0,0.9763865018815061,0.48819325094075305,195.12060336748524,132.43755690465142,1.5944137329066046,101.2668120674789,object,0.7578125
1451,,,,,,,702,996,[],0.5448377804730139,0.37441721147084106,0.9996522948539638,0.37446597895175576,0.9999924334598459,0.6872292062058009,110.04090148667449,41.011446667312995,-0.6254037720120871,101.91830806434155,object,0.671875
1453,,,,,,,581,859,[],0.0,0.0,0.0,0.0,0.976602250317123,0.4883011251585615,131.7152147371941,63.71462576450813,6.105616605616605,101.48418694734573,object,0.82421875
1457,,,,,,,478,482,[],0.0,0.0,0.0,0.0,0.9677636933481423,0.48388184667407114,115.15796749509512,68.60430685375879,-0.10465842387910579,100.67626903764904,object,0.62109375
1459,,,,,,,478,482,[],0.0017683465959328027,0.0008849557522123894,0.0040547389761784085,0.0011307420494699647,0.9718173169320795,0.48647402949077473,186.8662493877032,81.9661536271871,-0.7211307420494699,101.1651000007987,object,0.7890625
146,,,,,,,454,706,[],0.00016926201760324982,8.463817181548878e-05,0.012658227848101266,8.520064752492119e-05,0.9947907390917186,0.49743796986962174,486.0421792004305,261.5069981039864,-0.9932691488455312,100.18893890082836,object,0.765625
1461,,,,,,,693,680,[],0.0,0.0,0.0,0.0,0.9787957806178841,0.48939789030894204,156.98152460666898,102.15625731803979,0.8659112370160529,101.46391694433987,object,0.74609375
1467,,,,,,,464,782,[],0.0,0.0,0.0,0.0,0.9621470679491158,0.4810735339745579,407.01287140373137,255.5997903147618,-0.6350947158524427,100.62953806482255,object,0.8046875
147,,,,,,,599,779,[],0.8886591439198134,0.7996278900914392,0.9840011168504816,0.8101609195402298,0.998645777449004,0.9044033484946169,44.56455567540707,11.381730859411048,-0.17666666666666667,100.93263490125537,object,0.71484375
1470,,,,,,,480,616,[],0.0,0.0,0.0,0.0,0.9639442965105365,0.48197214825526824,181.84003093953078,127.2847943811438,0.29423508859495884,101.02501604706049,object,0.7109375
1471,,,,,,,495,732,[],0.9152819262419994,0.8437970643109223,0.9797974524953017,0.8587376752911033,0.9943691481699731,0.9265534117305383,136.73915827495523,34.99383148758318,-0.12355592157939285,101.11805889755487,object,0.71875
1473,,,,,,,451,464,[],0.24738122949952385,0.1411494808017387,0.999657944244912,0.14115629829984544,0.9999683664431228,0.5705623323714841,118.87661653502556,63.038766785334154,-0.858795401854714,100.10361694730818,object,0.416015625
1478,,,,,,,608,603,[],0.0,0.0,0.0,0.0,0.9712141998949745,0.48560709994748724,256.46559206341254,188.5898709370346,2.6066138477437133,100.91947391629219,object,0.87109375
1479,,,,,,,608,604,[],0.9147446457990115,0.8428842504743833,0.8645387310237447,0.9711412330564058,0.9971029855343521,0.9841221092953789,15.32898710404067,3.9571815957765506,0.12330564057717534,99.75797892548144,object,0.7578125
1480,,,,,,,547,837,[],0.0,0.0,0.0,0.0,0.9763812868833461,0.48819064344167307,131.0,78.71227979752783,0.16117015448668784,100.32661189325154,object,0.80078125
1482,,,,,,,617,779,[],0.0,0.0,0.0,0.0,0.9991549362965083,0.49957746814825416,735.2983405025299,480.7301613570979,-0.9986750296515542,98.0785209685564,object,0.408203125
1484,,,,,,,470,787,[],0.0,0.0,0.0,0.0,0.8886177352919179,0.44430886764595895,271.9734810129454,137.56742482660096,3.52764328341403,98.76777697354555,object,0.65234375
1486,,,,,,,466,783,[],0.0,0.0,0.0,0.0,0.9720252794432269,0.48601263972161346,249.8231691425571,145.80484513982108,-0.5034174418007091,96.8694242183119,object,0.7265625
1488,,,,,,,541,811,[],0.0,0.0,0.0,0.0,0.9832995637649639,0.49164978188248193,282.37340809702357,139.16393169082616,-0.8104593560009007,97.40215702913702,object,0.63671875
1490,,,,,,,619,781,[],0.9720562702962284,0.9456317911257179,0.996392476523559,0.9488805113915751,0.9984165070078631,0.9736485091997191,13.0,5.619076447288082,-0.047683986231765285,97.99517085775733,object,0.88671875
1492,,,,,,,547,813,[],0.0,0.0,0.0,0.0,0.906801471192435,0.4534007355962175,411.13653435046257,195.18978439231003,-0.7981390779394595,98.43625104986131,object,0.59375
1496,,,,,,,548,813,[],0.9649799885648942,0.9323297887032178,0.9947223896590985,0.9369645583355414,0.9989242820128486,0.9679444201741949,15.0,5.2207698229829615,-0.05806427192550816,97.69381396472454,object,0.890625
1500,,,,,,,598,720,[],0.0,0.0,0.0,0.0,0.9764810703022246,0.4882405351511123,180.51092187012526,129.68250283703327,0.582302568981922,97.86821785382926,object,0.8203125
1502,,,,,,,525,744,[],0.0,0.0,0.0,0.0,0.978976020100255,0.4894880100501275,323.6154317946024,159.8518538067867,-0.896275141277268,98.64324587397277,object,0.58203125
1508,,,,,,,580,742,[],0.0,0.0,0.0,0.0,0.9852180961081277,0.49260904805406386,280.5083768353996,137.62136359417866,-0.9112799570473293,97.48289990238845,object,0.71875
1512,,,,,,,580,858,[],0.00035146577202651967,0.00017576377348843154,0.0024816694867456288,0.00018912529550827424,0.9768091997429946,0.48849916251925146,441.2661328385554,201.75007779298252,-0.9237911025145068,97.70433488301933,object,0.6484375
1514,,,,,,,589,859,[],0.8925600100540405,0.8059669310818325,1.0,0.8059669310818325,1.0,0.9029834655409162,43.35083028139942,17.24772073646953,-0.1940330689181675,98.22774608619511,object,0.5078125
1516,,,,,,,582,858,[],0.0,0.0,0.0,0.0,0.972912210058303,0.4864561050291515,283.0317883904364,176.72528484935359,-0.4268725594604189,98.003591876477,object,0.76953125
1518,,,,,,,590,998,[],0.002324891947136014,0.0011637988268282968,0.014227060059199848,0.0012658765557962703,0.9780860299502244,0.48967595325301033,458.05883649333447,212.34338627653523,-0.9110233210144004,98.14643510617316,object,0.7890625
1520,,,,,,,588,859,[],0.0,0.0,0.0,0.0,0.9748402820263372,0.4874201410131686,179.95724748090697,105.1215594192661,0.9129174927558334,98.89303101226687,object,0.71875
1522,,,,,,,587,860,[],0.6615450008658554,0.4942601740766878,0.999334126040428,0.4944230045180723,0.9999697182062796,0.7471963613621759,94.21198968642821,31.986606193873566,-0.5052475527108434,98.78679900430143,object,0.58203125
1526,,,,,,,598,736,[],0.004818079681963529,0.002414857328496399,0.03073106869703025,0.002613950053627002,0.9478043078978127,0.4752091289757198,472.28910637447484,198.017583220348,-0.9149411275150477,98.80490903742611,object,0.60546875
1528,,,,,,,574,833,[],0.8135263444626041,0.6856674319449,0.9870943372470018,0.6918698290126861,0.9990527174302303,0.8454612732214581,77.78688810035489,19.751795175729427,-0.29908439051296193,101.60323302261531,object,0.6796875
153,,,,,,,489,712,[],0.008103258667592754,0.004068111814959028,0.009259259259259259,0.007203869507049501,0.9778697654904255,0.4925368174987375,100.10790297456734,53.32413951966786,-0.2219820932386539,97.55777101963758,object,0.671875
1530,,,,,,,526,623,[],0.0,0.0,0.0,0.0,0.8571931070524073,0.4285965535262036,256.35084696536086,122.75214458971017,0.46039739636861937,100.64354119822383,object,0.74609375
1532,,,,,,,537,483,[],0.0477592931624612,0.024463834298295687,1.0,0.024463834298295687,1.0,0.5122319171491478,224.22130970055076,125.96660265970071,-0.9755361657017043,96.64998110383749,object,0.578125
1534,,,,,,,537,483,[],0.0,0.0,0.0,0.0,0.8660292857699198,0.4330146428849599,233.7908076367156,133.58680650962975,12.277113083751447,96.65931109338999,object,0.609375
1536,,,,,,,532,545,[],0.0,0.0,0.0,0.0,0.9759657314861266,0.4879828657430633,232.07164819228026,129.10771005837486,-0.7978578383641675,97.22938295453787,object,0.671875
1538,,,,,,,537,483,[],0.010132581100141043,0.005092088550172382,1.0,0.005092088550172382,1.0,0.5025460442750862,321.4199735631065,181.60699593406332,-0.9949079114498276,97.2992149181664,object,0.326171875
1540,,,,,,,547,363,[],0.005482544545674433,0.0027488075026275366,0.6238532110091743,0.0027533708547596873,0.9983562687300171,0.5005548197923885,320.25801413760877,189.18346711699152,-0.9955865084828117,97.14960190467536,object,0.75
1543,,,,,,,537,483,[],0.8899692722145052,0.8017519244624777,1.0,0.8017519244624777,1.0,0.9008759622312388,21.041602808653728,8.84894978285621,-0.19824807553752227,96.02550696581602,object,0.87890625
1545,,,,,,,537,483,[],0.2493961794627827,0.14246294709116375,1.0,0.14246294709116375,1.0,0.5712314735455819,132.46206857214543,69.42758513428427,-0.8575370529088363,97.16054215095937,object,0.61328125
155,,,,,,,550,688,[],0.0,0.0,0.0,0.0,0.8787235486004715,0.43936177430023576,270.89689427841773,165.8569198635606,0.7413345239061612,99.00074382312596,object,0.53515625
1551,,,,,,,518,725,[],0.0,0.0,0.0,0.0,0.7943250431503105,0.39716252157515525,287.10937489436776,146.45989133461285,0.34088178760211435,97.17299183830619,object,0.640625
1553,,,,,,,538,831,[],0.0,0.0,0.0,0.0,0.9813944880993053,0.49069724404965265,293.2253392191587,162.22147632240203,-0.6935521688159437,98.15921494737267,object,0.6953125
1555,,,,,,,607,674,[],0.0010297969509055498,0.0005151637324732339,0.005486641221374045,0.0005682239296390543,0.9745919723065296,0.48758009811808434,352.0417588034418,159.32331887035744,-0.896435012476221,97.35280717723072,object,0.59765625
1557,,,,,,,522,672,[],0.6936760441971632,0.5310137972405519,0.9985898809859552,0.5314122767522137,0.9999212521537536,0.7656667644529837,61.90557092946762,24.978357231912245,-0.4678373105207864,97.65204391442239,object,0.60546875
1558,,,,,,,607,672,[],0.0055112554746468935,0.002763242204186245,0.0368196371398079,0.0029785458365109286,0.9839985579494513,0.49348855189298113,311.10796826767324,145.36328936270417,-0.9191044217736017,97.65183296985924,object,0.71484375
1560,,,,,,,603,672,[],0.0,0.0,0.0,0.0,0.9797525205952006,0.4898762602976003,386.6419332927754,197.45022960157857,-0.9161347630226508,97.37988701090217,object,0.75
1562,,,,,,,555,715,[],0.05309787578514998,0.027273007268695332,1.0,0.027273007268695332,1.0,0.5136365036343477,223.53566156617129,165.2209667402745,-0.9727269927313047,98.17362483590841,object,0.59375
1568,,,,,,,603,671,[],0.0002714072465734835,0.00013572204125950055,0.0010844516741222718,0.00015511391177896268,0.9791268928557266,0.48964100338375277,237.76500954145024,123.7790035436178,-0.856965584100824,100.96017783507705,object,0.76171875
157,,,,,,,489,712,[],0.0,0.0,0.0,0.0,0.9859702285495027,0.49298511427475133,322.8761372415125,188.1002133340698,-0.9010752688172043,101.71409486792982,object,0.57421875
1570,,,,,,,556,719,[],0.0,0.0,0.0,0.0,0.9865893270256867,0.49329466351284335,183.01434051638597,110.81137080227359,-0.6467893045202763,100.81825498491526,object,0.51953125
1572,,,,,,,604,672,[],0.0,0.0,0.0,0.0,0.9666897619418596,0.4833448809709298,397.9308867621948,200.53820704001149,-0.9036061358992316,100.99356900900602,object,0.7734375
1573,,,,,,,604,673,[],0.9354296223674136,0.8786921391215499,0.9745906772837076,0.8992941370722511,0.9948953761814179,0.9470947566268345,31.0,9.4474803714258,-0.07725965573702823,100.40386510081589,object,0.76171875
1575,,,,,,,604,672,[],0.9035956377942127,0.8241445117714828,0.9978490730782745,0.8256112065547774,0.9993091253595455,0.9124601659571614,39.137294086446055,16.576608288256487,-0.17260913616140258,100.95790913328528,object,0.88671875
1577,,,,,,,556,716,[],0.0,0.0,0.0,0.0,0.9786927331307899,0.48934636656539493,264.3600763792294,128.05180853396723,-0.851177343655983,101.7701958771795,object,0.7109375
1579,,,,,,,559,720,[],0.8967298708436383,0.812792667131613,0.9984823264466856,0.8137980567803205,0.999824042093672,0.9068110494369963,22.200220326674728,11.30142583404784,-0.18496498613411008,101.03118908591568,object,0.74609375
1581,,,,,,,560,716,[],0.0,0.0,0.0,0.0,0.9818196753456673,0.49090983767283364,179.52560560683835,97.45141623917259,-0.7089590226520743,100.83486489020288,object,0.6953125
1583,,,,,,,556,715,[],0.0,0.0,0.0,0.0,0.9870187030806854,0.4935093515403427,264.9751736196651,131.85527197551758,-0.8612752447305759,101.75711591728032,object,0.77734375
1585,,,,,,,516,672,[],0.8708395429706905,0.7712274527056753,0.9168410041841004,0.8292336802270577,0.9940631767605108,0.9116484284937842,31.3926732945828,11.052955706135347,-0.09555345316934721,100.85885599255562,object,0.412109375
1587,,,,,,,556,712,[],0.0,0.0,0.0,0.0,0.9779587098393574,0.4889793549196787,328.5333999188583,160.60712875408026,-0.9089459767731232,101.34251601994038,object,0.65625
1589,,,,,,,559,713,[],0.9184070693111703,0.8491245118681279,0.9970347100918465,0.8512743105252396,0.9981875400915271,0.9247309253083833,44.59147612864582,17.191861350563737,-0.1461939068833215,101.19557403959334,object,0.86328125
1591,,,,,,,607,672,[],0.0,0.0,0.0,0.0,0.9959761586631118,0.4979880793315559,433.0197452725367,285.10266575691054,-0.984270068600313,100.69674206897616,object,0.625
1593,,,,,,,557,718,[],0.0,0.0,0.0,0.0,0.9673722131091338,0.4836861065545669,226.00566110626292,106.98479128230065,-0.4034715525554484,100.43922602199018,object,0.82421875
1595,,,,,,,552,715,[],0.0024508165675199965,0.0012269117515838314,0.012848966242261417,0.0013545963918477927,0.9730409123534572,0.4871977543726525,351.5785777700389,165.48681596558652,-0.8945754571762823,100.93319811858237,object,0.796875
1597,,,,,,,603,673,[],0.0,0.0,0.0,0.0,0.9836491375126837,0.49182456875634184,234.47814397081873,112.89557550804635,-0.8625628664797089,100.69154179655015,object,0.796875
1599,,,,,,,603,672,[],0.8670272465581634,0.7652675176205586,1.0,0.7652675176205586,1.0,0.8826337588102793,89.73850901368932,31.67868966449284,-0.23473248237944147,101.92866995930672,object,0.76171875
1603,,,,,,,634,592,[],0.8370887535807736,0.7198217027810954,0.981247819513897,0.7298618169236425,0.9980400200556088,0.8639509184896257,31.016124838541646,16.567433078653558,-0.2561901260731354,101.00947902537882,object,0.515625
1605,,,,,,,605,672,[],0.8394611939300756,0.7233374614786441,0.7789287597307942,0.9101946145761606,0.9811909744120201,0.9456927944940903,47.3645316418512,14.842663655728042,0.16852100170333056,101.35552706196904,object,0.76953125
1607,,,,,,,606,464,[],0.21909738230623432,0.12302603192866389,1.0,0.12302603192866389,1.0,0.5615130159643319,300.5344928643979,121.6479774361564,-0.8769739680713361,100.07005790248513,object,0.52734375
1609,,,,,,,410,674,[],0.0,0.0,0.0,0.0,0.9578163869850147,0.47890819349250735,228.05087138114095,104.3542602297564,-0.5459924232750181,100.53370823152363,object,0.71875
161,,,,,,,581,857,[],0.9331701966078811,0.8747132800759313,0.940651115316733,0.925807329273142,0.9937996516608314,0.9598034904669868,18.973665961010276,7.505327066274352,-0.01578033109394948,101.0238400194794,object,0.65625
1611,,,,,,,592,748,[],0.726661400417249,0.5706741322813603,0.9878478596079008,0.5747087155718359,0.9981041242457307,0.7864064199087832,101.56204500843212,42.769221200153154,-0.41822142956310004,102.00203116983175,object,0.4765625
1613,,,,,,,557,715,[],0.006489122658525035,0.0032551227747394385,0.050581212692428525,0.0034669509135738666,0.9802081354910963,0.4918375432023351,319.07687160772446,162.64779467528464,-0.9314577344229464,101.1025020852685,object,0.65625
1615,,,,,,,556,713,[],0.8022104449180514,0.6697423946589406,1.0,0.6697423946589406,1.0,0.8348711973294702,29.68164415931166,15.867925343999225,-0.3302576053410594,101.21096414513886,object,0.53515625
1617,,,,,,,556,714,[],0.9446834177235282,0.8951658995878832,0.9273871852405884,0.9626370782518682,0.9936351144996463,0.9781360963757573,12.529964086141668,5.07750393193556,0.038009898748099506,101.4485890045762,object,0.6953125
1625,,,,,,,553,716,[],0.0,0.0,0.0,0.0,0.9753512661235764,0.4876756330617882,295.0687206221702,166.2970177893634,-0.7694419747921134,101.60003206692636,object,0.80078125
1627,,,,,,,556,721,[],0.02093602149651341,0.01057874920867624,0.06589187506485421,0.012445123863280024,0.9742691195133942,0.4933571216883371,273.31529158397893,125.87448731980973,-0.8111280965820006,101.10267088748515,object,0.55859375
1629,,,,,,,557,716,[],0.0,0.0,0.0,0.0,0.9845652063556526,0.4922826031778263,172.4047542498108,127.13911519029203,0.2584850993377483,101.29324602894485,object,0.72265625
163,,,,,,,580,858,[],0.9427928072598286,0.8917767621465075,0.9990772954167297,0.8925118406561852,0.9996510626857305,0.9460814516709578,38.01315561749642,11.237078243826033,-0.10666387400595918,100.96208797767758,object,0.80859375
1633,,,,,,,604,672,[],0.8584430647472198,0.7519932105332361,0.9545130407076423,0.7799432191517586,0.990781823157364,0.8853625211545613,93.6311397461111,29.730291829480453,-0.18288888062384548,100.68459203466773,object,0.482421875
1635,,,,,,,555,714,[],0.0,0.0,0.0,0.0,0.9794937503268657,0.48974687516343285,158.7694867996818,100.26597060784106,-0.43379061371841154,101.43986879847944,object,0.69140625
1637,,,,,,,554,568,[],0.0,0.0,0.0,0.0,0.9813229473041812,0.4906614736520906,263.18533353015584,89.40145336237119,-0.9440125009528165,101.64095414802432,object,0.4765625
1639,,,,,,,500,720,[],0.0,0.0,0.0,0.0,0.9605766723582502,0.4802883361791251,232.64468242628817,181.3961291430495,3.218721872187219,101.76407592371106,object,0.59375
1641,,,,,,,541,581,[],0.8965404685342755,0.8124815119802368,0.998879496756438,0.8132226907903687,0.9993979530403372,0.906310321915353,92.70086295606849,29.910664810199478,-0.1858650683780518,101.34519706480205,object,0.6953125
1646,,,,,,,597,831,[],0.0,0.0,0.0,0.0,0.978573838941946,0.489286919470973,171.89472218511986,107.23498982709931,1.5185185185185186,100.64112022519112,object,0.76171875
1647,,,,,,,532,808,[],0.0,0.0,0.0,0.0,0.9815849379331162,0.4907924689665581,234.18352834578516,109.87527920180662,-0.7733506702578867,102.01929183676839,object,0.80859375
1649,,,,,,,541,807,[],0.0,0.0,0.0,0.0,0.9778584793381696,0.4889292396690848,441.97850568561046,220.66434859347189,-0.9181246906406697,101.3104161247611,object,0.5234375
1651,,,,,,,547,809,[],0.9093671477823877,0.8337976853836262,0.8637398012987734,0.9600839040039484,0.9942413338525125,0.9771626189282304,21.456915354673647,5.94339041948983,0.1115429699549633,101.51014011353254,object,0.64453125
1653,,,,,,,700,883,[],0.9045221619599776,0.8256873215968533,0.9988929828329726,0.8264435695538058,0.9997159789400504,0.9130797742469281,55.12712282483419,17.299267255561773,-0.1726405293088364,101.33075714111328,object,0.875
1655,,,,,,,364,534,[],0.0,0.0,0.0,0.0,0.9177708620744971,0.45888543103724855,146.53003019537212,75.45122969381384,1.0888345558272208,101.10946092754602,object,0.66796875
1658,,,,,,,501,699,[],0.0,0.0,0.0,0.0,0.9750095312352194,0.4875047656176097,155.30936868070773,90.83575434411736,5.476968796433878,99.84385292045772,object,0.8359375
1660,,,,,,,478,505,[],0.0,0.0,0.0,0.0,0.9728004416801097,0.48640022084005485,146.96680021169632,78.83894201480412,-0.3395475492249686,100.93940794467926,object,0.84375
1661,,,,,,,538,826,[],0.0,0.0,0.0,0.0,0.975386240288385,0.4876931201441925,431.3675274623858,188.11088757900276,-0.9106340853436149,101.23311402276158,object,0.43359375
1663,,,,,,,538,826,[],0.9675415005100622,0.9371238659840115,0.9842917118732015,0.9513518442529522,0.999211750363944,0.9752817973084481,5.830951894845301,2.459933303488316,-0.03346555418775361,101.16773308254778,object,0.75390625
1665,,,,,,,538,831,[],0.9248265665870579,0.86016500951978,0.9959318423855165,0.8631979250316137,0.9988722881038203,0.931035106567717,58.24343850245395,16.538633073443485,-0.13327610555755545,100.7399030495435,object,0.76171875
167,,,,,,,547,809,[],0.9515321104086779,0.9075453047775948,0.919113721302723,0.9863209911910048,0.9971719245846556,0.9917464578878302,6.379553562304016,3.1312626708567275,0.07312182195803194,101.51581093668938,object,0.6328125
1670,,,,,,,537,487,[],0.0,0.0,0.0,0.0,0.978549738759524,0.489274869379762,185.23768515072737,134.85332131228822,-0.41572184429327286,101.10191092826426,object,0.70703125
1671,,,,,,,501,699,[],0.0,0.0,0.0,0.0,0.9764125682646778,0.4882062841323389,222.01407605964351,120.06666192732759,-0.6039422881528145,100.79827392473817,object,0.609375
1673,,,,,,,537,487,[],0.0,0.0,0.0,0.0,0.9153338660675338,0.4576669330337669,272.3251634729221,186.06568520463793,7.8506860371267155,100.73146293871105,object,0.3125
1677,,,,,,,537,487,[],0.0,0.0,0.0,0.0,0.9804619806853196,0.4902309903426598,192.2875430815727,103.81558813232242,-0.7606161953988041,100.30493303202093,object,0.76953125
1679,,,,,,,478,505,[],0.5410206071290249,0.370821280802607,1.0,0.370821280802607,1.0,0.6854106404013035,139.49551715442365,65.18410051300035,-0.629178719197393,100.8453459944576,object,0.51953125
1681,,,,,,,537,487,[],0.9491030395006228,0.9031361543282199,0.9944496114728031,0.9077116880271662,0.9991777887405946,0.9534447383838804,11.058858904218418,4.731725451820393,-0.08722203965385036,99.76319107227027,object,0.86328125
1682,,,,,,,501,699,[],0.0,0.0,0.0,0.0,0.9805006858296121,0.49025034291480607,225.2938936788976,122.64673087091097,-0.6640816114089418,101.0603909380734,object,0.80078125
1684,,,,,,,501,559,[],0.9239824733030261,0.8587057834823134,0.9999199323873493,0.8587648321757932,0.9999396693882476,0.9293522507820204,37.0,14.396902090340978,-0.14116640306843622,101.18891298770905,object,0.74609375
1686,,,,,,,501,699,[],0.7263807767189261,0.5703280568014965,1.0,0.5703280568014965,1.0,0.7851640284007482,66.95220157669601,26.416447940769732,-0.42967194319850355,100.89002689346671,object,0.703125
1688,,,,,,,357,347,[],0.8028698325930987,0.670662100456621,0.8321529745042493,0.7755775577557755,0.9980631558301462,0.8868203567929609,9.336612788698936,3.9449852006002417,-0.06798679867986798,100.07747891359031,object,0.61328125
1690,,,,,,,600,632,[],0.0,0.0,0.0,0.0,0.9572016222479722,0.4786008111239861,241.2073796549351,127.47889335975816,-0.5654705882352942,100.16689007170498,object,0.6875
1692,,,,,,,600,554,[],0.0,0.0,0.0,0.0,0.9766805658760999,0.48834028293804993,484.79459446192226,256.13439786022064,-0.95932032662632,101.20343300513923,object,0.5859375
1694,,,,,,,602,819,[],0.000712143928035982,0.0003561987964230142,0.0029032011612804645,0.00040584849035041814,0.9673240579158603,0.48386495320310535,382.26083393260956,159.81754548809448,-0.8602065555211414,101.14649217575788,object,0.70703125
1696,,,,,,,600,750,[],0.0,0.0,0.0,0.0,0.9356817347357509,0.46784086736787545,228.42908610867406,140.2674903558168,-0.1949175452825088,101.53954103589058,object,0.78125
1698,,,,,,,600,632,[],0.1960932154875103,0.10870473861015217,1.0,0.10870473861015217,1.0,0.554352369305076,155.6100888924157,89.84250053624143,-0.8912952613898478,100.91538704000413,object,0.2470703125
1702,,,,,,,574,796,[],0.0,0.0,0.0,0.0,0.9795468041303811,0.48977340206519054,231.30464776582747,109.1058568147868,-0.6328646675791133,101.80611698888242,object,0.77734375
1704,,,,,,,562,527,[],0.0002945350362813613,0.00014728920905694736,0.0008653241032095658,0.00017747087864218645,0.9457667213226754,0.47297209610065877,317.9265624746569,136.45170574975236,-0.7949081991545933,100.52847792394459,object,0.80078125
1706,,,,,,,399,850,[],0.0,0.0,0.0,0.0,0.9783365790133929,0.48916828950669644,219.00410950335862,170.24455901396416,0.6688909341923608,101.37993795797229,object,0.65234375
171,,,,,,,582,858,[],0.0,0.0,0.0,0.0,0.9705558654263288,0.4852779327131644,219.2767833722429,116.31167944867899,-0.5614755402781756,101.42675903625786,object,0.734375
1710,,,,,,,616,1019,[],0.0,0.0,0.0,0.0,0.9699486707647947,0.48497433538239737,401.2266188985753,199.9888966092588,-0.7804768331084121,102.13803499937057,object,0.734375
1714,,,,,,,477,616,[],0.6773065815473476,0.5120661916800735,0.8315501368499627,0.5713308829814514,0.9952008449915465,0.7832658639864989,44.77722635447622,16.94193403001779,-0.31293272929310195,101.0652999393642,object,0.6171875
1720,,,,,,,695,1061,[],0.0,0.0,0.0,0.0,0.9683748516173885,0.4841874258086942,312.3438379230477,175.87716576585507,-0.5026539037336116,101.05269006453454,object,0.80078125
1723,,,,,,,478,505,[],0.0005148423633974177,0.00025748746442607397,0.004251510405012307,0.00027401211421978653,0.974135425748329,0.48720471893127437,304.0,152.1299434167916,-0.9355494663974618,100.60336999595165,object,0.7265625
1724,,,,,,,319,636,[],0.0,0.0,0.0,0.0,0.9572783739529345,0.47863918697646723,364.02747149082035,176.6521987153038,-0.8853875476493012,101.22456401586533,object,0.62890625
1726,,,,,,,609,525,[],0.9208086398083714,0.8532394473996403,0.9995516901282167,0.853566096244401,0.9998141618000288,0.9266901290222149,44.0,13.484939991824147,-0.1460510700202902,100.10782815515995,object,0.83203125
1728,,,,,,,477,609,[],0.0,0.0,0.0,0.0,0.9754278767460709,0.48771393837303545,303.1576821217342,136.70538706483583,-0.8405311331700399,100.3068930003792,object,0.80078125
173,,,,,,,582,858,[],0.0,0.0,0.0,0.0,0.972828663076927,0.4864143315384635,367.0054495508207,193.042030987699,-0.892335059178948,101.07893100939691,object,0.6328125
1730,,,,,,,588,690,[],0.9161382966183126,0.8452538674998188,1.0,0.8452538674998188,1.0,0.9226269337499093,28.460498941515414,15.698604663037997,-0.15474613250018127,101.62634309381247,object,0.85546875
1734,,,,,,,554,713,[],0.05695999143056076,0.029314883470926305,0.9495535714285714,0.029360609574291867,0.9990964120361115,0.5142285108052017,430.7922899187429,150.16217356109024,-0.9690795649053061,100.75408383272588,object,0.279296875
1736,,,,,,,478,505,[],0.9199564173825164,0.8517771247276927,0.9997769082921472,0.8519390500701919,0.999924858097407,0.9259319540837995,39.81205847478876,10.795672600796921,-0.14787084698175013,101.21935396455228,object,0.80078125
1738,,,,,,,669,837,[],0.7732944322878678,0.6303830785818482,0.9964909642328997,0.6317855326722603,0.9997183240279665,0.8157519283501133,85.84287972802403,32.78760122684409,-0.36598970251716245,101.25595494173467,object,0.6484375
1744,,,,,,,697,780,[],4.3276694958805994e-05,2.1638815707616323e-05,0.0004222972972972973,2.280696752857998e-05,0.974290951055597,0.4871568790115628,551.6880458611643,263.5845230424408,-0.9459931008923226,102.63190604746342,object,0.65625
1746,,,,,,,499,623,[],0.0,0.0,0.0,0.0,0.998844335170426,0.499422167585213,483.3417006083242,316.20007637966035,-0.9973208376918643,101.84893803671002,object,0.400390625
1748,,,,,,,573,739,[],0.002746468340834002,0.0013751225356714955,0.003448864606453816,0.0022817639616844387,0.9230345242270882,0.4626581440943863,170.7846533732781,82.79945459928592,-0.3384014097234773,101.42491897568107,object,0.30078125
175,,,,,,,580,857,[],0.9170727424382107,0.8468461164261392,0.9048774148834792,0.9296012815948737,0.99773992227638,0.9636706019356268,10.28084863393763,4.623240857416121,0.027322890708437166,101.71737498603761,object,0.6953125
1752,,,,,,,477,609,[],0.00014451911265264832,7.226477814713109e-05,0.00025412960609911054,0.00010096930533117933,0.9709330033064263,0.48551698630587875,161.6037009686495,81.66117133195208,-0.6026857835218093,101.12961195409298,object,0.625
1754,,,,,,,567,838,[],0.0,0.0,0.0,0.0,0.9729000417413509,0.48645002087067546,433.2943935843123,194.42748669970536,-0.8373946608521421,101.31794586777687,object,0.703125
1756,,,,,,,479,505,[],0.0,0.0,0.0,0.0,0.975331835014434,0.487665917507217,262.5029363550239,129.62932500620101,-0.8699035169623405,101.012809202075,object,0.65625
1758,,,,,,,499,534,[],0.6639431340202624,0.4969422716400543,0.9922296512378346,0.4988837547375526,0.9984109554328431,0.7486473550851979,99.98374853092957,40.753456764740086,-0.49720938684388144,100.26871203444898,object,0.6484375
1760,,,,,,,663,738,[],0.9620860551337991,0.9269420262561585,0.9953878269945854,0.9309404400190358,0.9978272360721837,0.9643838380456098,36.05551275463989,10.27237954846785,-0.06474600676013716,100.96481791697443,object,0.828125
1762,,,,,,,544,739,[],0.0,0.0,0.0,0.0,0.9774338867106032,0.4887169433553016,253.51872609652565,110.82796030706997,-0.8086355704381455,101.50014096871018,object,0.75
1764,,,,,,,499,467,[],0.7932092527605784,0.657288145915167,0.9999536758234122,0.6573081607795371,0.9999950048203483,0.8286515827999428,50.55046767427217,19.424183161209722,-0.3426613885505481,100.57170991785824,object,0.6875
1766,,,,,,,427,384,[],0.11396185953894462,0.06042394217493706,1.0,0.06042394217493706,1.0,0.5302119710874685,109.77886697464746,54.371405180388095,-0.9395760578250629,101.25483409501612,object,0.388671875
1768,,,,,,,662,557,[],0.2882081768153195,0.16836637078866656,1.0,0.16836637078866656,1.0,0.5841831853943333,176.07768136701102,116.77350060418082,-0.8316336292113334,101.09931183978915,object,0.6328125
177,,,,,,,620,780,[],0.005150862068965517,0.0025820810060392606,0.29506172839506173,0.0025981084900532666,0.9985419167028421,0.5005700125964477,383.79786326082086,207.73712554400973,-0.9911946950755517,101.33201698772609,object,0.44140625
1770,,,,,,,477,609,[],0.0,0.0,0.0,0.0,0.9695224019531792,0.4847612009765896,294.8438545699921,157.40473574112198,-0.836146535261968,101.24073387123644,object,0.6640625
1772,,,,,,,669,837,[],0.785358417443323,0.6465762647366611,0.9991631609897318,0.6469265971078162,0.9994839663462377,0.823205281727027,185.31931890279876,83.32079192312413,-0.3525315760571115,101.55652207322419,object,0.58203125
1774,,,,,,,523,712,[],0.8698194236042842,0.7696287140044865,0.7946209113253924,0.96073837009944,0.987756355705341,0.9742473629023904,30.043284388957417,10.390609159114259,0.20905246313864442,100.00665602274239,object,0.5859375
1776,,,,,,,584,838,[],0.1014315749555247,0.053425293298632937,0.9974772403202808,0.0534325131025406,0.9999279439591975,0.526680228530869,176.0,78.6557665085568,-0.9464323485863357,102.37162001430988,object,0.427734375
1778,,,,,,,664,839,[],0.8947663028267562,0.8095720435553304,0.9964107616826189,0.8119398338549262,0.9991793744856724,0.9055596041702993,130.86481536372162,45.64705338316513,-0.18513542298176336,103.0659950338304,object,0.546875
1784,,,,,,,582,739,[],0.17063189404190757,0.09327367930280099,1.0,0.09327367930280099,1.0,0.5466368396514005,386.20849291542,139.7571879273584,-0.906726320697199,101.23092494904995,object,0.76953125
1786,,,,,,,552,711,[],0.6413927104565578,0.4720957375932355,0.9466050622740056,0.485011296207665,0.9731730579988797,0.7290921771032723,165.89454481688057,63.31155394838802,-0.4876307812652782,101.67010501027107,object,0.322265625
1788,,,,,,,479,505,[],0.0,0.0,0.0,0.0,0.9694458856490609,0.48472294282453043,263.4350012247895,115.44279251923285,-0.8801953005797986,100.66193086095154,object,0.52734375
179,,,,,,,580,857,[],0.0,0.0,0.0,0.0,0.9819510134435545,0.49097550672177726,179.38715004788838,102.48863212667406,-0.38411531938948557,100.81540490500629,object,0.73046875
1790,,,,,,,499,468,[],0.8833983528391851,0.7911490683229814,0.8585470885601947,0.9097311774625533,0.9932378910812661,0.9514845342719097,16.00156097709407,6.268400256441397,0.05961710147802797,98.83630997501314,object,0.78125
1792,,,,,,,666,839,[],0.0,0.0,0.0,0.0,0.9655664121093824,0.4827832060546912,225.22918718502677,118.94026573061556,-0.4351874922137785,100.6851620040834,object,0.86328125
1795,,,,,,,427,384,[],0.051633179930407454,0.02650074893420901,1.0,0.02650074893420901,1.0,0.5132503744671045,147.65229268425097,92.67478069465538,-0.9734992510657909,101.30550595931709,object,0.65625
1799,,,,,,,225,288,[],0.7027495665097845,0.5417223601298453,1.0,0.5417223601298453,1.0,0.7708611800649227,36.274526861657236,16.28857336192578,-0.4582776398701547,99.21869891695678,object,0.6953125
18,,,,,,,660,598,[],0.0,0.0,0.0,0.0,0.9842069998763476,0.4921034999381738,257.81272265247793,129.6107612341347,-0.8829771366474185,99.36337196268141,object,0.79296875
1801,,,,,,,499,626,[],0.0,0.0,0.0,0.0,0.9627440580767064,0.4813720290383532,150.0,91.16679442194776,0.049981315396113606,100.44191591441631,object,0.71484375
1803,,,,,,,663,837,[],0.8579254150942713,0.7511991129415492,0.9994183448961872,0.7515276756510053,0.99982627305344,0.8756769743522226,126.90130026106348,46.815023646959354,-0.24803494003397653,101.39222792349756,object,0.79296875
1807,,,,,,,479,505,[],0.09572147277503228,0.05026652950528383,1.0,0.05026652950528383,1.0,0.5251332647526419,187.13629740825846,121.59908183127932,-0.9497334704947161,101.76023608073592,object,0.375
1809,,,,,,,611,615,[],0.0,0.0,0.0,0.0,0.9763226868055592,0.4881613434027796,186.9378233390459,125.12594235100423,2.3682805947388488,99.97811610810459,object,0.78515625
1811,,,,,,,662,837,[],0.8439822192401242,0.7300771954263161,1.0,0.7300771954263161,1.0,0.865038597713158,39.81205847478876,20.0990466983804,-0.2699228045736839,101.23128490522504,object,0.68359375
1813,,,,,,,656,556,[],0.8981483889423452,0.8151264470904778,1.0,0.8151264470904778,1.0,0.9075632235452389,55.244367410279075,21.863496837707096,-0.18487355290952218,99.87126407213509,object,0.8359375
1815,,,,,,,664,738,[],0.078423387390008,0.04081200139269441,1.0,0.04081200139269441,1.0,0.5204060006963472,334.68880970538027,201.54906396667707,-0.9591879986073056,101.88538790680468,object,0.50390625
1817,,,,,,,695,1020,[],0.040857228248448514,0.020854645632549042,0.07674019284110421,0.027839670332303123,0.9790455377337705,0.5034426040330368,213.44085708496465,100.75846950646427,-0.6372217829847385,103.26827014796436,object,0.55078125
1819,,,,,,,233,442,[],0.0,0.0,0.0,0.0,0.964134174000803,0.4820670870004015,120.61923561356207,59.105221549701284,-0.6950262987911784,100.43015610426664,object,0.6875
1821,,,,,,,664,838,[],0.9353211082003652,0.8785006591230383,0.9960638441769241,0.8815610690449824,0.99850526623982,0.9400331676424012,43.24116031541022,13.77568538272292,-0.11495525693592315,99.25694996491075,object,0.859375
1823,,,,,,,500,762,[],0.0,0.0,0.0,0.0,0.9614158698204999,0.48070793491024993,519.8983068221912,256.4645818098301,-0.9009307639005937,100.25124181993306,object,0.67578125
1825,,,,,,,609,677,[],0.6590753995334148,0.4915081722746263,1.0,0.4915081722746263,1.0,0.7457540861373131,106.50680571981374,45.396404107181475,-0.5084918277253737,101.0837301146239,object,0.69140625
1827,,,,,,,499,630,[],0.9638236070768418,0.9301732925586137,0.9952942643002946,0.9342821202901942,0.9987723677043276,0.966527243997261,9.848857801796104,4.8378149538829485,-0.061300608471799675,101.01897898130119,object,0.83203125
1829,,,,,,,695,1019,[],0.0,0.0,0.0,0.0,0.9666741114159914,0.4833370557079957,472.0738814783556,207.816977632184,-0.8694819124048067,102.0352819468826,object,0.37890625
183,,,,,,,611,622,[],0.889508962421522,0.8010050800240345,0.9988193624557261,0.80176420200842,0.9996152480170475,0.9006897250127337,74.24385492562793,19.07332037192447,-0.19728808616887494,101.71409603208303,object,0.78125
1831,,,,,,,499,468,[],0.9198932891156235,0.8516688951616896,1.0,0.8516688951616896,1.0,0.9258344475808449,25.948986792417717,11.456049318907624,-0.1483311048383103,100.35178507678211,object,0.90625
1835,,,,,,,669,837,[],0.8958981603925621,0.8114271059552781,1.0,0.8114271059552781,1.0,0.905713552977639,34.12476397176211,22.131985618055534,-0.18857289404472188,100.4943479783833,object,0.859375
1837,,,,,,,498,720,[],0.9619907959775013,0.9267651888341544,0.9939913807392674,0.9319864011656144,0.9990556360616767,0.9655210186136456,11.69186107441092,4.470058326197332,-0.06237979601748422,101.01597895845771,object,0.8671875
1839,,,,,,,311,470,[],0.764361472885329,0.6185963419821353,1.0,0.6185963419821353,1.0,0.8092981709910676,59.818048968410515,29.7206622644205,-0.38140365801786474,100.28381296433508,object,0.69921875
1841,,,,,,,665,739,[],0.92185944703884,0.8550457029994029,0.9686839777280533,0.8793530223154394,0.9921963541491069,0.9357746882322732,47.08502468136596,14.27160813292306,-0.09221888403907563,100.0082059763372,object,0.64453125
1849,,,,,,,499,534,[],0.9453776315463969,0.8964134080833196,0.9574334819862704,0.9336216163392944,0.9924667677600717,0.9630441920496831,12.649110640673518,5.679995302046859,-0.024870516954949674,101.05212987400591,object,0.734375
1851,,,,,,,231,439,[],0.8914683691236216,0.8041884816753927,0.9721518987341772,0.8231511254019293,0.9981265634147639,0.9106388444083466,10.63014581273465,4.405201931489566,-0.1532690246516613,100.55743879638612,object,0.6484375
1853,,,,,,,669,837,[],0.0012431287997979915,0.0006219509824881926,0.0031551962137645437,0.0007740499746014852,0.9805056574086215,0.4906398536916115,262.7836554578418,119.1779899127193,-0.7546745361747418,100.77948402613401,object,0.77734375
1855,,,,,,,609,614,[],0.0,0.0,0.0,0.0,0.9986166321280353,0.49930831606401765,456.45914207258534,398.80395686574593,-0.9379293424926398,101.17587307468057,object,0.419921875
1857,,,,,,,662,837,[],0.0,0.0,0.0,0.0,0.9761053162504577,0.48805265812522886,525.8118719192156,249.8451379801908,-0.9134673928455257,99.79904210194945,object,0.640625
1859,,,,,,,612,739,[],0.8811778750497413,0.7875942523829847,0.8198118150958011,0.9524742254397226,0.9580100289613468,0.9552421272005347,46.25148373408738,17.22561221529477,0.16182056406252068,100.50674783997238,object,0.671875
186,,,,,,,666,835,[],0.10166930226220804,0.053557213389303346,1.0,0.053557213389303346,1.0,0.5267786066946517,435.27003113010204,220.93941068519126,-0.9464427866106967,101.5644718427211,object,0.62890625
1863,,,,,,,664,739,[],0.7728921678521206,0.6298486144443245,1.0,0.6298486144443245,1.0,0.8149243072221622,73.74855146235736,39.4594135314292,-0.3701513855556755,99.93979497812688,object,0.78125
1865,,,,,,,668,837,[],0.004146825745462213,0.0020777208458788933,0.01640597844977407,0.002373362028218872,0.9692198251388469,0.4857965935835329,402.2445754206196,192.22157438338382,-0.8553355390850488,102.16130618937314,object,0.8125
1867,,,,,,,582,738,[],0.0257750326642119,0.013055772817520005,0.12063933287004865,0.014428911016174344,0.9828703239937296,0.498649617504952,302.27373894907043,112.49579907554148,-0.8803962963578635,101.82872717268765,object,0.640625
1869,,,,,,,499,534,[],0.0,0.0,0.0,0.0,0.9692736024688459,0.48463680123442293,240.63405555126062,111.71812735570187,-0.7380424680060056,101.79366706870496,object,0.73046875
1871,,,,,,,226,264,[],0.9644072099517644,0.9312610315748185,0.9753016688061618,0.9537534521717298,0.9878990666431859,0.9708262594074579,9.649744150086049,2.3832885905464565,-0.02209389907105197,99.87875400111079,object,0.78515625
1876,,,,,,,499,630,[],0.0,0.0,0.0,0.0,0.9705364581173641,0.48526822905868205,329.9271855772991,171.75838561895185,-0.8407919662681034,99.16860703378916,object,0.7421875
1879,,,,,,,608,738,[],0.0,0.0,0.0,0.0,0.9854677588657469,0.49273387943287345,678.6375872145132,541.8502633719564,-0.8853741631343343,101.14854201674461,object,0.486328125
1880,,,,,,,319,538,[],0.36165641175896085,0.2207451564828614,1.0,0.2207451564828614,1.0,0.6103725782414307,83.28382582035847,52.465216919197296,-0.7792548435171386,100.83759506233037,object,0.69140625
1883,,,,,,,499,534,[],0.0,0.0,0.0,0.0,0.9617705804131426,0.4808852902065713,338.72437126573243,162.46466771111898,-0.9120281470285806,101.5359410084784,object,0.7265625
1885,,,,,,,664,834,[],0.0,0.0,0.0,0.0,0.9827759974659696,0.4913879987329848,277.8960236456217,146.1237141150466,-0.8761132644909312,100.73047294281423,object,0.78125
1889,,,,,,,663,859,[],0.924230299456682,0.8591339754130451,0.9314882417862297,0.9170845870946172,0.9985526039676945,0.9578185955311558,8.97213595499958,4.474437557803659,-0.015463055834169175,102.25877701304853,object,0.73828125
189,,,,,,,600,650,[],0.9187687333715017,0.8497430306805793,0.8523447995750929,0.9964206143394573,0.9869671089098535,0.9916938616246553,52.20153254455275,11.494621279193671,0.1690346616019577,100.96949804574251,object,0.7578125
1892,,,,,,,694,1056,[],0.0,0.0,0.0,0.0,0.9713412521770493,0.4856706260885246,404.28207973568556,222.24321649815903,-0.8200911609616588,102.49299206770957,object,0.68359375
1893,,,,,,,477,609,[],0.0013900721940720148,0.0006955195082003993,0.0030094165614988834,0.0009037637386665112,0.9599128778416188,0.4804083207901427,232.29722340140012,104.0422423024426,-0.6996880557418151,101.99126088991761,object,0.65625
1896,,,,,,,499,626,[],0.0,0.0,0.0,0.0,0.9588037444325931,0.47940187221629654,202.49836205573402,120.40109714118176,-0.3612153236459709,99.87106383778155,object,0.671875
1897,,,,,,,668,837,[],0.0,0.0,0.0,0.0,0.9787458299817692,0.4893729149908846,505.8876843519956,261.3243622358974,-0.9481404005291169,101.59606300294399,object,0.390625
1900,,,,,,,477,616,[],0.0,0.0,0.0,0.0,0.9522550413605194,0.4761275206802597,288.3378355081024,187.69691679588675,0.6437183506149023,98.32504880614579,object,0.56640625
1901,,,,,,,585,739,[],0.0,0.0,0.0,0.0,0.9688795340969254,0.4844397670484627,321.55917352969254,159.22187410694585,-0.7328751939702949,96.84007498435676,object,0.81640625
1905,,,,,,,663,738,[],0.915907063209637,0.8448602810025972,0.9917352943337178,0.8508508760872305,0.996597446118669,0.9237241611029497,103.98942038634073,27.1777919335602,-0.14205848985251482,98.0016510002315,object,0.75390625
1909,,,,,,,499,630,[],0.0,0.0,0.0,0.0,0.9661956984451967,0.48309784922259835,373.97378816529044,219.46080910840118,-0.87686627778188,98.55988319031894,object,0.54296875
1911,,,,,,,427,427,[],0.8687822839819405,0.7680062570449265,1.0,0.7680062570449265,1.0,0.8840031285224632,32.71389942647606,19.165076037187724,-0.2319937429550735,96.91742691211402,object,0.75
1913,,,,,,,669,837,[],0.8561571627668637,0.7484919561483104,0.9980747132996979,0.7495742224559078,0.999342821296746,0.8744585218763269,90.8363888536299,31.431109536771423,-0.24897984843462456,97.04483998939395,object,0.67578125
1915,,,,,,,479,505,[],0.0,0.0,0.0,0.0,0.9777233644333742,0.4888616822166871,467.6583097411188,221.5405342664864,-0.9682679682880138,97.99616201780736,object,0.7109375
1917,,,,,,,586,738,[],0.0,0.0,0.0,0.0,0.974494550306164,0.487247275153082,337.5673582796692,177.74551018237668,-0.7918969862549505,97.23134408704937,object,0.72265625
1919,,,,,,,582,837,[],0.7608179173006594,0.6139678162900412,0.9943828065033843,0.616104626026805,0.9996348162967197,0.8078697211617624,76.0,29.38125805558128,-0.3804150453955901,99.18392798863351,object,0.69921875
1921,,,,,,,477,609,[],0.0,0.0,0.0,0.0,0.9765567710468225,0.48827838552341124,292.10400293643835,146.51642354983687,-0.7463172458696183,98.22089597582817,object,0.48046875
1925,,,,,,,608,614,[],0.23286770444754454,0.13177717652132181,1.0,0.13177717652132181,1.0,0.5658885882606609,188.73261509341728,111.94095596309033,-0.8682228234786782,99.14043708704412,object,0.5546875
1927,,,,,,,477,611,[],0.8975338331682935,0.814114627887083,0.9919396866205746,0.8195361386991217,0.9990959007673152,0.9093160197332184,36.697409051677454,10.43520572914615,-0.17380446638727826,97.5394519045949,object,0.765625
1928,,,,,,,427,479,[],0.6160199507645922,0.44510753684991194,1.0,0.44510753684991194,1.0,0.722553768424956,151.57572312728718,48.93981185131374,-0.5548924631500881,96.75004403106868,object,0.734375
193,,,,,,,581,858,[],0.907567119816791,0.8307760927743086,0.8349845340027794,0.9939697956134266,0.992327397714269,0.9931485966638478,21.470910553583888,6.951252390343884,0.19040503762207162,97.20829292200506,object,0.62109375
1930,,,,,,,688,838,[],0.0,0.0,0.0,0.0,0.9909013464835075,0.49545067324175374,607.3908539205534,368.7733563390577,-0.9559935615148663,99.32646108791232,object,0.490234375
1932,,,,,,,427,479,[],0.9453984437885699,0.8964508332273248,0.9910347009809092,0.9037801789092308,0.9985289366808197,0.9511545577950252,17.0,4.996318041782147,-0.0880438616178781,97.8945188689977,object,0.7890625
1934,,,,,,,609,812,[],0.0,0.0,0.0,0.0,0.9989533779315204,0.4994766889657602,668.9985048242133,613.0138979086828,-0.9444018824559484,97.37421688623726,object,0.1796875
1936,,,,,,,227,299,[],0.027992770079251054,0.014195064629847239,1.0,0.014195064629847239,1.0,0.5070975323149236,72.12281175526563,37.146216884331785,-0.9858049353701528,100.14770994894207,object,0.162109375
1938,,,,,,,233,443,[],0.0,0.0,0.0,0.0,0.9490634200275124,0.4745317100137562,207.35512989279323,95.14297275340762,-0.844236515175342,97.96011005528271,object,0.69140625
1940,,,,,,,311,538,[],0.00013505908835115363,6.753410472288506e-05,0.000727802037845706,7.443614619259112e-05,0.9675707593591308,0.48382259775266173,263.6072756134668,124.0145692975523,-0.8977247351313798,96.0138258524239,object,0.734375
1942,,,,,,,500,720,[],0.0,0.0,0.0,0.0,0.9764654478161786,0.4882327239080893,219.94317330438815,165.1196431046881,-0.16198901769371568,97.13943093083799,object,0.79296875
1946,,,,,,,476,852,[],0.9632093995272863,0.9290298340746157,0.9976337426122609,0.9310815074139283,0.9992938289764425,0.9651876681951854,13.021122645722903,5.157098903927105,-0.0667100884379357,97.53324999473989,object,0.8984375
1948,,,,,,,455,852,[],0.0,0.0,0.0,0.0,0.9681238994907914,0.4840619497453957,366.5365928726505,164.5159938619908,-0.7917087771126486,101.50847001932561,object,0.50390625
195,,,,,,,581,857,[],0.9533763064021529,0.9109064817029419,0.9394425259003454,0.9677296404522933,0.9968943968425313,0.9823120186474124,7.01421356237309,3.775395058510273,0.030110532333883878,98.23368699289858,object,0.80859375
1950,,,,,,,457,852,[],0.957407369686106,0.9182947796186308,0.993027972618947,0.9242537460180124,0.998418949607612,0.9613363478128122,15.42023982674549,6.064949531427042,-0.06925708892122547,97.68542391248047,object,0.78125
1953,,,,,,,422,576,[],0.7238949391415759,0.5672690763052208,1.0,0.5672690763052208,1.0,0.7836345381526104,77.39379492620611,34.70601273334842,-0.4327309236947791,97.34827582724392,object,0.64453125
1954,,,,,,,500,720,[],0.08936476107600923,0.04677227722772277,0.09214324724974643,0.08674893491993536,0.9664074183136732,0.5265781766168043,113.0,60.11474913144454,-0.05854267665638314,97.1928839571774,object,0.83984375
1956,,,,,,,458,852,[],0.3931379870843035,0.24466194603165925,0.9710286458333334,0.24646103001927844,0.9983186186224008,0.6223898243208397,146.2593585406799,70.03133428641313,-0.7461856237950978,97.82764804549515,object,0.84375
1960,,,,,,,477,610,[],0.0,0.0,0.0,0.0,0.8979836715781029,0.44899183578905144,201.38420426172564,125.177661974655,15.564851207186974,96.88457590527833,object,0.451171875
1961,,,,,,,582,1024,[],0.0,0.0,0.0,0.0,0.9839058834984882,0.4919529417492441,217.4989308322872,127.88301633982825,-0.5560884370054194,101.0193598922342,object,0.7421875
1963,,,,,,,477,610,[],0.8272698655394163,0.7054221949536007,0.9362785016286646,0.7409973414968178,0.9977527041144182,0.8693750228056181,28.42534080710379,7.628952086117477,-0.20857165874486425,97.8167571593076,object,0.59375
1968,,,,,,,483,808,[],0.0,0.0,0.0,0.0,0.9926005508364315,0.49630027541821575,160.3277892319357,126.2345156065243,0.35025858015984956,98.40822103433311,object,0.52734375
197,,,,,,,602,461,[],0.8392267748649274,0.7229894321238081,0.9957470690945373,0.7252289077828646,0.9979633766140689,0.8615961421984668,62.39390995922599,25.06808316999576,-0.27167357023472133,97.6468629669398,object,0.7421875
1970,,,,,,,470,610,[],0.0,0.0,0.0,0.0,0.9793263940252196,0.4896631970126098,110.09086452713302,62.67591579554688,-0.3990561090718406,100.85479496046901,object,0.73046875
1972,,,,,,,477,610,[],0.0,0.0,0.0,0.0,0.996733145766067,0.4983665728830335,170.61299905772736,144.08876483298363,-0.5296462381664175,97.88979892618954,object,0.68359375
1975,,,,,,,480,616,[],0.0,0.0,0.0,0.0,0.9618868419901107,0.4809434209950553,217.65350736224454,128.47785582328234,-0.5125909345271404,100.38820491172373,object,0.765625
1977,,,,,,,477,610,[],0.0,0.0,0.0,0.0,0.9773438473450934,0.4886719236725467,240.68901093093282,176.2920943757747,-0.36833746898263026,101.43368900753558,object,0.61328125
1978,,,,,,,477,610,[],0.0,0.0,0.0,0.0,0.9581317551071293,0.47906587755356467,175.0,118.60171355182482,4.478024467603081,101.15705290809274,object,0.71484375
198,,,,,,,602,462,[],0.8459388619514513,0.7330104394485422,1.0,0.7330104394485422,1.0,0.8665052197242711,51.61344812316962,24.69333806716189,-0.2669895605514579,100.58531002141535,object,0.75
1980,,,,,,,477,610,[],0.0,0.0,0.0,0.0,0.9710276159253267,0.48551380796266336,143.87487854490257,73.96915214239802,-0.30010375237765863,100.73524294421077,object,0.6484375
1982,,,,,,,453,610,[],0.0,0.0,0.0,0.0,0.9770101783049946,0.4885050891524973,161.9160221748645,123.60337586520588,0.12000719683339331,100.86100595071912,object,0.6875
1985,,,,,,,478,504,[],0.0,0.0,0.0,0.0,0.9783646331505891,0.48918231657529454,200.03635297435426,102.51924142474314,-0.8255914544702299,101.62740293890238,object,0.4140625
1987,,,,,,,478,504,[],0.9440280267231547,0.893989661291567,0.9843683629258346,0.9068638960632386,0.9982912174147234,0.9525775567389809,14.7648230602334,4.636071049996075,-0.0787352273616655,100.78164399601519,object,0.7109375
1992,,,,,,,479,506,[],0.8937693960372404,0.8079413034095814,0.9946865037194474,0.811443433029909,0.9997833988190904,0.9056134159244997,16.64331697709324,5.616237376791718,-0.18422193324664066,100.71220295503736,object,0.609375
1994,,,,,,,480,616,[],0.0,0.0,0.0,0.0,0.9687497869845879,0.48437489349229396,240.30501400620193,173.57970755585814,3.0321020228671944,100.26286309584975,object,0.74609375
1996,,,,,,,477,610,[],0.0,0.0,0.0,0.0,0.977892407121947,0.4889462035609735,147.96553581963542,99.24079425977973,-0.23049470834358848,101.92022984847426,object,0.6875
1997,,,,,,,478,506,[],0.0010288688494825395,0.0005146992037300554,0.0039379198517488995,0.0005917365728010024,0.9798253721749657,0.49020855437388333,183.5330958994046,92.91726602514964,-0.8497337185422396,100.63916980288923,object,0.5
2,,,,,,,477,610,[],0.0,0.0,0.0,0.0,0.980988422014791,0.4904942110073955,259.8557292037257,216.3492916458127,1.558713886300093,101.46205918863416,object,0.439453125
2000,,,,,,,477,610,[],0.769217238346526,0.6249821352008004,0.6416727806309611,0.9600439077936334,0.9914739102351483,0.9757589090143908,48.74008678755635,11.782561400422455,0.4961580680570801,100.78076412901282,object,0.65625
2004,,,,,,,477,610,[],0.6832980412916887,0.5189466278017891,0.5272671568627451,0.9704887218045113,0.9837948538421145,0.9771417878233128,58.25546906000382,16.038795778556437,0.8406015037593985,100.83664511330426,object,0.57421875
2006,,,,,,,411,610,[],0.9455880334842871,0.8967918266415045,0.9742665252739484,0.9185496234086516,0.9984557098431527,0.9585026666259022,7.211102550927978,3.1730686476943526,-0.05718856228754249,100.38928501307964,object,0.78515625
2008,,,,,,,579,1024,[],0.0,0.0,0.0,0.0,0.9860801570761785,0.49304007853808923,183.86108565763465,127.43659759959064,-0.3421780888816539,101.27390502020717,object,0.73046875
2010,,,,,,,477,610,[],0.0,0.0,0.0,0.0,0.9810748788848911,0.49053743944244554,287.3235094979664,240.78455818279733,-0.3781708168489644,101.08779114671052,object,0.8046875
2013,,,,,,,478,616,[],0.713986380303824,0.5551934826883911,0.9658030130318248,0.5663264384427784,0.9953574550488722,0.7808419467458253,81.49079015739393,27.98663497647551,-0.41362117243248125,100.80963419750333,object,0.671875
2016,,,,,,,477,610,[],0.0015705838876570585,0.0007859091119227035,0.004705882352941176,0.0009425854564608688,0.9717888261625193,0.48636570580949007,216.91219416070783,103.36379353979787,-0.7997005905020653,101.2898760382086,object,0.69921875
2018,,,,,,,477,610,[],0.7436781609195402,0.5919487648673376,0.7802230931564667,0.7104035135877025,0.994860478560652,0.8526319960741773,22.360679774997898,11.476883195911471,-0.08948668679659622,100.44446703977883,object,0.5078125
2020,,,,,,,476,610,[],0.0,0.0,0.0,0.0,0.9798325694155081,0.48991628470775406,181.2655498445478,92.21032011005916,-0.7981039059537353,101.66709404438734,object,0.69140625
2027,,,,,,,477,610,[],0.5988735919899875,0.42742295667708796,0.4473356185727641,0.9056782334384859,0.9750764149949057,0.9403773242166957,90.97443031206016,22.374879209412878,1.0246056782334385,100.27632303535938,object,0.59375
2029,,,,,,,477,610,[],0.0,0.0,0.0,0.0,0.9558735483007262,0.4779367741503631,233.8418263844256,153.00780048733898,-0.462127736729976,100.9494480676949,object,0.66796875
203,,,,,,,664,998,[],0.0,0.0,0.0,0.0,0.9805723987764243,0.49028619938821216,217.51905870310367,130.13285419019323,-0.31711308712017894,101.87768912874162,object,0.74609375
2031,,,,,,,391,609,[],0.0,0.0,0.0,0.0,0.9641916866054353,0.48209584330271765,152.47779654392764,105.19731196839122,0.7025484199796126,102.25556697696447,object,0.6796875
2035,,,,,,,582,1024,[],0.0,0.0,0.0,0.0,0.9722339327012519,0.48611696635062596,164.07466113241043,82.89251569490452,0.6150104239054899,102.16720518656075,object,0.419921875
2037,,,,,,,578,1024,[],0.9376919533169533,0.8826930721694193,0.908296456063367,0.9690537591747669,0.9956482378539777,0.9823509985143724,17.030802621722263,5.0847637749071515,0.06689148978377306,101.97592107579112,object,0.73046875
2040,,,,,,,477,610,[],0.0,0.0,0.0,0.0,0.9764959083237601,0.48824795416188005,258.0051355915891,207.79175805111072,-0.25800313409447057,100.88356700725853,object,0.80078125
2043,,,,,,,454,610,[],0.0,0.0,0.0,0.0,0.9527969652568918,0.4763984826284459,225.05254930575802,126.42129673945597,1.7780419278149988,101.02319996803999,object,0.57421875
2045,,,,,,,479,506,[],0.9613305613305614,0.9255404323458767,0.9661512745507731,0.9565577161770791,0.9989664983859512,0.9777621072815151,5.0,1.6996882932355843,-0.00992966487381051,100.32003396190703,object,0.7734375
205,,,,,,,651,930,[],0.0,0.0,0.0,0.0,0.9702908697556508,0.4851454348778254,282.66792947327315,202.87418227094244,5.6667907669396875,101.94190102629364,object,0.74609375
2050,,,,,,,478,616,[],0.012965471484256213,0.006525035825090084,0.06032930280421919,0.007263210060087964,0.9682219979467191,0.4877426040034036,296.2242534144973,143.86190202506972,-0.8796072601127424,101.55455116182566,object,0.7265625
2052,,,,,,,438,610,[],0.0,0.0,0.0,0.0,0.9817608655243182,0.4908804327621591,192.3661656436398,146.649205448581,0.3464015681881826,101.42936906777322,object,0.6796875
2054,,,,,,,477,610,[],0.0,0.0,0.0,0.0,0.9736160180117671,0.48680800900588356,264.8599511491048,202.59455087671301,-0.1219368520263902,100.63538094982505,object,0.734375
2060,,,,,,,459,610,[],0.0,0.0,0.0,0.0,0.9779706612047081,0.48898533060235405,127.0,77.36599060688467,1.2811799850634802,100.14452994801104,object,0.8125
2062,,,,,,,477,610,[],0.0,0.0,0.0,0.0,0.980081177507186,0.490040588753593,233.96238766632618,159.23251694730658,-0.6072903317670512,100.71684303693473,object,0.76171875
2066,,,,,,,420,610,[],0.0,0.0,0.0,0.0,0.9550972107568246,0.4775486053784123,228.0,172.92717723300711,0.07297638713438927,100.69578094407916,object,0.6640625
2068,,,,,,,477,610,[],0.0,0.0,0.0,0.0,0.9782688329222472,0.4891344164611236,109.00366964755554,59.07799079340992,0.4382359732163473,101.45232896320522,object,0.81640625
207,,,,,,,677,925,[],0.0,0.0,0.0,0.0,0.9997380322082506,0.4998690161041253,647.5517267415014,415.97147314460017,-0.998877911734681,102.38044988363981,object,0.474609375
2070,,,,,,,477,610,[],0.8361560050324204,0.7184433726924996,0.7596272199753824,0.9298321136461473,0.995225688380995,0.9625289010135711,20.615528128088304,6.186742293927516,0.22406371071889797,100.67645204253495,object,0.458984375
2072,,,,,,,422,612,[],0.954833749759754,0.913571165869805,0.9974082861836101,0.9157450231248743,0.9996891772390183,0.9577171001819462,12.206555615733702,3.909000292779731,-0.0818754608217709,101.06209106743336,object,0.69921875
2075,,,,,,,449,610,[],0.0,0.0,0.0,0.0,0.9651533760433149,0.48257668802165743,151.74331284493312,86.92466642202321,2.4244291409931136,100.2064710482955,object,0.796875
2079,,,,,,,463,610,[],0.0,0.0,0.0,0.0,0.9814148040317677,0.49070740201588386,193.90577204697655,123.23656394108409,-0.5450608930987821,99.61716691032052,object,0.7109375
2082,,,,,,,322,504,[],0.0,0.0,0.0,0.0,0.955009321007822,0.477504660503911,136.71282965129103,90.79155182323261,0.13475521085797382,100.84261489100754,object,0.77734375
2083,,,,,,,477,610,[],0.0,0.0,0.0,0.0,0.9727064140448461,0.4863532070224231,191.41378324889993,127.81467120642824,1.3647590361445783,100.304433144629,object,0.390625
209,,,,,,,581,827,[],0.0,0.0,0.0,0.0,0.9706794592622887,0.48533972963114436,195.15122341404884,112.30812568866996,-0.5287115343614527,101.0391900781542,object,0.77734375
2090,,,,,,,477,610,[],0.8518156796590607,0.7418806062480668,0.8083015052797125,0.9002815139192993,0.9875884139134862,0.9439349639163928,44.85726668204221,12.35009533802274,0.11379418204566781,102.39641019143164,object,0.451171875
2092,,,,,,,480,616,[],0.0,0.0,0.0,0.0,0.9949820300124342,0.4974910150062171,158.93597341474518,131.14505825064722,-0.31007025761124124,101.15512181073427,object,0.3671875
2095,,,,,,,478,611,[],0.0,0.0,0.0,0.0,0.9808743978154855,0.49043719890774273,177.88366981997885,95.47834326862932,-0.7628028634361234,101.29671590402722,object,0.70703125
2096,,,,,,,477,610,[],0.8950688811638986,0.8100675833139128,0.8112965340179717,0.9981335247666906,0.9943064382669319,0.9962199815168112,14.18445649162352,4.90967401333014,0.2302943287867911,100.75954301282763,object,0.67578125
2098,,,,,,,477,610,[],0.0,0.0,0.0,0.0,0.9704622105932763,0.48523110529663815,328.6829774969887,165.3915731014279,-0.8200102391574636,101.06759006157517,object,0.66796875
2100,,,,,,,477,610,[],0.9519010217557518,0.9082167252470323,0.9801395598497048,0.9252440631017127,0.9978765490670207,0.9615603060843667,10.70724690357854,4.246182483058365,-0.05600783704354288,101.34285711683333,object,0.65234375
2104,,,,,,,477,610,[],0.0,0.0,0.0,0.0,0.9739159173614879,0.48695795868074393,177.76782604271554,119.86521377270444,-0.42377589080231726,100.70894286036491,object,0.7265625
2105,,,,,,,450,610,[],0.0,0.0,0.0,0.0,0.9767034758036829,0.48835173790184144,151.6238755084461,96.22942322493125,-0.3457993431507575,100.20881099626422,object,0.765625
2111,,,,,,,477,610,[],0.0,0.0,0.0,0.0,0.9697495712551354,0.4848747856275677,241.900176934488,182.12828620240322,1.4824436197544961,100.39091506041586,object,0.8359375
2113,,,,,,,342,607,[],0.0013501784164336001,0.0006755452615325227,0.009433962264150943,0.0007271216370624286,0.9826123984244703,0.4916697600307664,219.03467574412713,106.68778180321989,-0.9229251064713826,101.46559006534517,object,0.7109375
2117,,,,,,,376,610,[],0.0,0.0,0.0,0.0,0.9739652722758034,0.4869826361379017,153.8611080802557,113.03478993671735,0.7143689886330515,99.12271704524755,object,0.734375
2119,,,,,,,478,610,[],0.0,0.0,0.0,0.0,0.9705863744050841,0.48529318720254205,175.90195662762738,121.06077870651842,0.18092012418854078,101.55744105577469,object,0.67578125
2124,,,,,,,477,610,[],0.0,0.0,0.0,0.0,0.9795694177072111,0.48978470885360553,148.04104113948418,105.74571743834774,-0.2645899554990464,101.31408600136638,object,0.5625
2127,,,,,,,479,605,[],0.0,0.0,0.0,0.0,0.9864671049270898,0.4932335524635449,226.58750823154162,108.10067941219181,-0.9024473147518695,100.626161089167,object,0.734375
2130,,,,,,,386,504,[],0.9566517189835575,0.9169054441260746,0.9384164222873901,0.975609756097561,0.9992353626565686,0.9874225593770648,2.23606797749979,1.0688178342407553,0.039634146341463415,100.91794794425368,object,0.39453125
2132,,,,,,,477,610,[],0.0,0.0,0.0,0.0,0.9742922835235489,0.48714614176177445,219.87643774949703,165.80911326096083,1.8369690011481057,100.27243220247328,object,0.65625
2136,,,,,,,478,504,[],0.0,0.0,0.0,0.0,0.9838846102479634,0.4919423051239817,455.610409714389,365.35018618523424,-0.7776685910821767,100.74422298930585,object,0.7265625
2141,,,,,,,478,616,[],0.0,0.0,0.0,0.0,0.8912915834122059,0.44564579170610297,332.1454481297708,138.0972591393493,-0.6254227563715424,101.03417001664639,object,0.515625
2143,,,,,,,477,610,[],0.9108061749571184,0.8362204724409449,0.9833333333333333,0.8482428115015974,0.9998752019302102,0.9240590067159038,4.815247584249841,2.1895383116974187,-0.13738019169329074,100.92457802966237,object,0.486328125
2144,,,,,,,477,610,[],0.0,0.0,0.0,0.0,0.8832672027838486,0.4416336013919243,242.242641668974,146.05930063692037,3.0274524158125917,100.5014069378376,object,0.57421875
2147,,,,,,,480,616,[],0.9062044386845942,0.8284952606635071,0.9529812606473594,0.8638048177887585,0.9995281115571635,0.931666464672961,5.656854249492381,2.528113446807329,-0.0935762816553428,100.14113993383944,object,0.4375
2149,,,,,,,478,504,[],0.0,0.0,0.0,0.0,0.9732126618455809,0.48660633092279043,173.9380428455961,104.5607367918494,-0.3802845121218193,100.75000394135714,object,0.71484375
215,,,,,,,582,857,[],0.00013007284079084288,6.504065040650406e-05,9.783778495254867e-05,0.00019398642095053346,0.9792957726505666,0.48974487953575857,121.43681452590114,63.39836020436361,0.9827352085354025,100.57455999776721,object,0.75390625
2152,,,,,,,402,610,[],0.0,0.0,0.0,0.0,0.9502791909666212,0.4751395954833106,202.08158516507208,110.08079339248343,2.4843478260869567,101.12329199910164,object,0.73046875
2156,,,,,,,477,610,[],0.0,0.0,0.0,0.0,0.9128546653778359,0.45642733268891794,189.01944329571074,106.5032915079877,1.560242221758196,100.78268381766975,object,0.5390625
2160,,,,,,,471,611,[],0.0,0.0,0.0,0.0,0.9683255981535454,0.4841627990767727,234.86623646003358,167.70093018224193,0.19021447721179624,100.78950505703688,object,0.66015625
2162,,,,,,,382,611,[],0.0,0.0,0.0,0.0,0.9644169423572325,0.48220847117861626,171.78052247389726,123.30464486168692,-0.15383798704745727,100.99681909196079,object,0.78515625
2163,,,,,,,477,610,[],0.0,0.0,0.0,0.0,0.9850884325324303,0.49254421626621514,192.05676217174087,97.81594359393357,-0.8250787539376969,100.15953006222844,object,0.384765625
2166,,,,,,,477,611,[],0.9411888924084046,0.8889110490626246,0.924305267523849,0.9587007958700796,0.9987273272477493,0.9787140615589145,5.656854249492381,2.1157172916130293,0.03721230372123037,100.72364308871329,object,0.765625
217,,,,,,,664,832,[],0.9594567737661477,0.9220729611001465,0.9574482150727193,0.9614737773843771,0.9961932586573302,0.9788335180208536,12.529964086141668,4.3952485535922206,0.004204470015490153,102.23985719494522,object,0.69921875
2170,,,,,,,439,611,[],0.0,0.0,0.0,0.0,0.9753301452369301,0.48766507261846503,166.00752988822188,100.55844469439498,-0.2659940380646641,101.79634811356664,object,0.62890625
2172,,,,,,,477,610,[],0.0,0.0,0.0,0.0,0.9704061286598804,0.4852030643299402,218.35784473881552,168.6992286712691,0.6588235294117647,100.93150683678687,object,0.734375
2174,,,,,,,477,610,[],0.0,0.0,0.0,0.0,0.9680115384213405,0.48400576921067023,281.5213028680601,217.7116308260189,1.3369814202087045,100.43016611598432,object,0.71875
2176,,,,,,,478,506,[],0.0,0.0,0.0,0.0,0.9797118506832277,0.4898559253416139,145.35955302772777,100.66949943158984,1.1414096916299559,101.39864799566567,object,0.64453125
2178,,,,,,,448,616,[],0.0,0.0,0.0,0.0,0.9789779970682352,0.4894889985341176,273.2805178042079,241.93222339946044,0.514958962139264,100.60897003859282,object,0.7421875
2180,,,,,,,477,610,[],0.0,0.0,0.0,0.0,0.9740314781637096,0.4870157390818548,226.01991062736045,108.12282675909083,-0.7855210819411297,101.10657103359699,object,0.6328125
2182,,,,,,,477,610,[],0.0,0.0,0.0,0.0,0.9728764031940748,0.4864382015970374,136.0018382104484,77.95058579752539,-0.48125605201272653,101.22531396336854,object,0.68359375
2189,,,,,,,477,610,[],0.9355326114328885,0.8788739058433878,0.9317782794080762,0.9393173198482933,0.9990523143389718,0.9691848170936326,5.9070235421649135,2.0192416809704854,0.00809102402022756,100.5632490850985,object,0.65234375
2191,,,,,,,477,610,[],0.0,0.0,0.0,0.0,0.9793102929788817,0.48965514648944086,232.57623224981427,138.11162657374507,-0.7793457344451572,100.62894015572965,object,0.68359375
2194,,,,,,,579,1024,[],0.9530428575562608,0.910297870772179,0.9879507229566226,0.9205176461819401,0.9975183497952896,0.9590179979886149,26.90724809414742,7.723449363374597,-0.06825550627958112,101.27030499279499,object,0.85546875
2196,,,,,,,477,610,[],0.0,0.0,0.0,0.0,0.9731351679097663,0.48656758395488314,175.10582346284124,83.54558883000638,-0.5721847370870172,102.22618700936437,object,0.58203125
2200,,,,,,,558,809,[],0.0,0.0,0.0,0.0,0.9648406956365434,0.4824203478182717,183.31802925341253,117.36167047604967,1.4596038981452373,100.8586660027504,object,0.70703125
2202,,,,,,,579,1024,[],0.0,0.0,0.0,0.0,0.9899013073970813,0.49495065369854063,246.60636610649956,128.92012380012613,-0.8855490608033616,101.65922297164798,object,0.53515625
2204,,,,,,,477,610,[],0.0,0.0,0.0,0.0,0.9753349742242362,0.4876674871121181,160.52476436725277,78.40804133687885,-0.6654487211572151,102.38886089064181,object,0.7890625
2206,,,,,,,477,610,[],0.0,0.0,0.0,0.0,0.966507350147799,0.4832536750738995,141.4390328021229,73.43494705351094,-0.3651327069473973,100.89258709922433,object,0.72265625
2208,,,,,,,478,506,[],0.9318515412036066,0.8723989006674518,0.9336134453781513,0.9300962745918795,0.9986671728035768,0.9643817236977281,7.810249675906654,2.4434268630852647,-0.0037672666387609877,101.14444210194051,object,0.66015625
221,,,,,,,547,809,[],0.2080042689434365,0.11607408730867727,1.0,0.11607408730867727,1.0,0.5580370436543386,265.7279600922447,120.54039915134976,-0.8839259126913227,100.97613814286888,object,0.625
2211,,,,,,,477,610,[],0.977846272394529,0.9566528458349038,0.9883562444020406,0.9675574701688842,0.9988705857467166,0.9832140279578003,5.285013954394863,1.8390289507158495,-0.021043803133696772,100.97226896323264,object,0.8046875
2213,,,,,,,477,610,[],0.8059496567505721,0.6749712533537754,0.9908367494574392,0.6792109758113395,0.999582143603315,0.8393965597073272,44.018175953682714,12.731682067115651,-0.3145076863739049,100.60790996067226,object,0.5546875
2215,,,,,,,416,610,[],0.0,0.0,0.0,0.0,0.9783143555514527,0.48915717777572637,165.0,120.91395160526916,0.17227164243870688,100.20778118632734,object,0.703125
2220,,,,,,,449,616,[],0.0,0.0,0.0,0.0,0.9559471202187617,0.47797356010938086,156.85517996900907,85.90448188063999,0.6800622612140936,100.25201295502484,object,0.78125
2222,,,,,,,468,610,[],0.0,0.0,0.0,0.0,0.95809610567069,0.479048052835345,191.43400341268025,131.22078767160932,0.31027466937945064,100.06603808142245,object,0.46875
2224,,,,,,,477,610,[],0.0,0.0,0.0,0.0,0.9776377455196503,0.48881887275982516,155.23643018936144,111.6355233977847,0.041700735895339326,100.72961309924722,object,0.66015625
2226,,,,,,,478,616,[],0.9660306076711276,0.9342932342467875,0.9789753739333571,0.9534237052485227,0.9975342559579301,0.9754789806032265,11.0,3.1621533737760235,-0.026100420261004204,100.90519697405398,object,0.8046875
2228,,,,,,,402,616,[],0.0,0.0,0.0,0.0,0.9537573698411113,0.47687868492055563,157.0,91.4503628416385,0.4879421221864952,99.71366100944579,object,0.7265625
223,,,,,,,499,829,[],0.0,0.0,0.0,0.0,0.9750799487130877,0.48753997435654384,214.6011410018369,152.99417832675545,-0.21885995777621392,100.78429407440126,object,0.72265625
2231,,,,,,,477,610,[],0.0,0.0,0.0,0.0,0.9194344288599853,0.45971721442999264,179.76442772771586,103.16325417515795,-0.18257038881440338,101.9557910040021,object,0.41015625
2234,,,,,,,477,610,[],0.0010954286918053507,0.0005480145013068038,0.0020006155740227762,0.000754191564657423,0.9763090310631163,0.48853161131388684,140.62323809832458,66.66961969264308,-0.6230202471427743,100.77556385658681,object,0.7578125
2235,,,,,,,444,610,[],0.0,0.0,0.0,0.0,0.9750369815525101,0.48751849077625503,115.0,69.51779055312012,0.28353009483259145,101.08958114869893,object,0.75390625
2236,,,,,,,477,610,[],0.0,0.0,0.0,0.0,0.9876132742567619,0.49380663712838097,373.02010669667663,347.0568287013774,1.2014742014742015,100.71921208873391,object,0.7109375
2239,,,,,,,477,610,[],0.0,0.0,0.0,0.0,0.9663561461464651,0.4831780730732326,211.22829376092912,156.13334121241527,0.11251609881746868,100.18138005398214,object,0.83984375
2241,,,,,,,428,610,[],0.016652311225954636,0.008396062536189925,0.017857142857142856,0.015599784830554062,0.9812722355510503,0.49843601019080214,81.8413098624405,43.193938615084775,-0.12641204948897256,101.61365289241076,object,0.65234375
2242,,,,,,,477,610,[],0.0,0.0,0.0,0.0,0.9730436510471,0.48652182552355,121.03966269252909,73.3152514519743,-0.1691819772528434,101.10590211115777,object,0.84375
2244,,,,,,,476,610,[],0.0,0.0,0.0,0.0,0.9672811854500156,0.4836405927250078,200.8271567389648,143.20725773901225,0.5042873321469018,100.58097983710468,object,0.78515625
2246,,,,,,,478,610,[],0.0,0.0,0.0,0.0,0.9801647837662805,0.49008239188314023,155.64575009526712,78.87094752837737,-0.5958211143695015,100.19190120510757,object,0.69921875
2248,,,,,,,478,616,[],0.0,0.0,0.0,0.0,0.9879334062672631,0.49396670313363156,495.4686578348721,399.52344903211116,-0.8088647412067487,101.14673199132085,object,0.4375
225,,,,,,,582,859,[],0.7139606478383081,0.5551623646960866,0.5603883005547151,0.9834796076406814,0.9784920812781802,0.9809858444594308,100.57072146433553,21.28562835406848,0.7549966811711778,101.89557913690805,object,0.734375
2252,,,,,,,478,616,[],0.0,0.0,0.0,0.0,0.9704283876471357,0.48521419382356784,151.83475875057707,89.90158726573972,1.3048257372654155,101.74420615658164,object,0.87109375
2256,,,,,,,407,610,[],0.0,0.0,0.0,0.0,0.9692869352354021,0.48464346761770105,101.4464819895951,48.0754132691907,-0.3580061755624173,101.24955489300191,object,0.314453125
2258,,,,,,,477,610,[],0.9097999566693147,0.834525702172761,0.9244203111241561,0.895634864211574,0.9981862173651197,0.9469105407883469,20.134249049694017,4.557357840086958,-0.031138916536328737,101.63279296830297,object,0.55078125
2260,,,,,,,477,610,[],0.0,0.0,0.0,0.0,0.9841078890717995,0.49205394453589973,123.96773773849388,81.01826404134626,-0.32345013477088946,100.35390383563936,object,0.71484375
2262,,,,,,,431,610,[],0.06484483557202408,0.03350885591191958,0.05078904407763468,0.08965738072366314,0.9798565748093631,0.5347569777665131,79.02531240052139,37.5828108545842,0.7652897854626961,100.67292186431587,object,0.7421875
2266,,,,,,,477,610,[],0.9189832341806382,0.8501100660396238,0.963483783170787,0.8784119106699751,0.9976290929439744,0.9380205018069747,15.231546211727817,5.586273998354348,-0.08829611248966088,101.11331194639206,object,0.625
2268,,,,,,,414,610,[],0.0,0.0,0.0,0.0,0.9596523738439628,0.4798261869219814,203.13274811495407,125.6637466004526,-0.515554182117841,100.83928611129522,object,0.74609375
227,,,,,,,547,813,[],0.0,0.0,0.0,0.0,0.9791271478296101,0.48956357391480504,237.31264669797005,180.32204035013947,-0.1213295862002132,100.39232484996319,object,0.71484375
2270,,,,,,,478,504,[],0.9490445859872612,0.9030303030303031,0.95765595463138,0.9405867062755291,0.9995298443868877,0.9700582753312084,3.0,1.4168747296750608,-0.017823988117341254,102.59810509160161,object,0.412109375
2272,,,,,,,477,610,[],0.0,0.0,0.0,0.0,0.9737610694362916,0.4868805347181458,225.80611137457,127.93701547861306,-0.451809495147092,101.40603920444846,object,0.73046875
2274,,,,,,,478,610,[],0.0,0.0,0.0,0.0,0.9635948804329817,0.48179744021649085,236.08642309658194,164.3154205597408,4.6461456102783725,101.15021280944347,object,0.765625
2280,,,,,,,429,504,[],0.9364420312999042,0.8804804804804804,0.9610461304902874,0.9130662820428768,0.9939206289375909,0.9534934554902339,17.72004514666935,5.591233753626331,-0.049924604995738545,99.92979583330452,object,0.70703125
2287,,,,,,,477,610,[],0.8692516722408027,0.7687401793141695,0.9865954922894424,0.7768541005043901,0.9995968087232039,0.888225454613797,20.77968345889532,6.16193874188135,-0.21259107042779748,100.52762902341783,object,0.408203125
2289,,,,,,,477,610,[],0.0067700094906675105,0.0033965019204520203,0.02089435657098223,0.0040394125863566005,0.9810421164469282,0.4925407645166424,156.54519321894705,79.28502048215057,-0.806674468647363,102.2780779749155,object,0.703125
229,,,,,,,580,858,[],0.5832019570535472,0.4116337963318241,0.4689221085759245,0.7711328349626222,0.9748825786392352,0.8730077068009288,95.95173068542935,33.30939938376098,0.6444795859689477,101.96564998477697,object,0.515625
2291,,,,,,,382,611,[],0.0,0.0,0.0,0.0,0.9688716460447657,0.48443582302238286,181.41802551816693,131.98266930870113,1.2210167389956603,101.3521880377084,object,0.74609375
2293,,,,,,,468,610,[],0.0,0.0,0.0,0.0,0.9775575019688023,0.48877875098440116,185.95819400986716,118.60872013012104,-0.5956298714276197,101.00349993444979,object,0.6015625
2295,,,,,,,478,616,[],0.0,0.0,0.0,0.0,0.9110603624923245,0.45553018124616224,175.19018094491264,110.54158410347324,4.646517739816032,101.09544196166098,object,0.435546875
2303,,,,,,,478,620,[],0.746757443874693,0.5958602668133681,0.6120863207713771,0.9574056681951273,0.960529578558106,0.9589676233766167,82.51361916111264,21.077872803764887,0.5641677255400254,101.2521549127996,object,0.6640625
231,,,,,,,499,830,[],0.0,0.0,0.0,0.0,0.9743404724928467,0.48717023624642336,214.71713665779106,126.63876843899091,-0.24743702401874634,100.72730295360088,object,0.80859375
2316,,,,,,,476,610,[],0.9732432432432433,0.9478810213214004,0.9610821302923693,0.9857160632076646,0.9935884880583592,0.989652275633012,6.708203932499369,2.765684610445735,0.0256314545228319,100.94187897630036,object,0.8359375
2318,,,,,,,403,610,[],0.0,0.0,0.0,0.0,0.9778228532792427,0.48891142663962134,187.11894264891185,149.45796644404064,2.015041782729805,100.66189197823405,object,0.51953125
2320,,,,,,,477,610,[],0.0,0.0,0.0,0.0,0.8847043856859284,0.4423521928429642,224.98555309149168,145.34557597581596,0.8104012398828999,100.70433211512864,object,0.46875
2322,,,,,,,477,610,[],0.0,0.0,0.0,0.0,0.9755701142018401,0.48778505710092007,153.27790565826953,86.06696075197861,-0.4137457044673539,100.39666504599154,object,0.60546875
2324,,,,,,,429,610,[],0.9657279489904357,0.9337272026714616,0.9638500972246774,0.9676131322094055,0.9983667438702979,0.9829899380398517,4.242640687119285,1.8352959133295936,0.003904170363797693,100.28709401376545,object,0.73828125
2327,,,,,,,397,610,[],0.0,0.0,0.0,0.0,0.9769784917032036,0.4884892458516018,175.84865430775076,119.96030719276293,-0.47713698227748946,101.8739091232419,object,0.67578125
2329,,,,,,,435,611,[],0.0,0.0,0.0,0.0,0.9696329538105783,0.4848164769052892,290.5179607717216,215.15854292756003,-0.2718045112781955,100.43720691464841,object,0.4921875
233,,,,,,,465,786,[],0.0,0.0,0.0,0.0,0.9683483962332529,0.48417419811662643,142.51470847222276,78.412425580385,0.6766095688127585,100.47832783311605,object,0.86328125
2331,,,,,,,477,610,[],0.0,0.0,0.0,0.0,0.9771213798356355,0.48856068991781776,125.63358524757602,80.23691608844109,-0.3577779998001798,101.70747595839202,object,0.7734375
2337,,,,,,,480,616,[],0.0,0.0,0.0,0.0,0.9711428248827271,0.48557141244136354,213.98359203441746,156.76948858169953,1.4711397597421623,101.07212094590068,object,0.6796875
2341,,,,,,,477,610,[],0.011453239945376855,0.005759603030437287,0.024047354790972992,0.007516623301532235,0.9807216589019823,0.49411914110175725,157.72443255397062,72.59350384780872,-0.6874241110147441,101.3521181885153,object,0.55859375
2343,,,,,,,477,610,[],0.6011450871652674,0.4297408413479187,0.5798127878757863,0.6241070476596652,0.9688331153659647,0.796470081512815,133.25539388707685,50.30610672033412,0.07639407186267193,101.80530697107315,object,0.54296875
2345,,,,,,,477,610,[],0.0,0.0,0.0,0.0,0.9810733274945348,0.4905366637472674,142.86392518315412,94.65246951914251,4.74163179916318,100.63212108798325,object,0.83984375
235,,,,,,,616,695,[],0.0,0.0,0.0,0.0,0.971292055947248,0.485646027973624,191.25632954311348,89.58670144401515,-0.5376008950691281,100.82876612432301,object,0.85546875
2351,,,,,,,464,610,[],0.0,0.0,0.0,0.0,0.9797568050546115,0.48987840252730575,107.36001246837583,57.3278318163984,-0.328341987682647,101.01145994849503,object,0.515625
2353,,,,,,,425,610,[],0.0,0.0,0.0,0.0,0.9444540252410442,0.4722270126205221,191.0,107.0366928600503,2.448175182481752,103.40080293826759,object,0.365234375
2355,,,,,,,477,610,[],0.0,0.0,0.0,0.0,0.9590306790712864,0.4795153395356432,140.13154532280393,96.24707777562179,0.24818860170866228,101.06849088333547,object,0.5546875
2357,,,,,,,371,610,[],0.0,0.0,0.0,0.0,0.9853492207966217,0.49267461039831084,248.67649492226064,163.09060325321732,-0.6787559517779354,99.86406308598816,object,0.462890625
2359,,,,,,,477,610,[],0.0,0.0,0.0,0.0,0.977740363375784,0.488870181687892,106.33574041591677,57.0265744883947,0.8288082309231208,101.35067696683109,object,0.76953125
2362,,,,,,,469,504,[],0.0,0.0,0.0,0.0,0.977871581191932,0.488935790595966,88.31420990796764,54.700335538480495,-0.2273210758243428,100.72511387988925,object,0.75
2365,,,,,,,469,610,[],0.0,0.0,0.0,0.0,0.9797186232638265,0.48985931163191326,171.74035619956592,129.0342163196728,-0.24249329758713137,101.57436202280223,object,0.58984375
2369,,,,,,,479,504,[],0.0,0.0,0.0,0.0,0.9841194480188135,0.49205972400940673,159.26942372293578,83.97156294404677,-0.7769537579459055,100.23980191908777,object,0.8203125
237,,,,,,,582,858,[],0.0,0.0,0.0,0.0,0.9777900480842635,0.48889502404213175,170.59893749633196,89.21794974498603,-0.4999764561849602,101.58351296558976,object,0.73828125
2371,,,,,,,578,1024,[],0.0,0.0,0.0,0.0,0.9840394665414193,0.49201973327070964,159.7159385234353,100.22894316239231,1.2146399055489965,101.7144659999758,object,0.76953125
2373,,,,,,,434,611,[],0.0,0.0,0.0,0.0,0.9805902121323488,0.4902951060661744,115.7410903698423,72.01998248525726,3.148178137651822,102.47725201770663,object,0.75390625
2375,,,,,,,325,610,[],0.0,0.0,0.0,0.0,0.9635459187554194,0.4817729593777097,248.22186170471286,193.15234078926719,5.89261744966443,252.7266179677099,object,0.3984375
2379,,,,,,,384,616,[],0.0,0.0,0.0,0.0,0.9806542003374671,0.49032710016873354,174.58521334163487,129.25199000623775,-0.25703814759287025,101.25108505599201,object,0.75
2383,,,,,,,477,610,[],0.9241834689305506,0.8590530469092503,0.9726979399354678,0.8802785265049416,0.9996160799670527,0.9399473032359972,7.211102550927978,2.353317271599164,-0.09501347708894879,101.04885115288198,object,0.66015625
2384,,,,,,,477,610,[],0.0,0.0,0.0,0.0,0.9789770604889526,0.4894885302444763,104.06920378940744,62.92425316427593,0.3320061933200619,101.52882104739547,object,0.50390625
2388,,,,,,,477,610,[],0.0,0.0,0.0,0.0,0.9661168356323749,0.48305841781618747,172.54535263009103,97.17935756620601,3.543175487465181,100.87720700539649,object,0.7109375
2389,,,,,,,480,616,[],0.0,0.0,0.0,0.0,0.9636442840678339,0.48182214203391693,178.08043478532522,119.2025721679173,1.5576737451737452,101.0093700606376,object,0.65234375
239,,,,,,,586,998,[],0.009560432274746403,0.004803176358512814,0.06784605250776324,0.005142543312197314,0.9777205510261456,0.4914315471691715,485.96193244330465,238.01006154910968,-0.9242027631363094,101.50532983243465,object,0.63671875
2393,,,,,,,477,610,[],0.0,0.0,0.0,0.0,0.9716712200799967,0.48583561003999837,172.64413481092288,94.62871722498598,-0.6396812673864869,101.03211994282901,object,0.80078125
2395,,,,,,,477,610,[],0.0,0.0,0.0,0.0,0.9737556751598168,0.4868778375799084,153.07579776605053,110.06144466442649,0.2558764271323036,100.69063305854797,object,0.7578125
2397,,,,,,,477,610,[],0.6988136693619784,0.5370588768937675,0.9899113761774706,0.5400145949890538,0.9992986725149371,0.7696566337519954,76.66244743145455,21.554432178269625,-0.45448187788859157,101.07051092199981,object,0.51171875
24,,,,,,,477,610,[],0.0,0.0,0.0,0.0,0.9816974027641093,0.49084870138205466,163.90331610211157,98.21790753067941,-0.5119794637763834,101.32442694157362,object,0.625
2403,,,,,,,477,610,[],0.0,0.0,0.0,0.0,0.9716008791208791,0.48580043956043956,207.62923671854355,148.08612687135326,0.22456406368460954,100.55949911475182,object,0.6015625
2405,,,,,,,452,504,[],0.0,0.0,0.0,0.0,0.9776086995054682,0.4888043497527341,153.33458518248338,108.55600977192728,1.361214953271028,100.3422241192311,object,0.65625
2407,,,,,,,459,610,[],0.8689782141761276,0.7683125339120999,0.8377045947544863,0.9026774330641734,0.9970103602098197,0.9498438966369965,10.0,4.855818573915296,0.07756056098597536,100.32408405095339,object,0.60546875
2409,,,,,,,476,610,[],0.0,0.0,0.0,0.0,0.9778173703966373,0.48890868519831865,213.03016202686274,161.12242876689515,3.9134099616858236,100.90480698272586,object,0.69140625
241,,,,,,,663,832,[],0.0,0.0,0.0,0.0,0.9730017303827263,0.48650086519136315,491.1155574187159,275.9289192832458,-0.854631312137591,101.76521609537303,object,0.62890625
2412,,,,,,,477,610,[],0.0,0.0,0.0,0.0,0.9718590603518186,0.4859295301759093,271.0119923153334,161.27173615910297,-0.7258159799143405,101.72979487106204,object,0.69921875
2414,,,,,,,477,610,[],0.0,0.0,0.0,0.0,0.9969343723382538,0.4984671861691269,106.06601717798213,63.047244322730954,-0.8728838295388208,102.08707302808762,object,0.69921875
2418,,,,,,,582,1024,[],0.8985208974127012,0.8157403034720654,0.8472628009639377,0.9563804434173467,0.9870821586971774,0.9717313010572621,47.0,11.047250907145688,0.12878842589249176,101.43454908393323,object,0.8125
2422,,,,,,,477,610,[],0.0,0.0,0.0,0.0,0.9746535262192912,0.4873267631096456,192.12231832393132,94.81311544018075,-0.6090760286730259,101.07713099569082,object,0.765625
2426,,,,,,,478,616,[],0.9332232996355134,0.8748066013408974,0.9964752533411662,0.877521986549405,0.9998279471224156,0.9386749668359103,10.198039027185569,4.258573542780007,-0.11937403000517331,101.34258680045605,object,0.8046875
2428,,,,,,,412,610,[],0.0,0.0,0.0,0.0,0.972683172834466,0.486341586417233,177.80198787817253,123.1460450137281,3.630257801899593,101.0288498364389,object,0.8046875
2430,,,,,,,477,610,[],0.0,0.0,0.0,0.0,0.97773135246708,0.48886567623354,125.17011866596329,68.04806782297095,-0.4553329250153119,101.52132087387145,object,0.8203125
2434,,,,,,,477,610,[],0.9630591864902168,0.9287503914813655,0.9883352774537577,0.9390436985433819,0.9997540874184098,0.9693988929808959,3.1622776601683795,1.4800052678755753,-0.04987333755541482,100.64204107038677,object,0.76171875
2436,,,,,,,464,616,[],0.0,0.0,0.0,0.0,0.9844552499073218,0.4922276249536609,182.5509345884075,122.38881686052697,-0.45883974439293324,100.87539697997272,object,0.765625
244,,,,,,,617,720,[],0.0,0.0,0.0,0.0,0.9755272115497476,0.4877636057748738,400.6335575555938,219.07971134430824,-0.9454236105051915,102.03668288886547,object,0.5234375
2442,,,,,,,479,616,[],0.0,0.0,0.0,0.0,0.9732978275649949,0.48664891378249747,234.20703336455844,108.09858892927235,-0.8624499666444296,101.70506499707699,object,0.546875
2447,,,,,,,477,610,[],0.0,0.0,0.0,0.0,0.9696976045081752,0.4848488022540876,172.0993883780609,115.62746896125351,0.9045424621461488,101.22552490793169,object,0.73828125
245,,,,,,,648,999,[],0.0,0.0,0.0,0.0,0.9799866733871911,0.48999333669359557,180.0,118.56741105576165,0.9643130647878695,101.98324196971953,object,0.68359375
2451,,,,,,,477,610,[],0.026163551266025174,0.013255176882971516,1.0,0.013255176882971516,1.0,0.5066275884414858,120.46383341300765,91.1895074787581,-0.9867448231170285,101.79326706565917,object,0.484375
2453,,,,,,,480,610,[],0.0,0.0,0.0,0.0,0.9646380102928518,0.4823190051464259,244.24105028304726,157.10455359342507,-0.5123010861328618,100.66666104830801,object,0.54296875
2455,,,,,,,477,610,[],0.9655378248239086,0.9333718022696672,0.9752009646302251,0.9560643076680589,0.997676887858068,0.9768705977630634,8.06225774829855,2.7290869591540368,-0.019623295767988023,100.78522399999201,object,0.72265625
2459,,,,,,,477,610,[],0.0,0.0,0.0,0.0,0.9805109409530924,0.4902554704765462,279.0,162.21286105944623,-0.8524768804853625,101.04106995277107,object,0.60546875
2463,,,,,,,481,676,[],0.0,0.0,0.0,0.0,0.970109553907448,0.485054776953724,333.48163139872105,151.67491779000937,-0.8740439042380899,101.63542302325368,object,0.73828125
2465,,,,,,,440,676,[],0.0,0.0,0.0,0.0,0.9676526711077611,0.48382633555388055,214.50757364499825,159.8251162370867,2.264907470870459,101.04006994515657,object,0.5859375
2467,,,,,,,604,1024,[],0.0,0.0,0.0,0.0,0.9909975944391698,0.4954987972195849,515.6335841161682,460.51589487380534,-0.3659775955653078,101.60749196074903,object,0.8203125
2471,,,,,,,661,765,[],0.0,0.0,0.0,0.0,0.9749884064956026,0.4874942032478013,286.65798266245486,221.35046530430702,0.04192677577189134,103.12378709204495,object,0.515625
2473,,,,,,,660,896,[],0.0,0.0,0.0,0.0,0.9719966918298756,0.4859983459149378,309.12829041022616,226.90666723894597,-0.3101863892501084,103.20044890977442,object,0.640625
2475,,,,,,,660,1031,[],0.0,0.0,0.0,0.0,0.9783167178792056,0.4891583589396028,309.9441078309249,209.61448585663499,-0.4395786483607528,103.64068881608546,object,0.53125
2477,,,,,,,431,381,[],0.0,0.0,0.0,0.0,0.9766678398873708,0.4883339199436854,91.0,46.55810305078842,-0.5411527812735968,101.390897994861,object,0.75390625
2481,,,,,,,416,528,[],0.0,0.0,0.0,0.0,0.9578920215647329,0.4789460107823664,183.01265713060934,94.70633838170613,-0.6838027350559795,100.0038671772927,object,0.8203125
2483,,,,,,,422,488,[],0.0,0.0,0.0,0.0,0.9750332498826475,0.48751662494132375,147.0136048126159,104.40513760936189,2.585674157303371,100.99327890202403,object,0.70703125
2485,,,,,,,603,702,[],0.0,0.0,0.0,0.0,0.9767758792688875,0.48838793963444377,242.63284764997073,183.48321260847845,-0.3817292006525285,100.35362490452826,object,0.63671875
2487,,,,,,,604,610,[],0.0,0.0,0.0,0.0,0.9709555937933949,0.48547779689669746,394.02778969126064,194.2889554514005,-0.9255839585428107,101.22594400309026,object,0.8125
2489,,,,,,,575,880,[],0.0,0.0,0.0,0.0,0.9656590036002333,0.48282950180011663,334.52585807983974,172.57197593676003,0.9380249716231555,102.16135601513088,object,0.6484375
249,,,,,,,582,858,[],0.9565047824264111,0.9166355210046345,0.981982342695842,0.9323158214855927,0.9954330021414145,0.9638744118135036,18.788294228055936,8.278335885680074,-0.05057781494716034,101.45823890343308,object,0.6796875
2491,,,,,,,581,888,[],0.9358685903991693,0.8794671240370825,0.9567168500289519,0.9159095808567645,0.9940330741974251,0.9549713275270948,20.886582366930043,7.78694229139609,-0.042653444612115426,101.83133813552558,object,0.5859375
2493,,,,,,,577,936,[],0.0,0.0,0.0,0.0,0.959231585232246,0.479615792616123,253.0284567198399,136.0779098221921,-0.06388925861839478,102.07015299238265,object,0.734375
2495,,,,,,,575,880,[],0.002448094784249967,0.0012255475203712192,0.008323273397293348,0.0014350974442119563,0.9623646968896862,0.4818998971669491,359.22054003908664,159.4276253109886,-0.8275801627904429,102.54503390751779,object,0.74609375
2497,,,,,,,603,772,[],0.9191037651836284,0.8503163722646981,0.9931485758275597,0.8553338195319233,0.9998024123454543,0.9275681159386888,13.034564329364768,4.891004720752426,-0.13876549758005702,101.78122599609196,object,0.69140625
2501,,,,,,,575,966,[],0.0,0.0,0.0,0.0,0.9760738451939718,0.4880369225969859,151.60689297497493,96.45463622905922,-0.23838515190920911,102.9468490742147,object,0.6953125
2503,,,,,,,578,1024,[],0.0,0.0,0.0,0.0,0.9793129585013941,0.48965647925069705,302.0,175.58494499776708,-0.6964006674259078,102.2444679401815,object,0.75
2507,,,,,,,600,632,[],0.0,0.0,0.0,0.0,0.9806794423647437,0.49033972118237185,180.05027006196568,108.33796191152109,-0.5661532751902023,102.60936710983515,object,0.66796875
2509,,,,,,,588,859,[],0.13307413038240742,0.07127981488074048,1.0,0.07127981488074048,1.0,0.5356399074403703,325.2814118166518,140.29708278313555,-0.9287201851192596,102.20738709904253,object,0.54296875
251,,,,,,,617,738,[],0.0,0.0,0.0,0.0,0.9801890836887114,0.4900945418443557,190.5964280225719,121.18483416946698,-0.27772293517604474,101.71563597396016,object,0.7578125
2511,,,,,,,698,998,[],0.0,0.0,0.0,0.0,0.9645107933250979,0.48225539666254896,265.06930483256804,170.8985640629167,-0.15098389982110913,102.73392894305289,object,0.7734375
2513,,,,,,,546,856,[],0.0,0.0,0.0,0.0,0.9983996888010223,0.49919984440051113,379.92229397679534,211.37401685240556,-0.9893799526182502,101.98324196971953,object,0.4765625
2516,,,,,,,600,632,[],0.0036013523445538732,0.0018039244560615543,0.004808635917566241,0.002878627658324521,0.9719999558228275,0.487439291740576,136.08195975345137,73.97484993702163,-0.4013629420749618,101.90822090953588,object,0.78515625
2518,,,,,,,582,858,[],0.0,0.0,0.0,0.0,0.9701743140133579,0.4850871570066789,299.5302105913422,213.28611230954152,-0.08395783056014226,100.59188981540501,object,0.77734375
2520,,,,,,,600,632,[],0.9229516539440203,0.8569268569268569,0.965913932680017,0.8836484116156694,0.9995722714258599,0.9416103415207646,6.264107122827124,2.868600151957935,-0.0851685831221984,102.08599409088492,object,0.65234375
2524,,,,,,,587,858,[],0.0,0.0,0.0,0.0,0.973767960182393,0.4868839800911965,269.34176008136893,175.0892595016508,-0.486120763664609,101.80779895745218,object,0.56640625
2526,,,,,,,591,631,[],0.0,0.0,0.0,0.0,0.9665422736781908,0.4832711368390954,263.2545141904339,163.2135715337259,-0.6201722424643922,101.50683112442493,object,0.7578125
2528,,,,,,,585,999,[],0.0,0.0,0.0,0.0,0.9781758120492234,0.4890879060246117,198.23261600101105,111.72465720830763,-0.5665381594916827,102.17947699129581,object,0.7890625
253,,,,,,,583,858,[],0.0,0.0,0.0,0.0,0.9740911095182467,0.48704555475912337,204.40584621279697,99.38511764326955,-0.4284265363514822,102.2169180214405,object,0.7265625
2530,,,,,,,549,1002,[],0.0,0.0,0.0,0.0,0.9846276044621615,0.49231380223108073,302.77549438486597,231.12218253787157,-0.33946127407881066,103.46655617468059,object,0.72265625
2532,,,,,,,499,504,[],0.6677472984206151,0.5012166968241093,0.5040471857940642,0.9889203496245229,0.9675231023983761,0.9782217260114495,64.0,22.828228859849816,0.9619598670441954,102.30679996311665,object,0.58984375
2534,,,,,,,547,813,[],0.9158036762515551,0.8446843585350874,0.9978235136889534,0.8462435233160622,0.9998622626144489,0.9230528929652555,18.0718626200349,7.56757052041602,-0.15191062176165804,101.37751884758472,object,0.74609375
2538,,,,,,,541,811,[],0.0,0.0,0.0,0.0,0.845552413762457,0.4227762068812285,256.44021107647586,127.57003001065986,4.905651940618852,101.78194800391793,object,0.7890625
2541,,,,,,,353,852,[],0.6893308921438083,0.5259381548034796,0.8042528400815613,0.603145707420083,0.992976172641217,0.79806094003065,44.37960692277554,14.807499426042769,-0.2500546129760431,101.44831100478768,object,0.2431640625
2542,,,,,,,500,762,[],0.0,0.0,0.0,0.0,0.8745368547652049,0.43726842738260246,342.9501215951869,195.30738814654012,3.5766279756049575,101.65905393660069,object,0.6015625
2544,,,,,,,499,630,[],0.007037926604479696,0.003531390134529148,0.039418113561708115,0.0038639046903509713,0.9753522963985696,0.48960810054446025,312.10254725009855,139.3619400912132,-0.9019764179150248,102.26539894938469,object,0.494140625
2546,,,,,,,476,852,[],0.9371215649743828,0.8816827344434707,0.9757516973811833,0.9014336917562724,0.9998135274636751,0.9506236096099738,4.0,1.6873584920524887,-0.07616487455197132,102.13814699091017,object,0.72265625
2548,,,,,,,499,630,[],0.0,0.0,0.0,0.0,0.9765855734913722,0.4882927867456861,153.45813159181995,105.0622221765404,-0.20189732142857142,101.01489000953734,object,0.7265625
255,,,,,,,582,858,[],0.9292840375586855,0.8679090161688133,0.9994389705108875,0.8683320639756283,0.9999657043154688,0.9341488841455485,25.495097567963924,6.517666689491238,-0.13118050266565118,101.03581007570028,object,0.640625
2552,,,,,,,353,852,[],0.7417187426584598,0.5894697535474235,0.7663850859306729,0.718590677348871,0.9916969203373687,0.8551437988431199,44.0,13.637054635726235,-0.06236343772760379,102.52923495136201,object,0.2431640625
2556,,,,,,,566,797,[],0.0,0.0,0.0,0.0,0.9836424098984391,0.49182120494921955,152.83236029018994,93.6263364306503,-0.5867248908296944,101.6546250320971,object,0.67578125
2558,,,,,,,566,797,[],0.8480012206286237,0.7361129506503139,0.946685289909382,0.7679489305256176,0.9962281522043016,0.8820885413649596,38.07228775814417,13.56904897255288,-0.18880229923174707,102.22654789686203,object,0.58984375
2560,,,,,,,492,799,[],0.0,0.0,0.0,0.0,0.9788286229573699,0.48941431147868497,264.6904794821012,176.4561806571433,-0.7208127323252372,101.68542596511543,object,0.83984375
2562,,,,,,,673,914,[],0.0,0.0,0.0,0.0,0.9589885923475049,0.47949429617375244,318.1219891746604,226.93892085752623,0.8891354246365724,101.48883098736405,object,0.796875
2564,,,,,,,600,748,[],0.0,0.0,0.0,0.0,0.9631192599984257,0.48155962999921287,302.1608013524566,158.21116822093694,-0.7357313101541036,101.65289510041475,object,0.77734375
2566,,,,,,,600,654,[],0.0,0.0,0.0,0.0,0.9800589323648324,0.4900294661824162,233.37683625285453,119.85077882354618,-0.8343767785998861,101.67110501788557,object,0.7421875
2568,,,,,,,527,908,[],0.004443755490104893,0.002226825479026411,0.004373474369406021,0.00451633231803382,0.9791277092506316,0.49182202078433274,108.01573945098194,59.803516797514476,0.03266463606763995,101.34024685248733,object,0.6640625
2570,,,,,,,341,597,[],0.0,0.0,0.0,0.0,0.9947535227440913,0.4973767613720457,393.8992105067334,313.446611569291,-0.8653745416448402,100.93409800902009,object,0.640625
2574,,,,,,,512,846,[],0.0,0.0,0.0,0.0,0.9714799522512699,0.48573997612563496,300.9600799464893,139.53813851486223,-0.7606989550362052,100.1512510702014,object,0.80859375
2577,,,,,,,476,854,[],0.6054677519436434,0.43417264304036013,0.44581810363362717,0.9432503127487775,0.9740766536505151,0.9586634831996463,71.96935294683485,25.56047481408776,1.1157739110656204,101.58350388519466,object,0.5390625
2579,,,,,,,498,720,[],0.8336236326900299,0.7147123827728331,0.8640860836282227,0.8052358839760415,0.9945243103744242,0.8998800971752329,30.0,10.831278587347805,-0.06810687125647756,102.11719502694905,object,0.625
2581,,,,,,,500,763,[],0.0,0.0,0.0,0.0,0.9801271605268079,0.49006358026340396,133.3959889394812,86.44318043407323,0.03751743375174337,101.95096186362207,object,0.73828125
2583,,,,,,,499,762,[],0.0,0.0,0.0,0.0,0.9904444086599902,0.4952222043299951,578.013840664737,375.87217439574323,-0.9684384442156009,102.03378298319876,object,0.2890625
2585,,,,,,,499,763,[],0.8958057738697378,0.8112755461592671,0.9551941586458679,0.8433699633699634,0.9992779049615952,0.9213239341657793,9.219544457292887,4.358467140269434,-0.11706959706959708,102.45880391448736,object,0.5859375
2587,,,,,,,500,720,[],0.0017752876698942156,0.000888432446531038,0.019419205415998574,0.0009301611141452758,0.9773326304691619,0.48913139579165354,411.0,192.0294839612493,-0.9521009694156198,102.40748291835189,object,0.49609375
2591,,,,,,,500,846,[],0.7131392238204164,0.5541696794408291,0.9911272361520224,0.5569326416503502,0.9993386154838951,0.7781356285671226,71.29946280753232,28.31480161049759,-0.43808158898689975,101.3801780063659,object,0.640625
2595,,,,,,,500,763,[],0.0,0.0,0.0,0.0,0.9749222878691138,0.4874611439345569,350.33155634193855,206.5764338608781,-0.8253335281959204,102.59103588759899,object,0.77734375
2597,,,,,,,500,763,[],0.0,0.0,0.0,0.0,0.9700666253350914,0.4850333126675457,442.27717224733505,264.50404550985496,-0.7289189972849724,100.64229113049805,object,0.6953125
2599,,,,,,,500,720,[],0.9654149281409364,0.933142140168489,0.992270060780618,0.9399751233800104,0.9988231652662871,0.9693991443231488,12.656991782741944,4.093823542502357,-0.05270232315531838,100.92811798676848,object,0.84765625
260,,,,,,,620,779,[],0.0,0.0,0.0,0.0,0.9676683444354004,0.4838341722177002,416.115007064928,229.49837638108028,-0.9041104888903486,101.15934303030372,object,0.765625
2601,,,,,,,500,762,[],0.0,0.0,0.0,0.0,0.976327865873052,0.488163932936526,269.0,210.6140899186992,0.29355922301737986,102.18039713799953,object,0.79296875
2603,,,,,,,500,720,[],0.0,0.0,0.0,0.0,0.9644297362563397,0.4822148681281698,187.5929088801485,101.72045098965859,-0.43330824945912894,101.0370310395956,object,0.64453125
2605,,,,,,,500,776,[],0.0,0.0,0.0,0.0,0.9980894858141938,0.4990447429070969,349.6174310761518,176.51322717165294,-0.9918147769833163,102.66817803494632,object,0.546875
2607,,,,,,,512,846,[],0.0,0.0,0.0,0.0,0.87729809062613,0.438649045313065,219.46670902418808,128.16529008429876,4.1767873167813345,101.73278697766364,object,0.6015625
2611,,,,,,,530,797,[],0.0,0.0,0.0,0.0,0.8938797427477686,0.4469398713738843,246.89015154410097,129.80012281852203,1.3443393647843438,102.7925310190767,object,0.68359375
2613,,,,,,,661,717,[],0.0,0.0,0.0,0.0,0.9588890383789109,0.47944451918945546,568.2414099284605,482.9791106457112,0.4449698726260392,101.16826393641531,object,0.62890625
2617,,,,,,,661,717,[],0.0,0.0,0.0,0.0,0.9770551168689056,0.4885275584344528,223.44742077570993,123.54192947161235,-0.767670602596305,101.73384705558419,object,0.71484375
262,,,,,,,547,809,[],0.0,0.0,0.0,0.0,0.9721962501845381,0.4860981250922691,285.35231505575376,152.02318752744563,-0.8097440805331064,101.94367100484669,object,0.578125
2621,,,,,,,661,537,[],0.8766164935340258,0.7803359124363087,0.9841723194097346,0.7902532250358337,0.9996139242711006,0.8949335746534672,24.86356199223617,6.49462675981671,-0.19703774486383183,101.87357990071177,object,0.6171875
2623,,,,,,,585,856,[],0.0,0.0,0.0,0.0,0.9670866924328968,0.4835433462164484,222.45932138570655,133.56377251700093,3.3893211698416956,101.65495495311916,object,0.451171875
2628,,,,,,,574,797,[],0.0,0.0,0.0,0.0,0.97847850289866,0.48923925144933,137.89107917757423,80.96051504095827,0.47477203647416416,101.29446699284017,object,0.78515625
263,,,,,,,669,995,[],0.48679403840925384,0.3216971455078827,1.0,0.3216971455078827,1.0,0.6608485727539414,212.53199758929082,82.06952733883253,-0.6783028544921174,102.16395696625113,object,0.53515625
2631,,,,,,,600,632,[],0.0,0.0,0.0,0.0,0.9693540054432058,0.4846770027216029,271.9531025380034,200.63868541780647,2.122083559413999,102.66515891999006,object,0.79296875
2632,,,,,,,524,717,[],0.0,0.0,0.0,0.0,0.9773109344245622,0.4886554672122811,207.10618007012104,111.48464297540973,-0.8168139883108728,102.22898796200752,object,0.55859375
2634,,,,,,,534,728,[],0.0,0.0,0.0,0.0,0.9721632187952098,0.4860816093976049,159.0,107.36415066527779,0.34389656483711495,102.03583398833871,object,0.77734375
2636,,,,,,,675,866,[],0.831926406926407,0.7122208839062355,0.7221004509018036,0.9811521443158612,0.9841813327249459,0.9826667385204035,46.53224107103404,14.367426790933436,0.3587474472430225,101.52189200744033,object,0.5
2638,,,,,,,629,991,[],0.9583240953923993,0.919982972778275,0.9577197527497501,0.9589292012241601,0.9930506011855625,0.9759899012048614,21.37755832643195,6.48018370853544,0.0012628417352128058,102.80692088417709,object,0.6171875
2640,,,,,,,489,712,[],0.0,0.0,0.0,0.0,0.9808815469209508,0.4904407734604754,163.32895964856348,119.7921459401461,-0.26356413166855847,101.60046396777034,object,0.6953125
2646,,,,,,,582,858,[],0.0001865532422953511,9.328532248735984e-05,0.0007508071176514753,0.00010650874969378735,0.9671761203747777,0.48364131456223575,337.0802481253472,163.91711661126638,-0.8581409962828447,101.51154221966863,object,0.73828125
2648,,,,,,,582,859,[],0.0003127443315089914,0.00015639662183296842,0.0015501472639900791,0.00017391606810553226,0.9665350444225074,0.4833544802453065,452.0959513552722,209.0150239284017,-0.8878067444651211,102.10196487605572,object,0.7265625
2654,,,,,,,543,910,[],0.0,0.0,0.0,0.0,0.9744106809562787,0.48720534047813935,513.8160981433513,244.78610012663344,-0.9359460628274479,102.37244190648198,object,0.703125
2658,,,,,,,548,809,[],0.0,0.0,0.0,0.0,0.9731659929982017,0.48658299649910086,228.7045640481585,163.85590428581364,-0.21117586561535825,101.62854404188693,object,0.8203125
2660,,,,,,,469,782,[],0.0,0.0,0.0,0.0,0.9736797192337887,0.48683985961689435,267.0088920262633,119.84785425308898,-0.8093804076679326,101.44993104040623,object,0.6484375
2662,,,,,,,602,764,[],0.0,0.0,0.0,0.0,0.9709280773214289,0.48546403866071447,151.53167936306227,89.54059959999304,-0.12715008431703204,101.56515310518444,object,0.83203125
2664,,,,,,,547,809,[],0.0003982344937443998,0.0001991569024463106,0.0008402184567987676,0.00026096033402922753,0.9829929135153302,0.49162693692467974,183.94353069816376,79.40577642501248,-0.6894137091162144,101.6707350499928,object,0.69921875
2666,,,,,,,583,859,[],0.0,0.0,0.0,0.0,0.9722377632336516,0.4861188816168258,231.21288764533523,163.9161006561323,0.4726958774012519,102.04835399053991,object,0.78515625
2668,,,,,,,581,857,[],0.9320602174519097,0.8727647688412039,0.90210733655325,0.9640704749271893,0.9921681727319434,0.9781193238295663,27.0,6.826614386779616,0.06868710170420139,102.69842902198434,object,0.70703125
267,,,,,,,581,857,[],0.40395861448493026,0.25310033821871475,1.0,0.25310033821871475,1.0,0.6265501691093573,120.35030848714165,82.42441243194634,-0.7468996617812852,101.63702489808202,object,0.671875
2670,,,,,,,548,809,[],0.0,0.0,0.0,0.0,0.9831312222729022,0.4915656111364511,264.9037530222403,133.97418643031057,-0.8699180601678096,102.13724593631923,object,0.74609375
2672,,,,,,,581,857,[],0.0,0.0,0.0,0.0,0.9034840956695407,0.45174204783477034,275.8084470302318,145.80638424350536,8.108025282512928,102.2902789991349,object,0.458984375
2674,,,,,,,547,809,[],0.9264842889811129,0.8630374753451676,0.9457484978169715,0.9079892093795393,0.9970006787308688,0.9524949440552041,19.09312262902133,5.906221339334815,-0.03992529570450301,102.60516707785428,object,0.5078125
2678,,,,,,,600,650,[],0.00017368649587494572,8.685079034219212e-05,0.0004961958319550116,0.00010526685146847258,0.963705923688146,0.48190559526980725,364.69548255599335,154.0835812212517,-0.7878522053405382,100.9165879804641,object,0.8359375
2680,,,,,,,581,857,[],0.0,0.0,0.0,0.0,0.9727308671263004,0.4863654335631502,147.19541183833914,77.81888798313673,0.07544871274262974,102.36581205390394,object,0.58984375
2682,,,,,,,581,859,[],0.0,0.0,0.0,0.0,0.9769680372347017,0.48848401861735086,126.23885827282969,62.719914646059394,0.655036496350365,102.20301779918373,object,0.76953125
2684,,,,,,,581,857,[],0.0012323808056689516,0.0006165703275529866,0.0014674860130239383,0.0010622054039699928,0.9774528118230356,0.48925750861350276,120.73419068671042,67.54893515554377,-0.2761734050321981,102.15535596944392,object,0.8125
2687,,,,,,,583,859,[],0.9390593806583407,0.8851196415130669,0.9117397811074449,0.9680667764291457,0.9890873745716878,0.9785770755004168,27.294688127912362,8.355726630726974,0.06177968373090324,101.9375710748136,object,0.65625
2688,,,,,,,580,858,[],0.0,0.0,0.0,0.0,0.9684785657155321,0.4842392828577661,149.12075643584967,86.11260155698764,-0.068283696653362,103.04368590004742,object,0.8125
269,,,,,,,581,858,[],0.9489446662863662,0.9028493894165536,0.9575854309487676,0.9404584468314745,0.9964728972287982,0.9684656720301363,14.186056983617302,5.020300043903197,-0.017885593873670145,102.98587591387331,object,0.60546875
2692,,,,,,,600,650,[],0.0,0.0,0.0,0.0,0.9800586284039189,0.49002931420195944,257.56348719371607,136.1162845034584,-0.7322828820831484,101.52707202360034,object,0.7734375
2694,,,,,,,548,809,[],0.5600597928604477,0.3889465618666271,0.3931902985074627,0.9729997114472979,0.9130748103552364,0.9430372609012672,129.80754985747168,44.16844136294707,1.474627973123377,101.81602905504405,object,0.61328125
2696,,,,,,,580,858,[],0.0,0.0,0.0,0.0,0.9793337484433375,0.48966687422166877,452.4861132600821,368.89350859618077,-0.37140151515151515,101.70443495735526,object,0.486328125
2698,,,,,,,665,832,[],0.0,0.0,0.0,0.0,0.965899446555225,0.4829497232776125,228.55174434802748,141.6848203684556,-0.1718385814176683,102.9988860245794,object,0.5625
2700,,,,,,,583,858,[],0.9682781097229767,0.9385068969148153,0.9865333530106257,0.9506861978240774,0.9992268390639033,0.9749565184439903,7.615773105863909,2.651672555745465,-0.03633648581383773,101.40448901802301,object,0.79296875
2702,,,,,,,498,829,[],0.0,0.0,0.0,0.0,0.875419879258411,0.4377099396292055,279.06737073522504,148.44432862226358,1.3522754635203467,101.12859192304313,object,0.6640625
2704,,,,,,,583,858,[],0.000533546752034147,0.000266844563042028,0.00036032789838753263,0.0010274852298998202,0.9084107444257823,0.45471911482784105,222.0856748826253,114.71580328061805,1.851528384279476,102.13482612743974,object,0.376953125
2706,,,,,,,547,809,[],0.7864012766324506,0.6479911864527249,0.9921913261141645,0.6513127344168601,0.9992575019467936,0.8252851181818268,102.80733544514129,23.585940342246612,-0.3435613502411145,102.48558409512043,object,0.7265625
2709,,,,,,,665,690,[],0.5080098726831693,0.34049144386549357,1.0,0.34049144386549357,1.0,0.6702457219327468,146.66816282569127,60.83659485604079,-0.6595085561345064,102.3107401560992,object,0.515625
271,,,,,,,600,570,[],0.6998679947197888,0.5383053350563042,0.9956296093963398,0.5395803264127901,0.9989055900408693,0.7692429582268296,134.10723040380628,56.26226145022545,-0.4580511454054254,100.69800214841962,object,0.65625
2710,,,,,,,581,857,[],0.0,0.0,0.0,0.0,0.9762217812460687,0.48811089062303437,325.0,251.61061431487664,1.310984026819168,101.79489781148732,object,0.546875
2712,,,,,,,547,809,[],0.0004955094456488077,0.00024781612043863453,0.00045526974732529026,0.0005435521130588395,0.9798191026831263,0.49018132739809256,106.43304709371405,52.80735411305178,0.193912216333741,102.86141280084848,object,0.65234375
2714,,,,,,,547,809,[],0.0,0.0,0.0,0.0,0.9797625699916751,0.48988128499583755,313.0,253.23405305468503,1.1758214811181953,101.91367100924253,object,0.78515625
2716,,,,,,,581,857,[],0.0,0.0,0.0,0.0,0.968083006442617,0.4840415032213085,256.6641690411701,188.01246824026666,-0.3000046055358541,105.85250100120902,object,0.39453125
2720,,,,,,,663,832,[],0.0,0.0,0.0,0.0,0.9550710684870638,0.4775355342435319,453.74282778346935,217.173049990352,-0.9021091453927275,109.19878887943923,object,0.5859375
2722,,,,,,,580,857,[],0.0,0.0,0.0,0.0,0.9782762817649445,0.48913814088247226,223.2408950656016,166.81567089233883,0.1751274661937486,109.39270304515958,object,0.70703125
2724,,,,,,,594,932,[],0.0,0.0,0.0,0.0,0.9750808649827367,0.48754043249136836,197.0749789339094,118.99851398699222,3.14540507859734,106.72832187265158,object,0.83203125
2726,,,,,,,583,858,[],0.0,0.0,0.0,0.0,0.9743540108281254,0.4871770054140627,272.20139146278706,209.4026008641263,0.33114754098360655,102.15194709599018,object,0.68359375
273,,,,,,,622,781,[],0.006537355649005816,0.003279397117137434,0.029576271186440677,0.003674805993408514,0.9706993917776112,0.4871870988855099,389.8280999386685,181.93098485858386,-0.8757515452085374,102.23502805456519,object,0.341796875
2730,,,,,,,583,859,[],0.0008315143955929737,0.0004159301237392118,0.0008624871974556628,0.0008026890081773943,0.9195758150352222,0.4601892520216998,192.4025706908823,91.1756339894957,-0.06933226308132243,101.0469370521605,object,0.6015625
2732,,,,,,,665,740,[],0.0,0.0,0.0,0.0,0.9771640909112745,0.48858204545563727,383.56002413492223,170.40509150957143,-0.8745480457100631,101.2841931078583,object,0.8671875
2736,,,,,,,664,832,[],0.24719936288824,0.1410310777246017,0.9691419056044127,0.14166723716939367,0.9985913987434232,0.5701293179564084,361.4097392501862,126.01687792374021,-0.853821987935769,103.05508109740913,object,0.5625
2740,,,,,,,582,858,[],0.0,0.0,0.0,0.0,0.9218843631063244,0.4609421815531622,198.829700981747,134.98037630609616,6.150852483320978,103.00778108648956,object,0.515625
2742,,,,,,,471,783,[],0.0,0.0,0.0,0.0,0.9780946275457053,0.48904731377285265,168.59478026767187,90.36888770704336,-0.6050771374026108,101.47748608142138,object,0.8671875
2744,,,,,,,661,630,[],0.0,0.0,0.0,0.0,0.9952244534004765,0.49761222670023825,272.9706943977686,149.25165633529025,-0.9628794741609961,102.30917599983513,object,0.59765625
2746,,,,,,,573,857,[],0.0,0.0,0.0,0.0,0.9775594137897807,0.48877970689489036,229.68827240789804,100.44469263569599,-0.7024075741294689,102.23400313407183,object,0.6953125
2748,,,,,,,581,857,[],0.0,0.0,0.0,0.0,0.9735257713367651,0.48676288566838255,151.48902168039714,86.91723451427944,0.30061411456760295,102.45729889720678,object,0.734375
275,,,,,,,624,810,[],0.2716936611599697,0.15720225926054263,1.0,0.15720225926054263,1.0,0.5786011296302713,295.14809698488546,164.74391906200086,-0.8427977407394573,102.91317896917462,object,0.59375
2750,,,,,,,581,858,[],0.0,0.0,0.0,0.0,0.9722248646502414,0.4861124323251207,162.1736339063053,89.50857208094538,-0.10076325656132834,101.48633713833988,object,0.80078125
2752,,,,,,,581,857,[],0.0,0.0,0.0,0.0,0.9839951971248317,0.49199759856241587,243.1852134289733,181.3333738569303,-0.20909275010125558,103.20021491497755,object,0.71875
2754,,,,,,,464,783,[],0.0,0.0,0.0,0.0,0.9694197256756518,0.4847098628378259,153.3357333902703,88.9079307231509,-0.5620730370245425,101.53662785887718,object,0.56640625
2756,,,,,,,583,998,[],0.01969110924778881,0.009943453437867074,0.012414310562395553,0.04758169934640523,0.8977748908273819,0.4726782950868936,277.9625647230222,118.85395387512453,2.8328104575163398,102.03545889817178,object,0.65234375
2758,,,,,,,602,767,[],0.0,0.0,0.0,0.0,0.9702045971426008,0.4851022985713004,216.09568842817484,142.90674644880187,1.786489252814739,101.8060629721731,object,0.734375
2760,,,,,,,611,805,[],0.6048023918527515,0.433488696024858,0.9989012888252432,0.433695483220865,0.9997084681804483,0.7167019757006566,144.49030950054026,79.05244241172134,-0.5658274865868758,101.83167411014438,object,0.67578125
2762,,,,,,,580,831,[],0.0,0.0,0.0,0.0,0.9813472855836974,0.4906736427918487,214.2126165322894,146.12771341916908,-0.4137791832066205,102.07533882930875,object,0.66015625
2764,,,,,,,581,857,[],0.0,0.0,0.0,0.0,0.9774644150808632,0.4887322075404316,161.26840924293327,103.20452543955528,0.39926507856056764,101.60935902968049,object,0.765625
2766,,,,,,,471,787,[],0.0,0.0,0.0,0.0,0.9646737741325351,0.48233688706626754,167.0855145157987,92.18444052332906,-0.32975914650573845,102.36862697638571,object,0.349609375
2770,,,,,,,582,857,[],0.0,0.0,0.0,0.0,0.979272336590236,0.489636168295118,207.0169074375295,110.92778184669305,-0.6073727559873655,101.97512689046562,object,0.60546875
2772,,,,,,,581,857,[],0.0015102546289304376,0.0007556979626382927,0.002204391147165153,0.0011485803546816135,0.9762344298342333,0.4886915050944574,153.88241829230125,84.75851720288628,-0.47895800790223286,102.22819400951266,object,0.73046875
2776,,,,,,,469,783,[],0.0,0.0,0.0,0.0,0.9647466232529904,0.4823733116264952,197.8392852304834,120.58080952415239,1.6495230194939858,102.40172711201012,object,0.51171875
2780,,,,,,,581,858,[],0.0,0.0,0.0,0.0,0.9774360674932399,0.48871803374661993,162.0,101.57035697648259,0.10506265664160401,102.98627009615302,object,0.515625
2782,,,,,,,580,857,[],0.0,0.0,0.0,0.0,0.9848983354118094,0.4924491677059047,278.01482704010164,149.24979988833073,-0.806502709462276,102.95227007009089,object,0.6328125
2784,,,,,,,600,976,[],0.4331636003487959,0.2764574530214023,0.9992053440611885,0.27651824922859125,0.9999272871045952,0.6382227681665933,207.38370208271505,57.4542747010085,-0.7232618391483923,102.9029181227088,object,0.7109375
2786,,,,,,,581,857,[],0.0,0.0,0.0,0.0,0.909573129104431,0.4547865645522155,291.7260530928349,204.7957959102358,32.26148148148148,103.50116202607751,object,0.54296875
2788,,,,,,,600,760,[],0.0,0.0,0.0,0.0,0.9734683551197021,0.48673417755985104,137.44089638822936,75.85719000555531,-0.23480138734376022,101.73288197256625,object,0.8203125
279,,,,,,,580,857,[],0.0,0.0,0.0,0.0,0.8777979374465325,0.4388989687232662,351.510234689896,202.95793773378773,-0.2734741784037559,101.23039106838405,object,0.76953125
2790,,,,,,,547,809,[],0.0,0.0,0.0,0.0,0.9794562563795626,0.4897281281897813,223.90131738646187,115.92645558456078,-0.7925257085527966,102.3714360781014,object,0.58984375
2796,,,,,,,580,857,[],0.0,0.0,0.0,0.0,0.9600348220524393,0.48001741102621964,391.1265777513712,209.4634960741834,-0.7119147882090662,102.12244093418121,object,0.251953125
2798,,,,,,,548,813,[],0.0,0.0,0.0,0.0,0.975590252528791,0.4877951262643955,226.51843167335522,110.50297439354685,-0.6801620714760533,102.44347900152206,object,0.81640625
2800,,,,,,,393,782,[],0.0,0.0,0.0,0.0,0.8392781738678281,0.41963908693391405,287.5215732065814,157.64729291167833,1.216847172081829,102.51470003277063,object,0.65625
2804,,,,,,,617,720,[],0.0,0.0,0.0,0.0,0.9990637015983687,0.49953185079918433,597.1810184581731,352.25705753764333,-0.9985462026007459,101.79910389706492,object,0.400390625
2806,,,,,,,498,831,[],0.0,0.0,0.0,0.0,0.9572409601944698,0.4786204800972349,310.6790045864609,188.43342370415849,6.141697117336581,102.03689895570278,object,0.53515625
2808,,,,,,,581,857,[],0.0,0.0,0.0,0.0,0.9768562449283829,0.4884281224641914,555.9681102735234,262.2913864576294,-0.9267807268409346,102.05756896175444,object,0.59375
281,,,,,,,581,858,[],0.0,0.0,0.0,0.0,0.9928752471061314,0.4964376235530657,299.125475037305,164.5965005989242,-0.9411710088949138,101.89401591196656,object,0.62109375
2810,,,,,,,581,857,[],0.0,0.0,0.0,0.0,0.9782176538365269,0.48910882691826346,301.4568532489246,240.4866388574142,-0.2736929231618154,102.74712601676583,object,0.74609375
2812,,,,,,,582,858,[],0.0,0.0,0.0,0.0,0.9762087745462552,0.4881043872731276,242.14657708755644,134.03045983698,-0.36075454849871635,102.64154290780425,object,0.58203125
2816,,,,,,,600,650,[],0.9344224805847001,0.87691647351704,0.9529460054479645,0.9166053514706675,0.9924553588790135,0.9545303551748405,26.163879423774528,7.984686584708838,-0.038135060926367925,102.31846501119435,object,0.73828125
2818,,,,,,,600,650,[],0.7327174402884182,0.5781800078233349,0.6127148025324088,0.9111746245236494,0.9723852362987564,0.9417799304112029,106.57390861030167,29.15240223780796,0.48711051333781663,101.54028818942606,object,0.6875
2820,,,,,,,601,653,[],0.0,0.0,0.0,0.0,0.9644108025312862,0.4822054012656431,345.1115278415749,166.09631870236575,-0.8795741923953353,102.01248899102211,object,0.59765625
2822,,,,,,,581,857,[],0.9352599340348673,0.878392730705688,0.9342328208346408,0.9362893081761007,0.9955032749288268,0.9658962915524638,15.8974148309823,6.134036682207281,0.00220125786163522,101.77359287627041,object,0.65625
2824,,,,,,,581,857,[],0.0,0.0,0.0,0.0,0.9802698760029176,0.4901349380014588,281.38318006806196,222.80963554486982,1.235024099150792,102.3271658923477,object,0.6953125
2826,,,,,,,581,857,[],0.0,0.0,0.0,0.0,0.9739548800241714,0.4869774400120857,191.81201236665527,107.32755741658069,-0.4178040429623376,103.08445198461413,object,0.7734375
283,,,,,,,618,721,[],0.8611501846793296,0.7561578121140161,0.9945707428020417,0.7592920070735278,0.9983843046739758,0.8788381558737518,66.77348041706176,23.46555151860632,-0.2365630976290879,101.82830481790006,object,0.78125
2830,,,,,,,581,857,[],0.0,0.0,0.0,0.0,0.9791955987060327,0.48959779935301634,140.9767619238374,80.16236534410419,-0.027052954719877207,102.22974419593811,object,0.59375
2838,,,,,,,581,857,[],0.0,0.0,0.0,0.0,0.9475038276132344,0.4737519138066172,312.852715062699,214.78509164514685,3.7497703472349806,101.99555801227689,object,0.60546875
2840,,,,,,,577,858,[],0.0,0.0,0.0,0.0,0.8903033322926596,0.4451516661463298,341.39317504510217,171.7850827897271,3.651994739149496,102.37410687841475,object,0.6171875
2842,,,,,,,547,809,[],0.00010882280926082107,5.441436539246361e-05,0.0002754062241806665,6.780810306831667e-05,0.9824224992010226,0.49124515365204546,190.30685167807698,90.90380473220287,-0.7537887777589422,102.2154230158776,object,0.59765625
2844,,,,,,,631,928,[],0.002722650046044817,0.001363180755095222,0.5884615384615385,0.0013644815638920722,0.9994077059121468,0.5003860937380195,424.26082775633273,245.8049821687589,-0.9976812731593991,101.57782910391688,object,0.283203125
2846,,,,,,,601,767,[],0.542126049037354,0.37186071448727354,0.5973708068902992,0.4962343726464829,0.9900801672589677,0.7431572699527254,54.60676823333794,22.9291853637097,-0.16930260581412862,102.1964920219034,object,0.435546875
2848,,,,,,,580,856,[],0.6389933166248956,0.469500498733983,0.9966339106357566,0.4702461767041525,0.9997036371371347,0.7349749069206436,109.00550412392386,46.93186886927426,-0.5281655864948639,102.05189906992018,object,0.421875
285,,,,,,,663,832,[],0.19012139032284345,0.10504648726510836,0.8391631252043151,0.10720490461394541,0.9943041315884527,0.550754518101199,285.6043689400926,63.89798593112083,-0.8722478366910561,102.45828796178102,object,0.3984375
2850,,,,,,,618,781,[],0.9420905644284726,0.8905209961753631,0.9228778415169702,0.9621202464414702,0.9805182771454605,0.9713192617934654,20.0,9.671148083386633,0.04252177607818143,102.07689995877445,object,0.6953125
2854,,,,,,,548,809,[],0.0,0.0,0.0,0.0,0.9831656266550001,0.49158281332750003,248.94735738644133,192.776906772837,-0.19143994691439947,102.6704739779234,object,0.6640625
2856,,,,,,,580,856,[],0.6776968272620446,0.5125124413479312,0.5228459530026109,0.9628689728863363,0.9726732377166639,0.9677711053015001,146.7596007757657,40.4969388007422,0.8415920929611326,101.46086616441607,object,0.640625
2860,,,,,,,600,570,[],0.0,0.0,0.0,0.0,0.9691211401425178,0.4845605700712589,203.02572973003421,127.44267125968555,-0.35930047694753575,101.85988596640527,object,0.83984375
2862,,,,,,,580,857,[],0.0,0.0,0.0,0.0,0.9810238508330024,0.4905119254165012,229.87876887088535,125.23556577669049,-0.5137653990358865,101.81683418340981,object,0.65234375
2864,,,,,,,581,858,[],0.0,0.0,0.0,0.0,0.9733179391096453,0.48665896955482263,267.4986862669231,131.4528439964167,-0.7959229701596113,101.95829789154232,object,0.56640625
2867,,,,,,,602,654,[],0.013115145983418631,0.006600858603811763,1.0,0.006600858603811763,1.0,0.5033004293019059,317.386435528347,217.44966791516404,-0.9933991413961882,100.99979606457055,object,0.54296875
287,,,,,,,581,858,[],0.04496438845047456,0.02299926824086678,1.0,0.02299926824086678,1.0,0.5114996341204334,249.11242441917665,166.8433576044453,-0.9770007317591333,102.29666484519839,object,0.6328125
2873,,,,,,,581,856,[],0.0,0.0,0.0,0.0,0.972748820309346,0.486374410154673,258.3849762678255,127.82994592327474,-0.6571732838184697,102.09301090799272,object,0.62109375
2876,,,,,,,600,650,[],0.010448809996639271,0.005251842751842752,0.017402808874414817,0.007465618860510805,0.9736989062776665,0.49058226256908866,189.1167595398442,85.68078924682173,-0.5710106963545077,101.64086008444428,object,0.78515625
2878,,,,,,,548,809,[],0.000726916893828196,0.00036359059698779173,0.0030642309958750736,0.0004123711340206186,0.9777559810877191,0.48908417611086985,309.3622451681527,140.0370954400534,-0.8654242664551943,100.82558100111783,object,0.7890625
2882,,,,,,,541,811,[],0.0,0.0,0.0,0.0,0.9779375862183391,0.4889687931091696,172.05086455367132,122.41149775549702,-0.44782582903244944,101.11295897513628,object,0.8125
2884,,,,,,,583,858,[],0.009040905354997786,0.004540979962528976,0.012917795844625112,0.006953900019451469,0.9772188053789221,0.4920863526991868,153.16477447139854,76.52210317368882,-0.46168060688581986,101.7479719594121,object,0.71875
2886,,,,,,,602,763,[],0.9198007268569561,0.8515102256832874,0.8961250795671547,0.9447613455247043,0.9940043721468527,0.9693828588357785,21.099558999215727,6.444041115076549,0.054273970304504655,102.22833300940692,object,0.66015625
2888,,,,,,,591,781,[],0.0,0.0,0.0,0.0,0.9948166082559726,0.4974083041279863,169.0952394321055,103.6626656293492,-0.8214697074406818,102.70456410944462,object,0.482421875
289,,,,,,,581,856,[],0.0,0.0,0.0,0.0,0.9769284074438485,0.48846420372192423,456.23212257059276,206.87842074249525,-0.9268523798343005,102.36572590656579,object,0.5546875
2890,,,,,,,583,859,[],0.0,0.0,0.0,0.0,0.9743360766148634,0.4871680383074317,229.68598112835934,129.1274532700302,-0.6458419528340918,102.91811916977167,object,0.68359375
2896,,,,,,,664,832,[],0.0,0.0,0.0,0.0,0.9830342016744825,0.49151710083724126,254.5973289089005,152.1317937933102,-0.6089417091114884,102.6928739156574,object,0.70703125
2898,,,,,,,548,813,[],0.0,0.0,0.0,0.0,0.9792566963826622,0.4896283481913311,250.78476827750126,195.92976987306318,0.14363109487211792,102.77515486814082,object,0.6171875
2900,,,,,,,547,809,[],0.0,0.0,0.0,0.0,0.974731580244306,0.487365790122153,452.2322412212557,353.96650067891625,-0.3441953952978438,102.02306881546974,object,0.4609375
2902,,,,,,,603,767,[],0.9630532437232301,0.928739337766136,0.9598556190564335,0.9662722444796422,0.9958648041204188,0.9810685243000306,9.0,4.1033734837312075,0.006684990217087487,101.28342197276652,object,0.75
2906,,,,,,,580,857,[],0.9107050686487045,0.8360500379075056,0.9950372208436724,0.8395508184240579,0.9996654225018575,0.9196081204629577,22.0,7.633091387492298,-0.15626189569851542,102.31780493631959,object,0.482421875
2908,,,,,,,548,809,[],0.15226430785514478,0.08240589198036007,0.9685353118988733,0.08262709380970801,0.999360372715567,0.5409937332626376,97.94386147176351,43.35310282201703,-0.9146886099096248,102.45466884225607,object,0.26953125
291,,,,,,,600,570,[],0.0005461449844263344,0.00027314708116736233,0.006385950908002395,0.00028527109668907236,0.9783357844630286,0.48931052777985884,402.95905499194333,189.87223235795935,-0.9553283292028456,101.74761293455958,object,0.765625
2913,,,,,,,580,857,[],0.0004016870857601928,0.0002008838891120932,0.0007290907197166961,0.0002772057658799303,0.9796654571351058,0.4899713314504929,182.89805652221105,93.09516088668462,-0.619792491683827,101.83815495111048,object,0.625
2914,,,,,,,583,858,[],0.7424610704260691,0.5904080207501995,0.6086386424990359,0.9517166519257055,0.9679766062187066,0.9598466290722061,66.49060083951716,24.64184138284325,0.5636809519980702,102.07987995818257,object,0.6328125
2917,,,,,,,537,807,[],0.0,0.0,0.0,0.0,0.9807899724472907,0.49039498622364536,126.0,63.286533665801564,-0.5314074768545647,101.53542691841722,object,0.80078125
2920,,,,,,,601,765,[],0.9231734292977649,0.8573092960510179,0.876881585549423,0.9746253049843151,0.9955929235328455,0.9851091142585803,19.157137529394213,5.046722173882361,0.11146741024747299,101.25392116606236,object,0.65234375
2922,,,,,,,581,857,[],1.1531232342800475e-05,5.765649413921737e-06,2.057189878625797e-05,8.010766470135863e-06,0.86971065574869,0.4348593332575801,241.68781088240289,116.24184671379737,-0.6105966418866957,103.0413219705224,object,0.65234375
2925,,,,,,,581,858,[],0.0,0.0,0.0,0.0,0.9717348114976893,0.4858674057488446,226.82305537170419,112.26821703124408,-0.5721407529701208,102.40705800242722,object,0.59375
2926,,,,,,,602,922,[],0.0,0.0,0.0,0.0,0.9448639069977047,0.47243195349885236,257.8802867284813,143.87449346468986,-0.07921423560176032,101.99503810144961,object,0.84765625
2928,,,,,,,602,928,[],0.0,0.0,0.0,0.0,0.9189058528141228,0.4594529264070614,247.25127888747886,130.16913547323324,-0.08915747066036084,102.81506716273725,object,0.63671875
2930,,,,,,,529,857,[],0.0,0.0,0.0,0.0,0.9771786254144448,0.4885893127072224,246.3980519403512,191.1586847722327,-0.16776859504132233,101.9235469866544,object,0.7265625
2933,,,,,,,581,858,[],0.0,0.0,0.0,0.0,0.9700513814303553,0.48502569071517765,283.0014134231498,141.56620026039204,-0.7762426714249299,101.77373280748725,object,0.796875
2934,,,,,,,664,738,[],0.0,0.0,0.0,0.0,0.9816307127322168,0.4908153563661084,466.2520733479703,226.4109413190159,-0.9009767993844469,101.85685497708619,object,0.703125
2936,,,,,,,580,857,[],0.013928063300302024,0.007012869495274483,0.01500645438898451,0.012994271342741372,0.9614940631511663,0.4872441672469538,154.67154881655946,80.65835893719327,-0.13408783941129895,101.54182789847255,object,0.546875
2939,,,,,,,580,857,[],0.6530104160946052,0.4847924764208638,1.0,0.4847924764208638,1.0,0.7423962382104319,78.43013159159449,30.93728332860511,-0.5152075235791362,101.78759298287332,object,0.61328125
294,,,,,,,582,496,[],0.9289994425863991,0.8674126602042808,0.925452904837926,0.932573267118976,0.9868907686110806,0.9597320178650284,19.612323474572342,8.237928781593613,0.007693921801776597,101.16545995697379,object,0.76953125
2942,,,,,,,581,857,[],0.0,0.0,0.0,0.0,0.9806909982093789,0.49034549910468944,137.745054146789,77.88218962086391,-0.28923988153998026,102.24644397385418,object,0.765625
2944,,,,,,,547,813,[],0.292485138278625,0.1712928799833494,0.9990068417567866,0.17132205442640325,0.9999770331411773,0.5856495437837903,170.76355380392238,71.53630333434324,-0.8285076265092162,101.00775491446257,object,0.4609375
295,,,,,,,580,858,[],0.8124755971276758,0.6841759168590563,1.0,0.6841759168590563,1.0,0.8420879584295282,66.59429262748267,33.67022487927376,-0.3158240831409436,101.17832920514047,object,0.875
2951,,,,,,,664,831,[],0.9522574740695546,0.9088659193477945,0.9980815347721822,0.9104564678430801,0.9999779787017343,0.9552172232724072,4.0,2.0574513608657674,-0.08779349569782703,102.93344897218049,object,0.71875
2952,,,,,,,601,654,[],0.9264447682020247,0.8629688913633516,0.9239251918634975,0.9289781240635301,0.9973110775178691,0.9631446007906996,10.44030650891055,4.393282473952449,0.005468984117470782,101.98141797445714,object,0.6953125
2954,,,,,,,665,832,[],0.0,0.0,0.0,0.0,0.8591961850247644,0.4295980925123822,328.60308871063916,167.76049187417036,1.2962835512732278,101.84778389520943,object,0.490234375
2956,,,,,,,581,857,[],0.7465023439789041,0.5955354925421105,0.9788220039858814,0.6033092098447513,0.9979504958777548,0.800629852861253,104.18149547047835,27.5343872771206,-0.38363746688570205,102.54230094142258,object,0.53515625
2958,,,,,,,582,858,[],0.0,0.0,0.0,0.0,0.9713444994934165,0.48567224974670825,383.2771825012616,307.3216009302196,-0.057677953450498747,102.97529096715152,object,0.671875
2960,,,,,,,602,765,[],0.0,0.0,0.0,0.0,0.9665235305287191,0.48326176526435954,179.30922482265433,107.2707775461659,-0.3751120980484264,101.44618595950305,object,0.8203125
2962,,,,,,,469,782,[],0.0,0.0,0.0,0.0,0.9443392202539499,0.47216961012697495,275.33897191110395,177.6177044268011,-0.4074932528972853,99.85383995808661,object,0.69921875
2966,,,,,,,547,809,[],0.0,0.0,0.0,0.0,0.9940369117237218,0.4970184558618609,101.59355023976559,56.14058232005667,-0.6900143678160919,101.5676090028137,object,0.765625
2968,,,,,,,580,857,[],0.0,0.0,0.0,0.0,0.9727927648620975,0.48639638243104877,260.8158328907784,195.5828958299291,0.9656646035956381,99.48273212648928,object,0.703125
2970,,,,,,,581,858,[],0.0,0.0,0.0,0.0,0.9821109455672536,0.4910554727836268,183.30848316430968,95.92867188080339,-0.37633093525179856,97.87844493985176,object,0.83203125
2972,,,,,,,582,858,[],0.0,0.0,0.0,0.0,0.9727786487464289,0.48638932437321447,153.7595525487766,98.51965081931698,-0.2888647474198805,98.06343005038798,object,0.7421875
2977,,,,,,,600,650,[],0.0,0.0,0.0,0.0,0.9962110008872973,0.49810550044364865,156.28307643221657,96.34457147477679,-0.9032850438685982,100.1239048782736,object,0.7109375
2978,,,,,,,600,650,[],0.0,0.0,0.0,0.0,0.9734724168568402,0.4867362084284201,295.2634267345549,228.37103224946046,1.5933147632311977,101.8223341088742,object,0.71875
298,,,,,,,498,829,[],0.0,0.0,0.0,0.0,0.9641082844801745,0.48205414224008725,315.76953598150277,246.15784055009476,1.5013698630136987,102.38586692139506,object,0.65625
2980,,,,,,,581,857,[],0.0,0.0,0.0,0.0,0.9723016977918125,0.48615084889590626,170.0,102.62224262777576,-0.16237921947546743,99.1608239710331,object,0.79296875
2982,,,,,,,580,857,[],0.0,0.0,0.0,0.0,0.9680045316835968,0.4840022658417984,189.66811473065724,113.2891396024116,-0.4134645301804605,99.6866759378463,object,0.84765625
2984,,,,,,,565,781,[],0.9508894510701522,0.9063767894051903,0.9261576971214017,0.9769782985394835,0.9978002824213671,0.9873892904804253,6.0,2.8388437632659054,0.054872514233847675,99.72090716473758,object,0.5546875
2987,,,,,,,498,829,[],0.0,0.0,0.0,0.0,0.9648794537457017,0.48243972687285086,181.02817421583867,99.2743082637686,2.1627701808557567,98.41342689469457,object,0.74609375
299,,,,,,,547,809,[],0.0,0.0,0.0,0.0,0.9738275609388133,0.48691378046940664,286.1766040682345,142.78770172537665,-0.8638039562041749,98.48842909559608,object,0.6796875
2990,,,,,,,507,808,[],0.0,0.0,0.0,0.0,0.9770006387330717,0.4885003193665359,165.92090659981116,115.60977533992644,0.26819240783883785,98.19193207658827,object,0.80078125
2993,,,,,,,580,856,[],0.0,0.0,0.0,0.0,0.9824992228784581,0.4912496114392291,302.39378300487596,242.64932213928506,-0.39375448671931085,101.37342382222414,object,0.6796875
2994,,,,,,,581,857,[],0.0,0.0,0.0,0.0,0.9740522730715045,0.4870261365357523,204.9358421955653,135.27800410851506,-0.21582643591672937,100.37421202287078,object,0.6171875
2997,,,,,,,602,765,[],0.0,0.0,0.0,0.0,0.9653117071854644,0.4826558535927322,231.12587753411992,133.3971903459058,-0.2137314353255563,99.48922181501985,object,0.77734375
2998,,,,,,,591,746,[],0.8861313694930579,0.7955438776382124,0.9907156158552807,0.8015194886253578,0.9991151631623917,0.9003173258938748,24.58860311167416,12.725746698272628,-0.19096915825495556,98.74848509207368,object,0.443359375
30,,,,,,,457,514,[],0.0,0.0,0.0,0.0,0.9782275123101464,0.4891137561550732,95.0,57.04789197458387,0.19766332856461613,97.8150439914316,object,0.703125
3000,,,,,,,581,856,[],0.0,0.0,0.0,0.0,0.9827730142084593,0.49138650710422965,239.23210486889087,182.5784053063305,-0.23877884790114484,97.73957193829119,object,0.73828125
3002,,,,,,,469,782,[],0.0,0.0,0.0,0.0,0.9580396386754406,0.4790198193377203,185.18585228905525,103.39722976914665,0.8896698882891929,98.80488598719239,object,0.7109375
3004,,,,,,,601,654,[],0.0,0.0,0.0,0.0,0.9791783104324626,0.4895891552162313,300.00985337978665,236.3945570551864,-0.425098267578978,99.72912701778114,object,0.65625
3006,,,,,,,519,806,[],0.0,0.0,0.0,0.0,0.9791252869397125,0.48956264346985623,286.54406223196423,231.79320597822098,0.9352598566308243,102.33377595432103,object,0.65625
3008,,,,,,,547,809,[],0.0,0.0,0.0,0.0,0.9767812856704089,0.48839064283520445,263.0984494493607,200.12470763305092,0.6241782908449575,97.21647016704082,object,0.6953125
301,,,,,,,547,808,[],0.0,0.0,0.0,0.0,0.9761089416727139,0.48805447083635695,194.0973980093622,104.11699002297854,-0.671198102809045,97.85825503058732,object,0.69921875
3012,,,,,,,582,859,[],0.0,0.0,0.0,0.0,0.9755692825939954,0.4877846412969977,216.7048525083298,125.30824443857328,-0.3397982062780269,98.94213895313442,object,0.77734375
3014,,,,,,,611,781,[],0.006668119003191983,0.0033452126395818486,0.011499134298128124,0.004695461942747379,0.9247709615265088,0.4647332117346281,276.9566753122228,126.43476997465714,-0.5916682229277272,98.56813191436231,object,0.37890625
3016,,,,,,,581,858,[],0.0,0.0,0.0,0.0,0.9769927858563965,0.48849639292819824,283.2756525171316,216.75686910796773,1.9072560040878896,98.64207217469811,object,0.77734375
3018,,,,,,,547,812,[],0.7396075823079481,0.5868073878627968,0.993054177416154,0.5892257874595231,0.9998361342668999,0.7945309608632115,34.118886698576816,16.272232160399305,-0.4066529290550486,98.54516107589006,object,0.6015625
3020,,,,,,,412,806,[],0.0,0.0,0.0,0.0,0.9140342013809152,0.4570171006904576,177.01848204608015,89.57255004248833,4.126163958371372,101.86313604936004,object,0.66015625
3024,,,,,,,413,742,[],0.0,0.0,0.0,0.0,0.9723716076025786,0.4861858038012893,153.9642748621915,75.84543166505395,-0.5631446126837832,97.68866118974984,object,0.52734375
3026,,,,,,,600,760,[],0.0,0.0,0.0,0.0,0.9695954530725098,0.4847977265362549,229.03886119661095,136.1436368069256,-0.5178736460759307,97.99908800050616,object,0.7734375
3030,,,,,,,601,653,[],0.0,0.0,0.0,0.0,0.96664347739323,0.483321738696615,280.8166661720775,177.19295415282807,-0.6197952865356668,98.09566009789705,object,0.734375
3032,,,,,,,547,809,[],0.0,0.0,0.0,0.0,0.9796766006203145,0.48983830031015724,245.47097415745074,161.22523400347362,-0.47886815171583386,98.0652398429811,object,0.80859375
3034,,,,,,,548,809,[],0.0,0.0,0.0,0.0,0.9780063771463525,0.48900318857317626,240.46891682657255,180.9679331373465,0.8512968299711815,98.57487096451223,object,0.80859375
3036,,,,,,,548,809,[],0.0,0.0,0.0,0.0,0.9768136622047066,0.4884068311023533,216.3750149247987,147.8814674974049,4.618551042810099,98.77882618457079,object,0.84765625
3038,,,,,,,663,832,[],0.0,0.0,0.0,0.0,0.9778530641034299,0.48892653205171493,175.0,94.15707100749151,-0.36321467098166127,101.54028702527285,object,0.71875
304,,,,,,,498,830,[],0.0,0.0,0.0,0.0,0.9765458311621311,0.48827291558106556,482.34219302720106,331.4830097080383,-0.6723169980803361,102.7668658643961,object,0.42578125
3046,,,,,,,641,834,[],0.9577150151587681,0.9188609920391917,0.9810395554102648,0.9354738154613467,0.9998908514714351,0.9676823334663909,3.0,1.3042999507078292,-0.04644638403990025,102.74193505756557,object,0.72265625
3048,,,,,,,547,808,[],0.0,0.0,0.0,0.0,0.9552369586719993,0.47761847933599966,421.7149403080159,218.768500026475,-0.7618407504862144,102.1039211191237,object,0.703125
3050,,,,,,,541,807,[],0.0,0.0,0.0,0.0,0.9763203754908567,0.48816018774542835,142.44223609436324,86.239234784592,0.6392150554930031,102.38740709610283,object,0.67578125
3052,,,,,,,581,858,[],0.0,0.0,0.0,0.0,0.9915914083475714,0.4957957041737857,183.16146394105633,87.30308488501628,-0.39720034995625547,102.05568000674248,object,0.6484375
3054,,,,,,,392,513,[],0.5950976357067728,0.42358647179453796,0.7993734258861109,0.47397559643052267,0.9811910781439868,0.7275833372872547,72.25232479702943,30.384583213878397,-0.40706610817701694,101.55898914672434,object,0.734375
3058,,,,,,,589,901,[],0.0,0.0,0.0,0.0,0.9759641323758501,0.48798206618792506,245.10670845821005,169.114549782275,1.9361800881875144,101.70250106602907,object,0.61328125
3061,,,,,,,543,809,[],0.0023669856951734074,0.001184895162536706,0.0040365040365040366,0.0016744321490972628,0.9866643481039875,0.4941693901265424,143.16441505177397,60.657078899963935,-0.5851776354105999,102.15277201496065,object,0.419921875
3062,,,,,,,548,809,[],0.7906652734238941,0.6538018433179723,0.6896410155351923,0.9263671056404826,0.9525149560677288,0.9394410308541057,151.44457326988618,25.771248013827705,0.34325987691085963,103.03655080497265,object,0.55078125
3064,,,,,,,600,765,[],0.0,0.0,0.0,0.0,0.968516713816692,0.484258356908346,222.18640818003723,138.5222916421806,-0.632685726901424,101.51001811027527,object,0.578125
3068,,,,,,,600,711,[],0.0,0.0,0.0,0.0,0.9934188451935906,0.4967094225967953,264.0574706844888,164.4194102787528,-0.9482066742904668,102.5435901246965,object,0.412109375
307,,,,,,,471,783,[],0.9193530898384393,0.850743273490684,0.9926334179859873,0.8561486360529422,0.9986564658811318,0.9274025509670369,31.400636936215164,10.423459051641066,-0.13749766979432052,101.11113800667226,object,0.85546875
3070,,,,,,,600,760,[],0.9292096955428327,0.8677793324005597,0.9994244935543278,0.8682131786821318,0.9999887892125319,0.9341009839473318,7.218003284763234,3.6092467944480306,-0.1312868713128687,102.555010933429,object,0.60546875
3073,,,,,,,600,650,[],0.0,0.0,0.0,0.0,0.9508735065529829,0.47543675327649143,297.40544715926103,210.57036282723226,-0.02974195264698058,102.28102491237223,object,0.79296875
3076,,,,,,,498,831,[],0.0,0.0,0.0,0.0,0.9991339128632446,0.4995669564316223,454.91174710182554,395.542659307677,-0.9590288315629742,100.46602296642959,object,0.375
3078,,,,,,,532,858,[],0.005698766751257736,0.002857525561459124,0.01374127750939345,0.003594798775521667,0.978170317619859,0.49088255819769033,228.44670990531785,107.75678256371205,-0.7383941359844974,101.25148203223944,object,0.75
3080,,,,,,,588,858,[],0.0,0.0,0.0,0.0,0.9721553747173365,0.48607768735866824,234.067472728962,117.76130155221612,-0.6396894255477881,101.76793299615383,object,0.84765625
3082,,,,,,,581,858,[],0.0,0.0,0.0,0.0,0.9662502494024521,0.48312512470122604,234.30962403088526,152.35091791118575,1.2633806663025668,102.50419983640313,object,0.7890625
3084,,,,,,,669,831,[],0.0,0.0,0.0,0.0,0.9744396135176435,0.48721980675882176,235.53301242414213,171.6012604290338,-0.062169491525423726,102.37582703121006,object,0.6875
3086,,,,,,,587,857,[],0.008296927199970631,0.00416574504165745,0.009201205113590098,0.007554485893836074,0.9750707333113433,0.4913126096025897,127.48839352170981,64.66741841592662,-0.17896777644070064,101.79093410260975,object,0.75390625
3088,,,,,,,586,857,[],0.0,0.0,0.0,0.0,0.964691795149759,0.4823458975748795,219.78258338488808,146.8433082506083,0.008417211136617812,101.47157614119351,object,0.7109375
3090,,,,,,,546,856,[],0.0,0.0,0.0,0.0,0.9988942916719268,0.4994471458359634,359.10416137783903,305.38117197609523,-0.936036262906069,102.02529886737466,object,0.310546875
3091,,,,,,,587,857,[],0.0,0.0,0.0,0.0,0.9770026720665955,0.48850133603329776,132.293608883635,78.57944032625417,-0.1449605343047966,102.12377109564841,object,0.671875
3093,,,,,,,582,858,[],0.020777629233511587,0.010497875094987476,0.025539198904484764,0.01751255927508334,0.9702294914623152,0.49387102536869926,144.81452592820696,73.1572621686087,-0.31428705573031596,102.54927002824843,object,0.6953125
3097,,,,,,,587,858,[],0.0,0.0,0.0,0.0,0.9656225639430678,0.4828112819715339,279.07033145478863,193.57731346340387,7.3420416061925495,101.56196891330183,object,0.8359375
3099,,,,,,,588,858,[],0.0,0.0,0.0,0.0,0.9775159420800451,0.48875797104002255,309.02475627116786,157.36745265946018,-0.7972398729150119,102.63257194310427,object,0.7890625
3102,,,,,,,588,857,[],0.0,0.0,0.0,0.0,0.9739346420876227,0.48696732104381135,151.64761785138597,83.26026571935974,3.882286995515695,101.4234060421586,object,0.77734375
3103,,,,,,,582,858,[],0.0005197505197505198,0.0002599428125812321,0.001459245361684386,0.0003161841094900402,0.9789486637455557,0.4896324239275229,215.01209252021903,114.40059789245637,-0.7833235466823253,102.45258803479373,object,0.59765625
3105,,,,,,,568,857,[],0.9526815132388552,0.9096387825493689,0.9679748316056952,0.9378639259056626,0.9982783556344823,0.9680711407700724,9.0,3.896486676662477,-0.031107116339051936,102.12007095105946,object,0.64453125
3107,,,,,,,586,856,[],0.0,0.0,0.0,0.0,0.980698272002682,0.490349136001341,406.0162516820925,318.2734316231751,-0.24081370105330868,102.0218578632921,object,0.62109375
311,,,,,,,656,919,[],0.30247257285860263,0.17818420369676172,1.0,0.17818420369676172,1.0,0.5890921018483809,210.03105229629858,115.16782404427879,-0.8218157963032383,102.3288348224014,object,0.412109375
3111,,,,,,,588,857,[],0.008342222586909549,0.004188582336542291,0.02365808253180267,0.00506392163373734,0.9716308380250898,0.48834737982941356,263.3926712585205,120.72166720687704,-0.7859538435995351,102.73313405923545,object,0.76953125
3113,,,,,,,588,858,[],0.0,0.0,0.0,0.0,0.9771427309467547,0.4885713654733774,260.23162320494276,201.12972450937258,0.7753001715265866,101.41980508342385,object,0.8828125
3115,,,,,,,586,856,[],0.0,0.0,0.0,0.0,0.98000619394379,0.490003096971895,418.73374926223266,342.3741887845748,-0.09256519326798594,102.15411218814552,object,0.46484375
3117,,,,,,,588,858,[],0.0,0.0,0.0,0.0,0.973653144451599,0.4868265722257995,266.81866400258383,135.45275467646016,-0.7941299790356394,102.05806000158191,object,0.58984375
3121,,,,,,,587,858,[],0.0,0.0,0.0,0.0,0.9718415010353425,0.48592075051767125,336.2170345260449,254.05914308616352,1.085705768370845,102.48988913372159,object,0.8125
3124,,,,,,,586,856,[],0.004101120156699517,0.0020547735148894407,0.005544521681562397,0.003254006799417193,0.9750179823959619,0.4891359945976896,163.19435960397533,81.50558307505597,-0.41311316172899465,102.15874202549458,object,0.66796875
3127,,,,,,,580,856,[],0.20084813244199182,0.11163489645518547,0.1660491748063321,0.2540998969168775,0.94267770626639,0.5983888015916338,181.62419783642346,73.93308809703174,0.5302689532377471,102.04769903793931,object,0.515625
313,,,,,,,581,857,[],0.9132139020353648,0.8402885386053968,0.9970834390058331,0.8423589908404306,0.9999040162921911,0.9211315035663108,13.152946437965905,5.747480487854046,-0.15517703144249825,101.63566004484892,object,0.6875
3133,,,,,,,618,724,[],0.0,0.0,0.0,0.0,0.9764176599289724,0.4882088299644862,317.22743028763006,166.93554638669926,-0.7669236943883632,102.43402817286551,object,0.447265625
3141,,,,,,,660,896,[],0.0,0.0,0.0,0.0,0.8995795717967546,0.4497897858983773,323.39231640099547,160.94934219543558,0.5613387060667114,102.71303402259946,object,0.6484375
3143,,,,,,,660,896,[],0.0,0.0,0.0,0.0,0.9172619716774486,0.4586309858387243,417.28124752483,292.2978155411438,10.386544772620722,102.55386098288,object,0.578125
3149,,,,,,,660,720,[],0.0,0.0,0.0,0.0,0.9621714394367747,0.4810857197183874,314.90274474469936,132.87536338907108,-0.7997404042277025,102.77644614689052,object,0.498046875
3151,,,,,,,679,1024,[],0.6103364937720765,0.4391973244147157,0.4438885884261763,0.9765020820939917,0.9819923818975205,0.9792472319957561,72.77497695346348,26.815178718530614,1.199881023200476,101.31922294385731,object,0.70703125
3153,,,,,,,600,814,[],0.0,0.0,0.0,0.0,0.948887335646702,0.474443667823351,185.13828015685445,110.7818055493601,6.30621868552903,102.71023400127888,object,0.474609375
3155,,,,,,,660,1031,[],0.0,0.0,0.0,0.0,0.9821092863223609,0.49105464316118047,171.71196813268432,99.61977382579573,2.142523364485981,102.59271087124944,object,0.7421875
3157,,,,,,,660,896,[],0.00035905210244953324,0.00017955828661492728,0.0005644402634054562,0.0002632579635533975,0.9713984704930066,0.48583086422828003,213.2545424807669,103.18624403461345,-0.5335946412378975,102.0335890352726,object,0.765625
3159,,,,,,,660,896,[],0.0,0.0,0.0,0.0,0.9731416327619555,0.48657081638097777,507.2746723241217,231.55277312837407,-0.884517493547462,102.90113906376064,object,0.64453125
316,,,,,,,580,857,[],0.9679708026212213,0.9379296681525507,0.9957722482805039,0.9416795958149342,0.998986159309176,0.9703328775620551,13.0,5.239454705190336,-0.054322313720809964,102.03145910054445,object,0.86328125
3161,,,,,,,660,896,[],0.0,0.0,0.0,0.0,0.9733479090965079,0.48667395454825396,253.01630379790123,171.67323818182396,1.281634446397188,102.09768102504313,object,0.79296875
3163,,,,,,,660,896,[],0.0006930424563835237,0.00034664134677698903,0.002702385148631183,0.00039749062440592434,0.9840898824173332,0.4922436865208696,294.0490552066544,130.9287310148881,-0.8529111867687469,103.81056903861463,object,0.6484375
3165,,,,,,,660,896,[],0.0,0.0,0.0,0.0,0.9752763651123367,0.48763818255616836,151.60539508474625,77.81628742755261,1.9005602240896358,102.08715102635324,object,0.79296875
3167,,,,,,,679,1024,[],0.7372368350565168,0.583828270829798,0.925114278031729,0.612788315967584,0.9991857522728037,0.8059870341201938,28.77147071767787,13.549384632629465,-0.337607979339211,101.97552805766463,object,0.62890625
3169,,,,,,,660,716,[],0.0017221893331898176,0.0008618367896579585,0.001472347474003865,0.002074150894477573,0.9766567852579133,0.48936546807619546,116.05851892921237,60.92269163939472,0.40873736064298677,103.05556189268827,object,0.71875
317,,,,,,,601,766,[],0.013860578883000407,0.0069786535303776685,0.010838066535296164,0.01922088601089526,0.9621269447471025,0.49067391537899885,149.3907610326179,66.97420662970025,0.773460787336828,101.30226286128163,object,0.84765625
3171,,,,,,,660,898,[],0.0,0.0,0.0,0.0,0.9893561557576291,0.49467807787881457,213.3653156446006,164.6589626145674,2.2818371607515657,103.28002693131566,object,0.6171875
3173,,,,,,,660,1031,[],0.0,0.0,0.0,0.0,0.984983674590339,0.4924918372951695,286.75241455721647,163.5403242347199,-0.6069488817891374,102.67488402314484,object,0.78125
3175,,,,,,,660,896,[],0.007002392484098734,0.003513497686947356,0.005715918833952558,0.009036144578313253,0.9821504309755097,0.4955932877769115,110.11857143808992,53.71753153240153,0.5808734939759036,103.80480904132128,object,0.53515625
3179,,,,,,,679,1024,[],0.0,0.0,0.0,0.0,0.982596352865867,0.4912981764329335,159.1650083376137,102.62582798166254,-0.058781589162639626,103.00192097201943,object,0.76953125
3181,,,,,,,679,1024,[],0.007211028632025451,0.0036185610898254576,0.005781329705832341,0.009580163426317272,0.9830077971746504,0.49629398030048383,122.0,61.5879837950037,0.6570865032403493,101.83159401640296,object,0.8046875
3183,,,,,,,580,745,[],0.0,0.0,0.0,0.0,0.9708560976993024,0.4854280488496512,167.28777598261962,104.43285918214619,0.382003585835948,101.70231107622385,object,0.83984375
3185,,,,,,,507,751,[],0.0,0.0,0.0,0.0,0.9729455983536308,0.4864727991768154,124.88330095514857,64.46111350257586,0.17860486891385768,101.47280595265329,object,0.765625
3187,,,,,,,589,743,[],0.0,0.0,0.0,0.0,0.9741158752127265,0.48705793760636323,346.66301697487336,278.9863545769483,2.321513002364066,101.17136011831462,object,0.70703125
3189,,,,,,,531,745,[],0.0,0.0,0.0,0.0,0.973229359477656,0.486614679738828,195.77167805196964,130.6667853288209,3.595809690091663,101.50059615261853,object,0.7734375
3191,,,,,,,589,752,[],0.0,0.0,0.0,0.0,0.9764275681134857,0.48821378405674287,245.7579819608956,173.1588428785246,-0.16867272578400067,101.21372109279037,object,0.75
3193,,,,,,,589,745,[],0.0,0.0,0.0,0.0,0.9752948040075888,0.4876474020037944,161.61682120783047,94.80778942442437,2.134946079860099,101.23502090573311,object,0.7890625
3195,,,,,,,582,592,[],0.05937862738527142,0.030597739581352045,1.0,0.030597739581352045,1.0,0.5152988697906761,255.5562193097933,169.32642878251846,-0.969402260418648,101.43260494805872,object,0.34375
3197,,,,,,,587,745,[],0.0,0.0,0.0,0.0,0.9840490826071997,0.49202454130359985,147.1421079551995,103.7262048486498,-0.044828066267576225,101.75177291966975,object,0.7421875
3199,,,,,,,420,743,[],0.0,0.0,0.0,0.0,0.9747815206425324,0.4873907603212662,129.68961330517934,80.17393389874887,0.13755910165484633,101.41172492876649,object,0.57421875
32,,,,,,,416,523,[],0.8837763310326823,0.7917555912878235,0.9987829614604462,0.792520191970034,0.9998200615062488,0.8961701267381414,31.0,11.047836693305886,-0.20651410511529908,100.96660489216447,object,0.78515625
3201,,,,,,,464,745,[],0.011222790898439909,0.005643060895448344,0.01146817895400126,0.010987684134267085,0.976751492302859,0.493869588218563,101.17629126955272,56.78606711277291,-0.04189809224824922,102.02261805534363,object,0.765625
3203,,,,,,,526,754,[],0.8859421605498639,0.7952389267213783,0.9783044536732064,0.8095153454200734,0.998329879178058,0.9039226122990658,36.98917334913933,10.924580835001864,-0.17253229055575306,101.080107036978,object,0.71875
3205,,,,,,,582,752,[],0.0,0.0,0.0,0.0,0.9770153029079726,0.4885076514539863,199.16273288942293,137.70447279953763,0.08028076332529063,102.49197902157903,object,0.76171875
3208,,,,,,,582,743,[],0.8457511479989148,0.7327286022703531,0.9875862392640916,0.7395399511483649,0.9985912829976645,0.8690656170730147,56.0,19.089695043729197,-0.25116418015358394,101.6278201714158,object,0.7265625
3209,,,,,,,582,752,[],0.7843804628439783,0.6452516094624967,0.9821982546171465,0.6528869873573852,0.9984084028036996,0.8256476950805424,101.51847122568385,23.33313632095048,-0.33527983348751156,101.39664402231574,object,0.67578125
3211,,,,,,,589,751,[],0.0,0.0,0.0,0.0,0.9845132370062487,0.49225661850312435,260.02884225113564,142.2203652787211,-0.9365150729148655,101.38128395192325,object,0.79296875
3213,,,,,,,582,744,[],0.0,0.0,0.0,0.0,0.9753765162157495,0.48768825810787475,247.52656408561361,184.9403229790569,1.3585158694680375,102.17509209178388,object,0.78515625
3215,,,,,,,520,745,[],0.0,0.0,0.0,0.0,0.9716521502085933,0.48582607510429665,181.21892782475928,123.12481735678644,-0.19807968549179708,100.86800321005285,object,0.79296875
3217,,,,,,,589,743,[],0.0,0.0,0.0,0.0,0.9786233843459776,0.4893116921729888,259.44842871488976,210.8551101410235,-0.1285550677610231,101.26674198545516,object,0.6171875
3219,,,,,,,633,592,[],0.0019203831729248566,0.0009611144404617873,0.005357705641348881,0.0011698481949930497,0.9477616634169433,0.47446575580596817,263.2128416320146,133.13703078873195,-0.7816512751345326,101.65933100506663,object,0.71484375
3222,,,,,,,632,592,[],0.9043624834450376,0.8254212454212454,0.8566323685944549,0.957725327968719,0.9833053465977671,0.9705153372832431,41.31642331920264,10.758734778797757,0.11801207038222877,102.26333397440612,object,0.58203125
3223,,,,,,,548,795,[],0.0,0.0,0.0,0.0,0.9720839445143854,0.4860419722571927,365.66733382718996,292.16200533743677,3.386569872958258,102.33760601840913,object,0.75390625
3225,,,,,,,625,847,[],0.8127568986062205,0.6845749599657172,0.6980359689066741,0.9726023007658539,0.9736434295257824,0.9731228651458181,83.00271074500483,27.259025235861095,0.393341237542859,101.95518704131246,object,0.50390625
3227,,,,,,,631,847,[],0.0,0.0,0.0,0.0,0.970150115354403,0.4850750576772015,267.9655745925292,138.0220323269122,-0.7071009508395711,102.53300005570054,object,0.7890625
3229,,,,,,,426,364,[],0.962842419311093,0.928347280334728,0.9828349944629015,0.9436469962785752,0.9997976276740892,0.9717223119763322,2.23606797749979,0.8834634619164587,-0.03987240829346093,100.88863293640316,object,0.62890625
323,,,,,,,600,650,[],0.8060223950357008,0.6750732942430704,0.6979299417903765,0.9537324672879601,0.9762172071353802,0.9649748372116702,57.99006920332369,17.62775880158981,0.3665160500800151,101.23788099735975,object,0.71875
3231,,,,,,,625,847,[],0.0,0.0,0.0,0.0,0.9718109289553702,0.4859054644776851,257.84025856807637,200.23466046229652,-0.05578000781962726,103.1398440245539,object,0.82421875
3233,,,,,,,540,805,[],0.0,0.0,0.0,0.0,0.9704861715585577,0.4852430857792788,329.1432816040013,248.4671570659703,2.272844272844273,101.4444560278207,object,0.69140625
3235,,,,,,,631,847,[],0.0,0.0,0.0,0.0,0.9798352108241762,0.4899176054120881,246.2448772863802,176.64652281834105,-0.224739833198022,102.1138799842447,object,0.7265625
3237,,,,,,,404,742,[],0.0,0.0,0.0,0.0,0.9717471805205355,0.4858735902602678,136.02113778068568,80.4057962898043,-0.47854871162458623,100.85068200714886,object,0.7578125
3239,,,,,,,589,745,[],0.9315654199995196,0.8718974820143884,0.8814090909090909,0.9877744383882635,0.9937758544184515,0.9907751464033575,13.379035964562537,5.235164729877031,0.12067648107584943,103.0553721357137,object,0.7578125
3241,,,,,,,433,590,[],0.14159846190725459,0.07619368527459106,1.0,0.07619368527459106,1.0,0.5380968426372955,278.29372711024394,164.18046549781812,-0.923806314725409,101.08360811136663,object,0.359375
3243,,,,,,,426,415,[],0.8630751964085297,0.7591312931885489,0.9976564134756225,0.7604874469646218,0.9996149694381992,0.8800512082014105,45.60043431826324,11.502089773366475,-0.23772609819121446,101.00598610006273,object,0.734375
3246,,,,,,,426,415,[],0.0,0.0,0.0,0.0,0.9105936581101486,0.4552968290550743,236.46814819727035,132.88797857473233,-0.47662247034194,99.79902906343341,object,0.3984375
3249,,,,,,,619,772,[],0.0,0.0,0.0,0.0,0.9629297883095806,0.4814648941547903,238.20341648110934,137.10456619117315,-0.3768634466308885,100.35717091523111,object,0.64453125
325,,,,,,,665,834,[],0.0,0.0,0.0,0.0,0.9746906399622361,0.4873453199811181,357.9071107008358,178.9947324107837,-0.8500287205614245,101.37152392417192,object,0.69140625
3250,,,,,,,426,415,[],0.0,0.0,0.0,0.0,0.968081076513337,0.4840405382566685,97.12000471647069,58.49369633996442,0.05347182150413541,100.75010010041296,object,0.74609375
3252,,,,,,,581,883,[],0.9439581972566949,0.8938644235526967,0.9014471057884231,0.9906772689882095,0.9992245413996733,0.9949509051939414,4.123105625617661,1.7854315942164374,0.09898546750754045,102.16560191474855,object,0.73046875
3254,,,,,,,580,743,[],0.5246534479733287,0.3556137012369172,0.3810211536827797,0.84209538114908,0.9653285366225065,0.9037119588857933,111.34849199532017,30.995455188527487,1.2101013894104393,102.84887696616352,object,0.66015625
3256,,,,,,,566,745,[],0.7650273224043715,0.6194690265486725,0.9987029831387808,0.6199677938808373,0.9999879651470659,0.8099778795139516,18.973665961010276,8.82754869643037,-0.37922705314009664,101.54389799572527,object,0.55859375
3258,,,,,,,585,746,[],0.6736992385786802,0.5079535940676952,0.5476749284295773,0.8750566613095974,0.9574468085106383,0.9162517349101178,129.47430757562236,30.199067598572935,0.5977665141962336,101.46620683372021,object,0.72265625
3260,,,,,,,610,590,[],0.0,0.0,0.0,0.0,0.9713100712289243,0.48565503561446216,198.19598724856917,100.43549401096219,-0.6486566065513434,101.23253101482987,object,0.765625
3262,,,,,,,528,742,[],0.0,0.0,0.0,0.0,0.977397280096399,0.4886986400481995,143.4705320350612,85.41054261623121,-0.265035503464796,100.18046712502837,object,0.82421875
3264,,,,,,,589,745,[],0.0,0.0,0.0,0.0,0.8994739488736169,0.44973697443680843,265.2523194374841,148.8142553433307,12.282766990291263,109.17584015987813,object,0.671875
3266,,,,,,,582,744,[],0.0,0.0,0.0,0.0,0.9709999780919325,0.48549998904596625,473.4384859725707,226.4163166605943,-0.918354759408235,109.69416098669171,object,0.7890625
3269,,,,,,,582,744,[],0.0,0.0,0.0,0.0,0.9430483921443092,0.4715241960721546,197.83755311164086,101.41054102995133,0.6547511626292775,109.0036858804524,object,0.5546875
327,,,,,,,581,858,[],0.0,0.0,0.0,0.0,0.8944724304105064,0.4472362152052532,318.15946437632454,208.4605243388124,-0.21379170056956875,102.57349093444645,object,0.5703125
3272,,,,,,,587,752,[],0.0,0.0,0.0,0.0,0.9830670487106017,0.49153352435530084,241.9962808488567,185.5949656800351,0.42771550057982216,101.64073994383216,object,0.77734375
3274,,,,,,,589,743,[],0.0,0.0,0.0,0.0,0.9554012700504654,0.4777006350252327,212.10962159278887,94.05329855843212,0.19429986035292623,101.14498995244503,object,0.734375
3282,,,,,,,589,743,[],0.21635197521831587,0.12129746015601761,0.7625237506408903,0.12605951217566463,0.9667852005585014,0.546422356367083,148.73531458047876,48.105542991532225,-0.834681199018767,102.39762696437538,object,0.462890625
3284,,,,,,,548,806,[],0.0,0.0,0.0,0.0,0.9738007762562336,0.4869003881281168,293.0494805191415,230.54902333023185,0.505891698662783,102.65762289054692,object,0.72265625
3286,,,,,,,526,806,[],0.0,0.0,0.0,0.0,0.9830282600092499,0.49151413000462496,222.04166211508348,172.39639203189418,0.5841121495327103,101.5241879504174,object,0.7578125
3288,,,,,,,589,746,[],0.9338089575901705,0.8758364312267658,0.9461847389558233,0.9217527386541471,0.9987510776615327,0.9602519081578399,8.246211251235321,3.4690963826579044,-0.025821596244131457,101.0549571365118,object,0.65234375
329,,,,,,,594,739,[],0.0,0.0,0.0,0.0,0.9941384776860379,0.49706923884301896,432.54456409503746,233.71297713658015,-0.9840358303149573,102.74774488061666,object,0.65625
3290,,,,,,,431,743,[],0.0,0.0,0.0,0.0,0.9731908991238464,0.4865954495619232,199.0226117806718,141.38178890939676,1.2711456102783727,101.9377070479095,object,0.609375
3292,,,,,,,589,746,[],0.0,0.0,0.0,0.0,0.9953309429475201,0.49766547147376006,118.11180995819345,83.41010171724528,-0.45904255319148934,102.01934888027608,object,0.69140625
3296,,,,,,,589,752,[],0.0,0.0,0.0,0.0,0.9737802923192955,0.48689014615964776,184.12018843636045,122.78577131022055,0.21440017092191005,101.51182697154582,object,0.625
3298,,,,,,,591,752,[],0.0,0.0,0.0,0.0,0.9943218473899258,0.4971609236949629,226.53120300433454,169.65970521633437,-0.6608362940694179,101.86642594635487,object,0.498046875
3300,,,,,,,510,743,[],0.0,0.0,0.0,0.0,0.9774366315239459,0.48871831576197294,192.89995300482911,134.56667729253758,-0.2775357267340537,102.15184115804732,object,0.71875
3302,,,,,,,500,745,[],0.0,0.0,0.0,0.0,0.9688794507242099,0.48443972536210494,316.51002279903514,157.84671197600963,-0.8293977413124054,101.7559829633683,object,0.63671875
3304,,,,,,,577,770,[],0.0,0.0,0.0,0.0,0.9800272263187748,0.4900136131593874,218.06626885740158,161.47089124258997,1.486723163841808,100.88295303285122,object,0.76953125
3306,,,,,,,584,659,[],0.0,0.0,0.0,0.0,0.96400328210587,0.482001641052935,503.9227051557193,271.507856788094,-0.9490811902805052,101.70449200086296,object,0.8125
3308,,,,,,,489,745,[],0.9069613484748179,0.8297614610510623,0.9656256777271741,0.8550168026884302,0.9991042414309531,0.9270605220596917,10.63014581273465,4.668428413296721,-0.11454632741238598,102.05380897969007,object,0.55859375
331,,,,,,,547,813,[],0.9389875678664077,0.8849920504495838,0.9988388925749442,0.8859034372074361,0.999791858701793,0.9428476479546146,18.35755975068582,8.514632788745496,-0.11306673799652267,101.21910995803773,object,0.83984375
3310,,,,,,,587,749,[],0.0,0.0,0.0,0.0,0.9814015492537245,0.49070077462686224,161.09546091178404,113.45659883391812,0.05959915611814346,101.91124607808888,object,0.80859375
3312,,,,,,,470,783,[],0.0,0.0,0.0,0.0,0.9633663149599404,0.4816831574799702,267.2131082924479,192.30120202474038,4.241973375097886,100.99075501784682,object,0.82421875
3314,,,,,,,587,750,[],0.0,0.0,0.0,0.0,0.9803669303978901,0.49018346519894507,120.0,60.09599328951969,1.0383333333333333,100.75502004474401,object,0.86328125
3316,,,,,,,563,750,[],0.0,0.0,0.0,0.0,0.972815029440171,0.4864075147200855,175.79789450654337,120.5893662685326,-0.2246923937360179,102.14072186499834,object,0.734375
3321,,,,,,,582,743,[],0.0,0.0,0.0,0.0,0.9747217123362008,0.4873608561681004,189.90575041165687,128.04850459042888,0.24813606710158434,101.58028919249773,object,0.7890625
3322,,,,,,,557,661,[],0.927459403467081,0.8647312805363027,0.9182553088803089,0.9368498799778421,0.9961498025175461,0.9664998412476942,16.721032762841528,4.669488161112956,0.020249892287806978,101.51794785633683,object,0.62109375
3326,,,,,,,589,743,[],0.0,0.0,0.0,0.0,0.9827958288131537,0.4913979144065769,158.0,108.40950829953448,0.035804195804195804,101.21493018232286,object,0.72265625
3328,,,,,,,471,808,[],0.0,0.0,0.0,0.0,0.9099771915852661,0.45498859579263307,227.57712334768325,121.31997674975734,1.9136419428371032,101.73663194291294,object,0.4921875
333,,,,,,,602,575,[],0.024435611554600913,0.012368926924133139,0.43359528487229865,0.012572060063344498,0.983101018745384,0.4978365394043643,511.56109116235876,236.70292283385322,-0.9710050812313441,101.25887091271579,object,0.396484375
3332,,,,,,,582,743,[],0.5432981927710844,0.3729645903334195,0.38428761651131826,0.9267822736030829,0.9892292784734645,0.9580057760382736,90.26932835405282,23.882472090092204,1.411689145793192,101.47709702141583,object,0.6171875
3334,,,,,,,587,750,[],0.9295568444169153,0.8683850604944766,0.9859053989488772,0.8793011611803558,0.9997261310439746,0.9395136461121651,10.31733159617553,3.3861215868997174,-0.1081282624906786,101.91179602406919,object,0.455078125
3336,,,,,,,461,743,[],0.0,0.0,0.0,0.0,0.9697338025954549,0.48486690129772747,257.7071939841065,192.76011618137758,-0.15104740904079383,101.57591919414699,object,0.6484375
3338,,,,,,,580,745,[],0.9537333124622643,0.9115585192784474,0.9726783433679985,0.9355121737223075,0.9985365436532659,0.9670243586877867,9.0,3.5379894796681643,-0.03821013380127221,100.8394209202379,object,0.671875
3340,,,,,,,610,589,[],0.9449760765550239,0.8956916099773242,0.9331933324583279,0.9570601696055997,0.9985534060324958,0.9778067878190477,5.385164807134504,2.2149420698013658,0.02557544757033248,101.66246094740927,object,0.71484375
3342,,,,,,,582,745,[],0.8613471502590674,0.7564615944666909,0.7786416861826698,0.9637101449275363,0.9886487005812558,0.9761794227543961,36.49657518178932,10.503658741016018,0.23768115942028986,102.15846193023026,object,0.6875
3344,,,,,,,608,586,[],0.0,0.0,0.0,0.0,0.9746416654622688,0.4873208327311344,295.48119370559897,149.54613198531825,-0.7876611418047882,101.7257219646126,object,0.61328125
3348,,,,,,,589,745,[],0.0,0.0,0.0,0.0,0.9761156431354545,0.48805782156772726,193.25107533318564,130.12918571436686,-0.27793594306049824,102.61064115911722,object,0.609375
335,,,,,,,510,857,[],0.0,0.0,0.0,0.0,0.9744631456761462,0.4872315728380731,363.02947533653935,180.25388531479032,-0.8580112570356473,101.98177699930966,object,0.68359375
3350,,,,,,,580,743,[],0.04896152536601975,0.02509511011832048,0.06585455211577212,0.0389659657489703,0.9752744322259072,0.5071201989874388,114.17595914484049,57.01834495278951,-0.40830262302189463,101.54065815731883,object,0.7265625
3352,,,,,,,528,752,[],0.0,0.0,0.0,0.0,0.9737127196100992,0.4868563598050496,195.44044679717172,132.75969549097152,-0.012049363521523661,101.85762494802475,object,0.65234375
3354,,,,,,,589,743,[],0.8374350505498046,0.7203339916155632,0.928646403287402,0.7625387394326163,0.9916600538768351,0.8770993966547257,48.134358564764085,21.10678994754845,-0.17887073407786397,102.06608986482024,object,0.60546875
3356,,,,,,,587,745,[],0.0,0.0,0.0,0.0,0.9765471006056302,0.4882735503028151,150.0,85.41816040957627,1.8640202702702702,101.52151808142662,object,0.72265625
3358,,,,,,,497,743,[],0.0,0.0,0.0,0.0,0.9699491955736609,0.48497459778683044,180.26923591057334,112.61366533030834,0.909965034965035,100.50308494828641,object,0.6796875
3360,,,,,,,582,743,[],0.7796821265916907,0.6389172391731534,0.9009730844413893,0.6871733538673264,0.9875871390913571,0.8373802464793417,69.06591047719573,29.877526686055084,-0.23729868768124251,98.12068101018667,object,0.4375
3362,,,,,,,580,744,[],0.0,0.0,0.0,0.0,0.9681142136466416,0.4840571068233208,257.2841551133981,119.8936173965269,-0.7698577440917141,98.33386610262096,object,0.6875
3364,,,,,,,579,1024,[],0.0,0.0,0.0,0.0,0.9742296401854946,0.4871148200927473,186.77472045528245,107.87980445899034,0.9715032679738562,102.18884306959808,object,0.5625
3366,,,,,,,479,502,[],0.0,0.0,0.0,0.0,0.9714751748232014,0.4857375874116007,332.7642236295337,151.81058308617278,-0.9201314812180976,97.78197412379086,object,0.6953125
337,,,,,,,581,857,[],0.6746693715132837,0.5090574057611812,0.9983720124696918,0.5094803205279284,0.9995703799851918,0.7545253502565601,146.933998519114,61.42414869240628,-0.4896888993636578,101.57975903712213,object,0.6328125
3376,,,,,,,377,526,[],0.0,0.0,0.0,0.0,0.9247231153983566,0.4623615576991783,228.4738478558925,147.37681367707378,5.217959527824621,100.17870692536235,object,0.65625
3378,,,,,,,377,526,[],0.966699961582789,0.9355462359834628,0.9876597481709423,0.9466112916817142,0.9976192495486873,0.9721152706152008,9.0,3.0514589766894384,-0.04156133381485494,100.08666501380503,object,0.81640625
338,,,,,,,664,834,[],0.0,0.0,0.0,0.0,0.9848140205438235,0.49240701027191175,437.3328251850239,218.07316546577846,-0.9470250204653953,98.8578770775348,object,0.42578125
3380,,,,,,,374,530,[],0.0,0.0,0.0,0.0,0.9902433805285388,0.4951216902642694,257.61530307073895,232.33737376367006,-0.014410705095213588,99.1135030053556,object,0.72265625
3382,,,,,,,337,515,[],0.0,0.0,0.0,0.0,0.9908393842579146,0.4954196921289573,66.35395711881208,44.717313386739036,0.12241992882562278,101.4301460236311,object,0.77734375
3386,,,,,,,327,524,[],0.0,0.0,0.0,0.0,0.9774253653100717,0.48871268265503587,75.48509001617109,40.16226476585365,-0.1503945885005637,99.37261906452477,object,0.65234375
3388,,,,,,,359,513,[],0.011340093773852361,0.005702379646891106,0.011954022988505748,0.01078614395353661,0.9760351499336478,0.4934106469435922,73.59786825363066,36.622418362271404,-0.09769757311761046,96.98640508577228,object,0.7890625
3390,,,,,,,377,526,[],0.0,0.0,0.0,0.0,0.9950806369814382,0.4975403184907191,154.00291908866964,87.00191586653979,-0.9581094049904031,99.72227714024484,object,0.63671875
3392,,,,,,,310,518,[],0.0,0.0,0.0,0.0,0.9793019506382111,0.48965097531910556,237.33583471920736,188.0003748622694,-0.11184030626196335,97.64406993053854,object,0.4375
3394,,,,,,,377,526,[],0.0,0.0,0.0,0.0,0.9689706312403392,0.4844853156201696,89.29695209318342,48.45348669696934,-0.12694681163679106,96.92458319477737,object,0.54296875
3396,,,,,,,367,534,[],0.0,0.0,0.0,0.0,0.9855531878982235,0.4927765939491118,270.8572497094114,217.89547799471754,-0.5710930159724397,97.02434600330889,object,0.70703125
3398,,,,,,,270,486,[],0.0,0.0,0.0,0.0,0.9686827137532124,0.4843413568766062,158.21851786053605,119.70768791095551,1.469872185027389,97.67295094206929,object,0.578125
34,,,,,,,406,408,[],0.0,0.0,0.0,0.0,0.9987162777293835,0.49935813886469177,336.5311841311478,268.3604020687145,-0.9848847073340017,97.97580796293914,object,0.2333984375
340,,,,,,,655,685,[],0.17205627378195654,0.09412558565899369,1.0,0.09412558565899369,1.0,0.5470627928294969,350.6470445234167,164.81898014239556,-0.9058744143410064,100.77415988780558,object,0.79296875
3400,,,,,,,245,500,[],0.0,0.0,0.0,0.0,0.9829339113026646,0.4914669556513323,103.15425249709594,78.51063423524472,0.2758194186765615,98.07309904135764,object,0.61328125
3402,,,,,,,372,505,[],0.0,0.0,0.0,0.0,0.9823768910052565,0.49118844550262825,115.6399865114773,68.9482934069165,-0.16807800872466,99.19370501302183,object,0.6953125
3404,,,,,,,317,496,[],0.0,0.0,0.0,0.0,0.888566540690678,0.444283270345339,144.0,92.76870028151986,3.8959702772220632,100.99578485824168,object,0.63671875
3406,,,,,,,327,518,[],0.0,0.0,0.0,0.0,0.9791165758087937,0.48955828790439687,106.90646680683895,72.67075416237641,1.5839469808541973,96.74993995577097,object,0.734375
3412,,,,,,,377,536,[],0.0,0.0,0.0,0.0,0.978175669681298,0.489087834840649,139.23446550996732,77.59384060377909,-0.5998469046024304,97.50749706290662,object,0.609375
3414,,,,,,,363,525,[],0.0,0.0,0.0,0.0,0.9838665327058326,0.4919332663529163,139.12426741732696,103.95903801397425,1.0825938566552902,96.77479113452137,object,0.75390625
3416,,,,,,,376,540,[],0.0,0.0,0.0,0.0,0.9244994681302656,0.4622497340651328,155.92499303012224,81.73503772789087,4.393506956831966,100.5728580057621,object,0.76171875
3418,,,,,,,372,548,[],0.0,0.0,0.0,0.0,0.9665864795522858,0.4832932397761429,260.80930398549185,213.60942596435694,0.7100076785257231,100.35719210281968,object,0.484375
3422,,,,,,,283,500,[],0.0,0.0,0.0,0.0,0.9716380741560597,0.48581903707802987,78.59351726697315,43.36202866145732,-0.06549904030710173,100.9028039406985,object,0.8203125
3424,,,,,,,376,519,[],0.0,0.0,0.0,0.0,0.9883069704079316,0.4941534852039658,234.0920188672494,135.20514495853226,-0.7871481991733911,100.44002393260598,object,0.7421875
3426,,,,,,,378,522,[],0.0,0.0,0.0,0.0,0.8709666854440412,0.4354833427220206,241.6650561903556,106.17117159666044,-0.5588129899216125,101.11778997816145,object,0.65625
3429,,,,,,,297,498,[],0.0,0.0,0.0,0.0,0.9840778899790391,0.49203894498951956,77.80967590930287,47.77522970884485,0.6160776160776161,100.011384813115,object,0.6875
343,,,,,,,547,813,[],0.0,0.0,0.0,0.0,0.9297207530000569,0.4648603765000284,175.0574156282722,119.27476730535176,5.014992211838006,101.03891813196242,object,0.56640625
3430,,,,,,,339,507,[],0.3435889739356646,0.20742977952280278,0.2084117254354555,0.9777904328018223,0.9225295644478234,0.9501599986248228,130.8372360553328,51.530584437994115,3.691628701594533,101.07636917382479,object,0.55859375
3432,,,,,,,364,523,[],0.9496990541702494,0.9042161277118297,0.9782993799822852,0.9227234753550543,0.9994719372359686,0.9610977062955115,4.47213595499958,1.8306253800526655,-0.05680868838763575,99.62521609850228,object,0.796875
3434,,,,,,,377,526,[],0.0,0.0,0.0,0.0,0.9016743396517579,0.45083716982587896,192.24463421481082,100.30316734679396,3.905055170644085,100.65829986706376,object,0.73828125
3436,,,,,,,324,514,[],0.0,0.0,0.0,0.0,0.9857910743761678,0.4928955371880839,73.77869278778145,45.377966606049206,1.0488230165649521,99.82386999763548,object,0.6171875
3440,,,,,,,342,509,[],0.0,0.0,0.0,0.0,0.9835780683236334,0.4917890341618167,88.3501504276454,56.80957300760288,0.08307692307692308,98.77774608321488,object,0.671875
3444,,,,,,,304,510,[],0.0,0.0,0.0,0.0,0.9250662045967241,0.46253310229836203,123.3611046885982,63.90607348027145,4.444180522565321,99.6797380503267,object,0.82421875
3448,,,,,,,377,526,[],0.0,0.0,0.0,0.0,0.9880365688165131,0.49401828440825657,339.66266023857827,305.09505691375523,0.024912587412587412,98.82481792010367,object,0.6640625
345,,,,,,,394,783,[],0.0,0.0,0.0,0.0,0.9641028812522762,0.4820514406261381,228.9233093498763,135.01239167677693,-0.40119211370930763,101.00633697584271,object,0.71875
3450,,,,,,,311,515,[],0.0,0.0,0.0,0.0,0.9814212431467461,0.49071062157337303,219.49405882413788,104.19148922982768,-0.8572435480373021,101.13049997016788,object,0.58203125
3452,,,,,,,339,539,[],0.0,0.0,0.0,0.0,0.9867186116522048,0.4933593058261024,84.26030246521131,56.631609100206866,0.18988596926127913,100.74523091316223,object,0.70703125
3455,,,,,,,334,518,[],0.0,0.0,0.0,0.0,0.9894380009484722,0.4947190004742361,72.92221625139852,48.59238500840313,-0.18407960199004975,100.79082287847996,object,0.77734375
3459,,,,,,,377,526,[],0.25780548864012093,0.14797744279362327,0.1547227576822769,0.7724313614491933,0.9234529108841756,0.8479421361666845,135.09256086106296,61.79651893176736,3.992357769600906,101.11620905809104,object,0.52734375
346,,,,,,,618,781,[],0.6656929362206558,0.49890535266681474,1.0,0.49890535266681474,1.0,0.7494526763334074,108.45136910061775,50.91539043956654,-0.5010946473331853,101.34851513430476,object,0.84375
3461,,,,,,,368,540,[],0.0,0.0,0.0,0.0,0.9845400108873162,0.4922700054436581,91.02305874570877,51.32382630286226,-0.48894601542416455,99.19671597890556,object,0.73828125
3463,,,,,,,377,526,[],0.0,0.0,0.0,0.0,0.9778313227713209,0.48891566138566045,98.22320982762388,47.88835247788754,-0.45914446721311475,100.34342180006206,object,0.53125
3465,,,,,,,366,535,[],0.0,0.0,0.0,0.0,0.9896405449951691,0.49482027249758453,255.92381678929377,230.49001230905594,-0.11557123952359948,98.77650602720678,object,0.61328125
3467,,,,,,,361,535,[],0.0,0.0,0.0,0.0,0.9886452006137162,0.4943226003068581,84.14598116159375,54.092329593328586,-0.23341610500177368,100.0970359891653,object,0.71484375
3471,,,,,,,377,526,[],0.0,0.0,0.0,0.0,0.9813933599403535,0.49069667997017674,249.73661091740698,131.8212704901366,-0.786460299484082,100.49494518898427,object,0.859375
3473,,,,,,,377,526,[],0.0,0.0,0.0,0.0,0.9862872518657664,0.4931436259328832,135.0,100.80828845066385,1.0277777777777777,100.18573794513941,object,0.78515625
3475,,,,,,,381,537,[],0.0,0.0,0.0,0.0,0.9904252281700126,0.4952126140850063,142.44559936434794,118.83813008876145,0.3331048663468129,100.41070403531194,object,0.7578125
3477,,,,,,,338,533,[],0.0,0.0,0.0,0.0,0.9844033369604642,0.4922016684802321,98.6154146165801,47.848677730592655,-0.5808448089122699,100.50004604272544,object,0.640625
3479,,,,,,,366,535,[],0.012826492537313433,0.006454641474005399,0.006945029042848725,0.08375634517766498,0.8782862154354106,0.4810212803065378,178.8099476319075,103.18942294141709,11.059898477157361,100.30179098248482,object,0.48828125
3482,,,,,,,329,513,[],0.0,0.0,0.0,0.0,0.8703583338901612,0.4351791669450806,231.76212893765447,147.42522962541233,4.137698603755417,100.87352385744452,object,0.58984375
3486,,,,,,,360,504,[],0.0,0.0,0.0,0.0,0.9149321818756271,0.45746609093781354,218.65200414667814,145.9456209850506,13.885548011639186,100.66044982522726,object,0.5390625
3487,,,,,,,381,523,[],0.0,0.0,0.0,0.0,0.952326466370174,0.476163233185087,237.24880771487474,174.7050432528884,0.5055591890124265,100.7117300760001,object,0.5703125
3489,,,,,,,308,502,[],0.0,0.0,0.0,0.0,0.8944806882570048,0.4472403441285024,157.9411126548878,86.40526579991088,21.554166666666667,100.2659210935235,object,0.77734375
3491,,,,,,,269,490,[],0.0,0.0,0.0,0.0,0.9314927165778695,0.46574635828893474,284.30142193998086,225.6893745626883,3.61993769470405,100.2742110285908,object,0.640625
3495,,,,,,,341,504,[],0.0,0.0,0.0,0.0,0.9877955402285413,0.49389777011427066,106.15931221710048,74.98248415300083,1.680359435173299,100.81753297708929,object,0.66796875
3497,,,,,,,362,525,[],0.0,0.0,0.0,0.0,0.9834694765334235,0.49173473826671177,120.56372460129366,81.80401182624315,-0.20031176929072486,101.06084914878011,object,0.55078125
3499,,,,,,,377,526,[],0.0,0.0,0.0,0.0,0.987743702955023,0.4938718514775115,338.24101720513755,264.81575800685187,-0.7766792672288456,100.0372648704797,object,0.5859375
350,,,,,,,609,780,[],0.018982255368393982,0.009582072356410901,1.0,0.009582072356410901,1.0,0.5047910361782054,298.75776137001816,175.81214487716915,-0.990417927643589,100.93593504279852,object,0.6171875
3501,,,,,,,373,532,[],0.0010644989596941986,0.0005325329202168861,0.005440158259149357,0.0005899705014749262,0.988814790506755,0.49470238050411497,165.7888712117127,76.55887378406175,-0.8915526950925181,100.32417206093669,object,0.640625
3503,,,,,,,233,489,[],0.9227557411273486,0.8565891472868217,0.9550561797752809,0.8925686591276252,0.9995385939538062,0.9460536265407157,4.123105625617661,1.3619418491456696,-0.0654281098546042,100.91144498437643,object,0.50390625
3505,,,,,,,286,509,[],0.0,0.0,0.0,0.0,0.963328203606451,0.4816641018032255,78.11266177911087,47.431778375799425,6.967016491754123,100.67444993183017,object,0.69921875
3508,,,,,,,347,529,[],0.0,0.0,0.0,0.0,0.9797832980972516,0.4898916490486258,142.44559936434794,85.08607146440276,-0.6295399515738499,100.38980306126177,object,0.6484375
3511,,,,,,,279,497,[],0.48125,0.3168724279835391,0.3168724279835391,1.0,0.9879616804333795,0.9939808402166898,43.20829334609241,12.96620506194171,2.155844155844156,99.80913996696472,object,0.578125
3517,,,,,,,379,551,[],0.0,0.0,0.0,0.0,0.937989297153972,0.468994648576986,126.54840818296945,65.50046784289103,4.947099767981438,100.77979206107557,object,0.74609375
3519,,,,,,,377,526,[],0.9337030826776732,0.8756501753961534,0.9974165547173711,0.877640711666111,0.9995463041939641,0.9385935079300376,18.0,6.699150308785903,-0.12008607886521383,101.11703909933567,object,0.7109375
3521,,,,,,,303,499,[],0.5438514210674421,0.3734862148930688,0.3933514246947083,0.8808872683075053,0.969771341257285,0.9253293047823952,70.74776232704794,20.710642830566275,1.2394408994226678,99.0866341162473,object,0.44921875
3523,,,,,,,375,533,[],0.0,0.0,0.0,0.0,0.9812351597402743,0.49061757987013715,316.07485696851836,212.17064672184438,-0.8494288681204569,101.33199417032301,object,0.69140625
3525,,,,,,,377,526,[],0.0,0.0,0.0,0.0,0.888113772765437,0.4440568863827185,180.89348830780864,82.93036945118392,3.030619865571322,100.93498486094177,object,0.78515625
3527,,,,,,,346,518,[],0.0,0.0,0.0,0.0,0.9819008599342668,0.4909504299671334,139.39314400550717,99.32538928938281,1.0883116883116883,98.75501599162817,object,0.640625
3529,,,,,,,377,526,[],0.0,0.0,0.0,0.0,0.9905688545688546,0.4952844272844273,197.4583485418688,149.256235350713,-0.5478775913129319,100.16976878978312,object,0.53515625
353,,,,,,,660,823,[],0.8896574796800801,0.8012459789648924,0.994896778187495,0.8045526176027582,0.9969757485660327,0.9007641830843954,207.0,79.48687964223257,-0.1913205115926761,100.28424090705812,object,0.7109375
3531,,,,,,,295,499,[],0.0,0.0,0.0,0.0,0.8666483270864138,0.4333241635432069,187.05879984769982,118.06882867372617,9.772222222222222,101.75571381114423,object,0.58984375
3533,,,,,,,374,505,[],0.0018811136192626034,0.0009414422895876483,0.002881844380403458,0.0013962580284836638,0.9906632341909126,0.49602974610969813,66.61831453168881,32.35981927100728,-0.5154984641161686,100.48661497421563,object,0.65625
3536,,,,,,,266,489,[],0.8610262231147588,0.7559666785915061,0.8767188240872451,0.8458855149539658,0.9815253981365522,0.9137054565452589,23.430749027719962,10.120329610672519,-0.035168982672842686,100.35589197650552,object,0.5234375
3537,,,,,,,377,526,[],0.0,0.0,0.0,0.0,0.9885476207579504,0.4942738103789752,114.05349573456026,80.87225235431492,-0.34507042253521125,98.26063481159508,object,0.59375
3540,,,,,,,381,355,[],0.0,0.0,0.0,0.0,0.9636664234596457,0.48183321172982285,97.25224933131366,48.90034046503798,-0.2709858277526865,100.2828311175108,object,0.70703125
3541,,,,,,,377,526,[],0.0,0.0,0.0,0.0,0.9862087058508833,0.49310435292544164,89.0,57.94967716899489,-0.31326844262295084,100.55374703370035,object,0.73828125
3543,,,,,,,331,494,[],0.0,0.0,0.0,0.0,0.9454545454545454,0.4727272727272727,106.83725907384846,62.855250939238495,7.488505747126437,100.18782783299685,object,0.55859375
3545,,,,,,,288,495,[],0.0,0.0,0.0,0.0,0.9789708046450275,0.48948540232251375,128.8675255661643,63.05458278027319,-0.7582610220001753,99.87362194806337,object,0.6171875
3548,,,,,,,377,526,[],0.0,0.0,0.0,0.0,0.9886998941744315,0.49434994708721575,112.50154625179093,72.71717713923451,-0.5227817745803357,99.5443039573729,object,0.4453125
3549,,,,,,,377,526,[],0.6552346036720574,0.4872482631254947,0.5191866185634634,0.887900641025641,0.9447751073608076,0.9163378741932243,91.92388155425118,22.31899061611966,0.710176282051282,100.21754913032055,object,0.6640625
3552,,,,,,,371,528,[],0.0,0.0,0.0,0.0,0.8833694881314922,0.4416847440657461,248.73033952730745,158.66190518741587,4.428640776699029,100.89834500104189,object,0.60546875
3555,,,,,,,374,521,[],0.0,0.0,0.0,0.0,0.9879488301459421,0.4939744150729711,89.0,57.881473389211216,2.9081803005008346,100.69867013953626,object,0.6328125
3558,,,,,,,352,512,[],0.0,0.0,0.0,0.0,0.9769674138681962,0.4884837069340981,151.0,114.38780871422945,0.18682599825123872,100.81694205291569,object,0.80078125
3559,,,,,,,377,526,[],0.0,0.0,0.0,0.0,0.9909363346809412,0.4954681673404706,135.06424344915462,67.02171974140037,-0.7558811100154952,100.09562689810991,object,0.70703125
356,,,,,,,392,577,[],0.9692363179759822,0.9403089523612047,0.9933464760965993,0.9462688124364225,0.998706380260321,0.9724875963483717,11.180339887498949,3.2519214611289335,-0.04739299407913613,100.78206192702055,object,0.92578125
3561,,,,,,,361,526,[],0.0,0.0,0.0,0.0,0.9839665271966527,0.49198326359832634,155.27780926219248,84.10447624185011,-0.7297856336968785,100.56717717088759,object,0.66796875
3563,,,,,,,274,462,[],0.0,0.0,0.0,0.0,0.8810711723918068,0.4405355861959034,275.23371884630524,191.5281401681403,12.347048300536672,100.1797579228878,object,0.55859375
3567,,,,,,,381,355,[],0.0,0.0,0.0,0.0,0.9523593862973645,0.47617969314868225,166.5171164316032,100.83673218788425,-0.3618561089825458,100.43043410405517,object,0.6484375
3571,,,,,,,348,506,[],0.0,0.0,0.0,0.0,0.8880539758584539,0.44402698792922696,213.99392476166713,135.0023339363059,2.576052385406922,101.02599812671542,object,0.70703125
3575,,,,,,,377,526,[],0.0,0.0,0.0,0.0,0.9245123546992663,0.46225617734963315,151.94412450246895,77.63621309753367,6.807266982622433,99.02456193231046,object,0.5234375
3578,,,,,,,377,526,[],0.0,0.0,0.0,0.0,0.9882520560169552,0.4941260280084776,309.44660243630625,274.30301063606294,1.153345724907063,100.63931904733181,object,0.6640625
358,,,,,,,493,731,[],0.9322149881713493,0.8730362178196067,0.9896427904273646,0.8810865748868151,0.998370708007366,0.9397286414470906,19.701520701550777,8.18487465579392,-0.1096923219070498,98.76369591802359,object,0.7734375
3581,,,,,,,377,526,[],0.0,0.0,0.0,0.0,0.8671846969215471,0.43359234846077355,240.0079165292293,134.41630501162754,7.087390761548065,100.7139110006392,object,0.53515625
3585,,,,,,,377,526,[],0.9255157209595297,0.8613580850024426,0.9621303066681218,0.8915857605177994,0.9961126110482507,0.943849185783025,16.55294535724685,5.212502958797168,-0.07332119741100324,100.23759002797306,object,0.70703125
3587,,,,,,,377,526,[],0.0,0.0,0.0,0.0,0.91353620580906,0.45676810290453,167.31407591712062,90.69297359225178,2.427049180327869,100.24890000931919,object,0.68359375
3589,,,,,,,377,526,[],0.0,0.0,0.0,0.0,0.9881523444043431,0.49407617220217154,112.62303750997057,83.95809135291438,0.7940046118370484,99.53137394040823,object,0.66796875
3591,,,,,,,377,526,[],0.0,0.0,0.0,0.0,0.8776857239976257,0.43884286199881284,231.4735403626514,143.39507606638904,19.17489539748954,100.2596509642899,object,0.69921875
3593,,,,,,,642,920,[],0.0,0.0,0.0,0.0,0.9724923098073586,0.4862461549036793,150.0,75.39869946831362,0.8335624284077893,101.95192811079323,object,0.54296875
3595,,,,,,,642,924,[],0.0,0.0,0.0,0.0,0.9884700619900122,0.4942350309950061,428.9267928672141,356.79745034385127,0.18967334035827185,102.80533693730831,object,0.28125
3597,,,,,,,579,920,[],0.012138970280452072,0.006106548747104654,0.0074694140373470705,0.03238414293690676,0.9708674007461756,0.5016257718415412,145.41405841055865,66.81319224837071,3.335566722501396,102.20176400616765,object,0.80078125
36,,,,,,,441,507,[],0.0,0.0,0.0,0.0,0.9763034496860753,0.48815172484303765,154.0914919771235,93.02485065642254,-0.3935537583254044,101.63632105104625,object,0.80078125
3601,,,,,,,642,920,[],0.06774475524475525,0.03505994118977607,0.05946291560102302,0.07870683818551118,0.9745864027752823,0.5266466204803968,136.7232095058955,60.591230372066846,0.32362897765741366,102.74852602742612,object,0.68359375
3603,,,,,,,582,964,[],0.9548330293692221,0.9135698469240396,0.9771399150469816,0.9335218888342351,0.9982935809434499,0.9659077348888425,9.899494936611665,4.570314165700133,-0.04463846532218396,102.93131996877491,object,0.72265625
3607,,,,,,,642,920,[],0.0,0.0,0.0,0.0,0.9610421840626956,0.4805210920313478,226.79726629745784,142.5248298006482,-0.17121092129577253,102.42377896793187,object,0.8203125
3615,,,,,,,679,1024,[],0.0,0.0,0.0,0.0,0.9779570066173037,0.48897850330865184,222.66375690910695,164.20223992052271,0.0457015466072175,103.21562620811164,object,0.78515625
3617,,,,,,,679,1024,[],0.0038446945744277225,0.001926049823867812,0.005984487578251112,0.0028320694602299193,0.9606514708747321,0.48174177016748104,239.9986038195963,128.28795507372004,-0.526764919602765,102.4333389941603,object,0.74609375
3619,,,,,,,679,1024,[],0.0,0.0,0.0,0.0,0.9996522681339286,0.4998261340669643,729.6680383784634,539.1753016717115,-0.9989644124041652,102.98242187127471,object,0.55859375
362,,,,,,,515,808,[],0.9017074296262113,0.8210084033613445,0.9863373266926908,0.830452768175894,0.9994905551944548,0.9149716616851744,22.534381358023133,6.52852602481242,-0.15804386014620048,103.23400795459747,object,0.6484375
3621,,,,,,,679,1024,[],0.0,0.0,0.0,0.0,0.9997033408264893,0.49985167041324463,480.74223796320837,351.7861146944391,-0.9971205518685616,102.66465391032398,object,0.5625
3623,,,,,,,495,548,[],0.0,0.0,0.0,0.0,0.9841624189207625,0.49208120946038125,203.22647465327935,112.46626644368867,-0.8695474512207579,101.89469694159925,object,0.546875
3625,,,,,,,527,768,[],0.0,0.0,0.0,0.0,0.9901049460281138,0.4950524730140569,162.0248076900318,130.0065860678312,-0.1068771138669673,101.4376268722117,object,0.7265625
3627,,,,,,,527,768,[],0.0,0.0,0.0,0.0,0.9883117614820809,0.49415588074104044,156.2279514101744,80.53675723015134,-0.6798990040678917,101.4973979908973,object,0.71875
3631,,,,,,,404,703,[],0.0,0.0,0.0,0.0,0.9597100252151987,0.47985501260759933,179.29598429434301,121.58272305549309,0.39221331997996994,101.24721308238804,object,0.81640625
3635,,,,,,,501,802,[],0.0,0.0,0.0,0.0,0.9803424688745209,0.49017123443726046,121.0,72.65817502812398,0.1439304655274013,101.03655816055834,object,0.81640625
3638,,,,,,,504,838,[],0.0,0.0,0.0,0.0,0.9763388603011245,0.48816943015056224,131.73742815043926,67.0920287111885,2.83179012345679,101.71123314648867,object,0.72265625
3639,,,,,,,502,838,[],0.0,0.0,0.0,0.0,0.9801295657238017,0.49006478286190086,334.1721113237423,274.42422694718147,0.6082976236852357,101.54235013760626,object,0.77734375
364,,,,,,,590,650,[],0.9356957315759026,0.8791618706569467,0.9703564286554524,0.9034257677311955,0.996270490104959,0.9498481289180774,17.0,7.040573397627867,-0.06897533622464626,100.71840090677142,object,0.71484375
3643,,,,,,,510,832,[],0.0,0.0,0.0,0.0,0.9656008308446282,0.4828004154223141,378.6374915048654,297.0849495775443,1.2349191542288558,102.00425889343023,object,0.828125
3647,,,,,,,502,832,[],0.0,0.0,0.0,0.0,0.9721806644655386,0.4860903322327693,336.4882609590746,202.44244410620647,-0.6403081643543223,102.89068915881217,object,0.66015625
3649,,,,,,,522,812,[],0.0,0.0,0.0,0.0,0.9778491147463265,0.48892455737316326,248.09473672677018,133.29363336202147,-0.6783713522024093,101.51099879294634,object,0.81640625
3651,,,,,,,695,1060,[],0.0,0.0,0.0,0.0,0.9757807668944987,0.48789038344724933,213.66653128905978,128.7686030405742,2.077712100139082,101.7202630173415,object,0.84375
3653,,,,,,,696,1019,[],0.0,0.0,0.0,0.0,0.9716995919907836,0.4858497959953918,353.20447174686257,205.93350986529708,-0.6432832671539007,103.74637902714312,object,0.70703125
3655,,,,,,,697,878,[],0.0,0.0,0.0,0.0,0.9833945076579131,0.49169725382895657,189.51780918953236,121.52866980414811,-0.2092006991895757,102.63555403798819,object,0.7109375
366,,,,,,,589,858,[],0.0,0.0,0.0,0.0,0.9447763466671444,0.4723881733335722,316.1380871874369,197.8415882000834,-0.5804212460444383,102.35128691419959,object,0.5859375
3661,,,,,,,617,780,[],0.1113268339326917,0.05894446743504178,1.0,0.05894446743504178,1.0,0.5294722337175208,297.071106642368,173.94394555569298,-0.9410555325649582,102.87701012566686,object,0.58203125
3664,,,,,,,501,699,[],0.0,0.0,0.0,0.0,0.9800441907782358,0.4900220953891179,335.01552200239473,288.38931118111356,-0.04131074079260608,101.74606391228735,object,0.4765625
3665,,,,,,,501,699,[],0.0,0.0,0.0,0.0,0.97872496560159,0.489362482800795,175.62246075648773,89.24240021671537,-0.69942546114303,101.10902902670205,object,0.71875
3667,,,,,,,471,701,[],0.0,0.0,0.0,0.0,0.9826433189721591,0.49132165948607953,83.0,46.64896346361477,-0.00932277924362357,101.4294158667326,object,0.84375
3669,,,,,,,510,802,[],0.0,0.0,0.0,0.0,0.9853042553401022,0.4926521276700511,199.57199922079838,152.12914426825716,1.0958567415730338,101.41486604698002,object,0.796875
3671,,,,,,,501,699,[],0.0,0.0,0.0,0.0,0.9850009838790681,0.49250049193953405,197.7053362341022,141.9602642330568,-0.4740473738414006,101.59276006743312,object,0.7578125
3673,,,,,,,498,812,[],0.842323257872771,0.7275979789703674,0.9998874042936496,0.7276575986015514,0.9999918425947075,0.8638247205981295,31.016124838541646,14.875699257499845,-0.27226046105102153,101.61160095594823,object,0.427734375
3675,,,,,,,501,699,[],0.0,0.0,0.0,0.0,0.9726484452920174,0.4863242226460087,316.21321870308253,160.6316137150496,-0.8014012077750519,102.84080891869962,object,0.73828125
3678,,,,,,,588,857,[],0.0,0.0,0.0,0.0,0.9846439730935426,0.4923219865467713,350.31057468974194,232.26565580046645,-0.7772958006460544,101.79774509742856,object,0.443359375
3679,,,,,,,536,811,[],0.0,0.0,0.0,0.0,0.9290730646436496,0.4645365323218248,276.44276076183553,171.53797197822558,8.015915119363395,102.57475194521248,object,0.498046875
368,,,,,,,581,857,[],0.013216334134026177,0.006652125423160056,0.03957256928135275,0.007932864894130386,0.9603878398078236,0.484160352350977,335.563329143936,152.29064335531422,-0.7995362687287407,102.03574015758932,object,0.7578125
3681,,,,,,,696,1019,[],0.0,0.0,0.0,0.0,0.9767008012647767,0.4883504006323883,293.5227406620267,221.59329775295458,0.2053684288794706,102.89033898152411,object,0.6015625
3683,,,,,,,542,811,[],0.0,0.0,0.0,0.0,0.9811722157217317,0.49058610786086587,135.71563783625896,87.98466434938803,0.14418212478920742,101.9881390966475,object,0.83984375
3685,,,,,,,500,715,[],0.9388500707859524,0.8847478051299708,0.9891262509622787,0.8934376358105172,0.9996734056850533,0.9465555207477852,8.54400374531753,3.290603643449775,-0.09674054758800521,100.94674490392208,object,0.72265625
3687,,,,,,,554,826,[],0.0,0.0,0.0,0.0,0.9798382632341153,0.48991913161705763,238.09398767003648,185.18591119768345,0.515984015984016,102.29251603595912,object,0.7109375
3691,,,,,,,546,805,[],0.0,0.0,0.0,0.0,0.936636608852228,0.468318304426114,229.63576840554836,129.5169681964205,0.4830917874396135,101.8112360034138,object,0.6171875
3693,,,,,,,547,809,[],0.0,0.0,0.0,0.0,0.9675029066435227,0.48375145332176134,351.6278435186171,178.9832238622639,-0.8435779876775135,101.45856696180999,object,0.64453125
3695,,,,,,,588,744,[],0.0,0.0,0.0,0.0,0.9852343660198007,0.4926171830099004,214.28129215003833,113.74610701440493,-0.8415222871855388,101.20988194830716,object,0.77734375
3697,,,,,,,446,432,[],0.0,0.0,0.0,0.0,0.9794577796828118,0.4897288898414059,155.18988332664284,119.77252381266366,-0.36438992042440316,100.72015086188912,object,0.578125
3699,,,,,,,580,857,[],0.0,0.0,0.0,0.0,0.9785107436013809,0.48925537180069045,208.31658596366327,156.4584858235654,0.03409427809072043,101.37542500160635,object,0.7421875
370,,,,,,,581,858,[],0.0,0.0,0.0,0.0,0.9632635598658892,0.4816317799329446,385.98367760612894,258.4785116687462,-0.34177071078896437,102.25151479244232,object,0.57421875
3701,,,,,,,582,858,[],0.0,0.0,0.0,0.0,0.9736910994764398,0.4868455497382199,384.69526722124357,162.49204037349452,-0.8426086470160523,102.62436396442354,object,0.79296875
3703,,,,,,,589,858,[],0.0,0.0,0.0,0.0,0.9849457555976668,0.4924728777988334,180.7767717554463,131.63000116804847,0.6485895473431008,102.40987897850573,object,0.396484375
3705,,,,,,,545,543,[],0.9598097502972651,0.9227251943301326,0.9780290791599354,0.9422568093385214,0.9990391578501157,0.9706479835943185,7.0,2.468438306293457,-0.036575875486381325,101.22197214514017,object,0.765625
3707,,,,,,,356,423,[],0.8872067809974374,0.7972791043718558,0.9215397215397215,0.8553401748384645,0.9930293306556649,0.9241847527470647,17.30299104062024,6.495489734025544,-0.07183580387685291,100.72326008230448,object,0.5078125
3710,,,,,,,545,543,[],0.0,0.0,0.0,0.0,0.9483554140471115,0.4741777070235558,270.27485925884736,163.51830212680352,-0.6330119425879259,100.56058713234961,object,0.66015625
3711,,,,,,,545,648,[],0.0,0.0,0.0,0.0,0.9726088166730454,0.4863044083365227,260.156480188994,203.44661500585096,0.14259796806966618,101.10871912911534,object,0.640625
3713,,,,,,,545,543,[],0.0,0.0,0.0,0.0,0.9709044820189977,0.48545224100949885,110.14218042647605,68.23088542371424,-0.04426398261466316,101.61076090298593,object,0.83984375
3717,,,,,,,545,543,[],0.0,0.0,0.0,0.0,0.9629289837834701,0.48146449189173507,268.3641103935895,205.34451033518192,-0.4930827589626618,100.80486303195357,object,0.82421875
3719,,,,,,,357,537,[],0.0,0.0,0.0,0.0,0.9567073921790593,0.47835369608952966,172.00290695217916,89.94481268827687,-0.652134979734188,100.97857611253858,object,0.6953125
372,,,,,,,581,859,[],0.0,0.0,0.0,0.0,0.9709642303598817,0.48548211517994083,160.65490966665163,92.64267705696422,1.952067475828019,101.26162297092378,object,0.69921875
3721,,,,,,,356,356,[],0.0,0.0,0.0,0.0,0.997658803063066,0.498829401531533,112.25862995778988,81.85470346953699,-0.922622246104245,101.71917290426791,object,0.6015625
3723,,,,,,,545,647,[],0.0,0.0,0.0,0.0,0.9709186069522429,0.48545930347612143,139.7173933316524,85.07169595822717,-0.29911731207289294,100.43589398264885,object,0.82421875
3725,,,,,,,545,543,[],0.0,0.0,0.0,0.0,0.9717713861340183,0.48588569306700913,216.0393470778092,107.66341730397963,-0.8048819613399995,100.99409706890583,object,0.58984375
3729,,,,,,,545,543,[],0.0,0.0,0.0,0.0,0.997727328096559,0.4988636640482795,168.30923919975396,121.2110221857681,-0.9241403345724907,101.37800499796867,object,0.625
3733,,,,,,,545,648,[],0.044281801652512144,0.022642219973168263,0.04589037828555073,0.0427821755759139,0.9395144462522,0.491148310914057,141.00230493555523,69.4769710728266,-0.06773103264253313,101.54570895247161,object,0.60546875
3735,,,,,,,545,544,[],0.0,0.0,0.0,0.0,0.9640111746124491,0.48200558730622456,272.544214706397,185.54420007986522,-0.5648045926253036,102.3644469678402,object,0.423828125
3737,,,,,,,545,647,[],0.0,0.0,0.0,0.0,0.9497644231341241,0.47488221156706206,156.47745878309843,90.92605943102309,0.0286253730434253,100.75818095356226,object,0.734375
374,,,,,,,587,857,[],0.8967193983402489,0.8127754598342833,0.8643294588176478,0.9316314158695945,0.9955531704399514,0.9635922931547729,15.0,6.792842803420352,0.07786609187659976,101.16581083275378,object,0.70703125
3741,,,,,,,587,857,[],0.0,0.0,0.0,0.0,0.9750356044292514,0.4875178022146257,291.67530524545157,225.45929024322334,0.8686670687575392,101.21955117210746,object,0.7578125
3743,,,,,,,673,692,[],0.6996771676719163,0.5380795832210545,0.999139368870505,0.5383290917195072,0.9993120733788395,0.7688205825491734,207.2850690141168,71.97084743471737,-0.461207206429999,101.48435784503818,object,0.7109375
3745,,,,,,,587,858,[],0.0,0.0,0.0,0.0,0.9734386360988699,0.48671931804943497,179.58742578198198,108.95581490881509,1.2878892733564014,101.58191993832588,object,0.828125
3747,,,,,,,588,858,[],0.0,0.0,0.0,0.0,0.9802850195597758,0.4901425097798879,223.0,157.9169117747755,4.1019567456230694,103.32012921571732,object,0.58203125
3749,,,,,,,586,857,[],0.0,0.0,0.0,0.0,0.9798273664975595,0.48991368324877976,237.0358622656074,175.15886073965,2.237299035369775,102.45199897326529,object,0.77734375
3753,,,,,,,589,858,[],0.0,0.0,0.0,0.0,0.9606212609202862,0.4803106304601431,211.82054879900826,96.33523789797412,0.8109716410971641,103.62321604043245,object,0.4921875
3755,,,,,,,554,857,[],0.0,0.0,0.0,0.0,0.9394471648954257,0.46972358244771284,174.92684049092162,94.36806691302279,1.142616292436202,102.5629520881921,object,0.3984375
3757,,,,,,,581,1024,[],0.0,0.0,0.0,0.0,0.978270280957478,0.489135140478739,144.2639937809292,82.23643763234539,0.5479601748421564,101.96657897904515,object,0.69921875
3759,,,,,,,589,858,[],0.0,0.0,0.0,0.0,0.977454006372257,0.4887270031861285,285.7725789671084,215.11003185344111,2.2337810803086597,101.94488801062107,object,0.80859375
376,,,,,,,607,692,[],0.94478755859811,0.8953529370284183,0.9924571071247118,0.9014874507437254,0.9982744078894429,0.9498809293165842,29.692590582151826,8.486411076309839,-0.09166104583052291,102.91945096105337,object,0.83984375
3761,,,,,,,588,858,[],0.0,0.0,0.0,0.0,0.9786555118756912,0.4893277559378456,296.66479400158016,143.0128133749982,-0.7965301989603123,102.24152496084571,object,0.77734375
3763,,,,,,,580,858,[],0.0,0.0,0.0,0.0,0.9704720075852523,0.48523600379262616,235.47390931598858,128.3048567735676,-0.6513447432762837,102.73811593651772,object,0.7421875
3765,,,,,,,588,858,[],0.0,0.0,0.0,0.0,0.9786780946503394,0.4893390473251697,166.27986104599435,102.79588812291823,-0.11828408327736736,102.26056491956115,object,0.80859375
3767,,,,,,,588,858,[],0.0,0.0,0.0,0.0,0.9713270815000372,0.4856635407500186,318.230262327694,241.38335285419703,0.8017208654941161,102.1813137922436,object,0.72265625
3769,,,,,,,588,858,[],0.0,0.0,0.0,0.0,0.9776013263818142,0.4888006631909071,272.27146330692767,195.9850945777291,1.879558294812532,101.60764097236097,object,0.78125
377,,,,,,,607,691,[],0.9735746542478126,0.9485099508472828,0.9994446523644529,0.9490101223160959,0.9998615308665759,0.974435826591336,8.94427190999916,4.0831779902496885,-0.05046255430857588,101.82230500504375,object,0.86328125
3771,,,,,,,587,858,[],0.0,0.0,0.0,0.0,0.953383198545387,0.4766915992726935,196.16624733644468,115.58414920638492,-0.2525703463203463,101.52491903863847,object,0.83984375
3775,,,,,,,586,858,[],0.0,0.0,0.0,0.0,0.9744033899471232,0.4872016949735616,171.0,95.24351724080293,0.4672311796775316,101.80659522302449,object,0.62890625
3779,,,,,,,323,387,[],0.8293561458802341,0.7084615384615385,0.7340772407796536,0.9530573847601129,0.9679114460833603,0.9604844154217367,33.52610922848042,11.117275547866186,0.29830667920978365,101.36359510943294,object,0.86328125
3780,,,,,,,527,768,[],0.0,0.0,0.0,0.0,0.9411882057215816,0.4705941028607908,180.25259976765997,85.42747672620061,5.32618025751073,100.13824794441462,object,0.408203125
3782,,,,,,,342,409,[],0.8771045502863217,0.7811097199743487,0.9803388011651081,0.793540981572253,0.9952342908104492,0.8943876361913511,36.88224452783811,11.165372288543441,-0.19054414593286592,100.54306592792273,object,0.74609375
3783,,,,,,,349,410,[],0.0,0.0,0.0,0.0,0.9714298593580959,0.48571492967904795,223.00459634210955,119.55665509900062,-0.9014920733602736,99.82428001239896,object,0.5390625
3787,,,,,,,527,768,[],0.0,0.0,0.0,0.0,0.995406729859229,0.4977033649296145,71.35929265410424,47.56466335489244,0.6823956442831216,100.17726803198457,object,0.62890625
379,,,,,,,557,784,[],0.0,0.0,0.0,0.0,0.9247607726919924,0.4623803863459962,441.03072433285683,254.03677845300896,-0.5935493329423838,102.16351295821369,object,0.5
3790,,,,,,,514,1280,[],0.0,0.0,0.0,0.0,0.993111705981498,0.496555852990749,496.05745615295643,425.380980147117,0.9507559395248381,102.8616689145565,object,0.57421875
3794,,,,,,,381,425,[],0.9225922592259226,0.8563074352548037,0.9453539312889094,0.9009009009009009,0.9984940333218956,0.9496974671113982,5.656854249492381,2.6490499750457364,-0.047022632388486044,101.4031560625881,object,0.640625
3796,,,,,,,381,425,[],0.0,0.0,0.0,0.0,0.9789951961823293,0.48949759809116467,108.9208351143834,63.0083365496202,-0.23767848917549517,100.53783585317433,object,0.74609375
38,,,,,,,408,369,[],0.2174967590850165,0.12201759530791789,1.0,0.12201759530791789,1.0,0.561008797653959,126.00357137233378,69.51576285517334,-0.8779824046920821,100.33349180594087,object,0.498046875
380,,,,,,,660,720,[],0.1951532365202254,0.10812731610741662,1.0,0.10812731610741662,1.0,0.5540636580537083,313.06173508376196,118.72155088381524,-0.8918726838925833,100.53309611976147,object,0.5625
3801,,,,,,,350,509,[],0.0,0.0,0.0,0.0,0.8643431758454883,0.4321715879227441,220.80217291965715,142.23600795561828,5.105888429752066,101.24700283631682,object,0.60546875
3803,,,,,,,349,409,[],0.8797293140572132,0.785282811641955,0.8931917551530294,0.8666666666666667,0.9987880162448349,0.9327273414557509,6.4031242374328485,2.5424420452819567,-0.029696969696969697,99.96194299310446,object,0.703125
3805,,,,,,,455,454,[],0.0,0.0,0.0,0.0,0.8909956598148262,0.4454978299074131,152.9014837763879,83.94463232026413,-0.31801735342677484,99.85388000495732,object,0.11376953125
3806,,,,,,,366,428,[],0.0,0.0,0.0,0.0,0.9633894945490584,0.4816947472745292,143.78456106272327,104.34691297090224,0.045866364665911666,100.55509698577225,object,0.875
3808,,,,,,,679,1024,[],0.0,0.0,0.0,0.0,0.9764177611712176,0.4882088805856088,194.17801103514464,119.99286775504271,-0.25734847422776763,99.34882004745305,object,0.83203125
3810,,,,,,,600,783,[],0.0,0.0,0.0,0.0,0.9786332260489753,0.48931661302448765,190.9532465899186,96.14911536036213,-0.6815180959474557,100.2736201044172,object,0.875
3812,,,,,,,552,879,[],0.0,0.0,0.0,0.0,0.9623472150064258,0.4811736075032129,436.82805524194816,358.954756741518,0.8294328053142566,100.63650901429355,object,0.5546875
3814,,,,,,,590,785,[],0.0,0.0,0.0,0.0,0.9721199081792077,0.48605995408960384,277.8544582153734,205.19966104907152,1.62577065351418,102.41586901247501,object,0.78515625
3816,,,,,,,416,784,[],0.0,0.0,0.0,0.0,0.9670153304663585,0.48350766523317923,283.587905064712,220.70540464220335,2.142266824085006,101.2107019778341,object,0.78125
3818,,,,,,,590,785,[],0.0,0.0,0.0,0.0,0.9793511044629045,0.48967555223145226,182.4098896620631,124.63966487453743,-0.25976609117670457,100.33829184249043,object,0.625
382,,,,,,,600,814,[],0.0,0.0,0.0,0.0,0.9756174961654414,0.4878087480827207,439.9318128983172,214.5887725966679,-0.9321885620940333,102.0809409674257,object,0.66796875
3820,,,,,,,600,783,[],0.0,0.0,0.0,0.0,0.975326185247384,0.487663092623692,332.251783265088,271.0418860103824,1.146067415730337,101.04244784452021,object,0.6171875
3824,,,,,,,600,783,[],0.0009798107418198694,0.0004901454958208647,0.0016297821238634414,0.0007004608294930876,0.9737075732761055,0.48720401705279925,161.34741876496014,74.9937481097493,-0.5702119815668203,101.8047749530524,object,0.74609375
3826,,,,,,,687,941,[],0.0,0.0,0.0,0.0,0.978808463198312,0.489404231599156,253.79528251480565,176.16007261237723,-0.348586017282011,102.55578299984336,object,0.70703125
3829,,,,,,,472,808,[],0.0,0.0,0.0,0.0,0.9795093450813828,0.4897546725406914,608.6684079921014,521.4888375493479,-0.6469238491323677,100.51677585579455,object,0.6015625
3830,,,,,,,556,784,[],0.0,0.0,0.0,0.0,0.9746699648846826,0.4873349824423413,150.80847712673705,90.17540829643757,0.7621822891371216,100.72980099357665,object,0.88671875
3832,,,,,,,610,1001,[],0.0,0.0,0.0,0.0,0.9854400133152256,0.4927200066576128,306.6021816355582,145.44607716619666,-0.8206269223218375,102.85208886489272,object,0.59375
3834,,,,,,,552,1012,[],0.0,0.0,0.0,0.0,0.9857551633179416,0.4928775816589708,212.51446961068922,145.95342135593694,-0.4064767432979455,102.78372699394822,object,0.734375
3838,,,,,,,540,619,[],0.0,0.0,0.0,0.0,0.9800961233888064,0.4900480616944032,125.03117408470514,82.3526660447956,0.101652056641942,102.53014089539647,object,0.625
384,,,,,,,660,1031,[],0.9118946368853474,0.8380572946309998,0.9883211025595131,0.8464397945887944,0.9996011406460604,0.9230204676174274,23.874084871301005,6.696842562103978,-0.14355790603203802,101.46010713651776,object,0.640625
3840,,,,,,,589,665,[],0.4690276256541317,0.30635930047694754,0.3124189364461738,0.9404587603709127,0.9669993619306009,0.9537290611507567,86.31338250816034,37.49140732185141,2.0102489019033674,102.3929980583489,object,0.482421875
3844,,,,,,,607,1024,[],0.0,0.0,0.0,0.0,0.9934611468063,0.49673057340315,599.4268922937953,462.54973290367707,-0.9078682236410867,102.17166319489479,object,0.70703125
3846,,,,,,,504,852,[],0.0,0.0,0.0,0.0,0.9866829761982773,0.49334148809913864,524.2413539632386,442.177480146317,-0.6842741239426895,102.36810799688101,object,0.412109375
3848,,,,,,,483,512,[],0.0,0.0,0.0,0.0,0.9711081488350527,0.48555407441752635,272.92040014606476,160.42492923401988,-0.851371496720334,101.68084199540317,object,0.58203125
3850,,,,,,,589,785,[],0.0,0.0,0.0,0.0,0.9782920838009066,0.4891460419004533,150.29734910602355,96.55075296120236,0.015920603742375684,100.19134799949825,object,0.77734375
3852,,,,,,,502,608,[],0.0,0.0,0.0,0.0,0.8324460028632488,0.4162230014316244,251.8395065776746,147.44568785233767,-0.37136273761890676,101.47797805257142,object,0.1455078125
3854,,,,,,,442,808,[],0.0,0.0,0.0,0.0,0.9760498725175217,0.48802493625876087,106.72698458773147,62.10363120268591,0.15032948929159803,101.54601885005832,object,0.83203125
3856,,,,,,,495,784,[],0.0,0.0,0.0,0.0,0.9196754371646562,0.4598377185823281,187.5366630821824,104.64468292673433,2.699975745816153,101.61258094012737,object,0.63671875
3858,,,,,,,602,765,[],0.0,0.0,0.0,0.0,0.9878386000632833,0.49391930003164164,543.3372485220821,273.16762144051813,-0.9544728845856724,102.84668882377446,object,0.6640625
386,,,,,,,660,716,[],0.007436686140102935,0.0037322207472027307,0.0602203182374541,0.0039630438109660325,0.9779629347929039,0.49096298930193494,474.74592310078583,216.39088969920087,-0.9341909188300965,102.49531106092036,object,0.609375
3860,,,,,,,510,479,[],0.5550148491637577,0.3840972682954972,0.9962217566960946,0.3846576054771568,0.9994230450653215,0.6920403252712392,110.64357188738983,45.12014286169439,-0.6138835526410815,101.07171814888716,object,0.384765625
3862,,,,,,,608,588,[],0.9388479489069025,0.8847440363893101,0.9700757623827714,0.9095679489772849,0.9913772612748343,0.9504726051260596,29.832867780352597,10.19819942477978,-0.06237431729750955,100.89913383126259,object,0.71875
3868,,,,,,,516,541,[],0.0,0.0,0.0,0.0,0.9497845750711784,0.4748922875355892,160.11490388829978,94.595324781732,9.465866466616655,101.18804103694856,object,0.51953125
3871,,,,,,,602,573,[],0.0,0.0,0.0,0.0,0.8789611098245358,0.4394805549122679,219.18391675845535,109.2025201692693,0.2835660218671152,101.28383291885257,object,0.75390625
3874,,,,,,,746,750,[],0.0,0.0,0.0,0.0,0.9793740637153252,0.4896870318576626,266.7613106549836,193.14548086063243,-0.3598259276225378,102.6695838663727,object,0.7265625
3877,,,,,,,789,923,[],0.0,0.0,0.0,0.0,0.9559867958639162,0.4779933979319581,495.1912760551094,239.94075257049514,-0.8389494897795976,103.32084004767239,object,0.8125
3878,,,,,,,789,600,[],0.0,0.0,0.0,0.0,0.9908690117751481,0.49543450588757404,409.7423515834691,192.01284732411935,-0.9646134357717381,101.03842802345753,object,0.72265625
388,,,,,,,600,814,[],0.0032045713403216153,0.0016048571097103522,0.007784655786906772,0.002017550256447653,0.9763471440612975,0.4891823471588726,212.63947532685842,102.41930282443334,-0.7408298694669292,103.4980530384928,object,0.6796875
3880,,,,,,,789,500,[],0.003791386262057702,0.0018992936088770061,1.0,0.0018992936088770061,1.0,0.5009496468044385,550.914149363879,327.40120252733703,-0.998100706391123,103.30247902311385,object,0.478515625
3882,,,,,,,583,525,[],0.953305833824396,0.9107778228167365,0.9580707822049557,0.9485880476592551,0.9968920869372834,0.9727400672982692,9.486832980505138,3.590011813860891,-0.009897738999906182,100.563497049734,object,0.75390625
3884,,,,,,,608,524,[],0.9194463805635766,0.8509030593438998,0.9810879728006799,0.8650927487352446,0.9997158864184131,0.9324043175768288,6.50990213070612,2.855787362664162,-0.1182312160389732,102.50870091840625,object,0.73046875
3886,,,,,,,608,525,[],0.8270418452230905,0.7050906648757556,0.9913881019830029,0.709435900208125,0.9991920709560139,0.8543139855820694,39.325551358542924,15.59189948797344,-0.28440143795442874,101.16453981027007,object,0.5859375
3888,,,,,,,608,525,[],0.0,0.0,0.0,0.0,0.9702981710128593,0.48514908550642966,131.0,76.007139434982,0.3451276102088167,101.4496071729809,object,0.8671875
3890,,,,,,,483,674,[],0.4936741279516468,0.327733949945593,0.327733949945593,1.0,0.9691790111716341,0.984589505585817,99.0958746380853,46.165495445671155,2.0512554471882134,100.88597401045263,object,0.2392578125
3892,,,,,,,484,676,[],0.0,0.0,0.0,0.0,0.9789612435499686,0.4894806217749843,228.32498718214555,146.39291259686132,-0.5945225850424438,101.1653000023216,object,0.640625
3894,,,,,,,664,618,[],0.0,0.0,0.0,0.0,0.9731216817456614,0.4865608408728307,293.7854604748221,227.55137209071438,9.34901222953904,102.20518498681486,object,0.7421875
3896,,,,,,,665,619,[],0.0,0.0,0.0,0.0,0.9881744508949931,0.49408722544749656,117.36395810658617,65.51621166677964,-0.22121162904011693,101.31980385631323,object,0.392578125
3898,,,,,,,665,642,[],0.0,0.0,0.0,0.0,0.9633327966053534,0.4816663983026767,311.4406844536468,235.90130882560305,2.3531831961888265,102.0863619633019,object,0.6796875
390,,,,,,,683,1024,[],0.0,0.0,0.0,0.0,0.9740999753755233,0.48704998768776164,367.61419420437494,176.54344005914652,-0.8251700981804482,101.76943498663604,object,0.71875
3900,,,,,,,662,643,[],0.7830108997305233,0.6434000925375107,1.0,0.6434000925375107,1.0,0.8217000462687554,44.91658901810182,12.843809641196449,-0.35659990746248926,100.56342696771026,object,0.6484375
392,,,,,,,660,898,[],0.0,0.0,0.0,0.0,0.9699798179341835,0.48498990896709177,170.70206901867186,92.49797277062382,1.3400825895830557,101.66372288949788,object,0.81640625
3922,,,,,,,646,972,[],0.0,0.0,0.0,0.0,0.9769550996134404,0.4884775498067202,261.53685241168597,118.06718950628417,-0.6213635354208306,103.08624408207834,object,0.83984375
3926,,,,,,,444,813,[],0.0,0.0,0.0,0.0,0.9680926428210563,0.48404632141052817,152.0,86.71122806240092,0.6961740435108777,100.29506101273,object,0.8203125
3929,,,,,,,653,999,[],0.0,0.0,0.0,0.0,0.9883645735780612,0.4941822867890306,161.60228881715497,92.38258482696125,-0.29556603773584905,103.51384291425347,object,0.5859375
3932,,,,,,,453,436,[],0.0,0.0,0.0,0.0,0.959118882485103,0.4795594412425515,148.4055165962907,80.77502432432577,-0.43112822836429543,101.13395913504064,object,0.72265625
3934,,,,,,,541,439,[],0.0,0.0,0.0,0.0,1.0,0.5,695.3013735064817,695.3013735064817,-1.0,100.59420694597065,object,0.0
3936,,,,,,,587,858,[],0.0,0.0,0.0,0.0,0.9798103531571085,0.48990517657855426,305.143898029919,248.4367688973539,0.11760098467047107,101.15665011107922,object,0.7421875
3938,,,,,,,599,650,[],0.8013907912759456,0.6686005625879043,0.9581758629377677,0.6886997464686708,0.9981920264007711,0.843445886434721,47.944124493015686,13.930601126283758,-0.281238681637088,102.22509503364563,object,0.59765625
3942,,,,,,,599,771,[],0.011478929734321174,0.005772596481860521,0.04901516296408241,0.006500664764793522,0.9395230528716779,0.4730118588182357,417.7370238502494,186.4450233813594,-0.86737441290245,102.6759350206703,object,0.53515625
3944,,,,,,,455,496,[],0.0,0.0,0.0,0.0,0.9991734340778653,0.49958671703893265,372.0894962762408,313.4252149891512,-0.9846633740577073,102.07040095701814,object,0.5625
3946,,,,,,,526,627,[],0.8904095904095904,0.8024669127577203,0.9992712595997534,0.8029368046484393,0.9999577374585908,0.9014472710535151,17.4928556845359,8.140556037340348,-0.1964776361425161,99.8225009534508,object,0.291015625
3948,,,,,,,532,547,[],0.0,0.0,0.0,0.0,0.9577957140052172,0.4788978570026086,234.07156415942828,168.83505099591352,1.076777087646653,100.77638109214604,object,0.64453125
3950,,,,,,,532,547,[],0.20730923795966189,0.11564138241205324,1.0,0.11564138241205324,1.0,0.5578206912060266,326.18363952344276,119.19453129932235,-0.8843586175879468,100.91359517537057,object,0.5703125
3954,,,,,,,599,650,[],0.0,0.0,0.0,0.0,0.9681425980544819,0.48407129902724094,201.83458203711177,135.94834139886797,0.6811213920729181,101.15127079188824,object,0.8125
3956,,,,,,,562,1114,[],0.0,0.0,0.0,0.0,0.961668271031884,0.480834135515942,272.5914525427398,187.05706743380313,-0.25959697569523316,102.81747789122164,object,0.78125
3958,,,,,,,568,698,[],0.9628456221198156,0.928353235212441,0.984248491093773,0.942353770260747,0.9997251964075209,0.9710394833341339,3.1622776601683795,1.5174660989481807,-0.04256518675123326,102.50799101777375,object,0.71484375
3961,,,,,,,471,503,[],0.0,0.0,0.0,0.0,0.9785955736973021,0.48929778684865105,91.97125707541365,68.2602959651285,1.9131944444444444,101.16402106359601,object,0.51953125
3963,,,,,,,562,973,[],0.9241348982500834,0.8589691186627014,0.9962076011442583,0.8617871233225392,0.9995127166258146,0.9306499199741769,26.33909551706653,9.893013303036279,-0.13493219452182645,101.7538730520755,object,0.64453125
3969,,,,,,,493,927,[],0.0,0.0,0.0,0.0,0.9842686997695977,0.49213434988479887,243.4460530371162,168.7702509271546,-0.5675995761391261,101.9950290210545,object,0.7421875
3971,,,,,,,473,802,[],0.0,0.0,0.0,0.0,0.9785119741824165,0.48925598709120827,187.06789739503262,130.83074187617913,1.1304118268215417,102.34080790542066,object,0.8515625
3975,,,,,,,446,432,[],0.0,0.0,0.0,0.0,0.97457108359307,0.487285541796535,144.57177734369156,72.12583462405249,-0.6900116382556308,101.44989704713225,object,0.82421875
3978,,,,,,,501,621,[],0.008859219515238482,0.004449318502271659,0.005328330206378987,0.026262252635472536,0.9132915077490726,0.4697768801922726,160.3174945106379,83.19603165947814,3.9287960051784725,101.14827007055283,object,0.390625
3979,,,,,,,396,785,[],0.0,0.0,0.0,0.0,0.9726949363055254,0.4863474681527627,124.00403219250575,71.99350874835461,1.5463917525773196,100.8487029466778,object,0.7109375
398,,,,,,,679,1024,[],2.139563742952812e-05,1.0697933159313621e-05,7.209805335255949e-05,1.2561709397414801e-05,0.9774740169143837,0.4887432893118906,330.82321550606076,156.39964215593218,-0.8257690906578568,101.2657128740102,object,0.68359375
3981,,,,,,,547,809,[],0.0,0.0,0.0,0.0,0.9810974171279893,0.49054870856399463,155.31306377780155,100.30559353656105,0.39503042596348886,102.49365004710853,object,0.79296875
3983,,,,,,,600,906,[],0.0,0.0,0.0,0.0,0.9855700981813047,0.49278504909065235,161.11005538026572,112.55343020048505,0.4349593495934959,102.50263102352619,object,0.79296875
3985,,,,,,,446,432,[],0.2568872920174193,0.14737273777019955,0.9998535656757944,0.14737591867128566,0.999980002199758,0.5736779604355219,333.4871011663238,105.63501351080019,-0.8526024972750132,101.8626659642905,object,0.478515625
3988,,,,,,,546,805,[],0.0,0.0,0.0,0.0,0.9801111596713261,0.49005557983566306,201.61274453416002,131.34950593302148,2.4754098360655736,100.75491084717214,object,0.703125
3989,,,,,,,582,740,[],0.9267937355833434,0.8635746606334842,0.9276571613739468,0.9259319155817902,0.9978652348839266,0.9618985752328584,9.0,4.03235972377594,-0.001859788145872079,102.02561994083226,object,0.59765625
3991,,,,,,,548,809,[],0.0,0.0,0.0,0.0,0.8856185389226022,0.4428092694613011,286.3027077891611,148.789377460406,2.4506467941507313,102.25971485488117,object,0.66796875
3995,,,,,,,600,854,[],0.0,0.0,0.0,0.0,0.8596374666563843,0.42981873332819215,287.68472191421864,163.70389754320453,9.624756772938182,101.25118214637041,object,0.75390625
3997,,,,,,,600,650,[],0.0,0.0,0.0,0.0,0.9846881509222185,0.49234407546110925,260.0000961534906,164.50372896716647,-0.7070514144125541,102.77259699068964,object,0.384765625
4,,,,,,,479,506,[],0.0,0.0,0.0,0.0,0.9747099337459205,0.48735496687296026,318.5044738311243,170.25464232749542,-0.9216435576597903,99.62709597311914,object,0.6640625
4003,,,,,,,600,650,[],0.0,0.0,0.0,0.0,0.9581173481797789,0.47905867408988945,283.9820416444754,213.0471381786976,-0.2247623811905953,100.76245199888945,object,0.78125
4007,,,,,,,600,760,[],0.0,0.0,0.0,0.0,0.9478441374688164,0.4739220687344082,206.9081850445089,127.14735538675929,-0.14744370054777844,102.30381600558758,object,0.6953125
4009,,,,,,,600,650,[],0.0,0.0,0.0,0.0,0.9775047332481897,0.4887523666240948,298.4087769233544,138.51402966195906,-0.8648833156674991,101.58531996421516,object,0.65625
4013,,,,,,,600,854,[],0.8441432720232332,0.7303182579564489,0.7771143391854558,0.9238266765547197,0.9898646868832595,0.9568456817189896,31.70086766245315,10.995714133892232,0.1887911855069393,102.16498305089772,object,0.7421875
4015,,,,,,,600,650,[],0.0,0.0,0.0,0.0,0.951733756655682,0.475866878327841,260.2786967848118,179.25228720797543,0.09624855596765368,101.68920294381678,object,0.69921875
4017,,,,,,,600,570,[],0.794832384829477,0.6595201985385358,0.7036110906817681,0.9132302405498282,0.9878440173260458,0.950537128937937,65.09799002673898,14.364191423206927,0.29791905307369226,101.64180095307529,object,0.6875
4019,,,,,,,600,799,[],0.0,0.0,0.0,0.0,0.9673839280965804,0.4836919640482902,300.0,233.08947290798307,0.6441823056300268,101.30038391798735,object,0.76171875
402,,,,,,,679,1024,[],0.8556955567691659,0.7477866242948348,1.0,0.7477866242948348,1.0,0.8738933121474174,73.1423220995116,32.721635099207965,-0.2522133757051652,101.52680892497301,object,0.74609375
4021,,,,,,,600,854,[],0.8533315606372842,0.7441833500811625,0.8747898777883786,0.8329007699627996,0.9943672565105603,0.91363401323668,30.508934607071254,10.769050109377819,-0.0478847651180898,102.26384596899152,object,0.53125
4023,,,,,,,600,650,[],0.0,0.0,0.0,0.0,0.960015040072522,0.480007520036261,285.7979180963789,212.26447768400143,8.11150234741784,102.05529094673693,object,0.72265625
4025,,,,,,,600,759,[],0.0,0.0,0.0,0.0,0.9710510494521463,0.48552552472607313,157.201447683498,92.73437328814317,1.8116785175608705,101.25957312993705,object,0.765625
4027,,,,,,,600,570,[],0.0,0.0,0.0,0.0,0.9860791718953581,0.49303958594767905,201.41958607208846,154.6913344121703,-0.4791058189170973,101.9014969933778,object,0.61328125
4029,,,,,,,600,760,[],0.8834573149132129,0.791243654822335,0.9827741499662238,0.8023715415019763,0.9992953238056199,0.9008334326537981,24.97983738762486,8.794613213352008,-0.18356466587002482,101.92872793413699,object,0.74609375
4031,,,,,,,600,854,[],0.0,0.0,0.0,0.0,0.9395325375479255,0.46976626877396277,226.12828110607282,118.1493107977232,1.7975279033299512,102.20378381200135,object,0.6484375
4033,,,,,,,600,760,[],0.0,0.0,0.0,0.0,0.9402319158214897,0.47011595791074484,354.42149509258996,192.48249328081303,2.018068887634105,102.84201800823212,object,0.298828125
4035,,,,,,,600,854,[],0.0,0.0,0.0,0.0,0.9434168082155491,0.47170840410777454,406.1231340369568,201.17486894044873,-0.8289603843798578,102.17767301946878,object,0.82421875
4037,,,,,,,600,854,[],0.0,0.0,0.0,0.0,0.9628708098639218,0.4814354049319609,210.99241959044755,112.45210348157,-0.27264325323475047,101.75194405019283,object,0.703125
4039,,,,,,,600,854,[],0.000717035247943241,0.00035864620495686805,0.003013481363996828,0.0004069306718639567,0.9699965156628116,0.4852017231673378,352.65790780072564,169.36819232500375,-0.8649632691525133,103.29261817969382,object,0.625
404,,,,,,,660,1031,[],0.0,0.0,0.0,0.0,0.9738624082203633,0.48693120411018165,156.83940266999144,80.38113425348529,1.2572859160354346,102.90194000117481,object,0.75390625
4043,,,,,,,600,650,[],0.0,0.0,0.0,0.0,0.9835987452935416,0.4917993726467708,266.9658087189181,218.16822344809464,-0.22456053478583807,102.13255300186574,object,0.498046875
4045,,,,,,,600,799,[],0.0,0.0,0.0,0.0,0.9764151146332124,0.4882075573166062,193.1969199178009,122.4044158912098,-0.24521547569874708,102.8379590716213,object,0.326171875
4047,,,,,,,600,760,[],0.0,0.0,0.0,0.0,0.953372021617943,0.4766860108089715,286.6905996448402,153.66979844649882,-0.7802858538662926,101.58915002830327,object,0.82421875
4049,,,,,,,587,760,[],0.0,0.0,0.0,0.0,0.968651435594798,0.484325717797399,312.0664952422445,239.51480387174317,2.946245733788396,100.39155301637948,object,0.6640625
4051,,,,,,,600,650,[],0.0,0.0,0.0,0.0,0.9736261399673795,0.48681306998368973,294.65902012313404,233.39083651316142,1.3365495060877555,102.53357095643878,object,0.74609375
4053,,,,,,,600,760,[],0.0,0.0,0.0,0.0,0.9723723232996866,0.4861861616498433,167.1211597983953,99.13674403652372,2.9629394995248655,101.18236090056598,object,0.7109375
4055,,,,,,,600,854,[],0.92408150723079,0.8588768698011495,0.9252365202676717,0.9229293743046764,0.9960027388641116,0.959466056584394,15.524174696260024,6.1523711456956125,-0.002493574250968658,101.90806700848043,object,0.7421875
4057,,,,,,,600,854,[],0.0,0.0,0.0,0.0,0.964341943667076,0.482170971833538,173.747517601839,107.56370760607496,0.12737110120942075,100.54198699072003,object,0.79296875
4059,,,,,,,600,854,[],0.0,0.0,0.0,0.0,0.9651134774743461,0.48255673873717303,168.2395613338728,86.61898291014656,1.922733289212442,102.32610697858036,object,0.76953125
406,,,,,,,660,896,[],0.0,0.0,0.0,0.0,0.9638563556612123,0.48192817783060615,392.6506712304067,201.02369822249125,-0.867796129581059,103.47124305553734,object,0.443359375
4061,,,,,,,600,912,[],0.0,0.0,0.0,0.0,0.9611342801683547,0.48056714008417734,252.06596341181734,173.30334735547223,-0.24737625604763677,102.29081590659916,object,0.765625
4063,,,,,,,522,650,[],0.621150536453184,0.4504846633913159,0.9770187766386361,0.4553092119390165,0.9986790004105363,0.7269941061747764,100.82285474290576,33.356510611429094,-0.5339811037148379,102.07995120435953,object,0.61328125
4067,,,,,,,600,760,[],0.0,0.0,0.0,0.0,0.9646061916452988,0.4823030958226494,164.0,101.90139607922329,-0.007198827801490731,101.8559061922133,object,0.58984375
4071,,,,,,,600,650,[],0.9393976948816458,0.8857209628417855,0.9453729109503617,0.9334975369458128,0.9994325542830492,0.966465045614431,5.830951894845301,1.965848342747444,-0.012561576354679803,101.49261797778308,object,0.71484375
4075,,,,,,,600,760,[],0.0,0.0,0.0,0.0,0.9559808096113811,0.47799040480569055,205.54404621716796,124.66641804880219,0.7491513310702161,102.51797107048333,object,0.71484375
4077,,,,,,,600,854,[],0.0,0.0,0.0,0.0,0.9921909843739327,0.49609549218696636,200.62215316117573,131.92166046216852,-0.7345308018030323,102.5233508553356,object,0.71875
4079,,,,,,,589,743,[],0.0,0.0,0.0,0.0,0.9726702675855218,0.4863351337927609,228.820425954151,115.8987539977317,-0.6851396200503548,101.65279102511704,object,0.67578125
4081,,,,,,,316,592,[],0.0,0.0,0.0,0.0,0.9617975263296398,0.4808987631648199,179.26297149181445,121.63202194251562,-0.1945460984535474,102.0310299936682,object,0.8515625
4083,,,,,,,538,820,[],0.0,0.0,0.0,0.0,0.9991713381597603,0.49958566907988017,508.22504805578563,430.0168107161842,-0.9767334563669918,101.19289089925587,object,0.37109375
4087,,,,,,,544,820,[],0.0,0.0,0.0,0.0,0.9771553224571257,0.48857766122856283,151.63426060417777,84.79618657340204,-0.35108767303889254,102.18847310170531,object,0.55859375
4089,,,,,,,546,805,[],0.0,0.0,0.0,0.0,0.8998858380312357,0.44994291901561784,232.5175225910754,123.30058389795761,1.8943177951684247,101.78279387764633,object,0.671875
4091,,,,,,,366,592,[],0.0,0.0,0.0,0.0,0.8620412150532633,0.4310206075266316,214.97081189990388,107.70286212813832,16.424794359576968,102.19289385713637,object,0.71484375
4093,,,,,,,271,617,[],0.0,0.0,0.0,0.0,0.975651131901132,0.487825565950566,279.53890585179454,187.72407804751253,-0.8823878098957425,101.06747807003558,object,0.384765625
4095,,,,,,,516,592,[],0.0,0.0,0.0,0.0,0.9786055502246487,0.48930277511232434,188.0,105.32664632200569,-0.632359068992202,100.43073492124677,object,0.77734375
4099,,,,,,,553,867,[],0.0,0.0,0.0,0.0,0.9238360380651558,0.4619180190325779,226.05795708198858,127.15017640164426,0.0077770192050817775,101.25722293742001,object,0.54296875
41,,,,,,,408,517,[],0.0,0.0,0.0,0.0,0.967684633167052,0.483842316583526,100.96360103138127,59.43703967831297,0.21589452481230545,102.05679084174335,object,0.6875
4101,,,,,,,549,818,[],0.0,0.0,0.0,0.0,0.9749058681484594,0.4874529340742297,209.81371812869673,140.7545523352593,-0.3169107019418086,102.39709913730621,object,0.578125
4104,,,,,,,272,490,[],0.0,0.0,0.0,0.0,0.9716797112123738,0.4858398556061869,135.58444809702806,82.2208661153985,-0.6403535820742111,101.44582693465054,object,0.76953125
4106,,,,,,,311,660,[],0.0,0.0,0.0,0.0,0.8441088487889608,0.4220544243944804,236.17957440861085,136.87753147641493,-0.3448240900334584,100.24968883953989,object,0.373046875
4108,,,,,,,687,793,[],0.0,0.0,0.0,0.0,0.9886524664011574,0.4943262332005787,374.6561664361328,309.207843131271,-0.28086966796644214,101.45722702145576,object,0.61328125
4110,,,,,,,246,617,[],0.0,0.0,0.0,0.0,0.8422665215747108,0.4211332607873554,206.70749412398044,122.0204962280168,-0.07974244675581971,101.31457378156483,object,0.671875
4112,,,,,,,661,928,[],0.0,0.0,0.0,0.0,0.7909054836099788,0.3954527418049894,379.7097427623788,217.67071608374815,2.8945768677011676,100.7579118013382,object,0.65234375
4116,,,,,,,579,1024,[],0.0,0.0,0.0,0.0,0.9996828228087916,0.4998414114043958,384.1664717804389,328.1278119451868,-0.9712652556774293,102.28966595605016,object,0.57421875
4117,,,,,,,578,1024,[],0.0,0.0,0.0,0.0,0.9897005800548917,0.49485029002744585,164.5587183738773,121.18865239083333,0.4519069321180139,100.98906699568033,object,0.54296875
4119,,,,,,,466,1024,[],0.0,0.0,0.0,0.0,0.9880984058122183,0.49404920290610915,107.17768516436932,64.47230289425413,-0.245987862440998,101.69705282896757,object,0.765625
412,,,,,,,683,1024,[],0.34733351952506786,0.21016552560880492,1.0,0.21016552560880492,1.0,0.6050827628044024,173.8151312724288,136.32081433361355,-0.789834474391195,101.55597887933254,object,0.73046875
4121,,,,,,,466,1024,[],0.0,0.0,0.0,0.0,0.9865379391848424,0.4932689695924212,304.0,144.19051482993376,-0.9017152002226629,102.19613392837346,object,0.6328125
4123,,,,,,,466,1024,[],0.024491825697768383,0.012397734424166142,0.017134904757762894,0.042919389978213505,0.9760894128998675,0.5095044014390405,119.04221893850583,49.90459366406913,1.50479302832244,102.08435100503266,object,0.765625
4125,,,,,,,524,1024,[],0.0,0.0,0.0,0.0,0.9847403816611477,0.4923701908305739,112.15078963205752,61.71516830211142,-0.1350247258654053,101.76489409059286,object,0.76953125
4131,,,,,,,465,1024,[],0.0,0.0,0.0,0.0,0.9716819001855382,0.4858409500927691,273.25080054777516,160.73728852059472,0.5900144023043687,102.66487393528223,object,0.65234375
4133,,,,,,,578,1024,[],0.0,0.0,0.0,0.0,0.9876544051017557,0.49382720255087786,225.80840893838248,174.85743925343633,0.5163179916317991,101.96504881605506,object,0.7265625
4135,,,,,,,465,1024,[],0.0,0.0,0.0,0.0,0.9436144639771473,0.47180723198857366,347.66132858018005,246.50276602354745,3.6813128639491794,102.57945209741592,object,0.458984375
4137,,,,,,,465,1024,[],0.0,0.0,0.0,0.0,0.9844932591926412,0.4922466295963206,104.01201229350023,63.97273544002187,-0.09725158562367865,101.99249000288546,object,0.703125
4139,,,,,,,477,610,[],0.7734438156831043,0.6305816444224749,0.6544957031082987,0.945230009262118,0.9705904831225548,0.9579102461923363,94.0,17.837444282655493,0.4442111762889781,101.63345094770193,object,0.7109375
414,,,,,,,679,1024,[],0.9317067785383086,0.8721451749581465,0.9982163302769655,0.8735064461906615,0.9991691606539168,0.9363378034222891,45.56529201196755,19.797766553216473,-0.12493272280138115,101.5109489671886,object,0.7734375
4141,,,,,,,523,1024,[],0.06933028375384176,0.03590996594106323,0.06503083936712255,0.07423848155518138,0.9306703096321838,0.5024543955936825,238.4832274500786,114.47566335771434,0.14158885657431503,103.07103302329779,object,0.431640625
4143,,,,,,,522,1024,[],0.0,0.0,0.0,0.0,0.9875705024466384,0.4937852512233192,117.96014025779907,63.35224571343867,-0.4758943713155132,101.87938716262579,object,0.625
4150,,,,,,,466,1024,[],0.0,0.0,0.0,0.0,0.9905328673236983,0.49526643366184914,244.03155480814053,195.3038209781384,4.644555694618273,102.22664382308722,object,0.67578125
4153,,,,,,,477,610,[],0.5413436920632118,0.3711249107261745,0.9703136373706365,0.37538721486905097,0.9955183304108516,0.6854527726399513,118.1473649889252,50.51576642243089,-0.6131279615050261,101.92008805461228,object,0.392578125
4155,,,,,,,523,1024,[],0.0,0.0,0.0,0.0,0.976433766173286,0.488216883086643,324.7151611219564,229.2687367975921,-0.3986432957021192,102.54200198687613,object,0.64453125
4157,,,,,,,466,1024,[],0.0,0.0,0.0,0.0,0.9849231894196041,0.49246159470980205,152.53326512253435,101.76539106040069,0.7803843274270027,103.44299185089767,object,0.640625
4159,,,,,,,465,1024,[],0.0,0.0,0.0,0.0,0.9858725503886794,0.4929362751943397,105.25801083624745,54.43320105926975,0.8893604980192417,101.59740084782243,object,0.796875
416,,,,,,,600,814,[],0.005362241463358016,0.0026883284648597065,0.02328863796753705,0.0030299453035847793,0.9764946222471316,0.4897622837753582,329.95757293628265,152.97854756099528,-0.8698959849945566,102.20934497192502,object,0.76953125
4161,,,,,,,477,608,[],0.0,0.0,0.0,0.0,0.9122275618727546,0.4561137809363773,164.14505697868958,96.91564169566746,1.5302890054509926,102.57485206238925,object,0.3671875
4163,,,,,,,465,1024,[],0.0,0.0,0.0,0.0,0.9884569024503397,0.49422845122516984,89.89438247187641,52.136009301167825,0.3280526444065318,100.88564502075315,object,0.81640625
4165,,,,,,,466,1024,[],0.0,0.0,0.0,0.0,0.9835161319221367,0.49175806596106836,125.91797928119826,68.7301132282949,-0.07581918201387228,102.9137799050659,object,0.58984375
4167,,,,,,,465,1024,[],0.0,0.0,0.0,0.0,0.9876555800602561,0.49382779003012806,152.08024190521218,106.14230646532599,0.05597964376590331,102.12547215633094,object,0.64453125
4169,,,,,,,522,1024,[],0.0,0.0,0.0,0.0,0.9412025783836564,0.4706012891918282,173.29180541983808,79.06286009602726,5.165973460091108,103.17748598754406,object,0.5234375
4171,,,,,,,466,1024,[],0.93694845888221,0.881376323387873,0.961922268907563,0.9132385938668661,0.9996935581700562,0.9564660760184611,5.0,2.095349589361071,-0.0506108202443281,101.08111891895533,object,0.7109375
4173,,,,,,,467,1024,[],0.9163152278847619,0.8455551387846961,0.953977994075328,0.8815133444129436,0.9990704711108832,0.9402919077619134,13.174871474579744,4.194548530922875,-0.07596050444813765,100.75186099857092,object,0.60546875
4175,,,,,,,465,1024,[],0.0,0.0,0.0,0.0,0.9846796363313894,0.4923398181656947,171.98328369827874,115.06362810934218,1.854445318646735,100.35259183496237,object,0.77734375
4177,,,,,,,465,1024,[],0.03503237589241242,0.017828474862695395,0.03329651254536847,0.036959187248204586,0.986978452591237,0.5119688199197208,87.51337245874194,45.805605153865216,0.11000175162024874,103.56961493380368,object,0.640625
418,,,,,,,679,1024,[],0.0,0.0,0.0,0.0,0.9996654049254639,0.4998327024627319,705.9211357319025,482.4964787872287,-0.9988834899981911,101.15139000117779,object,0.498046875
4181,,,,,,,466,1024,[],0.0018079273684831097,0.0009047815739265554,0.007824459942167036,0.0010220405261286882,0.9865031838880456,0.4937626122070871,292.6375740717432,137.6962998143049,-0.8693787771062922,101.3745958916843,object,0.75
4183,,,,,,,466,1024,[],0.9413165872672152,0.8891388832071998,0.9942817932296432,0.8937088815789473,0.9999470697831978,0.9468279756810726,5.0,2.0645507593383012,-0.10115131578947369,101.44522716291249,object,0.625
4185,,,,,,,466,1024,[],0.0,0.0,0.0,0.0,0.921660336934357,0.4608301684671785,258.1419705789285,152.55054025928513,11.521065048870913,103.08315302245319,object,0.5390625
4187,,,,,,,467,1024,[],0.0,0.0,0.0,0.0,0.9829784275429648,0.4914892137714824,137.16412827303685,78.57640651626159,1.25986013986014,101.66897205635905,object,0.796875
4191,,,,,,,522,1024,[],0.0,0.0,0.0,0.0,0.9781603028804573,0.48908015144022865,168.56347148836127,86.94897532656799,0.06340057636887608,102.71868482232094,object,0.6484375
4193,,,,,,,465,1024,[],0.0,0.0,0.0,0.0,0.9781568603300468,0.4890784301650234,189.69607030594872,127.33262067117347,0.9566292562297889,102.0272399764508,object,0.8046875
4195,,,,,,,466,1024,[],0.0021965243232766976,0.0010994696675721122,0.010455104551045511,0.0012271710098895547,0.9847405707348994,0.4929838708723945,244.83712445800148,116.64046223772536,-0.8826247022305638,102.4246490560472,object,0.68359375
4197,,,,,,,466,1024,[],0.0,0.0,0.0,0.0,0.9838430591738799,0.49192152958693997,241.38266173555502,173.67580644706695,-0.4281137975745557,102.30561601929367,object,0.59375
420,,,,,,,660,896,[],0.0,0.0,0.0,0.0,0.9794507675863608,0.4897253837931804,410.18659895945234,215.3710749884982,-0.8696640095358713,102.2369849961251,object,0.765625
4201,,,,,,,466,1024,[],0.9735640138408305,0.9484897518878102,0.9937835546764623,0.954150841020076,0.9999535372905483,0.9770521891553121,2.0,0.8845086915001433,-0.03988062940857298,101.1062900070101,object,0.7265625
4203,,,,,,,465,1024,[],0.0,0.0,0.0,0.0,0.9556650560593429,0.47783252802967147,367.0,239.7396263826225,2.507234185733513,101.92605713382363,object,0.578125
4205,,,,,,,465,1024,[],0.0,0.0,0.0,0.0,0.9853415253915879,0.49267076269579396,179.60316988013835,127.00518368380578,3.476833976833977,100.24170903488994,object,0.7265625
4207,,,,,,,466,1024,[],0.003328923221373394,0.0016672366621067031,0.002054145159591278,0.008773903262092238,0.9599208019647205,0.4843473526134064,225.78750339833195,96.19897175045202,3.271316085489314,102.51330095343292,object,0.51171875
4213,,,,,,,521,1024,[],0.9353371975981396,0.8785290474017083,0.9480720517872221,0.9229399273922871,0.9970732055537709,0.9600065664730291,18.980249470757705,5.877303228575043,-0.026508664977053224,101.99029999785125,object,0.578125
4216,,,,,,,521,1024,[],0.0,0.0,0.0,0.0,0.8758356547269083,0.43791782736345414,327.85896249414077,179.019649652786,57.1363236587511,100.45279492624104,object,0.71875
4217,,,,,,,465,1024,[],0.0,0.0,0.0,0.0,0.9889064404217464,0.4944532202108732,146.444832301836,103.4061483661139,0.011420828493999226,99.97737384401262,object,0.66796875
4219,,,,,,,477,617,[],0.0,0.0,0.0,0.0,0.982511586544217,0.4912557932721085,195.55011825365688,153.5152247016869,1.6301440329218106,102.20897407270968,object,0.390625
422,,,,,,,679,1024,[],0.02926324533471294,0.014848885963809538,1.0,0.014848885963809538,1.0,0.5074244429819048,356.00140449161154,193.54781038078667,-0.9851511140361905,100.34740203991532,object,0.7734375
4221,,,,,,,467,1024,[],0.0,0.0,0.0,0.0,0.9861540777619222,0.4930770388809611,123.0589276142354,78.39706227865972,-0.008954317802397936,103.47792180255055,object,0.6953125
4225,,,,,,,579,1024,[],0.0,0.0,0.0,0.0,0.9906778368055734,0.4953389184027867,108.32770529246429,63.50580066317853,-0.43087388801674514,102.76846680790186,object,0.55078125
4227,,,,,,,465,1024,[],0.0,0.0,0.0,0.0,0.9836040917839541,0.49180204589197707,136.52087429480156,81.9153589231379,-0.5673779260366941,101.89243592321873,object,0.71875
4231,,,,,,,466,1024,[],0.0,0.0,0.0,0.0,0.9895577070182464,0.4947788535091232,113.57456382207587,73.71928490800579,-0.06258322237017311,102.22074389457703,object,0.58203125
4233,,,,,,,466,1024,[],0.0,0.0,0.0,0.0,0.9750072362596199,0.48750361812980997,254.23689738987594,207.94467414495745,0.6024836244541485,103.05824293754995,object,0.59375
4235,,,,,,,466,1024,[],0.0,0.0,0.0,0.0,0.9848102440186646,0.4924051220093323,110.53843537391269,52.78739370822213,1.4696606102159753,101.57075896859169,object,0.78125
4237,,,,,,,466,1024,[],0.0,0.0,0.0,0.0,0.9874415875341052,0.4937207937670526,113.13487264834208,57.875833878806965,-0.4276790942806949,101.0031069163233,object,0.80859375
4239,,,,,,,465,1024,[],0.0,0.0,0.0,0.0,0.9501726459208419,0.47508632296042097,287.73772570201567,133.8489432529302,3.4659307194518463,102.72172512486577,object,0.765625
424,,,,,,,600,814,[],0.0,0.0,0.0,0.0,0.9780427015158217,0.48902135075791087,425.10422237392925,213.68776427707363,-0.9252135788324658,103.27845811843872,object,0.7109375
4241,,,,,,,465,1024,[],0.008782665034914693,0.004410701373825018,0.014174509120483328,0.00636245110821382,0.9814326509622854,0.4938975510352496,156.16913905189134,82.40769635123822,-0.5511342894393741,100.58550699613988,object,0.77734375
4243,,,,,,,466,1024,[],0.7290224471731088,0.5735919139969284,0.5838089352575521,0.970392749244713,0.9751451260653795,0.9727689376550462,51.0,21.43213422243548,0.6621752265861027,103.00806211307645,object,0.7265625
4245,,,,,,,466,1024,[],0.0,0.0,0.0,0.0,0.9880269330723278,0.4940134665361639,142.7247201856557,100.1182131698255,0.8192307692307692,101.7364130821079,object,0.75390625
4249,,,,,,,465,1024,[],0.0,0.0,0.0,0.0,0.9323994109739312,0.4661997054869656,209.03743680662276,118.32924346567414,-0.2528412686359379,101.92191717214882,object,0.625
4251,,,,,,,466,1024,[],0.0,0.0,0.0,0.0,0.9818073060054767,0.49090365300273836,477.099570320494,237.27179842706556,-0.8928731251714233,101.85676603578031,object,0.6171875
4253,,,,,,,578,1024,[],0.0,0.0,0.0,0.0,0.9653800142865749,0.48269000714328747,222.19889619194888,133.5045823134552,0.8440451086458238,102.30150609277189,object,0.51171875
4255,,,,,,,465,1024,[],0.0,0.0,0.0,0.0,0.9867108513993237,0.49335542569966184,179.6877804334726,130.18170518801153,2.5257270693512304,102.62640309520066,object,0.765625
4261,,,,,,,445,533,[],0.9304044714225614,0.8698657077035455,0.9590509230578614,0.9034197012138189,0.9969961235906548,0.9502079124022369,12.0,4.696224265392334,-0.05800653594771242,101.42701701261103,object,0.80859375
4263,,,,,,,390,673,[],0.8399847604533766,0.7241152804006897,0.747753094793963,0.9581703607127336,0.9882534568398442,0.9732119087762889,36.902272492535324,8.764867733160477,0.2813993915688831,101.11742001026869,object,0.47265625
4267,,,,,,,447,494,[],0.04788391777509069,0.024529236868186324,0.06201064829314125,0.038999409099862124,0.9562958747391616,0.49764764191951183,112.85054008430362,61.15635835060566,-0.37108528658656686,100.69634020328522,object,0.80078125
4269,,,,,,,499,504,[],0.00043912011307342913,0.00021960827374171323,0.0015430610473526859,0.0002559836170485089,0.9452199034879784,0.4727379435525134,284.781316174306,110.43778432085183,-0.8341066171765007,99.89647194743156,object,0.69921875
4271,,,,,,,694,995,[],0.9597808070899435,0.9226716961498439,0.9552248855373013,0.9643803956223235,0.9990160087242295,0.9816982021732765,6.324555320336759,2.685495799262841,0.009584664536741214,102.44498890824616,object,0.7265625
4273,,,,,,,553,918,[],0.0,0.0,0.0,0.0,0.8813572409417795,0.44067862047088974,236.42715452815702,160.53387826826616,0.9964531535327995,103.11948508024216,object,0.58203125
4276,,,,,,,794,1128,[],0.0,0.0,0.0,0.0,0.951919892662176,0.475959946331088,259.0,149.49866510323193,1.4983147064041156,104.0971172042191,object,0.66015625
428,,,,,,,600,814,[],0.9116778674465034,0.8376911947085572,0.9979889597997168,0.8391076296628593,0.9997723270498696,0.9194399783563645,21.0,10.963977320368926,-0.15920149073466994,101.99969913810492,object,0.78515625
4283,,,,,,,498,630,[],0.0,0.0,0.0,0.0,0.9799799951503395,0.48998999757516976,265.1980392084376,127.85764823795961,-0.893904104088025,101.7138019669801,object,0.65625
4285,,,,,,,499,630,[],0.30543128111554146,0.1802413072493207,1.0,0.1802413072493207,1.0,0.5901206536246604,398.6075764458072,135.49522131155757,-0.8197586927506794,101.59465996548533,object,0.69140625
4287,,,,,,,499,630,[],0.0,0.0,0.0,0.0,0.9780465497768852,0.4890232748884426,211.983724332568,163.7501981558724,-0.05386449712442138,101.24043188989162,object,0.83984375
4289,,,,,,,499,630,[],0.0,0.0,0.0,0.0,0.9817874547266505,0.49089372736332526,235.94321129015398,194.0599072629445,0.3105128800185658,101.15731996484101,object,0.734375
4293,,,,,,,500,720,[],0.0,0.0,0.0,0.0,0.9733888620932735,0.48669443104663673,355.64567694651015,177.92916954882088,-0.7646045290449622,100.40924395434558,object,0.73828125
4295,,,,,,,500,720,[],0.0,0.0,0.0,0.0,0.8409346113673339,0.42046730568366697,330.17116772970957,184.92150764667264,18.662166839736933,101.93513799458742,object,0.7109375
43,,,,,,,460,592,[],0.0,0.0,0.0,0.0,0.9815977390037683,0.49079886950188417,187.55984801866344,86.19276278822922,-0.7638663145062983,101.89742688089609,object,0.80078125
4301,,,,,,,500,720,[],0.0,0.0,0.0,0.0,0.9774232212681508,0.4887116106340754,331.1102460818912,185.5415590331521,-0.8738333150323927,101.01637709885836,object,0.7734375
4303,,,,,,,500,762,[],0.9085615426811258,0.8324441351581227,0.9665140497351647,0.8571656050955414,0.9989876234936489,0.9280766142945951,12.36931687685298,5.237242445164607,-0.11313694267515924,101.94687801413238,object,0.6953125
4305,,,,,,,500,504,[],0.8951188532026856,0.8101494498275579,0.9685843314353033,0.8320121437004554,0.9993497811607219,0.9156809624305886,18.027756377319946,3.9174604395898025,-0.14100185528756956,100.86746420711279,object,0.69140625
4307,,,,,,,500,720,[],0.0,0.0,0.0,0.0,0.9744784975836545,0.48723924879182723,235.72749062042803,111.0010771466506,-0.747610405323654,101.39157483354211,object,0.78515625
4309,,,,,,,500,720,[],0.1064013294907125,0.05619001066477071,0.9990782196470898,0.0561929238540332,0.999968886538094,0.5280809051960637,153.45357562667436,59.257409735757165,-0.9437552308227852,101.55279003083706,object,0.546875
431,,,,,,,587,838,[],0.9610995167992179,0.9251122050094107,0.9534449957100757,0.9688779378316906,0.9870802772357177,0.9779791075337041,22.47220505424423,7.009239332415173,0.01618650492797574,102.07774094305933,object,0.69921875
4313,,,,,,,500,720,[],0.0,0.0,0.0,0.0,0.9752963082010697,0.48764815410053486,172.40939649566667,118.47339472300199,-0.4183541283152656,101.32941510528326,object,0.73828125
4315,,,,,,,512,846,[],0.0,0.0,0.0,0.0,0.9763019164228666,0.4881509582114333,143.60222833418476,84.39356121996192,-0.030291299719345785,100.93462490476668,object,0.71875
4317,,,,,,,500,720,[],0.0,0.0,0.0,0.0,0.9095415879545277,0.45477079397726383,305.4917346817323,234.97108683055345,14.0139146567718,101.99426906183362,object,0.45703125
4319,,,,,,,500,504,[],0.0,0.0,0.0,0.0,0.9767103112958219,0.48835515564791093,240.41630560342617,193.87188048501952,0.3858343337334934,101.34978499263525,object,0.5625
4321,,,,,,,500,720,[],0.007602612643868885,0.0038158113898941566,0.015020563867199141,0.005089264076258179,0.9467766454954201,0.47593295478583914,233.57439928211312,116.32784223409888,-0.6611802245738752,102.16048290021718,object,0.66796875
4323,,,,,,,500,720,[],0.0,0.0,0.0,0.0,0.9850817299482382,0.4925408649741191,124.98799769511484,76.44496792953458,0.912091855041263,101.83067596517503,object,0.609375
4325,,,,,,,500,720,[],0.0,0.0,0.0,0.0,0.9738423838916245,0.48692119194581224,151.16216457830973,87.77104683766431,-0.3508318990246701,101.23341321013868,object,0.77734375
4327,,,,,,,485,852,[],0.0,0.0,0.0,0.0,0.9626233169642204,0.4813116584821102,142.13022197970423,75.74516749409648,3.948030987734022,100.85123404860497,object,0.828125
433,,,,,,,632,592,[],0.9168508379329876,0.84646775351174,0.994267270449947,0.8506192428957076,0.9992690799313304,0.924944161413519,36.29595443548335,9.374274963075381,-0.14447627094194984,101.82144492864609,object,0.8046875
4331,,,,,,,499,560,[],0.00932306032508575,0.00468336179481149,1.0,0.00468336179481149,1.0,0.5023416808974057,212.8755504984074,160.962781721093,-0.9953166382051886,102.01753908768296,object,0.265625
4333,,,,,,,500,720,[],0.0,0.0,0.0,0.0,0.9740595184072105,0.48702975920360525,176.7844564717749,101.15400379726717,-0.05529570730693275,100.08332692086697,object,0.7578125
4335,,,,,,,500,720,[],0.0,0.0,0.0,0.0,0.981892377261345,0.4909461886306725,114.09776366475928,63.86619709517306,0.5402820941907722,99.92324281483889,object,0.83203125
4337,,,,,,,500,762,[],0.0,0.0,0.0,0.0,0.9883776652559743,0.49418883262798713,298.31694554617576,177.71131188742936,-0.8836348921903,102.08480199798942,object,0.48828125
4341,,,,,,,578,1024,[],0.0,0.0,0.0,0.0,0.9996917547909362,0.4998458773954681,410.3301714470979,319.99422196327214,-0.9915781414489425,103.66797703318298,object,0.5546875
4345,,,,,,,427,537,[],0.0,0.0,0.0,0.0,0.9179269859073395,0.4589634929536697,136.0,76.56193702973353,1.2154804053229153,101.33723402395844,object,0.4609375
4349,,,,,,,579,1024,[],0.0,0.0,0.0,0.0,0.9888133789487968,0.4944066894743984,213.00199529416957,102.96825931319202,-0.8092962376719834,100.86437407881021,object,0.7421875
435,,,,,,,669,940,[],0.9735181636694541,0.9484027181129423,0.9904563029185768,0.9571496137474381,0.9976693227091633,0.9774094682283008,14.866068747318506,4.862616274838946,-0.033627620999527034,100.25100992061198,object,0.8125
4351,,,,,,,579,1024,[],0.945410535702911,0.8964725779173713,0.9045587518283764,0.990126751167445,0.9986624553084126,0.9943946032379287,5.588931888902911,2.54713566341171,0.09459639759839893,100.38190288469195,object,0.66796875
4354,,,,,,,398,402,[],0.0,0.0,0.0,0.0,0.928635436328624,0.464317718164312,164.43356105755603,74.54600121604012,3.2389580973952437,99.33761903084815,object,0.5546875
4355,,,,,,,373,371,[],0.0,0.0,0.0,0.0,0.9790718571552799,0.48953592857763994,168.01190434013895,136.77138869268666,6.462532299741602,96.78925201296806,object,0.58984375
4357,,,,,,,425,365,[],0.0,0.0,0.0,0.0,0.9685666187305331,0.48428330936526653,117.21987519242342,64.7280423384975,-0.45108307545822424,100.17730784602463,object,0.80078125
4359,,,,,,,425,365,[],0.0,0.0,0.0,0.0,0.9933578033458036,0.4966789016729018,229.03471315691323,153.97528207042564,-0.9300631735414344,96.94967605173588,object,0.69921875
4363,,,,,,,425,365,[],0.0,0.0,0.0,0.0,0.96014055629174,0.48007027814587,147.52287374197178,99.5358027346208,0.7565368971528181,99.3912999983877,object,0.640625
4365,,,,,,,364,365,[],0.03342091434576984,0.016994442069260367,0.022828427853553483,0.06235294117647059,0.9477707006369427,0.5050618209067066,86.02964585861419,44.10462048597139,1.731372549019608,96.65743005461991,object,0.62109375
4367,,,,,,,425,365,[],0.0,0.0,0.0,0.0,0.9456056972813682,0.4728028486406841,164.26685277017708,103.24593683976084,-0.548311641576201,97.53260901197791,object,0.71875
4369,,,,,,,425,365,[],0.0,0.0,0.0,0.0,0.9779481419330392,0.4889740709665196,137.37212044090276,84.46337978529587,-0.5558130025896143,100.33803200349212,object,0.765625
4371,,,,,,,425,365,[],0.0,0.0,0.0,0.0,0.9571667170793935,0.47858335853969675,114.5085120897627,66.3295515655364,1.137840498851329,97.1783809363842,object,0.8046875
4373,,,,,,,425,365,[],0.0,0.0,0.0,0.0,0.9617973317343727,0.4808986658671863,189.70578490987344,102.1343640167152,-0.7651693158258466,96.92931594327092,object,0.72265625
4375,,,,,,,362,365,[],0.0,0.0,0.0,0.0,0.9672397497285602,0.4836198748642801,79.39646983764676,46.40731023944532,0.020686298369432952,96.52841603383422,object,0.6796875
4379,,,,,,,425,365,[],0.0,0.0,0.0,0.0,0.9624614306695232,0.4812307153347616,182.69854587285474,133.1692339871834,-0.16723957554924526,96.19458904489875,object,0.80078125
4381,,,,,,,425,365,[],0.0,0.0,0.0,0.0,0.9832663591794182,0.4916331795897091,167.10116644309954,135.01929020254136,-0.29043088975937326,99.71766802482307,object,0.76953125
4383,,,,,,,425,365,[],0.047019311502938706,0.02407566638005159,0.0561771741646732,0.04042872216360304,0.910799457401654,0.47561408978262854,125.9861089233332,58.052592748809204,-0.2803354251124563,99.12326489575207,object,0.66796875
4385,,,,,,,425,365,[],0.0,0.0,0.0,0.0,0.967240056973814,0.483620028486907,125.2556834544554,68.73905214005555,-0.4738810073683053,96.05397493578494,object,0.828125
4387,,,,,,,425,365,[],0.0,0.0,0.0,0.0,0.9643428834988333,0.4821714417494167,95.00026315060545,51.31214306902595,-0.3166515013648772,99.7671689838171,object,0.77734375
4389,,,,,,,425,365,[],0.0,0.0,0.0,0.0,0.9647986482680935,0.48239932413404674,187.0009356730625,143.0979299133308,1.2101151315789473,97.09550812840462,object,0.859375
439,,,,,,,681,727,[],0.0009644131545954287,0.00048243921265920495,0.004576087860886929,0.0005390043120344963,0.9695608922088198,0.48504994826042713,405.80463260301485,208.53823511864198,-0.8822128577028616,98.03728014230728,object,0.8046875
4391,,,,,,,425,365,[],0.0,0.0,0.0,0.0,0.952675262787223,0.4763376313936115,149.83106756088603,103.94277686622875,1.2496871088861077,98.0999618768692,object,0.5625
4394,,,,,,,425,365,[],0.574373307712464,0.40289180247518686,1.0,0.40289180247518686,1.0,0.7014459012375934,46.0,17.20151992285092,-0.5971081975248131,96.19449800811708,object,0.64453125
4396,,,,,,,388,365,[],0.0,0.0,0.0,0.0,0.9241987022726532,0.4620993511363266,198.11422275535392,110.21497533877002,-0.5091321790540541,99.98876391910017,object,0.4609375
4398,,,,,,,425,365,[],0.0,0.0,0.0,0.0,0.9682340065394577,0.48411700326972884,145.18470742899717,98.91767445502775,-0.4171863307557995,97.06497797742486,object,0.76171875
4400,,,,,,,425,365,[],0.0,0.0,0.0,0.0,0.9785485361489609,0.48927426807448043,208.0175432739027,182.91543095774705,0.2845368916797488,96.94503503851593,object,0.4921875
4402,,,,,,,425,365,[],0.8893971113417659,0.8008236971329004,1.0,0.8008236971329004,1.0,0.9004118485664502,17.46424919657298,9.963483087845367,-0.19917630286709964,99.45565205998719,object,0.76953125
4404,,,,,,,425,365,[],0.0,0.0,0.0,0.0,0.9602105304606339,0.48010526523031694,187.5946051068239,138.74728274552058,1.2063318777292575,97.30328409932554,object,0.67578125
4406,,,,,,,425,365,[],0.0,0.0,0.0,0.0,0.9698932585431066,0.4849466292715533,192.79651952313543,136.6190608789613,-0.563449240607514,96.87505289912224,object,0.76953125
4408,,,,,,,425,365,[],0.9404905447274836,0.8876660232216428,0.9890533209206767,0.8964734636871509,0.9971761471384681,0.9468248054128094,14.0,5.319321014668389,-0.09360451582867783,96.86092403717339,object,0.78515625
4409,,,,,,,512,676,[],0.0,0.0,0.0,0.0,0.9779223708842477,0.48896118544212386,230.00986126052965,185.05525536815438,0.5795430727310836,96.70289885252714,object,0.330078125
441,,,,,,,582,746,[],0.3140603211283318,0.18628206279510534,1.0,0.18628206279510534,1.0,0.5931410313975527,203.27086085080776,107.42056080069983,-0.8137179372048947,102.12033218704164,object,0.359375
4412,,,,,,,565,833,[],0.0,0.0,0.0,0.0,0.9654334033514178,0.4827167016757089,407.0,317.51339106756365,2.1862997426252226,98.47642993554473,object,0.62890625
4414,,,,,,,616,772,[],0.0,0.0,0.0,0.0,0.9086394612120572,0.4543197306060286,253.0632469911621,121.3207093096821,2.5313099307929625,100.12078704312444,object,0.765625
4416,,,,,,,562,854,[],0.0,0.0,0.0,0.0,0.9791379925574757,0.48956899627873784,208.0,153.74371302291564,0.07461706783369804,100.16286792233586,object,0.84375
4418,,,,,,,565,824,[],0.0,0.0,0.0,0.0,0.9797913263424145,0.48989566317120725,240.07829669193347,174.079166347541,-0.08979430379746836,99.50447408482432,object,0.59765625
4422,,,,,,,550,680,[],0.0,0.0,0.0,0.0,0.9683266296195921,0.4841633148097961,326.53698043473247,270.3720454187302,7.935654806964421,98.22516399435699,object,0.76171875
4424,,,,,,,564,712,[],0.0,0.0,0.0,0.0,0.9759483236053014,0.4879741618026507,238.7214902519049,183.8587132372136,-0.03293996921498204,97.76535304263234,object,0.73046875
4426,,,,,,,560,712,[],0.0,0.0,0.0,0.0,0.9749110967994847,0.48745554839974237,258.9922778771599,200.54500929101366,0.6770461119618854,101.2285619508475,object,0.8125
4428,,,,,,,561,852,[],0.0,0.0,0.0,0.0,0.9570428127933002,0.4785214063966501,368.5986977730659,288.75816767717293,1.8743961352657006,102.90030995383859,object,0.494140625
443,,,,,,,587,743,[],4.980203690330934e-05,2.490163852781513e-05,0.000636841267314122,2.5914288490816623e-05,0.9777242304443797,0.4888750723664353,508.19484058791664,244.15246785101323,-0.9593080884972952,101.44158592447639,object,0.70703125
4430,,,,,,,616,680,[],0.9436112503988695,0.8932424268576853,0.960735171261487,0.9270870655678968,0.998962513121879,0.9630247893448879,7.0,3.124409963936913,-0.035023289143676105,102.2504351567477,object,0.78515625
4432,,,,,,,564,624,[],0.35867921357755,0.21853084207832096,0.22271494156928215,0.9208369283865401,0.9571004894903542,0.9389687089384471,187.88626823113762,80.06973123933962,3.1345987920621226,101.21277091093361,object,0.330078125
4434,,,,,,,617,778,[],0.0,0.0,0.0,0.0,0.9677079436907553,0.48385397184537765,268.1776459078842,163.99422497313734,-0.6595816301995672,102.03315992839634,object,0.73046875
4438,,,,,,,564,712,[],0.0,0.0,0.0,0.0,0.9623797159394093,0.48118985796970465,263.814326442669,208.02258630322672,0.4897381457891012,102.62908414006233,object,0.43359375
4440,,,,,,,557,712,[],0.9383775351014041,0.8839088905216752,0.9143232225523389,0.9637317019882019,0.9967611589826905,0.9802464304854461,11.260361054390424,3.8444577838000416,0.05403830747942612,101.68181289918721,object,0.7734375
4442,,,,,,,616,772,[],0.6132735445343911,0.44224550712020394,0.7979075507685404,0.49803042770356626,0.9827809948068149,0.7404057112551906,94.0,43.807866705599956,-0.3758294087781649,101.0316179599613,object,0.474609375
4444,,,,,,,617,778,[],0.0,0.0,0.0,0.0,0.9727390015896011,0.48636950079480057,172.08994579878356,101.19749843556869,-0.5205235439900867,101.30136390216649,object,0.70703125
445,,,,,,,370,753,[],0.3630894790535426,0.2218138831703551,0.9977933728838084,0.22192274581425847,0.999604714908728,0.6107637303614932,179.68778314921923,76.97243273673988,-0.7775864704604517,101.2925230897963,object,0.455078125
4452,,,,,,,679,764,[],0.0,0.0,0.0,0.0,0.9790599926546745,0.48952999632733724,221.47900338212182,144.7260181535421,1.601013758146271,102.4705502204597,object,0.640625
4454,,,,,,,564,624,[],0.0,0.0,0.0,0.0,0.9760718131213746,0.4880359065606873,217.1596172096058,161.13865971006277,3.641551246537396,102.56879311054945,object,0.74609375
4456,,,,,,,559,772,[],0.8302456832343746,0.7097607346558095,0.9740080732499754,0.7234633807451827,0.9986937127504026,0.8610785467477926,40.21442342713594,13.672777748063664,-0.2572306117225493,102.17851307243109,object,0.48046875
4458,,,,,,,617,882,[],0.0,0.0,0.0,0.0,0.9743838988763627,0.48719194943818134,258.93396830606423,194.4216194610359,0.9137451307735114,102.26523596793413,object,0.7734375
4460,,,,,,,510,852,[],0.0,0.0,0.0,0.0,0.9575627875055647,0.47878139375278234,363.21962996139484,262.7346754169696,4.677109181141439,102.6451550424099,object,0.76953125
4462,,,,,,,564,624,[],0.017114528403170293,0.008631123001465062,0.009922741752407455,0.06218448829738412,0.9222045123684468,0.49219450033291545,190.70094355644238,86.12705158126363,5.266865534648922,101.65113187395036,object,0.419921875
4464,,,,,,,617,908,[],0.0,0.0,0.0,0.0,0.971689530556105,0.4858447652780525,252.01019349929794,162.91351482026803,2.8917449332674248,102.55587287247181,object,0.3671875
4466,,,,,,,524,882,[],0.0,0.0,0.0,0.0,0.9549968778477228,0.4774984389238614,193.02331465395574,91.95315932833927,1.277610273590173,101.45841701887548,object,0.73828125
4468,,,,,,,617,1029,[],0.0,0.0,0.0,0.0,0.9554279100189812,0.4777139550094906,257.00175096613515,159.59219819786014,1.5009444994153098,102.55343210883439,object,0.83203125
4472,,,,,,,564,712,[],0.0,0.0,0.0,0.0,0.9544005572718539,0.47720027863592696,238.13024996484498,82.80216115488604,0.1433673138107915,102.17557405121624,object,0.490234375
4474,,,,,,,565,833,[],0.0,0.0,0.0,0.0,0.9784937436736804,0.4892468718368402,247.05120508589937,191.83138953737472,0.5813143309580364,102.11145202629268,object,0.70703125
4477,,,,,,,562,854,[],0.0,0.0,0.0,0.0,0.8864297763144691,0.44321488815723453,251.85668683501572,130.42555782758006,-0.22602338229068292,102.0488110370934,object,0.474609375
4478,,,,,,,564,712,[],0.0,0.0,0.0,0.0,0.9661751907159793,0.4830875953579897,266.9632895709007,188.95571324266942,0.3585853408508457,101.21703194454312,object,0.7265625
448,,,,,,,582,743,[],4.0271970037654295e-05,2.0136390484884284e-05,0.00046941010796432484,2.1038458301775647e-05,0.9779594934961874,0.4889902659772446,485.7424049349952,238.89113059126146,-0.9551810709977839,101.91013710573316,object,0.466796875
4480,,,,,,,563,712,[],0.730832830258012,0.5758365388592463,0.6329332605928351,0.8645593988697758,0.9790151083942166,0.9217872536319962,56.82780911296314,15.074498597121195,0.36595665403961997,101.14875994622707,object,0.296875
4482,,,,,,,616,772,[],0.0,0.0,0.0,0.0,0.970115205955314,0.485057602977657,380.3081640606561,297.6013015094095,2.26827570201903,101.55804990790784,object,0.78125
4484,,,,,,,565,833,[],0.0,0.0,0.0,0.0,0.9865332209611399,0.49326661048056997,161.8115328321105,84.65316985790976,-0.7417031129405711,102.69329603761435,object,0.671875
4487,,,,,,,403,712,[],0.0,0.0,0.0,0.0,0.9692767326802852,0.4846383663401426,180.00694426227068,121.61428793629533,0.8166387259010897,101.69082204811275,object,0.6015625
4489,,,,,,,564,712,[],0.0,0.0,0.0,0.0,0.9831319151946677,0.49156595759733385,209.53066498457946,160.13390511996386,0.15282334657226732,102.10042214021087,object,0.6484375
449,,,,,,,582,742,[],0.0,0.0,0.0,0.0,0.9819938064755815,0.49099690323779077,362.6865720840739,250.64916405481793,-0.675562601840842,101.98289807885885,object,0.734375
4491,,,,,,,633,764,[],0.0,0.0,0.0,0.0,0.9931957515544995,0.49659787577724973,200.66589127089358,170.63541131642754,0.2641946697566628,101.57577088102698,object,0.373046875
4493,,,,,,,562,712,[],0.0011332028433089522,0.0005669226408287378,0.0016936104695919939,0.0008514590912609335,0.9832552133772354,0.4920533362342482,113.58916224006964,59.87016736930234,-0.4972521092963852,101.36347520165145,object,0.79296875
4495,,,,,,,564,712,[],0.0,0.0,0.0,0.0,0.9786065582204113,0.48930327911020566,210.61528252488026,149.22787894392826,-0.35043736332396125,102.35851793549955,object,0.8046875
4497,,,,,,,564,712,[],0.6090902215836044,0.4379077859939104,0.4638065073423553,0.886906728333884,0.9762769212738256,0.9315918248038548,77.2719207624194,31.20373995364446,0.9122343354256139,102.40914789028466,object,0.287109375
45,,,,,,,408,443,[],0.112212629741003,0.05944134996814174,1.0,0.05944134996814174,1.0,0.5297206749840708,221.3756320896323,99.75754585289778,-0.9405586500318582,102.03480999916792,object,0.53125
4501,,,,,,,616,606,[],0.7342094399339479,0.580040223949557,1.0,0.580040223949557,1.0,0.7900201119747785,45.59056028970984,17.121138134868644,-0.419959776050443,100.54955701343715,object,0.52734375
4503,,,,,,,564,712,[],0.0,0.0,0.0,0.0,0.9761633105393731,0.48808165526968655,304.0,242.01649953290865,1.087800573571586,101.9936699885875,object,0.69140625
4505,,,,,,,441,772,[],0.0,0.0,0.0,0.0,0.9917010487393568,0.4958505243696784,127.95374376629194,89.2626046153156,0.5148247978436657,102.27778600528836,object,0.66796875
4507,,,,,,,564,712,[],0.0,0.0,0.0,0.0,0.9734013840387837,0.48670069201939187,264.96131422044186,212.5065256793017,-0.026771506131236543,101.92104801535606,object,0.62109375
4509,,,,,,,520,712,[],0.0,0.0,0.0,0.0,0.9760046367851622,0.4880023183925811,202.69533613285222,146.4136237043664,0.09772727272727273,100.9534162003547,object,0.73828125
451,,,,,,,587,753,[],0.0,0.0,0.0,0.0,0.9812108867634903,0.49060544338174517,307.6973286496866,170.6223807851922,-0.7848390095495648,101.6378419008106,object,0.63671875
4513,,,,,,,438,712,[],0.0,0.0,0.0,0.0,0.981777060192001,0.4908885300960005,285.5269707524604,236.2961778800978,1.0150268336314847,102.46227984316647,object,0.5078125
4516,,,,,,,564,712,[],0.0,0.0,0.0,0.0,0.989369119033766,0.494684559516883,432.2038789333323,393.77144601586366,0.5010623229461756,102.59024309925735,object,0.6796875
4518,,,,,,,296,772,[],0.0,0.0,0.0,0.0,0.8635748321420836,0.4317874160710418,299.1830540494159,189.5804830236653,3.3842807424593966,101.15511994808912,object,0.3359375
4520,,,,,,,532,821,[],0.0,0.0,0.0,0.0,0.9789495934436324,0.4894747967218162,211.9917450927816,148.34543172403613,4.984323971260614,101.191280875355,object,0.703125
4522,,,,,,,564,712,[],0.009608355091383813,0.004827369083849302,0.012679162072767364,0.007734992433159576,0.9816154015921,0.4946751970126298,117.93557313672542,59.676864336887384,-0.38994450983689255,101.71242314390838,object,0.6953125
4524,,,,,,,555,772,[],0.0,0.0,0.0,0.0,0.9769115742628803,0.48845578713144017,187.20497313737036,126.9455548890913,0.05699312151981657,101.67011292651296,object,0.72265625
4526,,,,,,,564,712,[],0.012949946751863685,0.006517171890408609,0.015513370075525617,0.01111354829275426,0.9751321891974807,0.49312286874511746,115.02608350558654,63.79820634078754,-0.2836148278131169,101.33492411114275,object,0.796875
4528,,,,,,,692,991,[],0.0,0.0,0.0,0.0,0.9743582838900009,0.48717914194500045,185.9314364240627,109.51593805932515,-0.010963646855164455,102.78449789620936,object,0.76171875
453,,,,,,,458,743,[],0.00014632897191703146,7.316983939220253e-05,0.0007215874924834636,8.141996417521577e-05,0.9688336921703513,0.48445755606726326,306.7800515027012,150.1677605173139,-0.8871654996471802,100.14051687903702,object,0.75390625
4530,,,,,,,493,712,[],0.0,0.0,0.0,0.0,0.9796011125626388,0.4898005562813194,277.3169642058821,216.23543713904797,4.981559094719195,101.58925992436707,object,0.75390625
4532,,,,,,,605,772,[],0.9666623761101815,0.9354758345789735,0.9854349822857893,0.9485916382468107,0.9995080070740604,0.9740498226604355,5.385164807134504,2.1812059199176503,-0.03738789945686497,100.76021100394428,object,0.62890625
4534,,,,,,,564,712,[],0.0,0.0,0.0,0.0,0.9812797635338552,0.4906398817669276,189.89575733729475,100.4526604779655,-0.5991963837267704,101.32016404531896,object,0.77734375
4536,,,,,,,565,712,[],0.0,0.0,0.0,0.0,0.9608107901923987,0.48040539509619934,252.07488643399842,137.7702465112517,0.7058888642904583,101.80201497860253,object,0.75390625
4538,,,,,,,615,680,[],0.10143053422775399,0.05342471584862288,0.05820424821445135,0.3941582914572864,0.9013821169797394,0.647770204218513,237.29848971117934,112.47196271864797,5.771984924623116,101.2570031452924,object,0.56640625
4540,,,,,,,564,624,[],0.0,0.0,0.0,0.0,0.9816479514415781,0.49082397572078906,201.04773043385816,105.40288422172165,-0.730477803530041,99.24718691036105,object,0.8125
4542,,,,,,,617,778,[],0.0,0.0,0.0,0.0,0.9934746210505542,0.4967373105252771,366.24212500871755,305.82390460857687,-0.6501308453749004,102.09128097631037,object,0.59765625
4544,,,,,,,514,624,[],0.0,0.0,0.0,0.0,0.9603970951193352,0.4801985475596676,219.92714508635623,152.22720421998832,0.09572756524848051,101.89787694253027,object,0.6953125
4546,,,,,,,530,824,[],0.0,0.0,0.0,0.0,0.8995227155472576,0.4497613577736288,248.65437860612872,138.91849770781388,8.687709123354896,102.02634986490011,object,0.69140625
4548,,,,,,,563,833,[],0.0,0.0,0.0,0.0,0.9862395702883353,0.49311978514416765,140.76394518131235,100.72065154673426,0.26666666666666666,101.3058740645647,object,0.73046875
455,,,,,,,481,752,[],0.7260194671441457,0.5698827010461799,0.9989071443125197,0.5702382337080077,0.9997791428496562,0.785008688278832,128.97285679451778,45.20327969853589,-0.42913789639530087,102.28773602284491,object,0.83984375
4550,,,,,,,476,824,[],0.0,0.0,0.0,0.0,0.914026432221642,0.457013216110821,383.98619718021456,208.10415134359795,3.523855092276145,100.00122501514852,object,0.6640625
4552,,,,,,,557,852,[],0.0,0.0,0.0,0.0,0.9569918543567494,0.4784959271783747,365.85146201574565,183.1482116414265,3.623228166438043,102.43178904056549,object,0.341796875
4554,,,,,,,616,680,[],0.0,0.0,0.0,0.0,0.9751769337329305,0.48758846686646523,198.5623172697229,146.8066706718146,0.25365793680068854,102.42407885380089,object,0.54296875
4556,,,,,,,564,712,[],0.0,0.0,0.0,0.0,0.9807275865811493,0.49036379329057467,152.70510125207466,92.98140209499141,-0.4888279643591501,102.12056199088693,object,0.73828125
4558,,,,,,,622,866,[],0.0,0.0,0.0,0.0,0.9654661370286702,0.4827330685143351,374.98946643459465,285.9689108950383,0.6571480538377592,101.52908996678889,object,0.828125
4560,,,,,,,564,712,[],0.0,0.0,0.0,0.0,0.9697639845854574,0.4848819922927287,257.657524277466,161.70546941398345,-0.4829622284323447,101.75540414638817,object,0.6875
4564,,,,,,,508,772,[],0.0,0.0,0.0,0.0,0.9697432070811033,0.48487160354055164,212.90466877576765,145.81472890531847,2.3255090497737556,101.6861021053046,object,0.75390625
4566,,,,,,,564,712,[],0.8746835178171622,0.7772777984380811,0.9255601806748738,0.8291086516720219,0.9955335198573703,0.9123210857646961,24.159868877846822,10.005847744809737,-0.10420881431234877,102.0904709585011,object,0.412109375
4568,,,,,,,565,833,[],0.0,0.0,0.0,0.0,0.9068727362714,0.4534363681357,263.36153350855574,141.0095154929948,0.5839295963267649,101.53798898681998,object,0.578125
4570,,,,,,,555,908,[],0.0,0.0,0.0,0.0,0.9607887305484623,0.4803943652742311,204.88094095276952,131.31606364077547,0.22657100762283006,103.11409505084157,object,0.462890625
4574,,,,,,,521,712,[],0.0,0.0,0.0,0.0,0.9766854783207157,0.48834273916035786,177.55069691420655,132.17349537070154,0.09958452350038952,101.40775586478412,object,0.81640625
4576,,,,,,,564,712,[],0.0,0.0,0.0,0.0,0.9600831366974892,0.4800415683487446,277.3102763714664,204.91745414049555,0.5006246996636232,102.24425606429577,object,0.609375
4578,,,,,,,559,624,[],0.0,0.0,0.0,0.0,0.9685293484203377,0.48426467421016883,302.2177172412838,141.2925691215429,-0.7979621790644743,101.50681901723146,object,0.7421875
4586,,,,,,,617,780,[],0.0,0.0,0.0,0.0,0.9788820666178857,0.48944103330894284,184.05705486780127,128.04710840321314,0.01966205837173579,101.90708702430129,object,0.8359375
4588,,,,,,,616,680,[],0.0,0.0,0.0,0.0,0.9626242974492002,0.4813121487246001,335.6459185089686,181.9559421913739,5.126377952755906,100.72708106599748,object,0.25
459,,,,,,,487,743,[],0.0,0.0,0.0,0.0,0.9798647147337186,0.4899323573668593,132.85781197225876,88.80786731580412,0.13707115628970776,99.60062499158084,object,0.79296875
4591,,,,,,,564,624,[],0.0,0.0,0.0,0.0,0.9719305794606999,0.48596528973034997,140.19468439085924,77.1813920869941,1.9331534772182255,100.78145191073418,object,0.80078125
4592,,,,,,,563,833,[],0.0,0.0,0.0,0.0,0.9726096270242512,0.4863048135121256,204.1930440507511,133.84228882834634,2.5808988764044942,101.73682402819395,object,0.765625
4596,,,,,,,564,712,[],0.0,0.0,0.0,0.0,0.9475940859484179,0.47379704297420894,179.33502167627708,99.1885966955554,-0.42915950956583543,100.86794407106936,object,0.51171875
4598,,,,,,,586,857,[],0.0,0.0,0.0,0.0,0.9754495219065232,0.4877247609532616,435.62759223719104,206.2704039970024,-0.8997966184014814,102.21226513385773,object,0.69140625
4600,,,,,,,435,877,[],0.0,0.0,0.0,0.0,0.966216364093978,0.483108182046989,230.72732532166953,148.2570587136699,-0.22639854663910292,102.45924000628293,object,0.640625
4602,,,,,,,587,858,[],0.7153044039129968,0.5567890215329688,0.5601010101010101,0.9894914246059284,0.9675720620842572,0.9785317433450929,109.56002912789123,31.310147800023024,0.7666303162486369,102.58305282332003,object,0.5078125
4604,,,,,,,642,917,[],0.0,0.0,0.0,0.0,0.9225784843917767,0.46128924219588835,305.8161129480258,144.63303891383782,-0.5156109406007716,102.30461601167917,object,0.734375
4606,,,,,,,586,970,[],0.0,0.0,0.0,0.0,0.9985817066503907,0.49929085332519535,650.2810928733786,430.78319200833795,-0.9942803006826453,101.78495501168072,object,0.62890625
4608,,,,,,,587,857,[],0.0,0.0,0.0,0.0,0.9795560157331227,0.48977800786656134,160.0618351709545,78.9929244360641,-0.45604214685544947,101.90124809741974,object,0.77734375
461,,,,,,,580,742,[],0.0,0.0,0.0,0.0,0.9831067417478144,0.4915533708739072,271.28348131328175,133.36212028961782,-0.8540453364393872,101.60232079215348,object,0.76171875
4610,,,,,,,590,858,[],0.0,0.0,0.0,0.0,0.9625257002056017,0.48126285010280084,289.8016562945594,217.02356757997214,2.010443444730077,101.84058593586087,object,0.71484375
4612,,,,,,,590,998,[],0.9463969789457348,0.8982481637142071,0.9852440653138598,0.9104970835904684,0.9987281534830956,0.954612618536782,16.38285963624316,6.139825432153283,-0.0758664622857484,102.57430211640894,object,0.66015625
4614,,,,,,,585,1000,[],0.0,0.0,0.0,0.0,0.9723148685228151,0.48615743426140756,219.99863608889606,146.75308932963262,1.7958507670850767,102.8767698444426,object,0.75390625
4616,,,,,,,458,999,[],0.0,0.0,0.0,0.0,0.979596604625808,0.489798302312904,192.3018460649819,137.48289126876332,0.13112125323794252,102.09982097148895,object,0.6640625
4620,,,,,,,574,832,[],0.0,0.0,0.0,0.0,0.9805917988463143,0.49029589942315716,148.03308961279603,85.66740526558787,-0.3963836795052766,102.85456897690892,object,0.59765625
4622,,,,,,,574,797,[],0.0,0.0,0.0,0.0,0.9800989743439167,0.49004948717195834,193.5081363593083,119.85324575178002,-0.40211712017371243,102.41575911641121,object,0.734375
4624,,,,,,,574,797,[],0.0,0.0,0.0,0.0,0.9765301090794911,0.48826505453974556,182.8871236417303,122.49750839500372,1.025959152510021,102.32981713488698,object,0.6015625
4626,,,,,,,574,797,[],0.0,0.0,0.0,0.0,0.9949016266872553,0.4974508133436277,250.18332875399582,190.52409298327368,-0.6593536910761933,103.31937903538346,object,0.4609375
4628,,,,,,,574,832,[],0.0,0.0,0.0,0.0,0.9775222431692357,0.4887611215846179,194.99717886850533,136.91619767010198,0.21709006928406466,101.35321388952434,object,0.6328125
463,,,,,,,589,745,[],0.9667241596903791,0.9355915642048693,0.9863507597218646,0.9478633888797228,0.9992329235022108,0.9735481561909668,8.94427190999916,2.5947526291389913,-0.03901996370235935,101.18163097649813,object,0.69921875
4632,,,,,,,574,797,[],0.0,0.0,0.0,0.0,0.9774077116361627,0.48870385581808135,221.75807180356003,156.57659850086526,2.0307237813884784,102.50750184059143,object,0.7890625
4634,,,,,,,527,720,[],0.0,0.0,0.0,0.0,0.9863712753754635,0.49318563768773177,102.50730757197132,61.553596209191525,0.11794310722100657,101.91224701702595,object,0.52734375
4636,,,,,,,488,797,[],0.0,0.0,0.0,0.0,0.9685578385510062,0.4842789192755031,140.46351839534705,70.5149427732707,0.7324390595701716,101.6026008874178,object,0.69921875
4638,,,,,,,566,797,[],0.0,0.0,0.0,0.0,0.9771849269922133,0.48859246349610663,184.1865896658465,135.50004046809863,1.8787707922187764,103.38580119423568,object,0.5234375
4640,,,,,,,527,720,[],0.0,0.0,0.0,0.0,0.9909946775930893,0.4954973387965447,159.2668118034637,133.95160331184098,4.1370481927710845,101.58263007178903,object,0.263671875
4642,,,,,,,574,797,[],0.0,0.0,0.0,0.0,0.9773962553377861,0.48869812766889303,152.1269197346321,89.09555089068033,11.466183574879228,101.07493796385825,object,0.76953125
4644,,,,,,,512,846,[],0.0,0.0,0.0,0.0,0.9811360142713453,0.49056800713567267,256.2379665269193,191.99727598008866,-0.3149552033080634,101.97647893801332,object,0.71484375
4648,,,,,,,579,1024,[],0.8867019193106149,0.7964640689594511,0.8610688474705211,0.9139079531691562,0.9974939449868608,0.9557009490780085,16.474181895347854,5.929512413768474,0.06136455389584174,102.49085095711052,object,0.5625
4650,,,,,,,498,768,[],0.0,0.0,0.0,0.0,0.940828800689321,0.4704144003446605,374.0665636875754,197.88065729031575,0.9825875135330205,101.24238184653223,object,0.67578125
4652,,,,,,,498,684,[],0.0,0.0,0.0,0.0,0.938637309086587,0.4693186545432935,197.27227206657332,103.76733434148767,4.046676441837732,101.15800006315112,object,0.70703125
4654,,,,,,,477,616,[],0.0,0.0,0.0,0.0,0.9689551913758371,0.48447759568791854,220.52153109043547,151.3614335379809,-0.5333115076117204,100.81902286037803,object,0.671875
4656,,,,,,,458,996,[],0.0,0.0,0.0,0.0,0.9764399703201657,0.48821998516008286,254.84652005973106,186.17258975475738,1.2714072175955584,101.5297588892281,object,0.6953125
4658,,,,,,,477,556,[],0.636328048541789,0.4666283909860772,0.6046872093744188,0.6714629948364889,0.9745658929262387,0.8230144438813638,73.91472448042005,26.607389507575704,0.11043029259896729,100.20594904199243,object,0.34375
4660,,,,,,,577,731,[],0.0,0.0,0.0,0.0,0.9729641624053853,0.48648208120269265,185.8907883800936,115.2003627157533,6.4261437908496735,101.81388608179986,object,0.76953125
4662,,,,,,,500,720,[],0.0,0.0,0.0,0.0,0.9737459317342105,0.48687296586710527,204.0176462373171,142.5617321021429,-0.38083856869707733,102.66532399691641,object,0.79296875
4664,,,,,,,577,831,[],0.0,0.0,0.0,0.0,0.9746102993611886,0.4873051496805943,201.90738799336347,138.37019791634043,-0.053488743413699504,101.93126811645925,object,0.81640625
467,,,,,,,589,750,[],0.9301980676847682,0.8695049425379732,0.9983505772979457,0.8707558274061629,0.9995822975968968,0.9351690625015299,32.0,11.396073453147588,-0.12780555527610385,99.77018903009593,object,0.78515625
4670,,,,,,,499,720,[],0.00012362467548522686,6.181615874389565e-05,0.00010403662089055348,0.00015229972586049346,0.9727512942497321,0.4864517969877963,115.46254514617716,61.10711800655041,0.46390496497106304,101.78562416695058,object,0.8515625
4672,,,,,,,574,794,[],0.0,0.0,0.0,0.0,0.9807863080466933,0.49039315402334666,190.91883092036784,131.73573803932163,0.34031982611395745,102.20901505090296,object,0.59765625
4674,,,,,,,514,601,[],0.0,0.0,0.0,0.0,0.8578714511216345,0.42893572556081727,300.7740703453539,134.12597117084772,-0.6195622418738619,101.65752191096544,object,0.69140625
4676,,,,,,,499,560,[],0.784387024633026,0.6452604904091552,0.9993435570826,0.6455341032118369,0.9997212336892052,0.822627668450521,108.0,43.45077021585172,-0.3540418621436305,101.37509484775364,object,0.65234375
4678,,,,,,,574,839,[],0.0,0.0,0.0,0.0,0.9782696874088723,0.48913484370443616,359.9268992207396,241.2726684554733,-0.6112571092371053,102.10576211102307,object,0.546875
4680,,,,,,,507,757,[],0.0,0.0,0.0,0.0,0.9795856935664833,0.48979284678324164,217.45319402871445,115.79977268356826,-0.5938809951548805,100.72599980048835,object,0.59765625
4682,,,,,,,512,846,[],0.0,0.0,0.0,0.0,0.9788627917918975,0.48943139589594875,200.0286227777162,128.554197641947,-0.4691945985049433,101.54000902548432,object,0.73046875
4684,,,,,,,477,616,[],0.0,0.0,0.0,0.0,0.9572781555987019,0.47863907779935094,298.5709292514291,229.82511402528598,0.7626923630087732,102.10441192612052,object,0.82421875
4686,,,,,,,500,762,[],0.003624481726571295,0.0018155310428300277,0.017049857917850686,0.002027774364016222,0.9759104031604539,0.48896908876223505,317.13726673413925,142.1612539549225,-0.8810679611650486,101.34859499521554,object,0.69921875
4688,,,,,,,600,930,[],0.0,0.0,0.0,0.0,0.9838979697997641,0.49194898489988204,211.9603402619145,157.10128381055623,-0.27009299236134177,102.11836290545762,object,0.6875
469,,,,,,,587,742,[],0.006088707283238242,0.003053650032214925,0.33195997645673925,0.00307253135180484,0.9954958887583732,0.49928421005508905,571.2576324067346,289.2643402782482,-0.9907442716902191,102.197753963992,object,0.51171875
4690,,,,,,,574,839,[],0.0,0.0,0.0,0.0,0.9703183170232063,0.48515915851160313,212.60761980700502,155.7329694416612,0.6388467374810318,100.74580111540854,object,0.490234375
4692,,,,,,,512,846,[],0.0,0.0,0.0,0.0,0.9798295142159136,0.4899147571079568,274.863561561673,201.79593590240228,-0.4305574301525172,102.42382902652025,object,0.7578125
4694,,,,,,,506,836,[],0.0003877304842322936,0.0001939028331358397,0.00023792529145848205,0.0010468768174944749,0.9087445315007275,0.454895704159111,245.23396912947126,138.06923771111917,3.4000232639292776,100.71559995412827,object,0.58203125
4698,,,,,,,586,857,[],0.0,0.0,0.0,0.0,0.9784507119286795,0.48922535596433975,174.88852905969725,113.37223539043167,0.24523001287603885,101.44768701866269,object,0.7890625
47,,,,,,,474,744,[],0.8629166574137817,0.7588860245293336,0.7644698012984458,0.9904669657422512,0.9820261830410761,0.9862465743916637,25.495097567963924,11.034139796952104,0.29562601957585644,100.98214680328965,object,0.6640625
4700,,,,,,,514,601,[],0.6838101509296644,0.5195376270472378,0.9859091590466197,0.5234242359932089,0.9989602460013716,0.7611922409972902,59.89490200270224,29.8601320488324,-0.4690948641765705,101.72208305448294,object,0.484375
4706,,,,,,,577,627,[],0.9384381767942048,0.8840165087702843,0.9805951513890334,0.8997565516253759,0.998905612768829,0.9493310821971025,13.0,4.585213374136943,-0.08243830254427419,101.48024815134704,object,0.75
4708,,,,,,,512,846,[],0.0,0.0,0.0,0.0,0.9622624951674837,0.4811312475837419,331.9853149659625,250.2923131892313,0.3800850030358227,101.76829411648214,object,0.53515625
471,,,,,,,339,543,[],0.8831168831168831,0.7906976744186046,0.9988494802824724,0.7914184675834971,0.9979587168071515,0.8946885921953243,59.46511571140293,21.37939276445667,-0.20766994106090372,100.62399902381003,object,0.67578125
4710,,,,,,,600,930,[],0.0,0.0,0.0,0.0,0.979921982981438,0.489960991490719,334.0,272.7764622705374,-0.12221509857348935,101.63894109427929,object,0.796875
4714,,,,,,,512,846,[],0.0,0.0,0.0,0.0,0.97211259360441,0.486056296802205,185.0,93.82792075118545,-0.5068156328185661,102.79883816838264,object,0.6640625
4718,,,,,,,683,1024,[],0.0004154367552202908,0.00020776153349881356,0.0024547803617571058,0.000226919861459453,0.9874590278431997,0.4938429738523296,360.0186797398961,173.50883318786182,-0.9075600143317807,102.88731893524528,object,0.765625
4720,,,,,,,512,846,[],0.0,0.0,0.0,0.0,0.9889004739336493,0.49445023696682466,192.3704694368163,142.93381125839707,-0.5799856527977044,100.78606195747852,object,0.80078125
4723,,,,,,,683,1024,[],0.0,0.0,0.0,0.0,0.9803306450901585,0.4901653225450793,215.59452683219953,134.99968611086584,-0.3011595111250392,101.11013893038034,object,0.74609375
4725,,,,,,,574,839,[],0.0,0.0,0.0,0.0,0.9458368408969159,0.47291842044845794,271.43855703047075,162.13774819591842,1.2802040451047074,102.82520879991353,object,0.82421875
4727,,,,,,,477,555,[],0.0,0.0,0.0,0.0,0.9675385333956096,0.4837692666978048,150.21025288964114,98.94315871178473,0.0671785028790787,102.12676203809679,object,0.83984375
4729,,,,,,,500,762,[],0.0,0.0,0.0,0.0,0.8727337789444731,0.43636688947223656,274.5235869570136,165.4694128320084,6.294810959742844,100.02181399613619,object,0.640625
4731,,,,,,,577,581,[],0.0,0.0,0.0,0.0,0.9801711195123275,0.49008555975616375,318.3508179183985,157.14784197873277,-0.9068205773350108,101.94685799069703,object,0.6953125
4733,,,,,,,500,762,[],0.0,0.0,0.0,0.0,0.9803034180426365,0.49015170902131827,223.1283256791097,144.01418165784747,-0.6705898771864532,100.09777708910406,object,0.796875
4735,,,,,,,574,839,[],0.9326678594971278,0.8738309511205223,0.8892081163584127,0.9805940594059406,0.9987052394782346,0.9896496494420877,8.532259271101735,2.5419067389823264,0.10277227722772277,101.78658505901694,object,0.73046875
4737,,,,,,,500,720,[],0.0,0.0,0.0,0.0,0.9863473203602617,0.49317366018013087,443.1417848549637,312.65959917948476,-0.8090500374656565,102.05534100532532,object,0.64453125
4741,,,,,,,691,764,[],0.0,0.0,0.0,0.0,0.9749804368206153,0.48749021841030765,254.80420651202817,175.01766922747225,0.10894574175824176,101.79854487068951,object,0.59375
4742,,,,,,,362,480,[],0.0,0.0,0.0,0.0,0.96955507835814,0.48477753917907,124.63445555006183,64.17897243612437,-0.5596689507875767,100.46330490149558,object,0.8671875
4744,,,,,,,512,811,[],0.0,0.0,0.0,0.0,0.9793618588227261,0.48968092941136304,161.80327272511488,116.35381144262035,0.6382113821138211,99.60190509445965,object,0.78515625
4746,,,,,,,512,811,[],0.0,0.0,0.0,0.0,0.96919557184829,0.484597785924145,164.00609699420772,80.22609610205669,3.161586365126188,99.64262694120407,object,0.8125
475,,,,,,,547,744,[],0.9523291289381813,0.9089964751744906,0.9981032692973125,0.9105693908570093,0.9995395690615297,0.9550544799592695,29.98915438797213,8.446980511199156,-0.08770022214427686,100.95127508975565,object,0.76171875
4751,,,,,,,574,796,[],0.0,0.0,0.0,0.0,0.9862265166351434,0.4931132583175717,128.52236004544673,78.74151665194371,-0.3212281280950809,97.57464891299605,object,0.7890625
4755,,,,,,,574,796,[],0.0,0.0,0.0,0.0,0.9801913304885376,0.4900956652442688,153.0120895844897,86.97795775511547,2.590347028320702,96.8897850252688,object,0.80078125
4759,,,,,,,506,837,[],0.0,0.0,0.0,0.0,0.8958403405760194,0.4479201702880097,290.7369944534056,138.22109817134321,4.950452923414768,97.94054785743356,object,0.7109375
4761,,,,,,,664,836,[],0.0,0.0,0.0,0.0,0.9832988993241719,0.49164944966208596,300.3224081750073,238.82453374497754,0.7458174904942966,101.59632004797459,object,0.734375
4763,,,,,,,493,840,[],0.0,0.0,0.0,0.0,0.9639769031529338,0.4819884515764669,371.58625114539495,294.50764167387155,3.446514423076923,100.01385514624417,object,0.7578125
4767,,,,,,,580,857,[],0.0,0.0,0.0,0.0,0.9829598819267409,0.49147994096337044,206.62187683799246,144.56971796030757,-0.345620293301625,101.20400204323232,object,0.7421875
4770,,,,,,,583,858,[],0.0,0.0,0.0,0.0,0.9724878498103238,0.4862439249051619,244.61602071969435,180.36410599493874,1.6395348837209303,101.33520397357643,object,0.79296875
4773,,,,,,,589,858,[],0.0,0.0,0.0,0.0,0.9745857980801939,0.4872928990400969,178.6015112943151,91.02000905017844,-0.47253551442100733,102.64828405342996,object,0.75
4775,,,,,,,579,854,[],0.0,0.0,0.0,0.0,0.9841623747561695,0.49208118737808476,277.8258421435902,182.2346805301991,-0.6479872234487294,96.8612830620259,object,0.80859375
4777,,,,,,,506,837,[],0.0,0.0,0.0,0.0,0.9678589230624149,0.48392946153120747,341.2403835238922,202.74381245918704,-0.7722473604826546,98.73929503373802,object,0.6796875
4781,,,,,,,431,874,[],0.0,0.0,0.0,0.0,0.9708799022390925,0.48543995111954624,217.13152509091785,156.6109722191353,0.5811802701115678,100.59025697410107,object,0.83203125
4783,,,,,,,498,836,[],0.0,0.0,0.0,0.0,0.9734988048385929,0.48674940241929643,258.57735331882395,193.76025539284188,4.086190917516219,97.53593802452087,object,0.80078125
4785,,,,,,,669,832,[],0.0,0.0,0.0,0.0,0.973186515734308,0.486593257867154,213.54928914378513,145.126679510317,-0.22900518522478217,101.61737189628184,object,0.8125
4789,,,,,,,587,856,[],0.0,0.0,0.0,0.0,0.9082667371883342,0.4541333685941671,225.58147047832927,130.4474504143838,1.4052004333694474,99.12599483504891,object,0.66015625
479,,,,,,,580,746,[],0.7239520526060831,0.5673392242702292,1.0,0.5673392242702292,1.0,0.7836696121351145,77.98812798124418,32.498525174743634,-0.4326607757297708,98.56894193217158,object,0.44921875
4791,,,,,,,555,767,[],0.0,0.0,0.0,0.0,0.9565759451054849,0.47828797255274247,188.0369628244752,111.94722192030954,2.3873422420193022,98.85605797171593,object,0.8125
4793,,,,,,,665,860,[],0.9666266206918073,0.9354088658050489,0.9700926969810848,0.9631852243400392,0.9982306262841855,0.9807079253121123,6.708203932499369,3.105685959754254,-0.007120425359907963,98.5159610863775,object,0.62890625
4796,,,,,,,536,995,[],0.0,0.0,0.0,0.0,0.9673167829602498,0.4836583914801249,197.76652849088583,122.82233982926846,1.3852129282840893,100.67337891086936,object,0.796875
4798,,,,,,,499,837,[],0.0,0.0,0.0,0.0,0.9291152122919588,0.4645576061459794,240.6363437653202,151.59143183264115,0.9297878091634004,99.16160488501191,object,0.212890625
4800,,,,,,,669,836,[],0.0,0.0,0.0,0.0,0.9871521534916219,0.49357607674581094,160.27007901104997,108.09407845400834,1.8194718171068192,101.29471309483051,object,0.77734375
4802,,,,,,,581,858,[],0.0,0.0,0.0,0.0,0.9775262570880374,0.4887631285440187,123.51355814543774,68.68974344183516,0.36766348182156594,99.20940711162984,object,0.7265625
4806,,,,,,,669,838,[],0.0,0.0,0.0,0.0,0.9052467001630284,0.4526233500815142,363.5336737061902,154.41913600297994,6.797206952904472,98.35310699418187,object,0.7265625
4808,,,,,,,620,803,[],0.0,0.0,0.0,0.0,0.9686910793041824,0.4843455396520912,174.41330224498358,108.50211685650706,0.540641387656313,102.01603011228144,object,0.71484375
481,,,,,,,567,745,[],0.9414398523784971,0.8893588659027404,0.9022652206704637,0.9841706618251964,0.9902935190255292,0.9872320904253629,25.238858928247925,5.71856290390027,0.0907775665938555,99.90953304804862,object,0.75
4812,,,,,,,523,616,[],0.0,0.0,0.0,0.0,0.9536240921660147,0.47681204608300737,185.55428802648933,97.92350521251544,2.163944993553932,102.43967990390956,object,0.6015625
4816,,,,,,,588,857,[],0.0,0.0,0.0,0.0,0.9779438637526496,0.4889719318763248,211.22416196242887,149.35452905894962,-0.04710526315789473,99.96773395687342,object,0.73046875
4818,,,,,,,581,858,[],0.0,0.0,0.0,0.0,0.9792232341964299,0.48961161709821494,272.0,185.42139282117648,-0.598155629003958,101.93942813202739,object,0.625
4820,,,,,,,588,858,[],0.009629158045519656,0.004837871336611891,0.028070989444380003,0.005811300818865116,0.9818973730774466,0.4938543369481559,222.60098770838346,107.85060692570462,-0.7929784117378671,101.51149798184633,object,0.8359375
4822,,,,,,,540,838,[],0.0,0.0,0.0,0.0,0.9781204287880203,0.48906021439401015,200.39896151699583,140.0623623286183,2.6533036377134374,102.08544204942882,object,0.7890625
4824,,,,,,,540,838,[],0.0,0.0,0.0,0.0,0.9787043462644475,0.48935217313222373,226.73332336069737,160.83719297723778,5.45063801208865,102.09037200547755,object,0.734375
4826,,,,,,,412,894,[],0.0,0.0,0.0,0.0,0.9748289500274258,0.4874144750137129,230.59778173146165,139.9623906578095,-0.6025617649740177,101.75532405264676,object,0.63671875
4828,,,,,,,355,503,[],0.0,0.0,0.0,0.0,0.9800905437138728,0.4900452718569364,90.65234849654213,54.002013978361646,1.4961075725406936,100.92612588778138,object,0.734375
483,,,,,,,391,743,[],0.060865028693513526,0.03138772163574869,0.0982594048287479,0.04408695026272223,0.9572103362045012,0.5006486432336117,183.57011302485603,87.14045168983543,-0.551320809040524,100.54306592792273,object,0.6640625
4834,,,,,,,478,610,[],0.0,0.0,0.0,0.0,0.9698585204784501,0.48492926023922506,343.67186197794695,167.37634597255683,-0.8904727850615812,100.79456306993961,object,0.68359375
4849,,,,,,,479,616,[],0.5930283497089931,0.42149274975535983,0.49534762153685313,0.738696601184908,0.9832773254806859,0.8609869633327969,70.0,19.662056551243346,0.4912690988462738,101.29432403482497,object,0.75390625
485,,,,,,,587,745,[],0.0,0.0,0.0,0.0,0.9704036727800376,0.4852018363900188,172.4310656088192,86.89021628276838,-0.26487444608567207,100.96097597852349,object,0.83203125
4862,,,,,,,445,487,[],0.00501378791677112,0.0025131942699170647,0.02256317689530686,0.0028202380280895707,0.9761002333702974,0.4894602356991935,228.40534144367115,99.19993054073316,-0.8750070505950702,101.41816595569253,object,0.60546875
4864,,,,,,,478,616,[],0.9510321989713238,0.9066362170875873,0.9994076706648897,0.9071236559139785,0.9999559031044214,0.9535397795092,7.615773105863909,3.7445488477164304,-0.09233870967741936,101.18815093301237,object,0.859375
4866,,,,,,,479,616,[],0.7264079467968684,0.5703615572741093,1.0,0.5703615572741093,1.0,0.7851807786370546,48.59263423745499,19.214688145515396,-0.4296384427258907,101.17962094955146,object,0.8203125
4869,,,,,,,479,616,[],0.022460295085048397,0.011357696145986789,0.7384140061791967,0.011403578528827037,0.998906063594744,0.5051548210617856,149.00134226676442,39.24980917239187,-0.9845566600397614,101.94888804107904,object,0.279296875
487,,,,,,,546,805,[],0.0,0.0,0.0,0.0,0.9151411912482403,0.45757059562412017,326.2187147888638,204.0739218602469,-0.23449077768404733,101.42968711443245,object,0.78125
4871,,,,,,,479,616,[],0.7874634832473763,0.6494348602022606,1.0,0.6494348602022606,1.0,0.8247174301011303,74.09453421137081,30.44212537300134,-0.35056513979773946,102.20180405303836,object,0.70703125
4872,,,,,,,479,616,[],0.0,0.0,0.0,0.0,0.9793203418998722,0.4896601709499361,198.5157320679971,110.56662579775029,-0.6134027499666266,101.38951591216028,object,0.5546875
4876,,,,,,,479,616,[],0.6454711492931069,0.4765281662005593,0.9935443565181175,0.47800821560965834,0.9997746290466809,0.7388914223281696,102.70345661174214,24.82706179410515,-0.5188858831780383,100.92866513878107,object,0.7109375
4884,,,,,,,463,616,[],0.16367715220334628,0.08913310227541817,0.9850124895920067,0.08925414960120716,0.9993452096368511,0.5442996796190291,310.6638054231616,127.09789612422257,-0.9093877990946324,99.40665098838508,object,0.5234375
4888,,,,,,,454,611,[],0.9215197540067089,0.8544614121865348,0.9988637511362488,0.8552927440975525,0.9998053144820067,0.9275490292897797,21.93171219946131,8.698182443655641,-0.14373432500216207,100.69773998111486,object,0.859375
489,,,,,,,528,743,[],0.8511665325824618,0.7408963585434174,0.9970209143968871,0.7425401856463663,0.9995491475207714,0.8710446665835688,44.294469180700204,17.066382334608683,-0.25524111387819787,100.91055417433381,object,0.7578125
4899,,,,,,,479,616,[],0.0721777457947288,0.03744004180742455,1.0,0.03744004180742455,1.0,0.5187200209037123,262.2422538315603,124.69252319926363,-0.9625599581925754,101.473867893219,object,0.458984375
4901,,,,,,,480,616,[],0.0,0.0,0.0,0.0,0.9882347956272421,0.4941173978136211,117.10250423294717,56.249996305438316,-0.7328415651058371,101.2123019900173,object,0.5625
4907,,,,,,,479,606,[],0.8879685379180733,0.7985102653980971,1.0,0.7985102653980971,1.0,0.8992551326990486,37.48332962798263,16.936257988040428,-0.20148973460190286,100.76804086565971,object,0.8046875
491,,,,,,,583,746,[],0.9190410952983936,0.8502090979601954,0.9938217947639477,0.8547266881028939,0.9978712989263102,0.926298993514602,38.923638861752146,14.512756330790447,-0.13995980707395497,102.2080450784415,object,0.82421875
4911,,,,,,,371,616,[],0.8011919965942954,0.6683238636363636,0.9878400839821538,0.6738676374052635,0.9985745197977665,0.836221078601515,60.710340262098086,22.410097404013765,-0.3178373217162977,100.49603483639657,object,0.62890625
4920,,,,,,,479,616,[],0.5749234573716439,0.4034333877331791,0.9970388522999949,0.40391735092763037,0.9997649109296152,0.7018411309286228,119.53798628816877,39.30611129380746,-0.5948830379118493,100.51911696791649,object,0.44921875
4928,,,,,,,479,616,[],0.1889125340085661,0.10430889592908245,1.0,0.10430889592908245,1.0,0.5521544479645413,299.5150232543711,125.65557723487011,-0.8956911040709176,102.43754996918142,object,0.61328125
493,,,,,,,445,750,[],0.7247085107868463,0.5682689149239023,0.5886355903368493,0.9426080639302579,0.9775235640054781,0.9600658139678679,40.85339643163099,15.199698936683072,0.6013439883763168,100.80313216894865,object,0.36328125
4944,,,,,,,480,616,[],0.0,0.0,0.0,0.0,0.9858567059193826,0.4929283529596913,255.0490120038134,226.01699207477373,0.22090962787950383,101.24563309364021,object,0.5703125
4947,,,,,,,445,550,[],0.0,0.0,0.0,0.0,0.9552988646702797,0.47764943233513985,154.95191678894625,76.3621834350453,-0.4100585880851558,100.91915493831038,object,0.6875
495,,,,,,,580,747,[],0.0,0.0,0.0,0.0,0.9767045345169443,0.48835226725847214,336.09670800493325,168.75732251342382,-0.8783374265730248,100.35439301282167,object,0.875
4958,,,,,,,445,550,[],0.9557679116304374,0.9152830316895826,0.9728656040834015,0.9392608089260809,0.9944133247409904,0.9668370668335357,12.002079728939613,4.661604078895095,-0.034542073454207345,102.02544997446239,object,0.625
4961,,,,,,,478,614,[],0.9191963890609789,0.8504749426793318,0.9588257016248154,0.8827129015808262,0.999224641787983,0.9409687716844046,8.0,3.1855436011001688,-0.07938126806051335,99.05239287763834,object,0.82421875
497,,,,,,,580,745,[],0.0,0.0,0.0,0.0,0.9800142418961117,0.4900071209480559,306.4441182794562,156.02202117294166,-0.8986838593681963,101.95395885966718,object,0.66015625
4978,,,,,,,358,595,[],0.8524650074918686,0.7428662420382166,0.7804992304088871,0.9390499194847021,0.9836482376987886,0.9613490785917453,21.18962010041709,9.345811560988018,0.2031400966183575,101.73213388770819,object,0.5546875
499,,,,,,,221,592,[],0.5927337427538312,0.4211951645268121,0.9779175031248817,0.4252396481865797,0.991685444536353,0.7084625463614663,93.35627363530651,41.00081273325957,-0.565157953684488,100.74212099425495,object,0.54296875
50,,,,,,,575,726,[],0.0,0.0,0.0,0.0,0.9699093687365967,0.48495468436829836,338.95795591098613,161.45961489981187,-0.8630160672483507,101.60795110277832,object,0.5546875
5003,,,,,,,476,616,[],0.0,0.0,0.0,0.0,0.9995377280508969,0.49976886402544846,201.80436070610565,128.94040612582592,-0.9968910551969438,101.86431696638465,object,0.296875
501,,,,,,,456,806,[],0.0,0.0,0.0,0.0,0.9667763743106209,0.48338818715531046,189.952625672824,130.66835946151545,0.5338809034907598,102.18116291798651,object,0.7890625
5012,,,,,,,480,616,[],0.9482064477069775,0.9015138433200944,0.9818820136668548,0.9167642238351674,0.9989626556016598,0.9578634397184136,7.615773105863909,3.3741678474883976,-0.06631936314680403,101.69816296547651,object,0.88671875
5024,,,,,,,480,617,[],0.447258128556933,0.2880440959199909,0.9478309648466716,0.292684335123275,0.9989994297825643,0.6458418824529196,102.78590984222616,32.81909290207594,-0.6912061897338183,100.86137405596673,object,0.4453125
5037,,,,,,,208,585,[],0.023788015657934355,0.012037178119762303,0.797979797979798,0.012073972184013449,0.9998262938933619,0.5059501330386876,66.90884482936569,40.81607417767484,-0.984869325997249,100.70531000383198,object,0.466796875
5038,,,,,,,479,616,[],0.4297272067212945,0.273664046502411,0.9727635595210143,0.2757771417160354,0.999585774940098,0.6376814583280668,108.9836412145021,31.06281289525069,-0.7165013645743193,99.81463989242911,object,0.56640625
5044,,,,,,,479,616,[],0.06255441942733668,0.03228705882352941,1.0,0.03228705882352941,1.0,0.5161435294117647,317.32538402808365,169.16258948415003,-0.9677129411764706,101.28654283471406,object,0.486328125
505,,,,,,,582,744,[],6.941552131056504e-05,3.470896532574364e-05,0.00011554015020219527,4.961055712655653e-05,0.9790384424404931,0.48954402649880985,179.0,78.1388020242353,-0.5706206280696532,101.54114896431565,object,0.7421875
507,,,,,,,580,743,[],0.8805280528052806,0.7865566037735849,0.998086593891819,0.7877444336882865,0.9997943526061852,0.8937693931472359,34.08767014308894,11.083195373037416,-0.2107454017424976,101.46244801580906,object,0.72265625
509,,,,,,,580,771,[],0.8194084775793922,0.6940660355576079,0.9914870892756172,0.6982269464323242,0.9984808182279389,0.8483538823301315,101.55528517871824,35.20610978393575,-0.29577807519162913,101.3671150431037,object,0.62109375
51,,,,,,,575,726,[],0.0,0.0,0.0,0.0,0.9749540917061317,0.48747704585306584,445.3245985386375,228.18162712463902,-0.9431980084858543,100.2841698937118,object,0.69140625
511,,,,,,,589,746,[],0.0,0.0,0.0,0.0,0.976052225830791,0.4880261129153955,314.93507219434633,163.4412936928769,-0.8809750264952853,102.52623213455081,object,0.69140625
5145,,,,,,,447,553,[],0.0,0.0,0.0,0.0,0.9382181930778228,0.4691090965389114,161.60432044012762,79.80463599504857,-0.020255063765941484,101.36210499331355,object,0.5078125
5147,,,,,,,346,504,[],0.0,0.0,0.0,0.0,0.84117841608996,0.42058920804498,193.1921320266598,124.92783304413379,0.8005659709939865,101.67315206490457,object,0.60546875
5149,,,,,,,445,544,[],0.0,0.0,0.0,0.0,0.980850624321509,0.4904253121607545,169.6284156231143,81.11577441937324,-0.7006115577544149,100.5475758574903,object,0.64453125
515,,,,,,,585,661,[],0.7913118132895394,0.6546864791019067,0.9787474932845927,0.6641276185502822,0.9846850353811943,0.8244063269657382,172.7694892197669,72.84637480757722,-0.3214515254373456,100.06985603831708,object,0.478515625
5153,,,,,,,480,504,[],0.0,0.0,0.0,0.0,0.9849710316968161,0.49248551584840805,202.71760990784028,112.04901235811623,-0.7899851448378311,100.22734897211194,object,0.765625
5156,,,,,,,431,504,[],0.0,0.0,0.0,0.0,0.9637194940917998,0.4818597470458999,152.97058540778355,83.44265637961563,-0.5154639175257731,100.39084288291633,object,0.79296875
5158,,,,,,,480,508,[],0.020621197566442522,0.010418014753461886,0.92,0.010427461139896373,0.999938704028021,0.5051830825839587,127.96131991474279,70.71538524379892,-0.9886658031088082,100.83256405778229,object,0.6015625
5160,,,,,,,403,504,[],0.0,0.0,0.0,0.0,0.9650103761283089,0.48250518806415443,155.47838237208765,79.56428911188293,0.1445643153526971,101.80193488486111,object,0.6640625
5162,,,,,,,348,504,[],0.0,0.0,0.0,0.0,0.9784253827194779,0.48921269135973894,115.04562585631709,85.09094178113372,0.4623529411764706,101.73698398284614,object,0.56640625
5164,,,,,,,483,615,[],0.0,0.0,0.0,0.0,0.9741258006218488,0.4870629003109244,202.91017751462024,146.3111482349455,2.602927289896128,101.33771481923759,object,0.21484375
5168,,,,,,,410,504,[],0.0,0.0,0.0,0.0,0.9677618855444735,0.48388094277223676,151.76440735874118,74.12071448022498,-0.6117038065778676,99.48901203460991,object,0.76953125
517,,,,,,,581,744,[],0.8256845221153298,0.7031198495336707,0.996756459593183,0.704732290350792,0.9996901333739486,0.8522112118623704,72.90541225283415,20.763777845871374,-0.29297444368866,100.67764902487397,object,0.65625
5170,,,,,,,361,540,[],0.0,0.0,0.0,0.0,0.9764843466030311,0.48824217330151554,128.9488079090984,81.24211880864527,-0.1262477980035232,101.32364393211901,object,0.80078125
5172,,,,,,,480,504,[],0.0,0.0,0.0,0.0,0.9114908069351558,0.4557454034675779,173.0,108.87346090129446,5.163211678832117,99.962413078174,object,0.453125
5176,,,,,,,484,632,[],0.7122519590279393,0.5530988488169577,1.0,0.5530988488169577,1.0,0.7765494244084788,50.23587280665668,27.91685851374805,-0.44690115118304236,100.90625495649874,object,0.69921875
5179,,,,,,,483,613,[],0.7091866588648332,0.5494106980961015,0.9837662337662337,0.5544373284537969,0.9999661000861058,0.7772017142699513,13.92838827718412,4.4805726464873015,-0.4364135407136322,102.00802003964782,object,0.53125
5181,,,,,,,480,616,[],0.00025614754098360657,0.0001280901754835404,0.0016799664006719867,0.00013864337457973727,0.9910916729440953,0.4956151581593375,232.18300613886558,107.75328844506251,-0.9174725312814114,100.69086984731257,object,0.625
5183,,,,,,,342,408,[],0.9620203982515785,0.9268201384989706,0.9444974251382796,0.9802058590657166,0.997836173819934,0.9890210164428253,3.605551275463989,1.4385071683649593,0.03780680918448139,100.99176713265479,object,0.83984375
5187,,,,,,,318,504,[],0.0,0.0,0.0,0.0,0.9584361142400867,0.47921805712004334,188.33745398911174,95.10792014242276,-0.7085874237728681,99.9482530169189,object,0.69921875
5189,,,,,,,446,555,[],0.9603666445680685,0.9237551292003993,0.9863232682060391,0.935741167219008,0.9978199731979389,0.9667805702084735,9.433981132056603,3.8100715241214016,-0.05128349154636859,100.94428597949445,object,0.828125
5193,,,,,,,443,544,[],0.0,0.0,0.0,0.0,0.9774415715441122,0.4887207857720561,95.78543468506133,54.75915554856214,3.80550621669627,99.83723098412156,object,0.765625
5195,,,,,,,483,504,[],0.0,0.0,0.0,0.0,0.9750073865512626,0.4875036932756313,146.51245362097276,71.80241595217706,-0.5669978922011443,100.28021084144711,object,0.80078125
5198,,,,,,,312,434,[],0.0,0.0,0.0,0.0,0.9499696238280545,0.47498481191402725,166.64552487712606,107.69152950481605,-0.5519776503455375,99.97135400772095,object,0.83984375
5200,,,,,,,480,616,[],0.0,0.0,0.0,0.0,0.9800501269996131,0.49002506349980657,504.47021715061044,247.4233273572887,-0.9696760502160517,100.62315780669451,object,0.5546875
5202,,,,,,,367,368,[],0.0,0.0,0.0,0.0,0.9757752750730097,0.4878876375365048,107.61395235657992,67.45890764706786,-0.18726016884113583,100.85493396036327,object,0.62890625
5204,,,,,,,366,504,[],0.0,0.0,0.0,0.0,0.9687079059164854,0.4843539529582427,112.12514096501509,63.89722293760181,4.240182648401826,100.61050695367157,object,0.76171875
5208,,,,,,,451,650,[],0.0,0.0,0.0,0.0,0.9535357334336265,0.47676786671681326,253.6211741909926,125.4599527677744,-0.7312800814513143,99.75501894950867,object,0.51953125
5210,,,,,,,480,504,[],0.0,0.0,0.0,0.0,0.97576140444208,0.48788070222104,149.0,102.27938882530586,3.4451219512195124,100.64773890189826,object,0.73046875
5212,,,,,,,446,554,[],0.0,0.0,0.0,0.0,0.980725327767269,0.4903626638836345,121.0002066080424,78.03444959673895,1.6442953020134228,101.29620390944183,object,0.78515625
5214,,,,,,,480,504,[],0.0,0.0,0.0,0.0,0.9801202438161809,0.49006012190809045,138.58642901459905,95.14449503731218,2.0336507936507937,99.18431518599391,object,0.73828125
5216,,,,,,,483,507,[],0.9728001859816343,0.9470408509675229,0.9651156086028946,0.980608119983596,0.9973443014415395,0.9889762107125677,4.0,1.892440810308584,0.016052492823246823,101.1751308105886,object,0.82421875
5218,,,,,,,550,815,[],0.0,0.0,0.0,0.0,0.972517302248728,0.486258651124364,162.89720366322157,100.74720544244587,1.3217009916094584,100.55995709262788,object,0.81640625
522,,,,,,,507,744,[],0.0,0.0,0.0,0.0,0.9690594023099105,0.48452970115495525,313.1161916594086,198.0343819688758,-0.7096809711249965,101.21884196996689,object,0.5625
5220,,,,,,,424,438,[],0.05395909506398538,0.027727626344914644,0.6039002557544757,0.028241239086233706,0.9895728135730155,0.5089070263296246,199.60573444750486,77.2775727163794,-0.9532352589403181,101.83348506689072,object,0.22265625
5222,,,,,,,429,504,[],0.9469654736685621,0.8992729582833345,0.9321723860393649,0.9622356495468278,0.9954329575910452,0.9788343035689365,8.06225774829855,3.45202634867363,0.03225075528700906,99.06444302760065,object,0.7578125
5224,,,,,,,352,435,[],0.0012173424477947374,0.0006090419301944249,0.6842105263157895,0.0006092131777496602,0.9998913456837073,0.5002502794307285,250.00199999200007,147.84482392080315,-0.9991096115094428,99.72479799762368,object,0.4296875
5225,,,,,,,480,508,[],0.0,0.0,0.0,0.0,0.9817708443221665,0.4908854221610833,123.57778495888772,68.18604632768854,-0.3699868747265568,99.97765393927693,object,0.71875
5227,,,,,,,369,504,[],0.0,0.0,0.0,0.0,0.9651641986868591,0.48258209934342955,249.5231414633782,174.71763652284406,-0.18518032786885247,101.33175505325198,object,0.72265625
5229,,,,,,,435,504,[],0.0,0.0,0.0,0.0,0.9491641827304922,0.4745820913652461,186.82862165098283,80.1635840772903,1.093305117352828,99.64452590793371,object,0.53125
523,,,,,,,585,660,[],0.9670800786301795,0.9362585217135452,0.991980950612207,0.9433987257932253,0.9946873489475766,0.9690430373704009,15.0,6.8261753970785435,-0.04897495742130827,100.24001891724765,object,0.8203125
5231,,,,,,,483,507,[],0.0,0.0,0.0,0.0,0.979010709993396,0.489505354996698,124.51944811789537,78.49213327695412,3.6944954128440366,101.59128997474909,object,0.546875
5233,,,,,,,466,504,[],0.0,0.0,0.0,0.0,0.967345111938949,0.4836725559694745,135.05924625881784,69.9867545219422,-0.47169397308367467,100.38952296599746,object,0.7421875
5235,,,,,,,480,504,[],0.0,0.0,0.0,0.0,0.9743815997036507,0.48719079985182534,109.16043200752118,69.75877927933101,2.7011425135297653,101.91471804864705,object,0.79296875
5239,,,,,,,478,614,[],0.0014749262536873156,0.0007380073800738007,0.018867924528301886,0.0007674597083653108,0.9996424716211849,0.5002049656647751,58.14937004944208,32.56433451212317,-0.9593246354566385,100.49110511317849,object,0.5078125
5243,,,,,,,489,635,[],0.9788056301358717,0.9584910170099191,0.983647438780099,0.9740112536938833,0.9986004786363064,0.9863058661650949,4.0,1.6212794331985971,-0.009796381006355503,100.65753990784287,object,0.890625
5247,,,,,,,352,434,[],0.9121808379628362,0.8385408805031447,0.9909031452523931,0.8450461413649731,0.9988500217969725,0.9219480815809729,15.811388300841896,5.549763609241745,-0.14719602474394078,101.65866184979677,object,0.71484375
5249,,,,,,,579,1024,[],0.0,0.0,0.0,0.0,0.9780435562045205,0.4890217781022603,287.63970503435456,154.83014004864728,-0.783546691573723,101.00995702669024,object,0.72265625
525,,,,,,,587,750,[],0.0,0.0,0.0,0.0,0.9751908570458754,0.4875954285229377,550.8621781415513,245.67958290655184,-0.9257781686629009,100.21395911462605,object,0.65234375
5251,,,,,,,356,408,[],0.0025808949253153532,0.0012921148690118551,1.0,0.0012921148690118551,1.0,0.500646057434506,249.1930973511104,137.9101589882103,-0.9987078851309882,101.5758600551635,object,0.44140625
5255,,,,,,,479,504,[],0.0,0.0,0.0,0.0,0.9756466697604803,0.48782333488024016,137.3084115610889,92.79494571207215,1.6132794975325258,99.35555001720786,object,0.65625
5257,,,,,,,454,652,[],0.004626760854298344,0.002318744565442425,0.01096104912898806,0.0029322442140538277,0.9817521938535987,0.49234221903382624,168.31785402423134,81.11819570048537,-0.7324850769714106,100.49906512722373,object,0.80859375
5259,,,,,,,493,815,[],0.0,0.0,0.0,0.0,0.9807061639137422,0.4903530819568711,249.14772597959077,194.38226757239968,2.2921828278513456,101.1420099530369,object,0.73046875
5261,,,,,,,560,818,[],0.0,0.0,0.0,0.0,0.8910232784420102,0.4455116392210051,288.13361856277663,150.15745372722128,-0.13195287117861196,101.93971800617874,object,0.5390625
5263,,,,,,,466,504,[],0.0,0.0,0.0,0.0,0.980245078725431,0.4901225393627155,250.25883678557688,119.26943562546082,-0.8847105393369619,101.51105793192983,object,0.6640625
5265,,,,,,,488,634,[],0.9628404454735914,0.9283436104614076,0.9736842105263158,0.9522355507088331,0.9996128697831743,0.9759242102460037,3.605551275463989,1.2645296927635485,-0.02202835332606325,101.62414098158479,object,0.7265625
5267,,,,,,,557,815,[],0.0,0.0,0.0,0.0,0.8721959949396773,0.4360979974698386,298.6410034552368,166.20003843824452,-0.23587559764477992,101.09728900715709,object,0.466796875
5269,,,,,,,521,736,[],0.0,0.0,0.0,0.0,0.9743099959530555,0.4871549979765277,182.3904311978235,119.48734180880771,-0.25644229267530844,100.53576622158289,object,0.5078125
5271,,,,,,,352,430,[],0.9135081469368685,0.840786927542464,0.8711294274894186,0.9602209944751381,0.9919212373005621,0.9760711158878501,14.317821063276353,4.233939647172488,0.10227133210558625,101.73337301239371,object,0.6484375
5274,,,,,,,480,504,[],0.0,0.0,0.0,0.0,0.9722937996088807,0.48614689980444037,365.23697762660936,193.4656227563441,-0.9292242139288863,100.55339708924294,object,0.6953125
528,,,,,,,498,746,[],0.0,0.0,0.0,0.0,0.9731591762255212,0.4865795881127606,180.52063332264933,120.02389561688189,0.2814221988979271,102.19904500991106,object,0.828125
5280,,,,,,,480,508,[],0.0,0.0,0.0,0.0,0.9779787158299444,0.4889893579149722,163.50151404158274,113.94377238228752,0.0368763557483731,101.36266495101154,object,0.671875
5282,,,,,,,508,573,[],0.7081907926888867,0.5482162448454583,1.0,0.5482162448454583,1.0,0.7741081224227291,68.49817399113184,39.65958246981232,-0.45178375515454167,100.69212992675602,object,0.91015625
5286,,,,,,,360,504,[],0.9384264538198404,0.8839957035445757,0.9186474064346685,0.959075952837949,0.9925742574257426,0.9758251051318458,11.0,3.544727446281101,0.044008774335069924,100.86270398460329,object,0.703125
5288,,,,,,,480,508,[],0.1745049504950495,0.09559322033898306,0.8924050632911392,0.09670781893004116,0.9999298627785892,0.5483188408543151,35.009997960016236,14.050712770668357,-0.8916323731138546,100.6569501478225,object,0.55859375
529,,,,,,,581,770,[],0.0,0.0,0.0,0.0,0.9632777380789483,0.48163886903947417,326.47863357366407,186.3637803466099,-0.7251763634984449,102.44088992476463,object,0.451171875
5290,,,,,,,444,672,[],0.6463671246441391,0.4775054864667154,0.4775054864667154,1.0,0.9805080062494457,0.9902540031247229,42.818741123174405,16.939717097549867,1.0942167751819227,100.6460280623287,object,0.75
5292,,,,,,,482,507,[],0.0,0.0,0.0,0.0,0.894214145165926,0.447107072582963,187.5419952970534,100.74076242309548,0.3131346396618914,100.85068410262465,object,0.55078125
5294,,,,,,,265,435,[],0.863303812090874,0.7594850948509485,0.9747826086956521,0.7747062888735314,0.9997452296447271,0.8872257592591293,7.211102550927978,2.3555326198979136,-0.20525224602626124,100.9449060074985,object,0.55859375
5296,,,,,,,487,640,[],0.0,0.0,0.0,0.0,0.9573429783410543,0.47867148917052715,273.5131828992375,200.15726528142312,1.9059658460856066,101.06831905432045,object,0.435546875
5298,,,,,,,325,417,[],0.10584123814278582,0.0558777016341592,0.7681159420289855,0.056836461126005364,0.9995143973595356,0.5281754292427705,38.0354894881938,15.35092381959312,-0.9260053619302949,101.52478888630867,object,0.62109375
53,,,,,,,576,1160,[],0.0,0.0,0.0,0.0,0.9700510152441465,0.48502550762207325,383.3801854763931,275.64191020196085,2.19706498951782,100.18348810262978,object,0.73046875
5300,,,,,,,462,510,[],0.10535233728695305,0.055605239623336314,0.9715073529411765,0.055696069132679944,0.999856906786311,0.5277764879594955,57.015341617641376,35.22364333035915,-0.942670460533249,101.30177391692996,object,0.54296875
5302,,,,,,,480,513,[],0.006211674763080354,0.003115513660329126,0.7697368421052632,0.0031184200005330634,0.9998323120337675,0.5014753660171503,242.85396702297976,134.0637994665363,-0.9959487193155467,101.55374906025827,object,0.63671875
5304,,,,,,,506,811,[],0.0,0.0,0.0,0.0,0.9769228291278351,0.48846141456391756,191.06451789498232,139.22837768762906,0.3681504333774056,100.80468188971281,object,0.80859375
5306,,,,,,,480,616,[],0.03301958457832023,0.016786941201568352,1.0,0.016786941201568352,1.0,0.5083934706007842,325.7809079526183,187.6415362447673,-0.9832130587984317,101.6698619350791,object,0.3359375
5308,,,,,,,460,504,[],0.0,0.0,0.0,0.0,0.9830966839774681,0.49154834198873404,178.00140448330015,146.26859038865052,-0.13208399187175435,100.8549730759114,object,0.48046875
531,,,,,,,577,755,[],0.0,0.0,0.0,0.0,0.9637263179864715,0.48186315899323573,201.0,132.37283279883698,0.09188263011351468,100.76837707310915,object,0.80078125
5310,,,,,,,352,507,[],0.0,0.0,0.0,0.0,0.9762710701461473,0.48813553507307367,161.0,119.75733582404473,0.1618141097424412,101.52578889392316,object,0.66015625
5314,,,,,,,444,661,[],0.0,0.0,0.0,0.0,0.9843101092896175,0.49215505464480874,128.6767060013564,82.52465171915433,5.716374269005848,100.0521860551089,object,0.64453125
5318,,,,,,,502,689,[],0.0,0.0,0.0,0.0,0.9751005130445564,0.4875502565222782,229.9015004725857,96.85743636872516,0.18535694210230466,101.47839901037514,object,0.62109375
5320,,,,,,,526,1000,[],0.0,0.0,0.0,0.0,0.9685863166253523,0.48429315831267616,151.48989115905957,72.96184907996371,0.9303098658435237,102.14233305305243,object,0.7890625
5322,,,,,,,548,815,[],0.0,0.0,0.0,0.0,0.9768777666292864,0.4884388833146432,278.71462813800355,182.02429961902826,-0.5750054241701019,100.08928691968322,object,0.73046875
5326,,,,,,,566,701,[],0.29216865540674697,0.17107582451376752,0.9806518187290395,0.1716552144561266,0.9982947763314954,0.584974995393811,140.66075299441306,60.79956389091001,-0.824958042010672,102.4342100135982,object,0.337890625
533,,,,,,,587,743,[],0.8598866787561477,0.7542115882112664,0.9987051515300519,0.754949820344443,0.9994248710509935,0.8771873456977183,94.83696506684628,27.593403929030632,-0.24407136662123652,101.98267013765872,object,0.7109375
5330,,,,,,,482,506,[],0.0,0.0,0.0,0.0,0.9497572458437546,0.4748786229218773,126.03074879954954,66.77508766893327,-0.09246521807097077,100.92063504271209,object,0.62890625
5331,,,,,,,532,815,[],0.9118145184839105,0.8379219664036923,0.8753153557212536,0.9514900359558779,0.994668852820546,0.9730794443882119,16.278820596099706,6.064711210912411,0.08702541288317386,102.17179404571652,object,0.6328125
5342,,,,,,,480,504,[],0.0,0.0,0.0,0.0,0.9729121489877363,0.48645607449386813,230.98592371216512,135.2407339667373,-0.7346956987328217,102.13537304662168,object,0.77734375
5346,,,,,,,480,504,[],0.0,0.0,0.0,0.0,0.9765448138742888,0.4882724069371444,251.44581921360316,119.14264991515108,-0.876923871500878,100.62660905532539,object,0.77734375
5348,,,,,,,480,508,[],0.0,0.0,0.0,0.0,0.9683465222823824,0.4841732611411912,138.0,92.22994278499496,1.032085561497326,101.19382222183049,object,0.546875
535,,,,,,,587,751,[],0.2122339075449419,0.11871458377057073,1.0,0.11871458377057073,1.0,0.5593572918852854,317.0,143.50486619315703,-0.8812854162294292,102.11396310478449,object,0.58203125
5350,,,,,,,336,440,[],0.0,0.0,0.0,0.0,0.9618678121102952,0.4809339060551476,126.06802593087373,89.52807015729026,0.5725714285714286,100.52058682776988,object,0.7421875
5354,,,,,,,351,408,[],0.0,0.0,0.0,0.0,0.9663899951613504,0.4831949975806752,224.0557966221807,132.38060846863183,-0.4911529358728728,99.79484998621047,object,0.76953125
5356,,,,,,,438,642,[],0.0,0.0,0.0,0.0,0.9786935668667797,0.48934678343338983,227.33081603185875,181.6746899541441,0.3044921442797079,100.86305509321392,object,0.67578125
5358,,,,,,,480,513,[],0.0,0.0,0.0,0.0,0.8611053237071191,0.43055266185355956,241.812833233299,143.7179039506457,0.20476153060422722,100.75358301401138,object,0.6328125
5360,,,,,,,489,635,[],0.0,0.0,0.0,0.0,0.9797374297627909,0.48986871488139544,111.46299834474219,64.95617369009238,-0.10853499492827126,100.9231258649379,object,0.80078125
5362,,,,,,,440,504,[],0.0178779158758342,0.009019583616482363,1.0,0.009019583616482363,1.0,0.5045097918082412,162.81799908614266,80.26058001163535,-0.9909804163835176,101.0395591147244,object,0.6015625
5364,,,,,,,602,768,[],0.0,0.0,0.0,0.0,0.9723361442637052,0.4861680721318526,151.70496961926838,86.73605589424707,0.9058201058201059,101.50941903702915,object,0.54296875
5366,,,,,,,481,512,[],0.29516064524730035,0.17313106036909603,1.0,0.17313106036909603,1.0,0.586565530184548,146.05648499620003,54.16385076085397,-0.826868939630904,101.05693899095058,object,0.6171875
5370,,,,,,,566,800,[],0.7184652497513347,0.5606287692252793,0.976762982420691,0.568207094224979,0.9956312481188067,0.7819191711718928,118.96974309096352,51.971705080700744,-0.4182753600911417,101.91241791471839,object,0.5703125
5374,,,,,,,340,413,[],0.5648469139802366,0.39357955571609177,1.0,0.39357955571609177,1.0,0.6967897778580459,86.90713203506405,47.484648601884736,-0.6064204442839083,100.22843116894364,object,0.6015625
5376,,,,,,,482,513,[],0.0,0.0,0.0,0.0,0.9784073956219703,0.48920369781098516,83.03311560710264,49.34167430613703,-0.011352885525070956,100.80648283474147,object,0.38671875
5378,,,,,,,480,616,[],0.7992324569138842,0.6656013160213854,0.9999470423131918,0.6656247796761533,0.9999857534975164,0.8328052665868348,89.37309418432379,26.77145095976425,-0.33433996850837816,100.78079183585942,object,0.78515625
538,,,,,,,502,750,[],0.0,0.0,0.0,0.0,0.9726218071714562,0.4863109035857281,321.9530228373003,234.95591796079177,-0.37695608278647147,100.37490399554372,object,0.63671875
5380,,,,,,,483,507,[],0.0,0.0,0.0,0.0,0.9850319715442976,0.4925159857721488,175.52305709481936,138.52383783374958,1.1462264150943395,101.33667499758303,object,0.6953125
5383,,,,,,,352,435,[],0.0,0.0,0.0,0.0,0.9740087988622619,0.48700439943113094,216.1434668610034,182.17387813207608,0.4780801209372638,100.52361711859703,object,0.6875
5385,,,,,,,483,616,[],0.0,0.0,0.0,0.0,0.9712175646355303,0.48560878231776516,395.8408771210977,199.08404483397308,-0.9615954934527966,100.38376390002668,object,0.765625
5388,,,,,,,440,504,[],0.0,0.0,0.0,0.0,0.9738914277871257,0.48694571389356284,246.97469414501978,128.59496838603795,-0.7949127500698798,101.52058000676334,object,0.76953125
539,,,,,,,501,806,[],0.0,0.0,0.0,0.0,0.9781550352580993,0.48907751762904966,165.43653415129967,114.54253891441206,0.6375094055680963,101.0485589504242,object,0.7890625
5390,,,,,,,487,640,[],0.8009555168183873,0.6679948309282792,0.7313133694883283,0.8852575995433138,0.9925198491497441,0.9388887243465289,40.03243425120927,9.146252715115347,0.21050378193235336,102.6513350661844,object,0.4921875
5394,,,,,,,480,504,[],0.0,0.0,0.0,0.0,0.9776236598388836,0.4888118299194418,116.86034175425625,69.67755379637904,-0.16503009185936016,101.34664503857493,object,0.62890625
5396,,,,,,,480,508,[],0.02687433195907772,0.013620182634267142,0.7272727272727273,0.013690105787181083,0.9998610011288394,0.5067755534580102,93.94252390512871,48.0105409488012,-0.981176104542626,100.29339208267629,object,0.6171875
5398,,,,,,,480,508,[],0.0,0.0,0.0,0.0,0.9813998776636249,0.49069993883181245,140.4019175032898,102.8491575341966,0.27024722932651324,100.5310770124197,object,0.75
5402,,,,,,,562,702,[],0.0,0.0,0.0,0.0,0.980964282154877,0.4904821410774385,111.0,62.45114855990403,1.3227315247895228,100.94106593169272,object,0.78125
5404,,,,,,,487,900,[],0.0,0.0,0.0,0.0,0.9437311853083891,0.47186559265419453,335.56994089392157,230.92879129293604,12.59966777408638,102.07928204908967,object,0.46875
5406,,,,,,,480,440,[],0.0035089771331656824,0.0017575722069248345,0.9278350515463918,0.0017578125,0.99995625,0.50085703125,282.1957646954149,150.92479234399653,-0.99810546875,101.52180888690054,object,0.64453125
5408,,,,,,,368,496,[],0.0,0.0,0.0,0.0,0.988962921799605,0.4944814608998025,324.0433961935114,286.9651309701699,1.5817245817245817,100.16693896614015,object,0.609375
541,,,,,,,587,751,[],0.9716571885805733,0.944876725728641,0.9761259502537838,0.9672291569473049,0.9941097140137242,0.9806694354805146,15.233185777265112,4.395871159779486,-0.009114390724030814,98.46033086068928,object,0.765625
5410,,,,,,,480,508,[],0.6412125505695483,0.47190055430547173,0.9482768127929418,0.48436795853988285,0.9954976576299823,0.7399328080849326,69.63978740040885,29.429026987227864,-0.4892124831004957,101.65197192691267,object,0.55859375
5412,,,,,,,376,504,[],0.0,0.0,0.0,0.0,0.9615397075657113,0.48076985378285564,142.7769023835041,88.38435820258792,0.6565116279069767,100.93887685798109,object,0.8125
5416,,,,,,,428,587,[],0.0,0.0,0.0,0.0,0.9669595982652363,0.4834797991326181,309.6573766136449,141.7180030014335,-0.9238117795673456,100.85971490480006,object,0.53125
5418,,,,,,,480,616,[],0.5858833011888656,0.4143104325699746,0.9985526799950938,0.4145593791691703,0.9997012491834988,0.7071303141763345,107.80769311033846,54.54280912605505,-0.5848397510973511,100.94805713742971,object,0.47265625
5420,,,,,,,493,815,[],0.0,0.0,0.0,0.0,0.9784765461802917,0.48923827309014584,125.30921546526196,78.28761623814276,0.9170589553911679,101.51857021264732,object,0.7421875
5424,,,,,,,482,507,[],0.0031057204012255005,0.001555275325767129,0.006913303437967115,0.002002706359945873,0.9764717860636833,0.48923724621181464,164.26700593600577,75.88625640377049,-0.7103112313937754,101.55969997867942,object,0.76953125
5426,,,,,,,570,896,[],0.0,0.0,0.0,0.0,0.8992000559829602,0.4496000279914801,247.54290997723155,147.54094884594332,-0.1374302930498896,101.41146695241332,object,0.61328125
5428,,,,,,,470,619,[],0.4023944221470351,0.2518734459401526,1.0,0.2518734459401526,1.0,0.6259367229700763,99.29753269845128,61.59472157542991,-0.7481265540598474,101.29892406985164,object,0.65234375
543,,,,,,,587,743,[],0.8649781613336965,0.7620806330476256,1.0,0.7620806330476256,1.0,0.8810403165238128,63.0,23.85771019523184,-0.2379193669523743,100.55683786049485,object,0.76171875
5430,,,,,,,483,506,[],0.0,0.0,0.0,0.0,0.9730447184394553,0.48652235921972764,233.96880049337275,119.20164512225713,-0.7833049781788594,101.41461715102196,object,0.7890625
5432,,,,,,,550,813,[],0.884367725747453,0.7927053977888576,0.996932933478735,0.7946433422067691,0.9993664024330147,0.8970048723198919,48.25971404805462,17.604528634418326,-0.20291193567664476,101.38046694919467,object,0.7890625
5434,,,,,,,327,391,[],0.0010466067048242027,0.0005235773421905167,0.3902439024390244,0.0005240060260692998,0.9997431234137871,0.5001335647199282,222.36320623087133,127.56530291958094,-0.9986572345581974,101.26661392860115,object,0.45703125
5436,,,,,,,480,440,[],0.0004610951008645533,0.00023060071486221607,0.08333333333333333,0.0002311871459946827,0.9991713435534295,0.4997012653497121,286.4891731620579,164.70884281375808,-0.9972257542480638,100.10148701258004,object,0.67578125
5438,,,,,,,267,435,[],0.0,0.0,0.0,0.0,0.9529197999496276,0.4764598999748138,95.16327638970496,54.971980455104934,0.05248341041624774,100.45095602981746,object,0.81640625
5440,,,,,,,483,504,[],0.0,0.0,0.0,0.0,0.9772581909058178,0.4886290954529089,150.00082482090488,94.91291392094149,-0.2692255342316592,99.81347084976733,object,0.7734375
5442,,,,,,,443,544,[],0.0,0.0,0.0,0.0,0.9439016215937508,0.4719508107968754,194.51966278131022,126.53370517790835,0.5810123516589973,101.39833693392575,object,0.5
5444,,,,,,,362,504,[],0.0,0.0,0.0,0.0,0.9711712765335361,0.48558563826676804,126.87395319765204,66.03134338265826,-0.5689805910124147,100.26722098700702,object,0.8125
5446,,,,,,,546,695,[],0.954158233056785,0.9123351765206296,0.952484568586527,0.955837789661319,0.9970030529647369,0.976420421313028,8.0,3.4926725898499873,0.003520499108734403,101.47744882851839,object,0.6640625
5448,,,,,,,666,727,[],0.0,0.0,0.0,0.0,0.9222657203178544,0.4611328601589272,391.8730585804342,177.3754441890107,-0.726487112007018,101.91581910476089,object,0.28125
545,,,,,,,534,521,[],0.1504738694828053,0.0813580662635609,1.0,0.0813580662635609,1.0,0.5406790331317805,258.8965023845324,107.13492936420309,-0.9186419337364391,101.78342601284385,object,0.498046875
5450,,,,,,,420,486,[],0.314583615436696,0.1866503840344506,1.0,0.1866503840344506,1.0,0.5933251920172253,141.06151094564143,55.6884323704919,-0.8133496159655493,100.12345807626843,object,0.7109375
5452,,,,,,,440,486,[],0.44196186305881474,0.28366562575066057,1.0,0.28366562575066057,1.0,0.6418328128753303,115.51642377869281,46.35283939747963,-0.7163343742493394,101.01609793491662,object,0.70703125
5454,,,,,,,495,768,[],0.9772094662760875,0.9554346017636014,0.9869868395207229,0.9676239077582264,0.9984348098293943,0.9830293587938104,6.0,2.3075157162139925,-0.019618226897431576,100.03624600358307,object,0.7890625
5456,,,,,,,408,560,[],0.7831343136287378,0.6435667653379831,0.987555223694854,0.6488287478026246,0.997772307555219,0.8233005276789218,66.95221750777458,24.60136246748472,-0.34299497158742487,100.8775350637734,object,0.578125
5458,,,,,,,421,551,[],0.6690516398542352,0.502687902768039,0.9816130925213535,0.5074662082448512,0.9986060582094274,0.7530361332271394,63.724369048560376,28.256183930240798,-0.4830282805811171,101.25969396904111,object,0.55859375
5460,,,,,,,408,485,[],0.0,0.0,0.0,0.0,0.9673096922391232,0.4836548461195616,195.2628056225782,89.17069089815266,-0.7498907056046166,100.17590899951756,object,0.67578125
5466,,,,,,,587,778,[],0.0,0.0,0.0,0.0,0.9734343898331037,0.48671719491655185,419.3170602806798,197.9837705471155,-0.9418427631670834,101.13574098795652,object,0.7734375
5468,,,,,,,586,858,[],0.015292972106077095,0.007705405327407579,0.10717152796360717,0.008233963815789473,0.9835440977736567,0.4958890307947231,260.96014814882176,104.72885097088336,-0.9231702302631579,102.78355819173157,object,0.37890625
547,,,,,,,583,746,[],0.0035736808913180576,0.0017900389596714752,0.03421333017639398,0.001885303116295151,0.9710326069588499,0.4864589550375725,446.2725542480786,221.26408560228109,-0.9448956559745842,102.57142293266952,object,0.486328125
5472,,,,,,,547,813,[],0.0,0.0,0.0,0.0,0.9797913326179678,0.4898956663089839,303.3875332069004,184.15337962108185,-0.7802989855846236,101.12929111346602,object,0.69140625
5475,,,,,,,580,857,[],0.944705318639195,0.8952052306574646,0.9512689375663418,0.9382316550870848,0.9989620863503051,0.9685968707186949,8.049806198638837,2.976478696820387,-0.013705148948320168,101.87998716719449,object,0.64453125
5478,,,,,,,370,753,[],0.34584489008821745,0.20907645722937168,0.9990956446245116,0.20911603255725913,0.9998293922953561,0.6044727124263076,188.91998645568174,80.36727462903828,-0.7906946810524323,101.35179501958191,object,0.455078125
5480,,,,,,,458,743,[],0.0003428812575829509,0.00017147002572050386,0.0015634395670475045,0.000192555507828122,0.9695653289635275,0.48487894223567785,326.17686883691783,157.61466162870173,-0.8768385348007051,101.25636402517557,object,0.75390625
5482,,,,,,,582,742,[],0.0,0.0,0.0,0.0,0.9819690828634086,0.4909845414317043,366.2460916505717,257.0204095574049,-0.683384906309094,101.69087396934628,object,0.734375
5484,,,,,,,587,753,[],0.0,0.0,0.0,0.0,0.9812086679263108,0.4906043339631554,306.63953718055853,173.62974573639443,-0.785129546797198,102.31798700988293,object,0.63671875
5486,,,,,,,582,592,[],0.00020879923953119077,0.00010441052018420213,0.002230832452741576,0.00010952523692038092,0.9503238478265953,0.47521668653175786,470.1223017759956,243.4580288337419,-0.9509038714289009,101.18109197355807,object,0.5546875
5488,,,,,,,487,743,[],0.0,0.0,0.0,0.0,0.9798399927909459,0.48991999639547296,133.88054376943649,90.44875800050967,0.06342840166369579,102.4207801092416,object,0.79296875
549,,,,,,,589,744,[],0.9197087812081459,0.8513526401118988,1.0,0.8513526401118988,1.0,0.9256763200559495,35.44996218634789,19.008199616204905,-0.1486473598881012,101.84593708254397,object,0.8828125
5490,,,,,,,580,742,[],0.0,0.0,0.0,0.0,0.9829040095292568,0.4914520047646284,278.7856181246771,133.78198539251,-0.8676094111910276,101.69464303180575,object,0.76171875
5492,,,,,,,589,745,[],0.9586661889003647,0.9206137154886244,0.9760923684436432,0.9418513149720439,0.998656730815608,0.9702540228938259,8.06225774829855,3.187071838162036,-0.03507972665148064,101.13345109857619,object,0.69921875
5494,,,,,,,528,743,[],0.0031505365757605592,0.0015777536732077704,0.0043859649122807015,0.0024581348901520973,0.9707707288808054,0.48661443188547876,158.61904047118682,77.44383838005618,-0.4395452450453219,101.55674000270665,object,0.76171875
5496,,,,,,,589,750,[],0.9120864081860387,0.8383812970525053,0.9993425378040762,0.838843975407852,0.999831592631439,0.9193377840196455,29.0,14.385770940047287,-0.1606041535556954,102.09364304319024,object,0.78515625
5498,,,,,,,587,742,[],0.0,0.0,0.0,0.0,0.9930361717389077,0.49651808586945384,565.5947963738029,298.8384231259376,-0.9911315958429682,101.63589217700064,object,0.51171875
55,,,,,,,586,858,[],0.0,0.0,0.0,0.0,0.9818523077969031,0.49092615389845157,274.3902330623304,105.26388407194239,-0.9178184617076255,102.45017008855939,object,0.37890625
5502,,,,,,,580,770,[],0.965471612289625,0.9332480613957951,0.9866880784346871,0.945148362547059,0.9984138733213492,0.9717811179342042,14.866068747318506,4.091070407181072,-0.04210014977937902,102.42868983186781,object,0.8203125
5504,,,,,,,547,744,[],0.8835787025217712,0.7914384153344242,0.9979879275653923,0.7927032859644122,0.999491468328518,0.8960973771464651,53.844217694734986,19.187147437771717,-0.20569852192678856,102.26287599653006,object,0.76171875
5509,,,,,,,580,746,[],0.7255898516590223,0.5693534790221128,1.0,0.5693534790221128,1.0,0.7846767395110563,73.93104717706706,32.74362385145541,-0.4306465209778873,101.71622387133539,object,0.44921875
551,,,,,,,589,745,[],0.0,0.0,0.0,0.0,0.9724694210772565,0.48623471053862827,212.39395490042338,115.08297309243542,-0.42013173110764745,101.84266604483128,object,0.6640625
5512,,,,,,,391,743,[],0.11386861313868613,0.06037151702786378,0.2064650677789364,0.07861222245976239,0.9616208247662645,0.5201165236130134,187.8718499954073,83.32570794679408,-0.6192468619246861,101.28838499076664,object,0.6640625
5514,,,,,,,587,745,[],7.035069823067994e-05,3.517658646404953e-05,8.037293039704228e-05,6.255082254331645e-05,0.9704719363536247,0.48526724358808404,152.63321745733413,81.11938226093365,-0.2217426659160568,101.84501693584025,object,0.83203125
5516,,,,,,,528,743,[],0.8617820672260076,0.7571327444523098,0.9970817120622568,0.7588142755791357,0.9995602596910824,0.8791872676351091,39.005094493478694,15.74969768707622,-0.238964804589901,101.11257084645331,object,0.7578125
5518,,,,,,,583,746,[],0.8872296109057801,0.797315977852334,0.9973361747469366,0.7990175522674174,0.9990543311632722,0.8990359417153448,68.0,20.497653990149264,-0.19884831965494518,101.19689209386706,object,0.82421875
5520,,,,,,,445,750,[],0.684808362369338,0.5206909341387167,0.5572757173641828,0.8880354238207121,0.9758060517410222,0.9319207377808671,46.09772228646444,17.744593786009954,0.593529730706669,102.67741605639458,object,0.36328125
5522,,,,,,,580,747,[],0.0,0.0,0.0,0.0,0.9770150808854254,0.4885075404427127,333.436646122526,167.47383201366878,-0.8691009673331891,101.80869605392218,object,0.875
5524,,,,,,,580,745,[],0.0,0.0,0.0,0.0,0.9799422711144233,0.48997113555721167,300.74980235259784,155.41807240297385,-0.9004938748482507,101.26309306360781,object,0.66015625
5526,,,,,,,221,592,[],0.541040367406068,0.370839847326094,0.99731070792773,0.37121105315099395,0.9988147307268539,0.6850128919389239,96.57403318554695,44.76448390470901,-0.6277879599605245,101.01292817853391,object,0.54296875
553,,,,,,,582,766,[],0.0,0.0,0.0,0.0,0.9779126226278021,0.48895631131390105,272.58282352928506,133.58932742455193,-0.866159936658749,100.53985798731446,object,0.75
5530,,,,,,,582,752,[],0.0,0.0,0.0,0.0,0.9779568611665612,0.4889784305832806,342.8964701951217,195.3714582648944,-0.8889210856756495,102.95069101266563,object,0.66015625
5532,,,,,,,582,744,[],0.0,0.0,0.0,0.0,0.9791449803377285,0.4895724901688642,178.84419985592817,83.24776420685109,-0.5191666666666667,102.41602989844978,object,0.7421875
5534,,,,,,,580,743,[],0.8720035988946252,0.7730553023397144,0.9985526799950938,0.773922467060859,0.9998440568478867,0.8868832619543728,38.03943958222566,11.7829184229101,-0.22495579595794438,101.41480690799654,object,0.72265625
5536,,,,,,,580,771,[],0.8494266336175197,0.7382637721644847,0.979612992398065,0.7497836122331217,0.9964340267475467,0.8731088194903343,82.87851546929178,26.332878290111797,-0.23461242546643585,102.11873310618103,object,0.62109375
5545,,,,,,,587,750,[],0.0,0.0,0.0,0.0,0.9751136999294696,0.4875568499647348,539.3624476193535,246.20082017878894,-0.9264602835222883,101.59862204454839,object,0.65234375
5546,,,,,,,581,770,[],0.0,0.0,0.0,0.0,0.9621518990647664,0.4810759495323832,331.1075353932046,181.04510486027013,-0.7752167641265065,102.1934652235359,object,0.451171875
5548,,,,,,,577,755,[],0.0,0.0,0.0,0.0,0.9638537986126703,0.48192689930633514,207.51065076064725,139.68620942658703,0.22156549520766775,102.22303494811058,object,0.80078125
5550,,,,,,,587,743,[],0.8600846292407883,0.7545162134869282,0.9919604661454492,0.7591585602197678,0.9964546440187929,0.8778066021192803,82.64259124384994,27.315370713190397,-0.23468869362334657,102.11213189177215,object,0.7109375
5554,,,,,,,501,806,[],0.0,0.0,0.0,0.0,0.9777959162851203,0.48889795814256015,159.38946012832844,109.80475174438514,-0.2598418501828076,101.42903798259795,object,0.7890625
5556,,,,,,,586,746,[],0.0,0.0,0.0,0.0,0.9787978562468244,0.4893989281234122,436.2358269590797,213.99003463992113,-0.9168196407455375,101.81125602684915,object,0.69921875
5558,,,,,,,587,751,[],0.9660151171753661,0.9342642559109875,0.9642291173836155,0.9678077455048409,0.991202478556924,0.9795051120308824,15.524174696260024,5.205542354355099,0.0037113877362840017,102.16536396183074,object,0.765625
5560,,,,,,,588,746,[],0.9103181367919095,0.8353980804194325,0.9862890612000399,0.8452138202455475,0.9944770267100104,0.9198454234777789,46.021728870072295,16.81694903669662,-0.14303640434057238,102.105702040717,object,0.71875
5564,,,,,,,583,746,[],0.0,0.0,0.0,0.0,0.9703563068738134,0.4851781534369067,448.06811869563495,228.32470152607152,-0.9436742750071683,102.37910086289048,object,0.486328125
5568,,,,,,,582,766,[],0.0,0.0,0.0,0.0,0.9779309048276799,0.48896545241383993,272.7057881751547,142.48656526557406,-0.8654846975315519,102.50247805379331,object,0.75
557,,,,,,,612,674,[],0.0,0.0,0.0,0.0,0.970054935371632,0.485027467685816,135.35561885702293,69.83956296499937,-0.2223094023800183,101.94180393591523,object,0.82421875
5572,,,,,,,585,746,[],0.0,0.0,0.0,0.0,0.9824583781772764,0.4912291890886382,337.089361939517,154.0628539928935,-0.8901755261625489,102.4721059948206,object,0.8359375
5574,,,,,,,580,743,[],0.919409968277375,0.8508406900734551,0.9988429817448231,0.8516800876934103,0.9996254142054459,0.9256527509494281,50.25952241402533,14.155528682371905,-0.14733336144019563,102.18833107501268,object,0.828125
5578,,,,,,,541,806,[],0.9522677967569232,0.9088847262777073,0.9724618316860865,0.9328953940981876,0.9915045932176164,0.962199993657902,18.3698072027598,8.014777282092334,-0.04068687973007361,101.5300250146538,object,0.8515625
5580,,,,,,,547,805,[],0.0,0.0,0.0,0.0,0.9529926209346816,0.4764963104673408,254.63011381814152,159.82840305426,0.645192936559843,101.08267492614686,object,0.7578125
5582,,,,,,,608,588,[],0.9040976157938914,0.8249800610196099,0.9998465692893089,0.8250845139970373,0.9999640963223863,0.9125243051597118,50.99558781116753,13.140493530751023,-0.1747888732733189,101.35158081538975,object,0.83203125
5584,,,,,,,584,660,[],0.971721951298022,0.9449992174049147,0.9966490037801878,0.9480113680970998,0.9984267590461355,0.9732190635716177,18.0,5.122330209407931,-0.04880116821329314,101.57130588777363,object,0.8125
5586,,,,,,,580,752,[],0.0,0.0,0.0,0.0,0.9739418387059939,0.48697091935299697,113.0,61.870093374800504,0.5876757063751242,101.2618700042367,object,0.75
5589,,,,,,,548,806,[],0.0,0.0,0.0,0.0,0.9675904734490097,0.48379523672450486,229.97562634456173,123.10490124853794,-0.2309931698577987,102.37475414760411,object,0.8125
559,,,,,,,581,749,[],0.969686998724962,0.9411576846307386,0.969806663924311,0.9695673630531337,0.9950985498652435,0.9823329564591886,10.0,4.041251801869989,-0.0002467511103799967,102.14108903892338,object,0.71484375
5591,,,,,,,589,750,[],0.5198236852594312,0.35119038190429425,0.9828877953628585,0.35335086461072596,0.9989815437791059,0.6761662041949159,195.3611064457464,52.99743894071655,-0.6404972507769543,103.59343304298818,object,0.41015625
5593,,,,,,,588,747,[],0.6764032413064885,0.5110342231225686,0.9902386493903498,0.5136216216216216,0.9992677257281047,0.7564446736748631,91.26061495732793,33.89410660863225,-0.4813153153153153,101.82318207807839,object,0.423828125
5597,,,,,,,471,743,[],0.0,0.0,0.0,0.0,0.9779620088223692,0.4889810044111846,206.5024208435418,118.38556048767938,-0.5195778226594566,101.49257397279143,object,0.67578125
5601,,,,,,,487,592,[],0.16881470086891448,0.09218875935112554,1.0,0.09218875935112554,1.0,0.5460943796755627,221.10798572404283,112.3468999299956,-0.9078112406488744,101.41223296523094,object,0.38671875
5603,,,,,,,381,355,[],0.859566682715455,0.7537193711265346,0.9900842945874002,0.7594521014122851,0.9941557168072171,0.8768039091097511,81.41497563304615,17.72415822857191,-0.23294197719925133,100.60245404019952,object,0.609375
5607,,,,,,,381,355,[],0.0,0.0,0.0,0.0,0.9405866683430116,0.4702933341715058,153.79355441702123,90.05844782670994,-0.05416562421816362,100.36339913494885,object,0.6484375
5609,,,,,,,512,676,[],0.0,0.0,0.0,0.0,0.9793383315061711,0.48966916575308556,236.68015425086298,191.49682880235298,0.03285209192692987,99.68802286311984,object,0.71484375
561,,,,,,,587,743,[],0.668528351192268,0.5020973235073406,1.0,0.5020973235073406,1.0,0.7510486617536702,113.20092362026804,47.85966121140787,-0.49790267649265935,100.84331990219653,object,0.310546875
5613,,,,,,,642,920,[],0.0,0.0,0.0,0.0,0.979949962520565,0.4899749812602825,346.98327753834053,180.0103774372609,-0.8663031483284648,101.58377699553967,object,0.7578125
5615,,,,,,,733,920,[],0.0,0.0,0.0,0.0,0.9691314140285685,0.48456570701428425,250.64512173371853,153.94055457383294,3.2950955943474645,102.23003197461367,object,0.8984375
5617,,,,,,,642,920,[],0.0,0.0,0.0,0.0,0.9361669982986336,0.4680834991493168,291.9125973513958,155.52440087770046,3.5525896902167258,103.2782958354801,object,0.5625
5621,,,,,,,733,920,[],0.009695479994537758,0.004871355060034306,0.018023354205449316,0.006631382316313823,0.9819304309915297,0.4942809066539217,171.27930080184552,62.442687737020506,-0.6320672478206725,102.26147202774882,object,0.70703125
5627,,,,,,,744,940,[],0.0,0.0,0.0,0.0,0.9725853435497311,0.48629267177486557,182.43875611681443,98.35135195077675,-0.13002574303767844,102.65206103213131,object,0.8046875
563,,,,,,,586,746,[],0.0,0.0,0.0,0.0,0.9790889864698438,0.4895444932349219,441.3822560545459,214.82162177978546,-0.9120138185716838,102.65420097857714,object,0.69921875
5632,,,,,,,446,432,[],0.0,0.0,0.0,0.0,0.9716804047988248,0.4858402023994124,255.58325061353943,126.73792019591934,-0.8648713417008657,101.02393315173686,object,0.78125
5634,,,,,,,477,609,[],0.0,0.0,0.0,0.0,0.9776467886396693,0.4888233943198346,204.20344562689957,119.69799853655638,-0.6207792207792208,100.96313199028373,object,0.75
5637,,,,,,,612,674,[],0.0,0.0,0.0,0.0,0.9701738064131081,0.48508690320655407,130.0,67.24735086441275,-0.1325213332360878,101.0008929297328,object,0.82421875
5639,,,,,,,580,745,[],0.0,0.0,0.0,0.0,0.9799725102959826,0.4899862551479913,236.93830241548403,113.94671378610249,-0.7864103879275437,102.75278287008405,object,0.55859375
5643,,,,,,,585,661,[],0.9462628168662328,0.898006478287204,0.9966389010667835,0.9007343229964605,0.9996703236848065,0.9502023233406335,16.150847582682545,5.863987097948291,-0.0962280099318506,101.66813898831606,object,0.81640625
5645,,,,,,,585,661,[],0.826530612244898,0.7043478260869566,0.9955896608626801,0.7065523923558048,0.9969633049025303,0.8517578486291675,136.6881486091398,61.74985811418324,-0.2903176678797809,102.02322690747678,object,0.478515625
5647,,,,,,,581,744,[],0.7585013447866064,0.6109562355153999,1.0,0.6109562355153999,1.0,0.8054781177577,73.35936476098851,27.748266507905125,-0.38904376448460015,101.65020800195634,object,0.65625
5649,,,,,,,502,750,[],0.0,0.0,0.0,0.0,0.9725375126896494,0.4862687563448247,317.6161204976851,204.10485645841166,-0.4176349159539959,101.76135110668838,object,0.63671875
565,,,,,,,609,589,[],0.8363632629800954,0.718749448493726,0.9937534313426463,0.7220114524793022,0.9979177427029489,0.8599645975911255,117.04184293096424,43.4053613166986,-0.27345010371053236,102.08329814486206,object,0.765625
5651,,,,,,,589,744,[],0.9237899301491875,0.8583732451762379,1.0,0.8583732451762379,1.0,0.9291866225881189,43.756127166130895,17.717741824504643,-0.14162675482376214,101.23609891161323,object,0.8828125
5658,,,,,,,482,507,[],0.0,0.0,0.0,0.0,0.975483432654927,0.4877417163274635,82.84622976186054,41.87193985405924,-0.013000168833361473,101.37934191152453,object,0.81640625
5666,,,,,,,444,592,[],0.0,0.0,0.0,0.0,0.993314782578497,0.4966573912892485,468.64848175288387,349.84705312676255,-0.9525993413155222,100.98415310494602,object,0.70703125
5668,,,,,,,480,504,[],0.0,0.0,0.0,0.0,0.995898334958374,0.497949167479187,211.25044364482991,108.64400089458923,-0.9693970341354224,101.96703486144543,object,0.53515625
567,,,,,,,585,746,[],0.0,0.0,0.0,0.0,0.9824055440794296,0.4912027720397148,335.7082053103387,157.08431093886693,-0.8922021719604801,101.22895799577236,object,0.8359375
5670,,,,,,,404,504,[],0.0,0.0,0.0,0.0,0.9750343430580456,0.4875171715290228,275.1256073133943,135.41144201007023,-0.865210559396606,101.1146551463753,object,0.72265625
5672,,,,,,,480,504,[],0.0,0.0,0.0,0.0,0.9786915132351764,0.4893457566175882,151.59172122042241,107.58169913566235,0.14787933771830347,100.85992980748415,object,0.80078125
5674,,,,,,,480,508,[],0.973329499906983,0.9480446743320264,0.9961746836757654,0.9515086385054146,0.9987946879005208,0.9751516632029678,8.031128874149275,3.8623818984090947,-0.04483756303215673,100.67092604003847,object,0.83203125
5678,,,,,,,314,435,[],0.003549554565701559,0.0017779327174481437,0.0021476397018570766,0.010222489476849068,0.819940577959134,0.41508153371799156,180.22763384120648,79.74453745491229,3.759871717779114,100.86816013790667,object,0.7421875
5680,,,,,,,525,812,[],0.8476991547915561,0.7356578434499131,0.7389834128283619,0.9939199540405975,0.9819122275610983,0.987916090800848,36.124783736376884,11.137606165459891,0.3449827652240521,100.69634579122066,object,0.60546875
5686,,,,,,,502,488,[],0.9691104678792068,0.9400720811331824,0.9890652557319224,0.9499449479122555,0.9994681968872363,0.9747065723997459,4.0,1.7268576305619499,-0.039552807656474974,100.69137602113187,object,0.828125
5688,,,,,,,504,448,[],0.0,0.0,0.0,0.0,0.9498960027053194,0.4749480013526597,155.32319962952425,95.55753851239089,0.09021268017336961,101.25519894063473,object,0.2177734375
569,,,,,,,587,744,[],0.0,0.0,0.0,0.0,0.9797163830678732,0.4898581915339366,335.14593640311625,165.38761522079434,-0.8922532157826275,100.81875883042812,object,0.78125
5690,,,,,,,338,450,[],0.0,0.0,0.0,0.0,0.9665613619741991,0.48328068098709953,178.2867984913067,79.14558557545966,-0.7722019620935847,101.3668121304363,object,0.703125
5694,,,,,,,347,504,[],0.02507395407803916,0.012696148359486448,0.55625,0.012826055627612049,0.9995772526183544,0.5062016541229832,102.0196059588548,48.80909019449014,-0.9769419224672143,102.1770101506263,object,0.60546875
5696,,,,,,,480,504,[],0.0,0.0,0.0,0.0,0.9789354113942552,0.4894677056971276,181.0,136.169971451338,1.0454176804541768,101.28946998156607,object,0.71484375
5698,,,,,,,480,504,[],0.0,0.0,0.0,0.0,0.9745568326310803,0.48727841631554014,345.1773193062792,268.47954422454404,3.8364928909952605,101.02574503980577,object,0.56640625
57,,,,,,,564,712,[],0.0,0.0,0.0,0.0,0.8262378838662923,0.41311894193314613,336.36825051875223,154.14280474967774,-0.6181793571297763,101.23361903242767,object,0.11328125
5702,,,,,,,480,508,[],0.0,0.0,0.0,0.0,0.981274260643073,0.4906371303215365,107.01027965968785,56.0181302247274,-0.32405294386125055,101.19266691617668,object,0.71875
5704,,,,,,,480,616,[],0.005087029449775896,0.0025500006891893755,0.0099795015643543,0.003413536054321352,0.9239991055308012,0.4637063207925613,304.0429245526864,118.23755450317888,-0.6579452358107609,100.76801804825664,object,0.546875
5706,,,,,,,483,504,[],0.0,0.0,0.0,0.0,0.9838261213398449,0.49191306066992246,141.13029894205496,103.03508994925521,-0.3257934420480449,100.96236201934516,object,0.703125
5708,,,,,,,394,504,[],0.4291438699237112,0.27319107186656855,0.989340913128442,0.2739975399753998,0.9996633959977784,0.636830467986589,63.082459931886596,28.33954465471399,-0.7230504305043051,101.19671816937625,object,0.27734375
5710,,,,,,,791,784,[],0.0,0.0,0.0,0.0,0.9593589056229793,0.47967945281148966,457.3595412799168,232.52967569723384,-0.8433331245694244,100.77891894616187,object,0.6328125
5715,,,,,,,566,912,[],0.0,0.0,0.0,0.0,0.970062915585771,0.4850314577928855,143.05593311708537,79.13603775553335,0.14638045215802695,102.34390408731997,object,0.69921875
5718,,,,,,,483,507,[],0.20558917764328943,0.11457196706675925,1.0,0.11457196706675925,1.0,0.5572859835333797,93.563818211594,50.40719311819808,-0.8854280329332408,101.68389906175435,object,0.6640625
5720,,,,,,,482,504,[],0.8814712690201237,0.7880631445630542,0.8783937079331468,0.8845704711616572,0.9762990330948825,0.9304347521282699,36.101136246267586,10.224925660198812,0.007031884646628757,100.72688688524067,object,0.5703125
5724,,,,,,,480,504,[],0.26382374829096067,0.15195677744771627,1.0,0.15195677744771627,1.0,0.5759783887238581,119.50313803411188,74.52954627244975,-0.8480432225522837,100.50568194128573,object,0.80078125
5726,,,,,,,481,437,[],0.9665902107586446,0.9353406759077013,0.9763080823534555,0.9570638899601491,0.9970994327303864,0.9770816613452677,7.211102550927978,2.482563566478843,-0.01971118824184771,101.34512092918158,object,0.59375
573,,,,,,,580,743,[],0.911177289499412,0.8368463301803256,1.0,0.8368463301803256,1.0,0.9184231650901629,61.749281564653856,16.524330819428688,-0.16315366981967444,100.36851814948022,object,0.828125
5730,,,,,,,431,504,[],0.0009708064627973094,0.000485638962120161,0.0024730612965907085,0.0006039428842586601,0.9708982029756291,0.4857510729299439,185.13886653530625,86.35088141986812,-0.755791380872266,101.43778403289616,object,0.6796875
5732,,,,,,,480,508,[],0.0,0.0,0.0,0.0,0.9820483709472678,0.4910241854736339,217.71138071600916,176.7708418942069,-0.1668286992027999,101.37119214050472,object,0.7109375
5734,,,,,,,480,504,[],0.0,0.0,0.0,0.0,0.9995068322345617,0.49975341611728086,202.81259400614908,124.3519236971079,-0.9960716006374384,100.31565697863698,object,0.58203125
5736,,,,,,,482,504,[],0.00484284953266502,0.0024273022962279724,0.011069293779056896,0.0030994297049342923,0.9803038854300782,0.4917016575675062,148.07699901685484,72.14926795592345,-0.7199975204562361,101.06657398864627,object,0.75
5738,,,,,,,482,504,[],0.0,0.0,0.0,0.0,0.9753044919761472,0.4876522459880736,261.7484034864258,133.5780827816017,-0.7918332492333967,100.04785098135471,object,0.75
5740,,,,,,,483,614,[],0.0,0.0,0.0,0.0,0.9821496789984888,0.4910748394992444,220.27135656142963,171.98103698438325,5.866059817945383,100.62902513891459,object,0.7734375
5742,,,,,,,481,504,[],0.07253886010362694,0.03763440860215054,0.8425925925925926,0.037900874635568516,0.9999291734542106,0.5189150240448895,51.66079795820775,24.39341218162303,-0.9550187421907539,101.74674005247653,object,0.62890625
5744,,,,,,,223,368,[],0.0,0.0,0.0,0.0,0.8658763565558515,0.43293817827792574,182.3869512876401,108.04174237673901,-0.23326239973809135,99.77537509985268,object,0.44921875
5746,,,,,,,343,504,[],0.0,0.0,0.0,0.0,0.9748178493050476,0.4874089246525238,74.45063192006447,41.53369188917575,1.1547320981472209,98.31237210892141,object,0.7890625
5748,,,,,,,480,504,[],0.0,0.0,0.0,0.0,0.8988577935746576,0.4494288967873288,186.2508959718676,89.91046074733663,1.324345757335448,100.39768903516233,object,0.6015625
575,,,,,,,547,805,[],0.0,0.0,0.0,0.0,0.9529412865146994,0.4764706432573497,257.4388273103053,161.9376236101754,0.5846917080085046,99.21179292723536,object,0.7578125
5751,,,,,,,343,504,[],0.0,0.0,0.0,0.0,0.9701607491904193,0.48508037459520964,168.00252973949725,124.83983824951342,2.4391392064559514,102.68714092671871,object,0.72265625
5753,,,,,,,480,618,[],0.7105427046263345,0.5510401214337461,0.5921408711770157,0.8881289963858772,0.960517485779907,0.9243232410828921,132.0757161665784,43.94149904607198,0.4998609952738393,100.97811208106577,object,0.45703125
5755,,,,,,,483,507,[],0.0,0.0,0.0,0.0,0.9486087386997649,0.47430436934988246,186.6917243633883,107.86360653083396,-0.4422555663117135,100.81534902565181,object,0.6875
5757,,,,,,,338,504,[],0.9330970314576872,0.8745847176079734,0.9293909973521624,0.9368327402135231,0.9970661581340766,0.9669494491737999,6.16227766016838,2.7368301781891855,0.00800711743772242,100.34260805696249,object,0.64453125
5759,,,,,,,480,504,[],0.0,0.0,0.0,0.0,0.97577334669161,0.487886673345805,162.7842129673967,79.3000730329266,-0.6655856076367642,99.98777997680008,object,0.78125
5761,,,,,,,480,508,[],0.0,0.0,0.0,0.0,0.9321958416928323,0.46609792084641616,190.06262119824117,96.47692108108329,-0.3001671464388523,100.23378604091704,object,0.65234375
5763,,,,,,,483,506,[],0.7880105043919224,0.6501793185893604,0.9947416552354824,0.6524216524216524,0.9998009175106033,0.8261112849661278,29.13759951567429,11.903184316479894,-0.3441295546558704,99.5377900544554,object,0.6640625
5765,,,,,,,663,727,[],0.04462699175624108,0.022822751243929327,0.8517420311341735,0.022913779178175074,0.9989520895334703,0.5109329343558227,230.61791613299775,47.09914125879526,-0.973097747509697,101.28704900853336,object,0.466796875
5767,,,,,,,371,504,[],0.0,0.0,0.0,0.0,0.9058517254346128,0.4529258627173064,161.0124204438829,95.15783994672337,0.15181541510368746,101.32276103831828,object,0.54296875
5769,,,,,,,340,504,[],0.0,0.0,0.0,0.0,0.9599853431136384,0.4799926715568192,269.5210524183441,150.4093045314798,-0.7541789987077411,100.43798992410302,object,0.578125
577,,,,,,,608,588,[],0.888206890907603,0.7988958410011041,0.9991101018779919,0.7994647154152139,0.9997898946575283,0.8996273050363711,39.0,15.505759247839388,-0.19982320876098808,100.19179410301149,object,0.83203125
5773,,,,,,,480,508,[],0.04341317365269461,0.02218821729150727,0.554140127388535,0.022591534666320436,0.999708319964665,0.5111499273154927,78.23189359288729,36.238614141917004,-0.9592313684757205,101.02788405492902,object,0.578125
5777,,,,,,,480,508,[],0.0016374269005847953,0.0008193842912325881,0.30656934306569344,0.0008209057326583664,0.9995069468592515,0.500163926295955,244.70439908655933,137.49007416898357,-0.9973222836815667,101.01796290837228,object,0.59765625
5781,,,,,,,550,817,[],0.0,0.0,0.0,0.0,0.975430916888141,0.4877154584440705,447.4432905336196,225.41075109362302,-0.934904610686527,100.44880001805723,object,0.7421875
5783,,,,,,,480,508,[],0.9151521445632984,0.8435764886080797,0.977156797516079,0.860546875,0.9991181506849315,0.9298325128424658,14.774947628941913,4.404439409089197,-0.1193359375,100.88434000499547,object,0.61328125
5785,,,,,,,480,616,[],0.2585162245859701,0.14844595639400032,1.0,0.14844595639400032,1.0,0.5742229781970002,111.02026656996524,56.38766855933649,-0.8515540436059997,101.98006615974009,object,0.55078125
5787,,,,,,,273,459,[],0.003318813524165111,0.0016621649698732599,0.006438631790744467,0.0022355735643426015,0.955510707882479,0.4788731407234108,126.12771300573806,53.36069366271859,-0.6527874807880397,99.65055203065276,object,0.80078125
5789,,,,,,,483,507,[],0.0,0.0,0.0,0.0,0.9817833252425188,0.4908916626212594,160.73186440126443,118.56291291020578,1.450470392916436,100.11166287586093,object,0.63671875
579,,,,,,,584,660,[],0.9698370176479009,0.9414403684294108,0.9785981940936628,0.9612313230155577,0.9901065652268469,0.9756689441212023,21.095023109728988,5.486152214024223,-0.01774668212441324,100.51050200127065,object,0.8125
5791,,,,,,,483,504,[],0.43165889276905417,0.2752327862726169,1.0,0.2752327862726169,1.0,0.6376163931363085,63.0,32.32162437011967,-0.7247672137273832,100.53104301914573,object,0.494140625
5793,,,,,,,483,504,[],0.0,0.0,0.0,0.0,0.9840031688960663,0.49200158444803316,262.265132774333,129.93023197894487,-0.9322842770540436,100.51669180393219,object,0.77734375
5795,,,,,,,480,508,[],0.01692965154503616,0.008537090758392043,0.019393711165505555,0.015021146273880705,0.9780237400995008,0.49652244318669075,74.72077097557485,37.80378656268124,-0.22546303047980165,101.05164488777518,object,0.80078125
5797,,,,,,,480,508,[],0.0,0.0,0.0,0.0,0.9809015709002957,0.49045078545014786,122.12492159974657,81.55325303175496,5.351573187414501,100.27134697884321,object,0.7421875
5799,,,,,,,493,685,[],0.8340684133525543,0.7153665128421982,0.9964786027095551,0.7171795368040772,0.9988001640502971,0.8579898504271872,134.57620148655587,27.921725968072554,-0.280286064493535,101.19857802055776,object,0.78125
5803,,,,,,,483,506,[],0.0,0.0,0.0,0.0,0.9789040994432855,0.48945204972164275,216.08462311807966,164.63789017209945,2.756043956043956,101.16134700365365,object,0.482421875
5805,,,,,,,483,507,[],0.0,0.0,0.0,0.0,0.9764503017613007,0.4882251508806503,93.89088562254572,47.151715141828774,3.3752860411899315,100.90739093720913,object,0.6171875
5809,,,,,,,480,504,[],0.0,0.0,0.0,0.0,0.9801094929083262,0.4900547464541631,175.37400328108797,139.05268158833704,-0.12465116279069767,100.45702010393143,object,0.74609375
5811,,,,,,,374,504,[],0.9650702355934078,0.9324982900136799,0.9844300027078257,0.946457239553955,0.9979147652750999,0.9721860024145275,6.708203932499369,2.7452334522653663,-0.038573350110643466,100.79543804749846,object,0.75390625
5813,,,,,,,480,504,[],0.0,0.0,0.0,0.0,0.978555059596367,0.4892775297981835,182.02060312059163,88.09143542736946,-0.7035357558673938,99.70163297839463,object,0.86328125
5815,,,,,,,480,504,[],0.0,0.0,0.0,0.0,0.9594599775447052,0.4797299887723526,354.3263976554741,163.49906714232458,-0.8752506952051908,100.08924291469157,object,0.734375
5817,,,,,,,397,504,[],0.9618852459016394,0.9265692854322938,0.9431763382092911,0.9813513965546078,0.9962419603465689,0.9887966784505884,6.0,2.0881453205799025,0.04047499581869878,100.608044071123,object,0.82421875
582,,,,,,,580,752,[],0.0,0.0,0.0,0.0,0.9740435794883461,0.48702178974417304,116.84391295836545,64.4018299958694,1.0858048871479202,101.02842398919165,object,0.75
5821,,,,,,,480,508,[],0.0,0.0,0.0,0.0,0.9757085190127311,0.4878542595063656,132.2176176690125,93.91473089755245,0.04759319580166486,101.20433801785111,object,0.6875
5824,,,,,,,487,614,[],0.0,0.0,0.0,0.0,0.9830642151443238,0.4915321075721619,558.0882064348006,473.3414864835625,-0.6794188216475606,101.71685903333127,object,0.6171875
583,,,,,,,587,752,[],0.0,0.0,0.0,0.0,0.9757857351811899,0.48789286759059497,220.60144209010855,158.45471215773063,1.7363119834710743,101.0736848693341,object,0.73828125
5830,,,,,,,457,680,[],0.0,0.0,0.0,0.0,0.9352772968408147,0.46763864842040737,330.61267080591756,247.5732509237624,3.8807474797147776,101.56465601176023,object,0.76953125
5832,,,,,,,443,544,[],0.013754045307443365,0.006924643584521385,0.03875647668393782,0.008360531139625342,0.9787855917667239,0.4935730614531746,153.0,74.35461851987309,-0.7842804131085975,100.59460392221808,object,0.70703125
5834,,,,,,,480,504,[],0.0,0.0,0.0,0.0,0.9798597521200261,0.48992987606001304,182.07249744266164,82.91408089883873,-0.7899659863945578,101.68412886559963,object,0.55078125
5836,,,,,,,536,812,[],0.0,0.0,0.0,0.0,0.9821293374211975,0.49106466871059873,238.0,116.35130414517111,-0.7957913371213203,100.78371805138886,object,0.76171875
5838,,,,,,,453,559,[],5.5088830739567555e-05,2.754517408550022e-05,0.00021673168617251842,3.155470007257581e-05,0.9791771991911021,0.48960437694558734,220.09509259440205,104.26347732649532,-0.8544066138651352,101.16202710196376,object,0.57421875
5840,,,,,,,480,587,[],0.0,0.0,0.0,0.0,0.9801485160335236,0.4900742580167618,336.4267791363789,153.70547584806275,-0.9425471632921014,101.30910016596317,object,0.7890625
5842,,,,,,,502,923,[],0.0,0.0,0.0,0.0,0.9808030747446141,0.4904015373723071,469.09764286587995,238.32112726044244,-0.8881324963899448,100.79407901503146,object,0.7734375
5844,,,,,,,483,615,[],0.6620302260264812,0.4948020791683327,0.4948020791683327,1.0,0.9914213938961877,0.9957106969480938,22.0,10.941018616526607,1.021010101010101,102.22399095073342,object,0.7109375
5846,,,,,,,487,616,[],0.0,0.0,0.0,0.0,0.9793459435826348,0.4896729717913174,139.18692300479879,93.28095938229157,0.23335357215138636,101.49470414035022,object,0.74609375
5848,,,,,,,480,504,[],0.0038729799667540656,0.0019402472527472528,1.0,0.0019402472527472528,1.0,0.5009701236263736,313.28636921662314,165.64115540798545,-0.9980597527472528,101.13203595392406,object,0.53515625
5850,,,,,,,604,654,[],0.0,0.0,0.0,0.0,0.9671317233872893,0.4835658616936446,395.790348543266,197.8224718843344,-0.7802809229212871,100.87222093716264,object,0.7578125
5854,,,,,,,487,640,[],0.0,0.0,0.0,0.0,0.9484478075281335,0.47422390376406676,279.2516775519744,192.2755303700102,5.533606557377049,100.42827995494008,object,0.81640625
5856,,,,,,,441,504,[],0.0,0.0,0.0,0.0,0.9765367413413553,0.48826837067067763,217.28874123933983,92.19748373705592,-0.7807001210315613,100.39986902847886,object,0.76953125
5858,,,,,,,480,504,[],0.0,0.0,0.0,0.0,0.9840851955011213,0.49204259775056064,220.84609079573286,168.1641122971312,-0.3783739029640669,101.3383308891207,object,0.66796875
5860,,,,,,,480,504,[],0.0,0.0,0.0,0.0,0.9800491330449073,0.49002456652245363,92.25586367792211,59.635737506177726,0.40632387706855794,100.13870382681489,object,0.74609375
5864,,,,,,,567,862,[],0.8795496705686688,0.784996574560402,0.9831962817304255,0.7956715467854869,0.9989651953358932,0.89731837106069,54.38885808521682,12.165987978433865,-0.19072970314217927,101.18568781763315,object,0.69921875
5866,,,,,,,480,504,[],0.0,0.0,0.0,0.0,0.9776614384327964,0.4888307192163982,100.75315422007695,65.25971507696768,0.04461994076999013,101.25941899605095,object,0.765625
5869,,,,,,,483,507,[],0.0,0.0,0.0,0.0,0.9775908932512487,0.48879544662562435,220.68699475180165,103.96247400353636,-0.8373684920420825,99.68830295838416,object,0.75
587,,,,,,,548,806,[],0.0,0.0,0.0,0.0,0.9670204873457687,0.48351024367288437,249.5468578450587,124.28281305738662,-0.4546392980505817,100.28904699720442,object,0.8125
5871,,,,,,,482,507,[],0.7802846233946547,0.6397268070574843,0.9968957871396896,0.6410037068719704,0.9999709383186571,0.8204873225953138,17.0,6.262155564561988,-0.35700028514399773,101.26889892853796,object,0.6484375
5873,,,,,,,623,496,[],0.0,0.0,0.0,0.0,0.9548018671514124,0.4774009335757062,223.69531684022155,123.14766043442543,-0.38939756773254447,101.30523098632693,object,0.4140625
5875,,,,,,,344,504,[],0.0,0.0,0.0,0.0,0.9739613882267787,0.48698069411338935,158.97247246167615,78.71315671467572,-0.6817904529510447,100.78379884362221,object,0.72265625
5877,,,,,,,419,504,[],0.0,0.0,0.0,0.0,0.9678068914390475,0.48390344571952376,137.27672488346187,62.49738664710628,-0.4429227702175609,100.97562288865447,object,0.7109375
5883,,,,,,,352,435,[],0.0004036164029706167,0.00020184893625610592,0.0010967317394165387,0.0002473166147301776,0.9657344078011783,0.48299086220795423,161.2493927322451,77.57762116247854,-0.774496710689024,99.75637495517731,object,0.73828125
5885,,,,,,,480,813,[],0.0,0.0,0.0,0.0,0.9709362417660399,0.48546812088301994,231.14497615133234,162.23102206335938,7.682027649769585,100.42010992765427,object,0.765625
5887,,,,,,,338,434,[],0.1849680170575693,0.10190895741556534,0.9618109023714198,0.10232299072769568,0.9989326079658435,0.5506277993467696,125.31759638685095,64.40267389337157,-0.893614232823302,101.06512508355081,object,0.4921875
5889,,,,,,,488,640,[],0.962422001386642,0.9275659301496793,0.9598045542546326,0.9650537634408602,0.998554050648024,0.9818039070444422,5.0,2.0287655800405853,0.005469039673711531,99.67785398475826,object,0.71484375
5893,,,,,,,444,553,[],0.0,0.0,0.0,0.0,0.982880222818474,0.491440111409237,235.0474418559483,192.31292341668149,5.266068759342302,100.80945817753673,object,0.65234375
5895,,,,,,,434,504,[],0.0,0.0,0.0,0.0,0.9985989541356625,0.49929947706783123,243.5340567583684,189.451400353594,-0.9438392186326071,101.31496982648969,object,0.765625
5899,,,,,,,488,634,[],0.0,0.0,0.0,0.0,0.9527299988869173,0.47636499944345867,221.61655553971315,152.5363005779283,2.670310116929334,100.10091308504343,object,0.72265625
59,,,,,,,442,812,[],0.0,0.0,0.0,0.0,0.9984042455063676,0.4992021227531838,688.549925568219,551.2620616453318,-0.9845838531456068,100.89721088297665,object,0.1318359375
5901,,,,,,,495,720,[],0.0,0.0,0.0,0.0,0.986108090243744,0.493054045121872,82.668608371927,43.02045407448078,1.0655186896262074,100.95522203482687,object,0.8203125
5903,,,,,,,483,506,[],0.0,0.0,0.0,0.0,0.9821516737434581,0.49107583687172907,89.69948255955741,52.441570724412244,2.2133333333333334,99.95111986063421,object,0.8515625
5905,,,,,,,280,436,[],0.0,0.0,0.0,0.0,0.9682405870921369,0.48412029354606845,162.49768846702327,107.44675891663269,-0.6188092448610075,100.21227481774986,object,0.72265625
5907,,,,,,,483,507,[],0.21575878253449013,0.12092467118373854,1.0,0.12092467118373854,1.0,0.5604623355918693,70.01356942493791,37.55312211634667,-0.8790753288162615,100.18683411180973,object,0.46875
5910,,,,,,,480,508,[],0.04359766563680055,0.022284611335321985,1.0,0.022284611335321985,1.0,0.511142305667661,75.58041876285077,40.46910240355394,-0.977715388664678,101.32505092769861,object,0.59765625
5912,,,,,,,291,437,[],0.0,0.0,0.0,0.0,0.9667360433205017,0.48336802166025084,199.1141948259984,103.11316440146182,-0.8056078790161993,100.49144201911986,object,0.6953125
5914,,,,,,,434,504,[],0.9164548381630232,0.8457929308726931,0.968654845065377,0.8695931821836308,0.9991765364653181,0.9343848593244745,26.45727167756105,5.073430405636883,-0.10226724553786783,100.19136499613523,object,0.69921875
5918,,,,,,,483,507,[],0.0,0.0,0.0,0.0,0.9965054612422019,0.4982527306211009,151.3342298658234,135.93483932296067,-0.20522388059701493,101.52546502649784,object,0.66015625
592,,,,,,,580,746,[],0.0,0.0,0.0,0.0,0.9760971303496063,0.48804856517480316,208.80596326848968,113.63564335866295,-0.48566224303929223,101.03437397629023,object,0.76171875
5922,,,,,,,426,504,[],0.00031242677497461533,0.0001562377939223498,0.00036643459142543056,0.0002722940776038121,0.973688144715204,0.4869802193964039,128.13331298096367,56.155702588342415,-0.25690946221919675,101.0382438544184,object,0.76953125
5924,,,,,,,480,504,[],0.9448152295632699,0.8954026404041262,0.9845959949586892,0.9081241658414776,0.9984910353783615,0.9533076006099195,13.0,4.326835694648346,-0.07766823093813234,100.77168815769255,object,0.6875
5926,,,,,,,585,759,[],0.0,0.0,0.0,0.0,0.9425824768953261,0.4712912384476631,306.8299161115826,136.22822513749202,0.865515160657716,101.75908985547721,object,0.578125
5928,,,,,,,480,616,[],0.0,0.0,0.0,0.0,0.9285895261353959,0.46429476306769796,200.12745620496062,131.62484675444895,0.76368851034243,101.18896793574095,object,0.74609375
593,,,,,,,458,750,[],0.0,0.0,0.0,0.0,0.9688657606344201,0.48443288031721005,159.6151621870554,91.6054723353802,0.7342357213601849,101.15063702687621,object,0.84765625
5930,,,,,,,557,816,[],0.0,0.0,0.0,0.0,0.9831555491820458,0.4915777745910229,230.10649708341572,173.60622001005612,5.122694466720128,100.87764007039368,object,0.6640625
5932,,,,,,,482,507,[],0.0,0.0,0.0,0.0,0.9746770761781903,0.48733853808909516,121.19818480488888,77.721606155903,0.07618369526521894,100.63255508430302,object,0.734375
5934,,,,,,,480,508,[],0.0,0.0,0.0,0.0,0.9762394815586305,0.48811974077931525,124.77579835627142,82.44635645003727,2.0514861995753715,101.08715482056141,object,0.66796875
5940,,,,,,,487,613,[],0.0,0.0,0.0,0.0,0.9766783725910064,0.4883391862955032,134.53343691760736,84.82866270658177,0.022686298076923076,101.17844794876873,object,0.62109375
5944,,,,,,,579,1024,[],0.0,0.0,0.0,0.0,0.9839741186114042,0.4919870593057021,191.9050910454472,93.95089901800308,-0.5290349033878325,101.32921114563942,object,0.63671875
5946,,,,,,,480,440,[],0.9653226068057222,0.9329696513669425,0.9561110397121193,0.9747133966590239,0.9965141501007987,0.9856137733799113,5.830951894845301,2.197890674742614,0.019456272518833934,101.32091003470123,object,0.8515625
5948,,,,,,,481,514,[],0.0,0.0,0.0,0.0,0.9852425908803348,0.4926212954401674,78.25207542683152,43.09136678387927,4.63312693498452,100.25278595276177,object,0.78515625
595,,,,,,,588,747,[],0.6631219141663501,0.4960227272727273,0.9704380449508458,0.5036326596837873,0.9977825086575969,0.750707584170692,88.38551845165145,37.028988665128274,-0.48102543763183037,100.81584798172116,object,0.423828125
5950,,,,,,,480,504,[],0.0,0.0,0.0,0.0,0.9755638862071991,0.48778194310359957,104.98618138313466,59.46910698398109,1.2122587968217935,100.88030016049743,object,0.84765625
5952,,,,,,,456,608,[],0.0,0.0,0.0,0.0,0.9992668936176851,0.49963344680884253,237.9365449574018,160.67304097767945,-0.9909637106464793,100.76168784871697,object,0.43359375
5956,,,,,,,393,504,[],0.0,0.0,0.0,0.0,0.9813853779178787,0.49069268895893936,111.54280514198909,72.11833081331325,3.8713527851458887,101.05003509670496,object,0.6171875
5958,,,,,,,488,640,[],0.0,0.0,0.0,0.0,0.9654606660783737,0.48273033303918683,175.0,119.28060410225538,0.664251968503937,100.24950606748462,object,0.82421875
5960,,,,,,,424,504,[],0.47870750840493087,0.3146715776550031,1.0,0.3146715776550031,1.0,0.6573357888275015,54.22956846634353,17.93882772056842,-0.6853284223449969,101.90973384305835,object,0.6328125
5963,,,,,,,344,434,[],0.9337558292478776,0.8757429628798924,0.9936378674131569,0.8806811773993459,0.9992399020993904,0.9399605397493682,14.0,4.564607919584603,-0.11367993684447954,100.17270408570766,object,0.85546875
5965,,,,,,,453,504,[],0.0,0.0,0.0,0.0,0.9289394286924149,0.46446971434620743,187.99680837517994,110.24686521780005,9.04364089775561,100.6486660335213,object,0.58984375
5967,,,,,,,407,476,[],0.0,0.0,0.0,0.0,0.9701332666365806,0.4850666333182903,199.63503342512314,136.05412484992382,-0.44034640855832907,100.6749258376658,object,0.60546875
5969,,,,,,,351,454,[],0.009920942489536505,0.004985200186945007,0.8205128205128205,0.004990642545227698,0.9999542310156792,0.5024724367804534,104.25832918872645,54.42740232386704,-0.9939176543980037,99.66483293101192,object,0.45703125
597,,,,,,,535,750,[],0.45856592877767083,0.2974930536043208,0.9996153577173229,0.2975271122582794,0.9999639542809207,0.6487455332696,179.11753027949032,75.66508988231791,-0.7023584021981224,100.52629304118454,object,0.67578125
5972,,,,,,,481,506,[],0.0,0.0,0.0,0.0,0.9724139846929563,0.48620699234647813,177.10265361561386,93.30420824539908,-0.7826102820447332,100.7854980416596,object,0.578125
5974,,,,,,,480,504,[],0.0,0.0,0.0,0.0,0.9800008040775667,0.49000040203878337,177.14626200912076,84.70666751425895,-0.7521178229333924,100.87222000584006,object,0.5859375
5976,,,,,,,452,504,[],0.0,0.0,0.0,0.0,0.9691765537248485,0.4845882768624242,159.23582935913655,75.63021858548657,-0.47844556324732535,101.22175794094801,object,0.73046875
5978,,,,,,,487,615,[],0.03370623274734854,0.01714201270873356,0.7160493827160493,0.01725933640827258,0.9998428875894858,0.5085511119988791,95.31657168951025,47.504493129442956,-0.9758964439815504,100.8347391616553,object,0.515625
5981,,,,,,,471,784,[],0.0,0.0,0.0,0.0,0.968213672567617,0.4841068362838085,209.26294148396343,113.41553547139853,-0.19062634370073098,100.54850298911333,object,0.828125
5985,,,,,,,330,449,[],0.0,0.0,0.0,0.0,0.9698388896877076,0.4849194448438538,86.71331798419804,47.81799219593059,1.0768505421970769,101.14041692577302,object,0.796875
5988,,,,,,,604,822,[],0.0,0.0,0.0,0.0,0.981473467621435,0.4907367338107175,357.5955770796744,298.12632078513377,0.3759854457246816,101.17437690496445,object,0.7265625
5990,,,,,,,565,864,[],0.0009025949605114704,0.0004515012416284145,0.010040160642570281,0.0004725376848803692,0.9836206275990764,0.49204658264197837,433.25806360776767,213.76874763604835,-0.9529352465859152,101.94835485890508,object,0.66796875
5996,,,,,,,444,544,[],0.0,0.0,0.0,0.0,0.9821743535857695,0.49108717679288477,97.4368457808963,58.09780844290615,1.4956217162872154,101.88108403235674,object,0.765625
5998,,,,,,,480,508,[],0.00025649011597017385,0.00012826150688947523,0.0003061849357011635,0.00022067400145014344,0.8922538763618535,0.4462372751816518,176.052823063426,83.25860392439787,-0.2792787112638315,100.46209115535021,object,0.68359375
6,,,,,,,600,542,[],0.9617713418909101,0.9263579216187015,0.9979498710402751,0.9281241927349219,0.9993645118836277,0.9637443523092748,14.7648230602334,5.471545129830136,-0.06996912403281956,100.92440200969577,object,0.703125
6000,,,,,,,547,815,[],0.0,0.0,0.0,0.0,0.9786092540342196,0.4893046270171098,250.24353997444828,169.57552626296288,-0.3461729094385046,100.82839988172054,object,0.75390625
6002,,,,,,,427,504,[],0.0,0.0,0.0,0.0,0.9816316414616125,0.49081582073080626,94.46398973000255,60.15112211853571,1.8839941262848752,100.757417967543,object,0.796875
6006,,,,,,,480,504,[],0.0,0.0,0.0,0.0,0.9782127300949833,0.48910636504749166,202.0,132.33546854795225,-0.4582486902598097,100.64216493628919,object,0.8046875
6008,,,,,,,483,506,[],0.005567063697566028,0.0027913015254787408,0.49710982658959535,0.0027992058067246037,0.9995928395928396,0.5011960226997821,212.83843630371328,114.8630794961668,-0.9943690394818214,101.29216010682285,object,0.65234375
601,,,,,,,582,745,[],0.0,0.0,0.0,0.0,0.9753019302491436,0.4876509651245718,371.6708201359611,184.46163104248282,-0.9076078637188655,100.06489092484117,object,0.6796875
6010,,,,,,,408,504,[],0.0,0.0,0.0,0.0,0.9762772184964337,0.48813860924821684,188.4489213104969,149.18798143905713,0.23191763191763193,100.7948990445584,object,0.7109375
6012,,,,,,,480,507,[],0.0,0.0,0.0,0.0,0.9834027291091232,0.4917013645545616,133.81106075319832,94.73665163691989,4.096202531645569,100.78346799127758,object,0.6875
6014,,,,,,,469,815,[],0.006870944234306139,0.003447315272651299,0.009373224768036356,0.00542317173377157,0.9712539150502775,0.48833854339202454,170.9535661607867,79.2265966523778,-0.4214187893727746,100.01100995577872,object,0.78515625
6016,,,,,,,400,504,[],0.5006474748480925,0.3339091150677651,0.9533383915022762,0.33945697690125626,0.9993666225533865,0.6694117997273213,83.99255598936746,23.93719944800891,-0.6439281372416588,101.94081394001842,object,0.8515625
6018,,,,,,,352,504,[],0.0,0.0,0.0,0.0,0.9693493761662153,0.48467468808310765,118.0,78.19377385923381,-0.18747092572491858,101.21446894481778,object,0.75
6020,,,,,,,481,508,[],0.0,0.0,0.0,0.0,0.9940659807525353,0.49703299037626764,188.54811452222162,110.22201372847434,-0.9537769784172662,100.15368391759694,object,0.26171875
6023,,,,,,,319,504,[],0.0,0.0,0.0,0.0,0.9653695913461539,0.4826847956730769,114.90059346302567,66.50567145198802,4.3604651162790695,100.06746207363904,object,0.7421875
6025,,,,,,,336,504,[],0.0,0.0,0.0,0.0,0.9934629060738734,0.4967314530369367,119.94556413137829,75.349767842669,-0.728391959798995,100.18668486736715,object,0.51171875
6027,,,,,,,564,1125,[],0.0,0.0,0.0,0.0,0.9615670159231182,0.4807835079615591,209.38433555884478,107.82891173131156,7.74288800864242,101.00614302791655,object,0.78125
6029,,,,,,,416,464,[],0.23099988195018298,0.13058217441208658,1.0,0.13058217441208658,1.0,0.5652910872060433,117.83462988442744,43.87782260224569,-0.8694178255879134,101.25231905840337,object,0.412109375
603,,,,,,,487,592,[],0.7890135853514472,0.6515461906155497,0.822435660632927,0.7582018390282665,0.9948406948245944,0.8765212669264304,19.15195296653288,9.873713043646822,-0.07810194119650357,100.61590396799147,object,0.38671875
6031,,,,,,,483,507,[],0.1276595744680851,0.06818181818181818,0.8164556962025317,0.06924315619967794,0.999880667275675,0.5345619117376765,58.0,21.944344267916982,-0.9151905528717122,101.27062001265585,object,0.65234375
6033,,,,,,,539,815,[],0.0,0.0,0.0,0.0,0.9751840808129982,0.4875920404064991,326.1078023372341,187.82807622396646,-0.6417779339423753,100.78199813142419,object,0.6796875
6035,,,,,,,480,504,[],0.8870316499492767,0.7969962936581715,1.0,0.7969962936581715,1.0,0.8984981468290858,31.304951684997057,16.52616037871665,-0.20300370634182854,100.73814704082906,object,0.86328125
6043,,,,,,,528,815,[],0.0,0.0,0.0,0.0,0.9812575819869754,0.4906287909934877,310.6823982813685,155.69106464776198,-0.7965228412409765,100.94940289855003,object,0.796875
6045,,,,,,,483,509,[],0.0,0.0,0.0,0.0,0.9749630714613771,0.48748153573068853,106.89106602239971,67.26932562524333,0.4531700288184438,102.2663819603622,object,0.8125
6049,,,,,,,483,615,[],0.0,0.0,0.0,0.0,0.9771374600302094,0.4885687300151047,208.18678102841645,117.79855283410717,-0.6772190553745928,100.28961696662009,object,0.80078125
605,,,,,,,547,809,[],0.0017097305037293497,0.000855596671728947,0.003437312021998797,0.0011378506002161916,0.9715319526031682,0.4863349016016922,280.8558349046713,119.04251262472545,-0.6689708141321045,101.22671793214977,object,0.7421875
6051,,,,,,,517,815,[],0.0,0.0,0.0,0.0,0.9816440047911081,0.49082200239555407,221.7936676839621,134.90155520134687,-0.5912303954053457,98.68125012144446,object,0.79296875
6053,,,,,,,377,504,[],0.0,0.0,0.0,0.0,0.9674609034903071,0.48373045174515356,215.9484712024392,164.33119311090928,-0.30806187016639325,98.05214498192072,object,0.75390625
6057,,,,,,,557,816,[],0.0,0.0,0.0,0.0,0.9748105347659067,0.48740526738295337,219.52708410227825,149.02340536095022,-0.1792522535835673,97.41232101805508,object,0.78515625
6059,,,,,,,525,815,[],0.0,0.0,0.0,0.0,0.9797760984240901,0.48988804921204504,112.0446339634344,58.55802533162136,0.8757668711656442,99.66691280715168,object,0.828125
6061,,,,,,,347,439,[],0.6306014818649497,0.4604952272942066,0.8366243131868132,0.5059971961161016,0.9856996858890542,0.7458484410025779,125.05538489529467,30.828114527334744,-0.3951918583519394,97.66213688999414,object,0.4921875
6063,,,,,,,480,504,[],0.001260239445494644,0.0006305170239596469,0.002976190476190476,0.0007993605115907274,0.9741902444109076,0.48749480246124915,169.4303691213623,74.99148450173182,-0.7314148681055156,100.4520698916167,object,0.6953125
6065,,,,,,,475,700,[],0.9614041292718511,0.9256768261535842,0.9653733463553228,0.9574674181049665,0.9987855915103505,0.9781265048076585,5.0,2.1136416138242846,-0.00818950334624868,96.85051790438592,object,0.82421875
6067,,,,,,,483,506,[],0.9664318276004973,0.9350441058540497,0.9562079711333442,0.9768766756032171,0.9988801744746886,0.9878784250389528,3.605551275463989,1.3734518213242213,0.021615281501340483,98.23364019393921,object,0.55859375
6069,,,,,,,287,506,[],0.0,0.0,0.0,0.0,0.9755936300298592,0.4877968150149296,160.51005893172112,112.73376800018643,-0.2474791758000877,96.98552102781832,object,0.59765625
6071,,,,,,,446,812,[],0.0,0.0,0.0,0.0,0.9791319309198819,0.48956596545994097,135.20659885949277,84.21012298163222,0.4074844074844075,97.18828601762652,object,0.83203125
6073,,,,,,,437,505,[],0.009288845953778702,0.004666094292433461,0.031164298180004987,0.005457800288171855,0.9803521048427056,0.49290495256543876,176.79619699591998,81.00733920749167,-0.8248701043531416,97.54730388522148,object,0.53125
6077,,,,,,,480,616,[],0.001538441134732961,0.000769812723146145,0.009789029535864979,0.0008348206574932351,0.9740632349560574,0.4874490278067753,371.71521347113594,176.49833599159948,-0.9147187517991825,97.46730281040072,object,0.4921875
6079,,,,,,,523,816,[],0.0,0.0,0.0,0.0,0.9548787797021369,0.47743938985106843,184.65994774803409,95.36353985041069,1.3664370695053225,98.02942513488233,object,0.83203125
6081,,,,,,,549,815,[],0.0004774496841486705,0.00023878184523262863,0.001238921185552273,0.00029570320496781385,0.9740254590157433,0.4871605811103556,260.0,126.66096189397379,-0.7613220207902099,101.81547212414443,object,0.6953125
6083,,,,,,,480,508,[],0.943138500635324,0.892395551547941,0.9683626875407697,0.9191950464396285,0.9991827449658774,0.959188895702753,8.0,2.384984888892379,-0.05077399380804953,99.31824402883649,object,0.75
6089,,,,,,,478,505,[],0.005018120992472818,0.002515371716042482,0.00412560165024066,0.0064034151547491995,0.9817880031352298,0.4940957091449895,69.53557659597513,38.25899319044948,0.552116684453931,100.99968290887773,object,0.8203125
609,,,,,,,326,384,[],0.6092350471912515,0.4380575207628422,0.9824939634356674,0.4415035845766324,0.9979573149256885,0.7197304497511605,68.44699395765771,26.576988625721846,-0.5506297229219144,98.76675205305219,object,0.63671875
6095,,,,,,,538,826,[],0.915660916092809,0.8444414940697469,0.9079921006923791,0.9234603750756201,0.9904059663129585,0.9569331706942893,79.19874131774154,20.993661153812187,0.017035692679975803,98.2287391088903,object,0.69921875
6099,,,,,,,537,487,[],0.9351598027540899,0.8782160977513584,1.0,0.8782160977513584,1.0,0.9391080488756792,20.0,8.599818910522181,-0.12178390224864151,98.13790791667998,object,0.859375
61,,,,,,,547,813,[],2.8266154107072193e-05,1.4133276800226132e-05,6.482982171799028e-05,1.8073051273246463e-05,0.9603883096204222,0.4802031913358477,270.65845636151846,129.4212871394826,-0.7212231841101733,96.9938209746033,object,0.69140625
6103,,,,,,,565,698,[],0.35904671282169065,0.2188037378194276,1.0,0.2188037378194276,1.0,0.6094018689097138,195.89114644699612,69.00583443596713,-0.7811962621805724,102.00356598943472,object,0.462890625
6105,,,,,,,574,781,[],0.0,0.0,0.0,0.0,0.988486290691268,0.494243145345634,247.0645056455917,130.93563722338993,-0.7743002895353647,98.40814396739006,object,0.75
6107,,,,,,,501,699,[],0.0,0.0,0.0,0.0,0.9759259735630368,0.4879629867815184,399.4247342647249,191.12512715296722,-0.9160988729508197,98.99154701270163,object,0.80859375
611,,,,,,,479,502,[],0.0963910681955341,0.05063596129703134,1.0,0.05063596129703134,1.0,0.5253179806485156,270.02147934554495,124.73400248552063,-0.9493640387029687,98.57661789283156,object,0.21484375
6111,,,,,,,559,960,[],0.0,0.0,0.0,0.0,0.8818898733221243,0.44094493666106216,242.54195509989805,124.83915271048592,0.7753779052398877,98.63350912928581,object,0.63671875
6113,,,,,,,501,699,[],0.0,0.0,0.0,0.0,0.9796915931611384,0.4898457965805692,297.071106642368,145.1815609539055,-0.8118864109251824,99.33468513190746,object,0.73828125
6115,,,,,,,501,699,[],0.0,0.0,0.0,0.0,0.9850185205559834,0.4925092602779917,221.79494374688187,113.17148207985629,-0.7868232224396607,98.16780802793801,object,0.7265625
6117,,,,,,,566,781,[],0.15204363342535857,0.08227663605888355,1.0,0.08227663605888355,1.0,0.5411383180294418,312.56065979605575,165.18438286469913,-0.9177233639411164,98.41391397640109,object,0.78515625
6119,,,,,,,551,1024,[],0.0,0.0,0.0,0.0,0.9831274344827317,0.4915637172413658,232.61340998187316,117.79000777135617,-0.835765243032436,101.71438008546829,object,0.6875
6123,,,,,,,579,1024,[],0.9765405412871281,0.9541565452091768,0.9628101424408312,0.9906682172932225,0.9947634542411036,0.992715835767163,9.219544457292887,3.1887487616133945,0.02893413106530847,98.79867290146649,object,0.80859375
6125,,,,,,,549,1024,[],0.771002435064935,0.6273425245603896,0.9951871132501718,0.629251630266018,0.9997139359878258,0.8144827831269219,59.080854474162955,21.772901223306988,-0.36770520650036226,99.25418300554156,object,0.734375
6127,,,,,,,549,1024,[],0.0,0.0,0.0,0.0,0.9283750920119639,0.46418754600598194,220.10361186362516,120.32977938284131,0.50365791635695,98.66004902869463,object,0.447265625
6129,,,,,,,578,1024,[],0.9501040737436812,0.9049507193837091,0.9987080641800375,0.9060113421550094,0.9999451736932768,0.9529782579241431,7.810249675906654,3.6982288471486084,-0.09281663516068053,99.28172407671809,object,0.765625
6131,,,,,,,549,1024,[],0.0,0.0,0.0,0.0,0.9908730506609003,0.49543652533045013,347.73553024556753,164.55106146789274,-0.9041157569431653,101.95736587047577,object,0.50390625
6133,,,,,,,579,1024,[],0.0,0.0,0.0,0.0,0.9771488728147548,0.4885744364073774,247.0,125.8492341599635,-0.6172728633438108,102.23876219242811,object,0.62890625
6141,,,,,,,550,1024,[],0.8343153273588487,0.7157298598329321,0.8187619448673512,0.8504710632570659,0.9895122591287396,0.9199916611929028,38.19814314501356,13.455506514977712,0.03872812920592194,101.79978096857667,object,0.57421875
6145,,,,,,,579,1024,[],0.0,0.0,0.0,0.0,0.9996897065562118,0.4998448532781059,500.96325975923537,380.65916144903974,-0.9955419625732207,102.71369200199842,object,0.5078125
6149,,,,,,,585,859,[],0.08682333323039866,0.04538176465271232,1.0,0.04538176465271232,1.0,0.5226908823263562,323.39133446861905,172.83951329382816,-0.9546182353472877,101.99060593731701,object,0.69921875
615,,,,,,,579,1024,[],0.6232511424697433,0.45269777349791357,0.945829776856481,0.46474738245382785,0.9922633845189323,0.72850538348638,106.95700036260837,52.341819916176014,-0.5086352810772756,102.37988503649831,object,0.609375
6151,,,,,,,566,796,[],0.923087912516072,0.8571618085119213,0.9481470611776633,0.899319263083308,0.9895371247685085,0.9444281939259083,23.08679276123039,11.312617686080504,-0.05149812734082397,101.6927189193666,object,0.69140625
6153,,,,,,,664,758,[],0.8796780424344441,0.785201108033241,0.9987428403914671,0.7859779416331709,0.9991975819509913,0.8925877617920811,82.41295019891908,28.8831504265867,-0.21303271488274284,102.18537994660437,object,0.765625
6155,,,,,,,574,796,[],0.0,0.0,0.0,0.0,0.9724094551058872,0.4862047275529436,150.10210943618998,79.79746554459224,-0.5440003068896732,102.14758897200227,object,0.76953125
6157,,,,,,,574,832,[],0.07576942213376928,0.039376477541371156,1.0,0.039376477541371156,1.0,0.5196882387706856,343.1830412773121,173.4585534453028,-0.9606235224586288,102.5002480018884,object,0.408203125
6159,,,,,,,580,858,[],0.0,0.0,0.0,0.0,0.966889285019948,0.483444642509974,524.5133452312746,280.7237524534581,-0.9086989678422845,101.38497198931873,object,0.76953125
6161,,,,,,,477,609,[],0.0,0.0,0.0,0.0,0.9703476864473242,0.4851738432236621,202.4012103321769,109.7330620091357,-0.6505743079698983,101.16726695559919,object,0.79296875
6163,,,,,,,478,505,[],0.0,0.0,0.0,0.0,0.9713918864331468,0.4856959432165734,212.27276143344386,124.41821483059951,-0.8221099216554034,100.90946801938117,object,0.7578125
6165,,,,,,,478,503,[],0.0,0.0,0.0,0.0,0.9707255520504732,0.4853627760252366,144.78047071412416,96.02297058861707,1.593144560357675,100.37180595099926,object,0.8203125
6169,,,,,,,478,503,[],0.08154176282440585,0.04250379875063313,1.0,0.04250379875063313,1.0,0.5212518993753166,234.5984793753117,121.175833781661,-0.9574962012493669,100.88889813050628,object,0.54296875
6171,,,,,,,478,505,[],0.0,0.0,0.0,0.0,0.9688562392336648,0.4844281196168324,252.24591026557786,126.90464790745975,-0.6887411186008381,100.73974402621388,object,0.80078125
6173,,,,,,,478,503,[],0.0013526485731739245,0.0006767820106975221,0.002055839246634392,0.0010079006405046005,0.928232471849559,0.4646201862450318,228.11254307655605,82.77016492441199,-0.5097376207042299,101.22966580092907,object,0.609375
6175,,,,,,,478,503,[],0.962932958882408,0.9285156317808599,0.9970362362063824,0.9310855034117811,0.9991310810663111,0.9651082922390462,10.44030650891055,4.626176721507029,-0.06614677621501183,100.37839598953724,object,0.85546875
6177,,,,,,,478,505,[],4.0803835560542694e-05,2.040233402701269e-05,0.0001389854065323141,2.3912003825920613e-05,0.9639524978704214,0.48198820493712363,229.61869750218614,107.32236115517111,-0.8279531324725012,100.22616293281317,object,0.62109375
6179,,,,,,,548,813,[],0.0,0.0,0.0,0.0,0.9785747081882639,0.48928735409413193,226.18881469524555,153.09617294708664,-0.23325902072496077,101.08799207955599,object,0.77734375
6183,,,,,,,477,609,[],0.8221666692545379,0.6980331153765028,0.9176140302232081,0.7447047903012574,0.9906763106902746,0.8676905504957659,52.16416307236982,16.018425739930475,-0.18843351804449945,99.97615800239146,object,0.65234375
6185,,,,,,,478,503,[],0.0,0.0,0.0,0.0,0.9778300476926876,0.4889150238463438,199.99112420222573,125.18921593745615,-0.46581776432522704,100.5499311722815,object,0.52734375
6187,,,,,,,566,832,[],0.0,0.0,0.0,0.0,0.9699629309108074,0.4849814654554037,248.14713102447305,117.54945702933509,-0.6649718680638002,101.04694101028144,object,0.79296875
6189,,,,,,,545,797,[],0.32881930770652673,0.19675868038857364,0.9808688147295742,0.19751667937936296,0.998793811254134,0.5981552453167485,197.28507290403644,81.07809144821007,-0.798630890886445,101.92570206709206,object,0.484375
619,,,,,,,479,616,[],0.002034218460532529,0.001018144794734737,0.010294117647058823,0.0011286226772542222,0.9900390372056022,0.4955838299414282,181.2269294830561,85.68049317482807,-0.8903623684953041,101.62146505899727,object,0.73828125
6191,,,,,,,567,798,[],0.957187294985027,0.917889943593738,0.9992173086599206,0.918550369602645,0.9997497907476193,0.9591500801751321,21.70790878945328,7.446107480356475,-0.0807301258276444,101.37787903659046,object,0.89453125
6193,,,,,,,574,796,[],0.0,0.0,0.0,0.0,0.9789005655191774,0.4894502827595887,227.50340205137093,125.20304419710817,-0.38627683392598444,100.52338987588882,object,0.76953125
6195,,,,,,,502,804,[],0.0,0.0,0.0,0.0,0.9577613701561118,0.4788806850780559,216.88505048554728,116.6523730719599,2.770744799821069,102.29619988240302,object,0.77734375
6197,,,,,,,501,699,[],0.0,0.0,0.0,0.0,0.9781359037360482,0.4890679518680241,167.15800098530053,111.18162261651412,4.416193181818182,101.31751792505383,object,0.796875
6199,,,,,,,456,699,[],0.0,0.0,0.0,0.0,0.9673960430637136,0.4836980215318568,308.6479364448639,208.26568266716816,-0.46344268579878417,100.94995913095772,object,0.71875
6201,,,,,,,415,839,[],0.0,0.0,0.0,0.0,0.9604083882008295,0.48020419410041476,202.0513544081095,124.14893797442035,2.9970717423133237,100.30530416406691,object,0.83984375
6203,,,,,,,501,699,[],0.3078466928399148,0.18192600607599152,1.0,0.18192600607599152,1.0,0.5909630030379958,121.44422525988138,59.09938118823156,-0.8180739939240085,99.80535297654569,object,0.58984375
6205,,,,,,,534,551,[],0.9741622822356563,0.949626110803075,0.9982357064656632,0.951222624176286,0.9986086610847474,0.9749156426305168,133.21560596962698,23.1998921787701,-0.04709617376424143,100.74951499700546,object,0.8125
6207,,,,,,,455,606,[],0.005702108052067734,0.002859205776173285,0.015947164948453607,0.0034717351662224716,0.9752886163404986,0.4893801757533605,197.30990850394525,87.37813492877798,-0.7822976574554636,100.16516200266778,object,0.73046875
6209,,,,,,,533,553,[],0.0016643499890262637,0.0008328680865084523,0.00994752951464801,0.0009081473793461339,0.9534452183299493,0.4771766828546477,379.51258039485805,191.25798494045455,-0.9087062392718853,101.58745292574167,object,0.5078125
621,,,,,,,377,526,[],0.9677989266308877,0.9376069756176328,0.9945192340629603,0.9424768706378834,0.9990447590106092,0.9707608148242464,9.038769596696195,2.9598388593607887,-0.052329167342963806,100.25930404663086,object,0.82421875
6211,,,,,,,529,633,[],0.0,0.0,0.0,0.0,0.9972109379736858,0.4986054689868429,180.99229566936333,121.79037163075765,-0.8158895337202321,101.2558969669044,object,0.33984375
6213,,,,,,,546,790,[],0.04601819162072384,0.02355098262603247,1.0,0.02355098262603247,1.0,0.5117754913130163,235.0,150.9968478033778,-0.9764490173739675,101.47990193217993,object,0.546875
6215,,,,,,,581,844,[],0.7591428798715621,0.6117891154083762,1.0,0.6117891154083762,1.0,0.805894557704188,86.0,33.61732093673538,-0.38821088459162384,101.87995084561408,object,0.703125
6217,,,,,,,639,820,[],0.0,0.0,0.0,0.0,0.9789389000692011,0.4894694500346006,452.47497108918833,220.5635867870084,-0.9251219278951899,100.85900803096592,object,0.640625
6219,,,,,,,725,1100,[],0.8454700854700855,0.732306781166716,0.9998721042968831,0.732375383406615,0.9999335598015366,0.8661544716040759,112.26597862137862,42.73495233448428,-0.26753093694755453,102.74994000792503,object,0.89453125
6221,,,,,,,723,693,[],0.0,0.0,0.0,0.0,0.9812307299137689,0.49061536495688446,175.84083712266613,112.51886029368869,-0.42473627692502053,99.96415697969496,object,0.83203125
6223,,,,,,,554,809,[],0.9784594025900779,0.9578272318015799,0.9908905844964192,0.9663362659963437,0.9983552370626967,0.9823457515295202,7.810249675906654,2.8961476298481355,-0.024780050274223035,102.13290597312152,object,0.87890625
6225,,,,,,,591,807,[],0.9540200239161528,0.9120824927146379,0.9936990182191179,0.9173881673881674,0.9997163345141734,0.9585522509511704,8.48528137423857,3.5604995832010307,-0.07679473304473304,100.39429692551494,object,0.57421875
6227,,,,,,,547,923,[],0.0,0.0,0.0,0.0,0.9710471161695972,0.4855235580847986,357.1225976972682,178.76612780285942,-0.8588978466478204,103.42381615191698,object,0.71875
623,,,,,,,377,526,[],0.01805300446077145,0.009108722131017316,0.36732514682327816,0.009253903990746095,0.9904400790609496,0.49984699152584783,353.1479208349218,139.29334513380914,-0.9748073224205415,101.34274791926146,object,0.68359375
6231,,,,,,,613,649,[],0.04821283208761933,0.024701890083224327,1.0,0.024701890083224327,1.0,0.5123509450416122,323.41219786437483,212.4749476643294,-0.9752981099167757,101.32649797014892,object,0.63671875
6233,,,,,,,488,806,[],0.009895437380824787,0.004972320332656998,0.05899836528458909,0.005400625765202013,0.98020123945494,0.492800932610071,315.47527245787995,153.26306319785598,-0.9084614338185281,101.13119403831661,object,0.546875
6235,,,,,,,554,809,[],0.8522654872349259,0.7425632650722365,1.0,0.7425632650722365,1.0,0.8712816325361182,65.29586459108988,28.87946251280105,-0.2574367349277636,100.26350407861173,object,0.66796875
6239,,,,,,,554,809,[],0.0,0.0,0.0,0.0,0.9873190521974319,0.49365952609871594,209.2639477160026,166.47727509471449,0.863036303630363,102.435443084687,object,0.54296875
6241,,,,,,,615,780,[],0.6499041892077877,0.48137634678418517,0.9904645121734781,0.4836175995588293,0.9983246637279776,0.7409711316434034,162.32515754167753,52.838205953156724,-0.5117264741796983,102.03152382746339,object,0.6640625
6244,,,,,,,613,689,[],4.4162458965715214e-05,2.20817170743197e-05,0.00032030749519538755,2.3716164938021755e-05,0.9683533821625696,0.4841885491637538,454.69409241391753,205.80468405948162,-0.9259581330634961,100.65050283446908,object,0.439453125
6246,,,,,,,570,796,[],0.00020024530049310405,0.00010013267579542894,0.0011580775911986102,0.00010959804915472504,0.9818767302469492,0.490993164148052,400.3829410981433,183.43611942036816,-0.905362084554895,103.02032716572285,object,0.54296875
6248,,,,,,,500,796,[],0.0,0.0,0.0,0.0,0.9580578167148075,0.47902890835740375,465.41943413532334,233.4507914222795,-0.8826016818915075,100.65923305228353,object,0.51953125
6249,,,,,,,500,796,[],0.0,0.0,0.0,0.0,0.974239033375303,0.4871195166876515,456.0,234.2194300858973,-0.9471027334729606,101.78578807972372,object,0.56640625
6253,,,,,,,570,796,[],0.9799535698285342,0.9606950633255075,0.9722478139294315,0.9877824487651077,0.9956290857992384,0.991705767282173,7.0,2.592656901256004,0.015978060956384654,100.94559891149402,object,0.8203125
6256,,,,,,,648,847,[],0.0,0.0,0.0,0.0,0.9732318942275732,0.4866159471137866,171.57328726675362,103.12936576927798,0.9814106068890104,101.79977910593152,object,0.859375
6257,,,,,,,624,806,[],0.0,0.0,0.0,0.0,0.9718474563947617,0.48592372819738083,237.10809744174585,172.65311959572267,0.7824808184143223,102.5409649591893,object,0.6875
6261,,,,,,,536,634,[],0.0,0.0,0.0,0.0,0.9975025021747874,0.4987512510873937,525.6004659667954,324.8334443534649,-0.9957622410919769,101.37216909788549,object,0.236328125
6263,,,,,,,711,1024,[],0.9530342410149588,0.9102821489967902,0.9836321122369447,0.9242825580117916,0.9980499612313721,0.9611662596215819,24.698178070456937,7.188206097396107,-0.06033714585647498,102.07502380944788,object,0.6171875
6267,,,,,,,547,834,[],0.0,0.0,0.0,0.0,0.9748988921121332,0.4874494460560666,220.45633139127025,148.90200009983485,0.3366630990605304,101.4749810565263,object,0.8515625
6269,,,,,,,549,812,[],0.9221966911764706,0.855626145908839,0.9374036530106974,0.9074752408085741,0.9968371983241872,0.9521562195663806,19.0,5.960589625107086,-0.0319269208158097,102.17750701121986,object,0.765625
627,,,,,,,381,355,[],0.8283698246342223,0.707023292888141,0.9960074859638178,0.7090327737809752,0.9994323070509238,0.8542325404159494,41.048751503547585,10.56692339898941,-0.28812505551114664,101.61652485840023,object,0.6875
6271,,,,,,,552,808,[],0.0,0.0,0.0,0.0,0.9783203138993105,0.48916015694965526,202.81136422040046,92.76040760036766,-0.6672653300590111,100.51144007593393,object,0.76171875
6273,,,,,,,582,858,[],0.932520190357111,0.873571735908591,0.992477323339308,0.8793945664990255,0.9977821369950759,0.9385883517470507,56.368417309814525,12.98364648713501,-0.11393988978992708,102.4583640974015,object,0.83984375
6274,,,,,,,667,859,[],0.9601123388506556,0.92328467268232,0.9982207920454932,0.9248065744954375,0.9986911609527597,0.9617488677240986,24.677892006865058,9.972996618698946,-0.07354506952276545,101.74251697026193,object,0.86328125
6278,,,,,,,614,648,[],0.14270614225163042,0.07683552156072687,1.0,0.07683552156072687,1.0,0.5384177607803634,232.05257131603844,132.0668042947657,-0.9231644784392732,100.9173090569675,object,0.8125
6280,,,,,,,544,827,[],0.0,0.0,0.0,0.0,0.9492131595830224,0.4746065797915112,418.9054157949124,202.74390638045548,-0.8340274549611513,101.92614188417792,object,0.7265625
6282,,,,,,,592,920,[],0.9135590505781735,0.8408731749887963,0.9970773318417004,0.8429508778152155,0.9995457064916151,0.9212482921534153,25.974981481471318,12.517675733928769,-0.15457823491162737,101.52864316478372,object,0.8671875
6284,,,,,,,552,813,[],0.7884413187224001,0.6507661006489437,0.9523063680875983,0.6726903027101379,0.9902998717172384,0.8314950872136881,110.1691556320675,28.480284656953017,-0.2936198630478336,101.83287900872529,object,0.70703125
6291,,,,,,,542,807,[],0.9401459600045232,0.8870522963789764,0.9680776740769933,0.9137808589786947,0.9952888799589694,0.954534869468832,26.0,7.464448518870166,-0.05608725059181603,100.70011392235756,object,0.74609375
6293,,,,,,,470,787,[],0.0,0.0,0.0,0.0,0.8887407030281566,0.4443703515140783,272.5921471823494,138.23252453257948,3.7406272105635465,102.23087901249528,object,0.65234375
6295,,,,,,,466,783,[],0.0,0.0,0.0,0.0,0.9721328211517165,0.48606641057585825,251.1852803926516,152.0287308111197,-0.46689837802052303,102.57489583455026,object,0.7265625
6297,,,,,,,548,813,[],0.9689328421425898,0.9397378577706447,0.9882258388587503,0.9503787293244705,0.9976107378172092,0.9739947335708399,12.041594578792296,4.43599750322695,-0.038298036790848665,101.40841989777982,object,0.890625
6299,,,,,,,598,720,[],0.0,0.0,0.0,0.0,0.9760437924659672,0.4880218962329836,172.0578246411925,100.08715530964858,-0.2898220640569395,99.80801306664944,object,0.8203125
63,,,,,,,548,813,[],0.9470635438086162,0.8994498559146443,0.9965608837912958,0.9022504300184748,0.9987779264130421,0.9505141782157585,32.66572393949913,9.338783711809068,-0.09463591769127859,101.19893588125706,object,0.82421875
6306,,,,,,,782,1120,[],0.6583026623324288,0.4906491530175003,0.6354771784232365,0.6828289583681658,0.9918078743718651,0.8373184163700155,101.84174808058826,33.42592957477993,0.07451373794794627,104.68419408425689,object,0.44921875
6308,,,,,,,361,870,[],0.0,0.0,0.0,0.0,0.9924503856539165,0.49622519282695826,627.9697444941118,319.41421543594646,-0.9916250268643886,102.27597993798554,object,0.337890625
631,,,,,,,381,355,[],0.8476973966426127,0.7356551952349437,0.9863132209405502,0.7432425655684268,0.9918204475554141,0.8675315065619205,83.04667260072617,18.373825238577258,-0.24644367550941945,101.34542803280056,object,0.609375
6312,,,,,,,479,505,[],0.0,0.0,0.0,0.0,0.9931486259675844,0.4965743129837922,347.2070864516891,294.04859729418064,-0.3107937841243175,100.86124809458852,object,0.494140625
6314,,,,,,,478,505,[],0.8740258663571547,0.7762397378787321,0.9971860294639268,0.7779438079952774,0.9993642585063814,0.8886540332508295,27.730849247724095,14.365261703705222,-0.21986090357333923,100.97511019557714,object,0.85546875
6316,,,,,,,538,826,[],0.0,0.0,0.0,0.0,0.9785981722843703,0.48929908614218515,289.6224738194892,229.0461127499247,0.3565633149811649,101.15937399677932,object,0.59375
6320,,,,,,,478,616,[],0.0,0.0,0.0,0.0,0.9765162136081423,0.48825810680407117,249.76678820721855,136.3107845801411,-0.6748348711743054,102.87064290605485,object,0.73828125
6322,,,,,,,477,609,[],0.0,0.0,0.0,0.0,0.9753817128118581,0.4876908564059291,306.46552077383797,141.93963931941653,-0.8424484805257662,101.21579491533339,object,0.80078125
6324,,,,,,,477,609,[],0.0,0.0,0.0,0.0,0.9705883452113565,0.48529417260567825,166.05902122135873,85.51966000105956,-0.6565118715083799,101.18584497831762,object,0.625
6329,,,,,,,477,616,[],0.0,0.0,0.0,0.0,0.9524434103443344,0.4762217051721672,292.8586177946758,196.93599902775557,0.9032528270277816,100.55344994179904,object,0.56640625
633,,,,,,,377,526,[],0.0,0.0,0.0,0.0,0.9852430091429183,0.49262150457145915,126.85990848205404,66.42364459934889,-0.7551454932576295,101.2573370244354,object,0.765625
6330,,,,,,,478,431,[],0.0,0.0,0.0,0.0,0.9720269879946379,0.48601349399731897,330.3119736801376,147.68674548356006,-0.9467990703570675,100.47294804826379,object,0.5859375
6331,,,,,,,458,852,[],0.8336159171170834,0.7147010400353371,1.0,0.7147010400353371,1.0,0.8573505200176685,96.07076812334263,25.751128263051918,-0.28529895996466287,100.2775439992547,object,0.8359375
6332,,,,,,,499,630,[],0.9095544116200531,0.8341126061790574,0.9972678086747074,0.8360230851528714,0.9983263966880271,0.9171747409204493,147.36349615830918,36.62762583759316,-0.16168648192516916,100.87269800715148,object,0.71484375
6334,,,,,,,500,720,[],0.0,0.0,0.0,0.0,0.9755241703182557,0.48776208515912783,277.6155521468373,195.81950210172866,-0.484369253401986,100.89403809979558,object,0.6953125
6335,,,,,,,474,640,[],0.7276394849785408,0.571881535451663,0.5808750471100147,0.9736403836214322,0.9572193448436249,0.9654298642325285,82.73602574842931,31.635827259802443,0.6761614885430426,100.79931607469916,object,0.53515625
6338,,,,,,,477,633,[],0.0,0.0,0.0,0.0,0.976794560144749,0.4883972800723745,227.26812356673585,110.87912285369015,-0.7898207980814069,100.85054789669812,object,0.81640625
6339,,,,,,,509,683,[],0.0,0.0,0.0,0.0,0.9545093931486727,0.47725469657433633,196.60366222428308,112.6921194144924,-0.41201682355297414,101.45788011141121,object,0.408203125
6347,,,,,,,616,686,[],0.8985328331988035,0.815759979308561,0.9851212448179908,0.8259361832133759,0.9946991998219579,0.910317691517667,40.173354411217424,16.606086360645286,-0.16158930937889332,101.04857198894024,object,0.7265625
6350,,,,,,,458,852,[],0.9126497261608125,0.8393336978142776,0.8427156571909089,0.9952413793103448,0.9576130884185877,0.9764272338644663,32.49613175241907,12.199923505849316,0.18099310344827585,99.47445592842996,object,0.70703125
6357,,,,,,,456,837,[],0.0,0.0,0.0,0.0,0.9682430118291752,0.4841215059145876,172.09822729059863,101.61902731928176,4.73453853472883,100.53182998672128,object,0.625
6359,,,,,,,499,837,[],0.0,0.0,0.0,0.0,0.9677672936601618,0.4838836468300809,214.0,157.17315276639434,0.10249494268374916,101.41881997697055,object,0.79296875
6364,,,,,,,600,760,[],0.0,0.0,0.0,0.0,0.9597128953276914,0.4798564476638457,468.07737333097884,243.4154914574231,-0.7452951377737812,102.07731393165886,object,0.75390625
6365,,,,,,,600,760,[],0.9068793664519946,0.8296242323305922,0.9320127227653304,0.8830659457542989,0.9929248038318503,0.9379953747930746,25.647593041635055,10.225171783560656,-0.052517284169473495,101.88763099722564,object,0.7421875
6366,,,,,,,600,650,[],0.0,0.0,0.0,0.0,0.9612922855944585,0.4806461427972292,177.43068776355787,91.6572927831421,-0.43939814998610505,99.8506247997284,object,0.8515625
6368,,,,,,,600,650,[],0.0,0.0,0.0,0.0,0.9451264573796807,0.47256322868984035,193.3856233840796,121.12912119974774,-0.015349492398115316,101.7986279912293,object,0.8125
6371,,,,,,,600,760,[],0.0,0.0,0.0,0.0,0.9795659119779843,0.48978295598899213,282.67419390443456,183.44903047122912,-0.43627358786282994,102.5943870190531,object,0.51953125
6372,,,,,,,600,760,[],0.9611940790286576,0.9252874474664975,0.9464361029101644,0.9764195939952806,0.9916668138812408,0.9840432039382607,13.0,4.314027088434547,0.03168041771961241,100.93472898006439,object,0.73828125
6376,,,,,,,484,614,[],0.0,0.0,0.0,0.0,0.9754845343158256,0.4877422671579128,151.0344328757054,105.2927395052115,0.3243843732642103,102.30717994272709,object,0.7890625
6380,,,,,,,600,976,[],0.08424559455273387,0.043975153763545834,1.0,0.043975153763545834,1.0,0.5219875768817729,265.3313956444954,175.83634310456566,-0.9560248462364541,101.7914388794452,object,0.5703125
6382,,,,,,,660,1008,[],0.0,0.0,0.0,0.0,0.975363016886912,0.487681508443456,290.01853384343013,153.52656011581755,-0.6727284438337341,102.60056611150503,object,0.71484375
6384,,,,,,,660,896,[],0.0,0.0,0.0,0.0,0.9636808493922491,0.48184042469612454,502.9327986888461,257.8835231619948,-0.8890755150310219,101.77647788077593,object,0.75
6389,,,,,,,660,1031,[],0.0,0.0,0.0,0.0,0.9823128328129007,0.49115641640645036,182.47191515351824,116.93385389435149,-0.3319088319088319,103.09910820797086,object,0.74609375
639,,,,,,,515,601,[],0.0,0.0,0.0,0.0,0.9753783189385222,0.4876891594692611,266.9461523261869,116.15903930315676,-0.8061297628945784,101.85043909586966,object,0.80859375
6395,,,,,,,660,896,[],0.0,0.0,0.0,0.0,0.9741426375237663,0.48707131876188314,205.47249567996212,133.39796423859195,0.03697782720511573,102.17708791606128,object,0.7109375
6397,,,,,,,600,760,[],0.007055645596974608,0.003540312393262021,0.9969465648854962,0.0035403507820759576,0.9999926350094824,0.5017664928957792,238.77245920789258,94.3804222849866,-0.9964488058770907,102.29116911068559,object,0.37109375
6399,,,,,,,660,896,[],0.007443216697360344,0.003735510455578234,0.008663034741448602,0.006524517387502523,0.9807456465212934,0.4936350819543979,128.8619415433525,68.78486598925188,-0.24685545167148717,101.2268050108105,object,0.73828125
6401,,,,,,,660,1031,[],0.0,0.0,0.0,0.0,0.9725088196084003,0.48625440980420015,320.0390601161052,227.46238448500728,-0.035937665641895475,102.45795315131545,object,0.8125
6403,,,,,,,600,650,[],0.0,0.0,0.0,0.0,0.9457907952555589,0.47289539762777943,254.08018627492112,168.42787455829964,-0.2652261531571876,101.77470790222287,object,0.6484375
6405,,,,,,,660,1031,[],0.0,0.0,0.0,0.0,0.9837309982908814,0.4918654991454407,213.69838488947923,120.89003010329957,-0.3402137404580153,103.14113879576325,object,0.65234375
6407,,,,,,,660,1031,[],0.0,0.0,0.0,0.0,0.9718557335257122,0.4859278667628561,444.0,337.43667503172435,6.250855188141391,103.21321105584502,object,0.62890625
6409,,,,,,,660,1031,[],0.0,0.0,0.0,0.0,0.9844969814277156,0.4922484907138578,281.710844661685,147.21127737442325,-0.6577822990844354,103.0191071331501,object,0.671875
6413,,,,,,,600,650,[],0.0,0.0,0.0,0.0,0.9608080722938113,0.48040403614690563,483.29519465615124,216.04953928890527,-0.8939994110550663,102.52415505237877,object,0.5859375
6415,,,,,,,660,1031,[],0.22826683667144806,0.12883815768431153,1.0,0.12883815768431153,1.0,0.5644190788421558,165.42369842317032,79.04279965858952,-0.8711618423156885,103.52758783847094,object,0.69140625
6417,,,,,,,600,760,[],0.0,0.0,0.0,0.0,0.9429957359896803,0.47149786799484017,219.51587152192053,129.559240692447,1.6872888513513513,102.03414410352707,object,0.703125
6419,,,,,,,660,1031,[],0.0,0.0,0.0,0.0,0.9783287093418678,0.4891643546709339,154.983870128475,94.21225262673346,-0.10976439304928576,102.70946915261447,object,0.56640625
6421,,,,,,,660,1031,[],0.0,0.0,0.0,0.0,0.9723245300273613,0.48616226501368065,262.6860226622409,191.32829907324918,6.520240480961924,103.28550194390118,object,0.55078125
6423,,,,,,,600,760,[],0.0,0.0,0.0,0.0,0.9218345795386087,0.46091728976930435,293.65819716258466,194.62077823107919,6.849644128113879,102.94219409115613,object,0.59765625
6425,,,,,,,660,896,[],0.0,0.0,0.0,0.0,0.9673426417643382,0.4836713208821691,289.1712295509358,163.26287578772016,-0.47662098353103766,102.46912389993668,object,0.77734375
6427,,,,,,,660,896,[],0.0916553411253058,0.04802871467639015,1.0,0.04802871467639015,1.0,0.5240143573381951,332.7758955428616,184.44236043777866,-0.9519712853236099,103.31282299011946,object,0.796875
6429,,,,,,,600,760,[],0.0,0.0,0.0,0.0,0.9958606566305745,0.4979303283152873,486.2179035319228,298.7861117738793,-0.9828813406613208,101.98232182301581,object,0.6328125
643,,,,,,,512,676,[],0.0,0.0,0.0,0.0,0.979295314202688,0.489647657101344,235.6704119054869,185.96766495045097,-0.06432670492459629,102.67016920261085,object,0.71484375
6431,,,,,,,660,1008,[],0.0,0.0,0.0,0.0,0.9840485950732909,0.49202429753664545,343.3870625183991,204.44046062697004,-0.823622161407833,103.11461798846722,object,0.53515625
6433,,,,,,,600,760,[],0.0,0.0,0.0,0.0,0.9630840759395584,0.4815420379697792,358.26609564205705,273.229114099684,2.8552601156069364,102.007842855528,object,0.82421875
6437,,,,,,,660,598,[],0.02799712269755187,0.01419730316816263,1.0,0.01419730316816263,1.0,0.5070986515840813,251.9966249286776,166.59768658663603,-0.9858026968318374,102.40456205792725,object,0.56640625
6439,,,,,,,547,809,[],0.9614006347906214,0.9256703470031545,0.9400026695141485,0.9837954878815395,0.9979005431964989,0.9908480155390191,6.708203932499369,2.5131711686093627,0.046587972340574144,101.82119905948639,object,0.6328125
6441,,,,,,,582,746,[],0.31719703188629744,0.188493268609962,1.0,0.188493268609962,1.0,0.594246634304981,199.89246920015808,105.70381106075911,-0.811506731390038,101.42807010561228,object,0.359375
6443,,,,,,,587,746,[],0.05957915647666664,0.0307042447392419,1.0,0.0307042447392419,1.0,0.5153521223696209,326.6035709474671,165.60120590653685,-0.9692957552607581,102.31374087743461,object,0.61328125
6447,,,,,,,587,750,[],0.0,0.0,0.0,0.0,0.9815126679390741,0.49075633396953705,182.93113154406734,103.12489023186825,-0.3783231083844581,100.9044679813087,object,0.6875
6449,,,,,,,580,746,[],0.0,0.0,0.0,0.0,0.9761963255200053,0.4880981627600027,229.38613733179255,121.17714286533746,-0.43499885662016924,101.53685184195638,object,0.76171875
645,,,,,,,515,601,[],0.0002069001189675684,0.00010346076250581966,0.0008832621816575887,0.00011717376869898059,0.973725267025152,0.48692122039692554,336.0,147.00008472813715,-0.8673397648713042,101.51469195261598,object,0.859375
6454,,,,,,,608,588,[],0.0,0.0,0.0,0.0,0.9404887579831442,0.4702443789915721,148.2490936912156,93.94372170223251,0.39831437577086476,102.29673981666565,object,0.4375
6456,,,,,,,719,863,[],0.0522223665344936,0.026811256910050364,1.0,0.026811256910050364,1.0,0.5134056284550251,450.5563224334023,273.5571834047632,-0.9731887430899496,102.26586903445423,object,0.5703125
6462,,,,,,,679,1024,[],0.9536666285322045,0.9114366936365624,0.9425599276345545,0.9650382032877981,0.9988832530457734,0.9819607281667857,7.0,2.8125206133627825,0.02384811298911785,102.36747190356255,object,0.78515625
6464,,,,,,,679,1024,[],0.0,0.0,0.0,0.0,0.9997059203722855,0.4998529601861427,603.4301113351432,413.1970296879476,-0.9976182998324958,102.97656594775617,object,0.478515625
6466,,,,,,,527,768,[],0.0,0.0,0.0,0.0,0.9872666523950563,0.49363332619752814,201.52667317256046,96.87768733078344,-0.8683937823834197,101.9245209172368,object,0.6953125
6468,,,,,,,552,715,[],0.9507070401538312,0.906045381542643,0.9695066869367881,0.9326226103174939,0.9960172432647094,0.9643199267911017,13.038404810405298,5.606298731173186,-0.038044169386630494,102.01323381625116,object,0.7890625
6469,,,,,,,548,712,[],0.0,0.0,0.0,0.0,0.9988934432616928,0.4994467216308464,386.2965093552945,330.96773216483723,-0.9180454020777222,101.5844140201807,object,0.7109375
6471,,,,,,,494,768,[],0.0,0.0,0.0,0.0,0.9878991614660404,0.4939495807330202,128.1278412255358,79.8127697738899,-0.290251572327044,101.38517990708351,object,0.76953125
6474,,,,,,,629,875,[],0.5383121688129162,0.36828121390032753,1.0,0.36828121390032753,1.0,0.6841406069501638,167.27984631543143,78.29902496612232,-0.6317187860996725,102.17574704438448,object,0.42578125
6476,,,,,,,420,743,[],0.0,0.0,0.0,0.0,0.9646379233733245,0.4823189616866623,173.54451403243442,118.99334468060535,0.016199733180865258,100.92090885154903,object,0.6953125
6478,,,,,,,384,617,[],0.0,0.0,0.0,0.0,0.9477042700143348,0.4738521350071674,141.01701956462423,95.26203483811157,0.7920512057159869,101.84045997448266,object,0.71484375
6480,,,,,,,206,313,[],0.0,0.0,0.0,0.0,0.978344189883643,0.4891720949418215,119.27948552598129,57.99321251889643,-0.7998411437648928,100.25850310921669,object,0.72265625
6482,,,,,,,623,885,[],0.0,0.0,0.0,0.0,0.9517047260950475,0.47585236304752376,324.50615877053275,152.87362947429656,-0.7135601956027103,100.56322999298573,object,0.486328125
6485,,,,,,,610,590,[],0.45794115306425126,0.2969673653986901,1.0,0.2969673653986901,1.0,0.6484836826993451,139.26808676703521,67.89875374992859,-0.7030326346013099,99.45015492849052,object,0.703125
6487,,,,,,,574,1024,[],0.0,0.0,0.0,0.0,0.9953165533462914,0.4976582766731457,479.6114935220756,333.6792621860171,-0.9579399578890172,102.22052806057036,object,0.66015625
649,,,,,,,512,676,[],0.0008548574219942603,0.0004276114844227245,0.0007975390224450267,0.0009210526315789473,0.9740924989365222,0.48750677578405055,109.5317254471945,59.21841465083704,0.15486842105263157,98.27319905161858,object,0.734375
6491,,,,,,,600,664,[],0.1566964157603237,0.08500846908782943,1.0,0.08500846908782943,1.0,0.5425042345439147,230.69499722568534,152.53626549455902,-0.9149915309121706,100.819556042552,object,0.65234375
6493,,,,,,,660,1031,[],0.0,0.0,0.0,0.0,0.980358532076324,0.490179266038162,397.28075714788906,187.64473370550186,-0.8581183153060608,100.62706214375794,object,0.70703125
6495,,,,,,,682,1094,[],0.9501615665145339,0.9050550410504549,0.9950552996083257,0.9091438835111196,0.9989021058243369,0.9540229946677283,29.590445336004688,11.08342365854246,-0.08633833328762991,100.50683002918959,object,0.65625
6497,,,,,,,600,760,[],0.0,0.0,0.0,0.0,0.9677221892944937,0.48386109464724686,313.15211678306986,173.52985946641803,-0.7002075624943597,98.87767303735018,object,0.76171875
6499,,,,,,,660,896,[],0.0,0.0,0.0,0.0,0.9827964787171894,0.4913982393585947,438.24342423979704,273.42033495631756,-0.7926681233309055,99.04679702594876,object,0.5546875
6501,,,,,,,660,896,[],0.0,0.0,0.0,0.0,0.9751434034416826,0.4875717017208413,319.899117363062,188.1095953357046,-0.6383001104507442,98.01325295120478,object,0.6640625
6505,,,,,,,660,1031,[],0.0,0.0,0.0,0.0,0.9824395371738787,0.49121976858693933,245.15484850913157,179.1800521131484,2.784282532612154,99.49617693200707,object,0.6875
6507,,,,,,,660,716,[],0.058161404717807355,0.029951719395790048,1.0,0.029951719395790048,1.0,0.514975859697895,253.40895739459626,164.1397915478364,-0.97004828060421,99.03779602609575,object,0.59375
6509,,,,,,,702,1058,[],0.030920327874974327,0.015702933869407725,0.07679465776293823,0.019357101110461718,0.9857788013561143,0.502567951233288,249.5539421937881,109.22319655570266,-0.747936879018118,102.96582500450313,object,0.74609375
651,,,,,,,663,642,[],0.0,0.0,0.0,0.0,0.8986783059986934,0.4493391529993467,413.0236063695606,174.83758098866477,-0.6684265997490589,99.2732320446521,object,0.49609375
6512,,,,,,,600,760,[],0.014706369447848696,0.007407654576395609,0.014041745730550285,0.015437034976705375,0.964702605639703,0.4900698203082042,141.02038834333172,76.29362430404487,0.09936722063834226,98.55097508989275,object,0.62109375
6513,,,,,,,600,650,[],0.6270952330654793,0.45676528202730615,1.0,0.45676528202730615,1.0,0.7283826410136531,157.175061635108,66.62186592939048,-0.5432347179726938,98.98353484459221,object,0.6875
6515,,,,,,,702,996,[],0.020605543710021323,0.010410023956843211,0.05102213211691164,0.01290956889734328,0.9827806347284279,0.4978451018128856,240.46829312822095,106.9456451544029,-0.7469809989954475,102.95913484878838,object,0.65234375
6517,,,,,,,660,1031,[],0.0,0.0,0.0,0.0,0.9727546277540017,0.48637731387700084,443.3829044869698,219.28045605589938,-0.8923467605797777,98.91858394257724,object,0.71484375
6519,,,,,,,660,1031,[],0.0,0.0,0.0,0.0,0.9788306754587914,0.4894153377293957,156.71698625147926,86.15484226172805,-0.06186734150239744,99.79735407978296,object,0.76953125
6521,,,,,,,660,721,[],0.0,0.0,0.0,0.0,0.9733431500990699,0.48667157504953495,570.4524494810778,257.9608486262809,-0.9628439051629163,101.79954906925559,object,0.73046875
6523,,,,,,,660,896,[],0.0,0.0,0.0,0.0,0.9944512618959762,0.4972256309479881,176.02809711867897,110.35574900013381,-0.6286042504307869,100.70905392058194,object,0.66796875
6525,,,,,,,660,1031,[],0.0,0.0,0.0,0.0,0.9799234444261281,0.48996172221306405,218.06530225187134,122.38161703469977,-0.31006704433241516,100.18264199607074,object,0.66796875
6527,,,,,,,660,1031,[],0.00015282341254680218,7.641754546843955e-05,0.0009973641091401296,8.275160922325794e-05,0.9725727049223614,0.4863277282657923,555.5933715886252,250.9974407939574,-0.9170296900952235,101.04220104403794,object,0.796875
653,,,,,,,512,676,[],0.0,0.0,0.0,0.0,0.9500088277413407,0.47500441387067033,560.4812207982925,308.9388696861554,-0.9604265341512022,102.39688190631568,object,0.546875
6533,,,,,,,660,896,[],0.0,0.0,0.0,0.0,0.981872737319954,0.490936368659977,309.3144014476601,239.89198842754388,0.0060189165950128975,103.9185558911413,object,0.65234375
6535,,,,,,,660,1031,[],0.0,0.0,0.0,0.0,0.9764872844383806,0.4882436422191903,434.0,352.2707439782518,1.9278730861464675,102.09736600518227,object,0.8515625
6537,,,,,,,600,760,[],0.0,0.0,0.0,0.0,0.96905998048868,0.48452999024434,380.23426855019994,314.6181196161816,0.365264720435428,102.50981501303613,object,0.6015625
6539,,,,,,,660,1072,[],0.0,0.0,0.0,0.0,0.9853650977342487,0.49268254886712437,169.2650748983725,103.85848368966349,1.490684732639729,103.3902051858604,object,0.73828125
6541,,,,,,,600,760,[],0.0,0.0,0.0,0.0,0.964327387897983,0.4821636939489915,179.0,98.65184051277998,1.6419753086419753,102.04849392175674,object,0.82421875
6545,,,,,,,660,944,[],0.6619154749356282,0.49467388833585463,1.0,0.49467388833585463,1.0,0.7473369441679273,124.51404658453174,59.84334976796398,-0.5053261116641453,103.52967819198966,object,0.6328125
6547,,,,,,,660,896,[],1.3766140800088104e-05,6.883117777028283e-06,0.00012402331638348009,7.287514301746817e-06,0.9822477259165145,0.49112750671540817,498.7387638410575,243.9749993552774,-0.9412407721850155,102.27610915899277,object,0.78515625
655,,,,,,,642,920,[],0.0,0.0,0.0,0.0,0.9752071364448571,0.48760356822242856,262.2126959783014,191.5240648108602,0.7936172854836707,101.80429904721677,object,0.6875
6551,,,,,,,660,1031,[],0.0,0.0,0.0,0.0,0.9816105507502285,0.49080527537511426,234.08886582618896,163.24526836063376,1.2993146879051676,102.96143498271704,object,0.79296875
6553,,,,,,,600,760,[],0.0,0.0,0.0,0.0,0.9414345021119018,0.4707172510559509,447.12554384610917,242.6921918524492,-0.9097630828207186,102.49418509192765,object,0.4609375
6556,,,,,,,600,650,[],0.1936406059501955,0.10719937936384795,0.9992768296210587,0.10720769648537512,0.9999846416120164,0.5535961690486958,218.49713956937742,96.42760291381344,-0.8927147179765692,100.69201420992613,object,0.71484375
6558,,,,,,,660,896,[],0.0,0.0,0.0,0.0,0.9780746568725577,0.48903732843627884,149.32665531356204,87.92687554468489,-0.2531277794248444,103.99009007960558,object,0.78125
6560,,,,,,,600,1058,[],0.4342623668466365,0.2773532152842498,1.0,0.2773532152842498,1.0,0.6386766076421249,131.0,56.9916029402507,-0.7226467847157503,102.69222408533096,object,0.66015625
6562,,,,,,,660,1072,[],0.0,0.0,0.0,0.0,0.9733242888663606,0.4866621444331803,241.78006212045815,127.5677973807591,-0.5132480957562569,102.61811292730272,object,0.69140625
6564,,,,,,,660,716,[],0.0,0.0,0.0,0.0,0.9714166991129884,0.4857083495564942,531.1978435422034,260.4786920717639,-0.9476657461045846,101.15943988785148,object,0.703125
6566,,,,,,,600,760,[],0.0,0.0,0.0,0.0,0.9502849081962479,0.47514245409812395,215.22197614551774,110.77022132671495,2.822203245089667,101.50813800282776,object,0.8359375
6568,,,,,,,600,760,[],0.0,0.0,0.0,0.0,0.9533019014676061,0.47665095073380304,525.1194966105907,273.9731749877927,-0.8388085638136892,102.52920002676547,object,0.80859375
657,,,,,,,642,920,[],0.0,0.0,0.0,0.0,0.9800092790489557,0.49000463952447787,341.930109439581,171.03737618718947,-0.8636044555701249,102.80321701429784,object,0.7578125
6570,,,,,,,705,1012,[],0.9394522220614547,0.8858179156129375,0.9950659001368092,0.889725935828877,0.9988294966835739,0.9442777162562255,39.194361989434015,12.167894629489833,-0.10586229946524064,101.74223291687667,object,0.82421875
6572,,,,,,,480,507,[],0.0,0.0,0.0,0.0,0.9776268701763463,0.48881343508817315,186.95427172450917,113.64526522622751,-0.5460192475940507,101.26540111377835,object,0.71484375
6574,,,,,,,660,896,[],0.8900086132644273,0.8018157833475595,1.0,0.8018157833475595,1.0,0.9009078916737798,32.55764119219941,20.30414634531909,-0.19818421665244043,101.58374905586243,object,0.87890625
6576,,,,,,,660,1008,[],0.0,0.0,0.0,0.0,0.976100695058442,0.488050347529221,400.513911069121,234.91514922407822,-0.6006176290498629,103.0668318271637,object,0.72265625
6580,,,,,,,600,456,[],0.8239949672260892,0.7006729939603106,0.9522067445241781,0.7262126198311633,0.9958517203758285,0.8610321701034959,47.98905417979305,12.821129942297784,-0.23733724424095007,101.50853684172034,object,0.81640625
6581,,,,,,,660,1031,[],0.0,0.0,0.0,0.0,0.9825058559517764,0.4912529279758882,238.49989500899358,169.32338806674983,0.31689272503082616,103.22644701227546,object,0.78515625
6583,,,,,,,702,1058,[],0.0,0.0,0.0,0.0,0.9575757180497222,0.4787878590248611,505.38094473605463,208.70821347921375,-0.7988994342597459,104.45151408202946,object,0.4609375
6587,,,,,,,600,760,[],0.0,0.0,0.0,0.0,0.9969668390834209,0.49848341954171044,301.4769474730923,194.43995086707895,-0.8589730236433705,100.50705494359136,object,0.423828125
6588,,,,,,,660,1008,[],0.0,0.0,0.0,0.0,0.8932530230853792,0.4466265115426896,504.0444902449429,204.72754532511638,-0.6041949728260869,102.55488101392984,object,0.80859375
659,,,,,,,733,920,[],0.0,0.0,0.0,0.0,0.9690034553918511,0.48450172769592553,243.8757853757683,151.927286556466,1.7280887011615629,102.16561192646623,object,0.8984375
6592,,,,,,,660,1072,[],0.0,0.0,0.0,0.0,0.982394466547349,0.4911972332736745,331.84333653096,219.19004196647964,1.1479485396383866,104.47182389907539,object,0.640625
6594,,,,,,,660,1031,[],0.0,0.0,0.0,0.0,0.9757150797383385,0.48785753986916924,209.2322865551942,130.04880317309554,6.5594309316200095,103.0591030139476,object,0.68359375
6596,,,,,,,660,598,[],0.9086447765919554,0.8325838893724011,0.9769374787246113,0.8492762200685556,0.9977042264259635,0.9234902232472595,34.35829148937142,10.71157252160926,-0.1306749525289142,100.88181286118925,object,0.6875
6598,,,,,,,660,1031,[],0.0,0.0,0.0,0.0,0.97500792020521,0.487503960102605,384.1465179445455,188.31091647169777,-0.8428240889517321,102.53897099755704,object,0.765625
6600,,,,,,,660,716,[],9.547602756074662e-05,4.774029280712922e-05,0.00042075736325385696,5.384739647838027e-05,0.9829025997548261,0.49147822357565224,283.82439435940614,137.29471497943453,-0.8720226877030496,101.67496092617512,object,0.55859375
6605,,,,,,,660,1031,[],0.0,0.0,0.0,0.0,0.9916674555932925,0.49583372779664625,430.8910522236343,377.45109934724275,0.26983769161406673,102.08582109771669,object,0.5546875
6607,,,,,,,660,1008,[],0.0,0.0,0.0,0.0,0.9785402092165536,0.4892701046082768,542.8111308481093,247.3799813199459,-0.913267200679009,103.49558177404106,object,0.54296875
6609,,,,,,,600,845,[],0.25158256171583865,0.14389158801958266,0.9858017343989117,0.1441904134204652,0.9990351589243467,0.571612786172406,296.97811367169805,117.32126998507668,-0.8537328466880973,101.41955502331257,object,0.67578125
661,,,,,,,642,920,[],0.0,0.0,0.0,0.0,0.9361481433141966,0.4680740716570983,306.3494736408078,168.55549474954,3.4586880920973737,102.98899095505476,object,0.5625
6611,,,,,,,484,615,[],0.0,0.0,0.0,0.0,0.9827787341195886,0.4913893670597943,233.06993576110995,135.37640280422949,-0.706474296799224,101.73929296433926,object,0.65625
6613,,,,,,,660,1031,[],0.0,0.0,0.0,0.0,0.9751069059304861,0.48755345296524305,291.33657169745413,170.24614247435096,-0.48758128469468676,101.75034287385643,object,0.83203125
6615,,,,,,,660,598,[],0.0,0.0,0.0,0.0,0.9807213185196815,0.49036065925984074,512.0078118108042,231.15778590595508,-0.9694335444903734,101.95183707401156,object,0.46484375
6617,,,,,,,660,1008,[],0.0,0.0,0.0,0.0,1.0,0.5,1203.4658283474441,1203.4658283474441,-1.0,101.95579822175205,object,0.0
6620,,,,,,,600,650,[],0.024245237542625555,0.012271380033253813,0.04138982017677537,0.01714386709084482,0.9551190945050428,0.4861314807979438,228.0350850198276,98.35099295348236,-0.5857950815533,101.24657209962606,object,0.73046875
6622,,,,,,,660,896,[],0.0,0.0,0.0,0.0,0.9819287221795856,0.4909643610897928,493.6086500296617,258.90717410679997,-0.9567947247706422,102.23332396708429,object,0.7109375
6626,,,,,,,600,760,[],0.0,0.0,0.0,0.0,0.9636576372930016,0.4818288186465008,219.0004566186244,137.07003277681702,3.23152201905743,102.73704491555691,object,0.82421875
6628,,,,,,,600,760,[],0.0,0.0,0.0,0.0,0.9658018240960478,0.4829009120480239,305.23234870062134,159.00065765581465,-0.6647159171681751,102.35845693387091,object,0.77734375
663,,,,,,,733,920,[],0.018826442400051227,0.009502671953111533,0.037315958707057034,0.01258884987582427,0.9822047803243713,0.4973968151000978,162.56832546042946,58.518796047400365,-0.6626416602437841,102.13536187075078,object,0.70703125
6630,,,,,,,676,994,[],0.0,0.0,0.0,0.0,0.9764421113620261,0.48822105568101304,503.7738987456969,247.3284319352211,-0.8635499848377641,103.87335112318397,object,0.63671875
6635,,,,,,,660,716,[],0.0,0.0,0.0,0.0,0.9994908852028248,0.4997454426014124,490.2255091113381,285.7017233331471,-0.9990779846529059,102.7771458029747,object,0.404296875
6637,,,,,,,660,1031,[],0.0,0.0,0.0,0.0,0.9716671278528375,0.48583356392641874,203.49385738353482,126.14553927251518,0.21485684807841116,101.95639706216753,object,0.75390625
6639,,,,,,,660,896,[],0.0015136070181941742,0.0007573766944371454,0.005678525901031406,0.0008731756865121087,0.9641847864653557,0.4825289810759339,402.67580011073363,198.56564502387855,-0.8462319796140207,102.81077609397471,object,0.65625
6641,,,,,,,660,896,[],0.05821742280977713,0.02998143226417155,0.09315083988462192,0.042339331619537277,0.9709770843137965,0.5066582079666668,176.80427010263932,77.89279173087878,-0.5454755784061697,100.94603383913636,object,0.59765625
6643,,,,,,,600,650,[],0.031453660252112846,0.0159781152300134,1.0,0.0159781152300134,1.0,0.5079890576150067,349.54255777978096,173.25523878552193,-0.9840218847699866,102.81393700279295,object,0.6015625
6645,,,,,,,660,1031,[],0.0,0.0,0.0,0.0,0.9646933076457421,0.48234665382287106,491.04168694592573,288.88573013379494,-0.7115267988302044,103.3579302020371,object,0.6953125
6653,,,,,,,600,650,[],0.10709195269463384,0.056575359192478324,1.0,0.056575359192478324,1.0,0.5282876795962391,418.8616751084651,175.3046881888952,-0.9434246408075216,100.42174300178885,object,0.6796875
6655,,,,,,,600,976,[],0.5785456451606029,0.407009654014511,0.9978389980007056,0.4073687306074191,0.9996491454184836,0.7035089380129513,169.37057427711483,77.85207121643963,-0.5917490382480209,104.03899499215186,object,0.56640625
6657,,,,,,,660,1031,[],0.0,0.0,0.0,0.0,0.969483678884884,0.484741839442442,414.4869851918183,187.93981231102333,-0.7926622528693501,102.69163409247994,object,0.796875
6659,,,,,,,484,613,[],0.9691889442682374,0.9402197802197803,0.9776689520078354,0.9608547776423025,0.9987833900728899,0.9798190838575962,5.0,1.9260516690750897,-0.017198228839119555,101.19012091308832,object,0.7890625
666,,,,,,,642,920,[],0.0,0.0,0.0,0.0,0.9787679872319612,0.4893839936159806,147.07821048680188,84.2089006468542,0.5591682419659736,101.94707801565528,object,0.8515625
6669,,,,,,,660,1031,[],0.0,0.0,0.0,0.0,0.9453286495328006,0.4726643247664003,409.1092760562725,266.3601354304931,-0.4274514432155382,103.15100383013487,object,0.640625
6671,,,,,,,660,896,[],0.6319128171763175,0.46189513732017595,0.47242658235544477,0.9539594843462247,0.9851221247738827,0.9695408045600538,81.0,22.619722851399327,1.0192756292203806,102.46927896514535,object,0.609375
668,,,,,,,744,940,[],0.004011568243306279,0.0020098153774246318,0.004626889761661376,0.0035406974350529045,0.9725939938169467,0.4880673456259998,191.1321528718905,97.71341026038438,-0.2347564741240891,101.06712812557817,object,0.8046875
6684,,,,,,,480,616,[],0.0,0.0,0.0,0.0,0.9822592632306777,0.49112963161533885,248.52253080157504,133.95577806220578,-0.8098220302033374,100.54182610474527,object,0.66796875
6697,,,,,,,358,569,[],0.25761892428559097,0.14785452383311862,1.0,0.14785452383311862,1.0,0.5739272619165593,155.52907638407328,77.92246408421418,-0.8521454761668814,100.85328202694654,object,0.45703125
67,,,,,,,500,762,[],0.0,0.0,0.0,0.0,0.9675829169172354,0.4837914584586177,139.91602105383288,81.05807504591763,0.18119288591922963,100.88066314347088,object,0.78125
670,,,,,,,642,920,[],0.0,0.0,0.0,0.0,0.974163798657117,0.4870818993285585,278.99939213610935,209.84651812468695,0.4853436324024559,100.78057111240923,object,0.8828125
6705,,,,,,,478,616,[],0.0,0.0,0.0,0.0,0.9779975902333575,0.48899879511667876,327.9176725948146,152.04480172574253,-0.9277001455604076,101.40082612633705,object,0.3203125
6710,,,,,,,477,610,[],0.0,0.0,0.0,0.0,0.97924369871691,0.489621849358455,203.0438374376713,106.28012589378719,-0.7100524745344171,101.34932305663824,object,0.64453125
6713,,,,,,,478,504,[],0.0,0.0,0.0,0.0,0.9652085034970029,0.48260425174850147,178.8402908751363,95.68396755841677,-0.5377453596631678,101.31361288949847,object,0.72265625
6718,,,,,,,557,808,[],0.0,0.0,0.0,0.0,0.9660134308145515,0.48300671540727574,187.64726516921178,122.81023585839313,-0.2804217164252636,100.82476190291345,object,0.8671875
672,,,,,,,679,1024,[],0.8076634637918912,0.6773787762643237,1.0,0.6773787762643237,1.0,0.8386893881321619,61.071269561132645,28.09783869422495,-0.32262122373567625,100.47394502907991,object,0.66796875
6720,,,,,,,567,808,[],0.948808274621496,0.902602495543672,0.9454423242092684,0.9521982774831698,0.996614505488394,0.9744063914857819,11.704699910719626,4.25443227789838,0.007145812177968332,101.7640030477196,object,0.71484375
6724,,,,,,,456,610,[],0.961051930758988,0.925024030759372,0.961051930758988,0.961051930758988,0.9995747866664728,0.9803133587127304,2.23606797749979,1.1816705643807748,0.0,101.13574890419841,object,0.73828125
6726,,,,,,,477,609,[],0.0,0.0,0.0,0.0,0.97109250327231,0.485546251636155,239.43683927081898,164.58573887074797,-0.307355215672796,100.5923468619585,object,0.546875
6728,,,,,,,501,807,[],0.0,0.0,0.0,0.0,0.9576645494381967,0.47883227471909834,213.75722156489073,134.49596867096054,6.706201901312811,101.69218108057976,object,0.7734375
6734,,,,,,,478,616,[],0.0,0.0,0.0,0.0,0.9781026373183613,0.48905131865918067,361.6289389939423,178.41019999377704,-0.9243684767811223,101.66618088260293,object,0.51953125
6736,,,,,,,557,808,[],0.0,0.0,0.0,0.0,0.9736642636359987,0.48683213181799934,261.83964525060105,164.6382648538462,-0.5801302563716447,101.68401105329394,object,0.6640625
6738,,,,,,,478,616,[],0.0,0.0,0.0,0.0,0.9798116061820621,0.48990580309103104,224.4530243283265,104.22913948342328,-0.8636076282794226,101.0186760686338,object,0.67578125
674,,,,,,,679,1024,[],0.9279455195461257,0.8655768307159751,0.9936130153017174,0.8704198142866255,0.998951425736521,0.9346856200115732,123.78813920536768,22.232869266792196,-0.12398509189987152,102.78418706730008,object,0.6953125
6740,,,,,,,477,610,[],0.0,0.0,0.0,0.0,0.9810487366449884,0.4905243683224942,239.72577866757013,124.17064894127341,-0.7938523084459321,100.15374701470137,object,0.8125
6742,,,,,,,478,504,[],0.02450820401744652,0.012406127966356264,0.06461201501877346,0.015122111969536084,0.9720085580123689,0.49356533499095245,194.17208792297504,84.559053590559,-0.7659551096627732,100.92408489435911,object,0.7734375
6746,,,,,,,478,506,[],0.0,0.0,0.0,0.0,0.9769862178579982,0.4884931089289991,173.10476904025046,91.8391513581069,-0.5676184242820912,100.72705009952188,object,0.6484375
6748,,,,,,,477,610,[],0.0,0.0,0.0,0.0,0.9346418876592191,0.46732094382960954,238.51675842411544,132.681642768331,-0.3757026291931097,101.15149896591902,object,0.6171875
6750,,,,,,,477,610,[],0.0,0.0,0.0,0.0,0.9728941593672495,0.4864470796836248,261.4601052045831,169.32609039356055,-0.5890129422873965,100.92598386108875,object,0.71875
6752,,,,,,,396,610,[],0.0,0.0,0.0,0.0,0.97203971785225,0.486019858926125,136.3805207025929,83.59215100686549,0.1371398999482491,99.73202599212527,object,0.546875
6754,,,,,,,480,616,[],0.9276180698151951,0.865007180469124,0.9665686012302754,0.8916851714779176,0.9995713702777863,0.945628270877852,5.656854249492381,2.1989988109911383,-0.077473476437207,100.75470991432667,object,0.8046875
6756,,,,,,,450,616,[],0.0,0.0,0.0,0.0,0.9821578910781732,0.4910789455390866,181.53883662883888,97.07735785592773,-0.7470156609352754,100.95258499495685,object,0.78125
6758,,,,,,,581,832,[],0.954431064245752,0.91283418204965,0.9417583319651945,0.9674495087911624,0.996913036384402,0.9821812725877822,11.125786978332869,3.715991911582071,0.02728001011932369,101.15702007897198,object,0.703125
6760,,,,,,,557,808,[],0.0,0.0,0.0,0.0,0.9969113203092019,0.49845566015460097,214.88263764648283,141.71670926933388,-0.957931325731735,102.16030292212963,object,0.515625
6762,,,,,,,477,610,[],0.0,0.0,0.0,0.0,0.9844552414390921,0.49222762071954607,161.39033222247983,75.05469512586008,-0.7398829839102876,101.93859715946019,object,0.50390625
6766,,,,,,,446,610,[],0.0,0.0,0.0,0.0,0.9771217797422639,0.48856088987113194,184.0,98.4279521041635,-0.518359406662884,101.12846898846328,object,0.609375
6768,,,,,,,478,616,[],0.0,0.0,0.0,0.0,0.9582804893016406,0.4791402446508203,166.257323260269,91.50930578098883,9.810070671378092,100.55529605597258,object,0.6328125
6770,,,,,,,477,610,[],0.0,0.0,0.0,0.0,0.973342969626657,0.4866714848133285,235.10890795267775,113.94307392257271,-0.7503829029385575,101.60607914440334,object,0.765625
6772,,,,,,,478,504,[],0.0,0.0,0.0,0.0,0.9818314632509705,0.49091573162548524,142.63099208673148,96.36204487910958,-0.21504587155963303,100.7865909487009,object,0.73828125
6776,,,,,,,477,610,[],0.0,0.0,0.0,0.0,0.9775207159907977,0.48876035799539885,198.00744932184782,113.38911461105285,-0.5432297772567409,101.39411501586437,object,0.734375
6778,,,,,,,474,610,[],0.0,0.0,0.0,0.0,0.9664302318205732,0.4832151159102866,193.79266836707072,107.3577389866605,-0.5742274383607023,101.40638495795429,object,0.67578125
678,,,,,,,679,1024,[],0.06453222830525393,0.033341928627800305,1.0,0.033341928627800305,1.0,0.5166709643139001,273.73162038756135,166.3416843152159,-0.9666580713721997,101.43520613200963,object,0.69921875
6780,,,,,,,477,610,[],0.0,0.0,0.0,0.0,0.9756977600244917,0.48784888001224586,175.0121424082003,102.30167960991147,-0.5981195756991321,101.63889080286026,object,0.7890625
6786,,,,,,,557,808,[],0.9531586855686941,0.9105092361457813,0.9742254273504274,0.9329837575137485,0.9995635824229995,0.966273669968374,5.656854249492381,2.1100465389257077,-0.0423327791277657,101.8960359506309,object,0.76171875
6788,,,,,,,478,610,[],0.0,0.0,0.0,0.0,0.975209288137891,0.4876046440689455,252.73566175457248,141.12162379845049,-0.7471674924146408,101.92996682599187,object,0.78125
6790,,,,,,,477,610,[],0.0,0.0,0.0,0.0,0.965585511511165,0.4827927557555825,226.38241976904226,160.3176897643075,-0.3021061869240895,101.46653698757291,object,0.76953125
6792,,,,,,,477,610,[],0.002122297386921342,0.0010622759261718232,0.002469898116702686,0.0018604651162790699,0.9771151326274038,0.4894877988718414,103.18584764158926,54.58552444800161,-0.24674418604651163,100.59493593871593,object,0.6953125
6794,,,,,,,477,610,[],0.0,0.0,0.0,0.0,0.9856843377589756,0.4928421688794878,225.41739053524685,101.01029837435773,-0.8554814108674929,101.41886584460735,object,0.71484375
6796,,,,,,,557,808,[],0.0,0.0,0.0,0.0,0.9463191148979004,0.4731595574489502,258.0490262848293,158.3290976755941,3.7782,102.54530096426606,object,0.67578125
6798,,,,,,,569,808,[],0.0,0.0,0.0,0.0,0.97139737365242,0.48569868682621,393.6483013361404,215.02181293378902,-0.7096109062681932,102.87389880977571,object,0.765625
680,,,,,,,679,1024,[],0.0,0.0,0.0,0.0,0.9743422857327843,0.4871711428663921,452.05878118856236,222.72783891074025,-0.8610498537512572,102.88853803649545,object,0.7109375
6800,,,,,,,476,610,[],0.0,0.0,0.0,0.0,0.9831857759056563,0.49159288795282813,152.399098051047,113.34635345518795,0.34730371612182176,102.19297301955521,object,0.75
6804,,,,,,,477,610,[],0.0,0.0,0.0,0.0,0.968723550618938,0.484361775309469,173.09388123392034,89.38994571345278,-0.34790117894420663,101.64036112837493,object,0.703125
6806,,,,,,,458,610,[],0.0,0.0,0.0,0.0,0.9972686381126145,0.49863431905630723,162.7937193406802,132.83417281934413,-0.7086705202312139,101.38909495435655,object,0.59375
6808,,,,,,,477,610,[],0.03522340380816275,0.017927434537052884,0.052605147520401754,0.026475420194616454,0.972574361061844,0.49952489062823024,127.8682842396119,61.15032221019386,-0.49671426766081134,102.07267990335822,object,0.609375
6813,,,,,,,557,808,[],0.0,0.0,0.0,0.0,0.9748311358406538,0.4874155679203269,363.1006743449005,174.96948083078377,-0.8715103502536694,102.08809119649231,object,0.75390625
6815,,,,,,,478,506,[],0.893491124260355,0.8074866310160428,0.9523475823405746,0.8414860681114551,0.9997169650326947,0.9206015165720749,5.0,2.1500528410376005,-0.11640866873065016,101.60670010372996,object,0.65234375
6818,,,,,,,557,808,[],0.00032177102773666257,0.00016091140218195863,0.0006206554121151937,0.0002171835635479107,0.9811467002627425,0.49068194191314524,159.74569104420257,74.27761869993024,-0.6500738424116063,101.48664703592658,object,0.78515625
682,,,,,,,678,1024,[],0.0,0.0,0.0,0.0,0.9997342214891798,0.4998671107445899,483.0452191280673,378.01243724778783,-0.9951156884088308,103.03883301094174,object,0.6953125
6820,,,,,,,477,611,[],0.0,0.0,0.0,0.0,0.9794538681542414,0.4897269340771207,195.885654103648,99.88089065353537,-0.7632144391920929,101.92903690040112,object,0.703125
6822,,,,,,,557,808,[],0.0,0.0,0.0,0.0,0.9819348076243862,0.4909674038121931,153.87898303399248,87.98576682455526,-0.29220605303097935,102.18454315327108,object,0.7109375
6826,,,,,,,372,610,[],0.9371104815864023,0.8816631130063965,0.9695193434935522,0.9067982456140351,0.9997689874542417,0.9532836165341384,3.605551275463989,1.334731567782442,-0.06469298245614036,101.40842478722334,object,0.71484375
6831,,,,,,,478,616,[],0.0,0.0,0.0,0.0,0.9905200020332435,0.49526000101662176,280.5554181091699,132.9382588493033,-0.9616596998560953,100.89282295666635,object,0.51171875
6834,,,,,,,478,504,[],0.0,0.0,0.0,0.0,0.9802143411596792,0.4901071705798396,241.71936070191953,194.60086884595464,2.6638330757341575,102.27059503085911,object,0.82421875
6836,,,,,,,463,610,[],0.0,0.0,0.0,0.0,0.9677041808220254,0.4838520904110127,216.6032069483834,111.30364354745979,-0.7043681466834442,100.32637091353536,object,0.7890625
684,,,,,,,679,1024,[],0.0,0.0,0.0,0.0,0.9756316746431483,0.48781583732157413,217.10838280846139,122.83259157400607,-0.3575757575757576,102.63734310865402,object,0.73828125
6840,,,,,,,478,616,[],0.0,0.0,0.0,0.0,0.9572775693768005,0.47863878468840027,274.3165140349191,128.4239486898293,-0.806233902957156,101.50772822089493,object,0.66796875
6843,,,,,,,477,610,[],0.0,0.0,0.0,0.0,0.9768825441634091,0.48844127208170457,135.94428945690194,75.10129776555979,-0.6386809167285821,101.1180488858372,object,0.671875
6845,,,,,,,461,616,[],0.0,0.0,0.0,0.0,0.9660802767969017,0.48304013839845084,159.70050061039356,97.1069071090491,2.1263123359580054,101.1830500792712,object,0.625
6849,,,,,,,477,610,[],0.0,0.0,0.0,0.0,0.9662973155483267,0.4831486577741633,192.24047288194492,128.23590443443004,-0.4023306721607005,102.34119603410363,object,0.65234375
6853,,,,,,,431,610,[],0.9217378366314537,0.8548364840623707,0.8653443218326582,0.9859939519337896,0.996243575305794,0.9911187636197918,10.0,3.262900771721011,0.13942384211363998,101.07265692204237,object,0.71875
6855,,,,,,,480,616,[],0.0,0.0,0.0,0.0,0.9303679560854275,0.4651839780427138,262.57347811584975,167.59518076781765,3.8266349583828774,100.6448979023844,object,0.8203125
6857,,,,,,,478,504,[],0.011461063480076408,0.005763560003574301,0.023752531762106427,0.007552693208430913,0.976312591586547,0.49193264239748896,152.04801427183796,71.23441068758899,-0.6820257611241218,101.81300505064428,object,0.5546875
6859,,,,,,,477,610,[],0.0,0.0,0.0,0.0,0.9722864652245159,0.48614323261225795,166.9281075962786,105.8224919616304,-0.3602350798774936,100.64414818771183,object,0.62890625
686,,,,,,,679,1024,[],0.8457908031375098,0.732788133586736,1.0,0.732788133586736,1.0,0.8663940667933681,131.7573158794704,28.188338643135335,-0.26721186641326394,103.00060105510056,object,0.734375
6861,,,,,,,477,610,[],0.0,0.0,0.0,0.0,0.9766997313494523,0.48834986567472616,173.33304991356636,70.11935212478298,-0.6840788551986391,101.77228297106922,object,0.71484375
6863,,,,,,,361,611,[],0.2205693493150685,0.12395501293077525,1.0,0.12395501293077525,1.0,0.5619775064653876,106.56922632730333,47.196050783319954,-0.8760449870692247,101.22007108293474,object,0.4765625
6865,,,,,,,480,616,[],0.0,0.0,0.0,0.0,0.9827294112755984,0.4913647056377992,306.5801575309966,246.2002571166734,-0.2918028128995596,101.48273617960513,object,0.80078125
6867,,,,,,,478,504,[],0.0,0.0,0.0,0.0,0.9706289192180008,0.4853144596090004,190.0282872006078,93.00946637088968,-0.7349367509986684,101.26877203583717,object,0.6953125
6871,,,,,,,477,610,[],0.0,0.0,0.0,0.0,0.9775788714875332,0.4887894357437666,201.69308018460868,152.36370372814883,-0.204687891702181,101.05980723164976,object,0.62890625
6873,,,,,,,478,616,[],0.0005149614698471668,0.000257547048326864,0.0004113170961013015,0.0006884343036978757,0.8758792026616857,0.4382838184826918,200.29225061110606,107.5065731524414,0.6737313139260425,101.06456698849797,object,0.6171875
688,,,,,,,527,768,[],0.0,0.0,0.0,0.0,0.9174536791517026,0.4587268395758513,217.33959468231464,120.39157272919556,-0.26382728453451615,101.53125808574259,object,0.65625
6884,,,,,,,478,610,[],0.8992515539769124,0.8169455584750841,0.8376423878621733,0.9706430058056742,0.9874324057338962,0.9790377057697852,24.698178070456937,7.768565478417836,0.15877971300251945,101.42169496975839,object,0.71875
6888,,,,,,,477,610,[],0.9613518487535553,0.9255798969072165,0.938326710576452,0.9855354182150821,0.9958570859188457,0.9906962520669639,8.54400374531753,2.6065574042411916,0.05031158881710594,101.56715917401016,object,0.7578125
6891,,,,,,,477,610,[],0.0,0.0,0.0,0.0,0.9803078649321505,0.49015393246607525,167.69117922826504,123.83370221546951,-0.02837370242214533,102.22953394986689,object,0.703125
6893,,,,,,,478,616,[],0.0,0.0,0.0,0.0,0.9756327269499029,0.48781636347495144,225.47061892849808,117.74337462406059,-0.8215204546097086,100.81833088770509,object,0.73046875
6896,,,,,,,477,616,[],0.0,0.0,0.0,0.0,0.9604133003042216,0.4802066501521108,171.31972761576918,103.72108825950652,2.206809935807982,102.25885501131415,object,0.82421875
6898,,,,,,,580,1024,[],0.49958251227413913,0.33296233639034817,0.34424192212096105,0.910407790626902,0.9756754680257126,0.9430416293263073,128.08765055111954,34.48233445753394,1.644674376141205,102.98013081774116,object,0.60546875
69,,,,,,,499,630,[],0.0,0.0,0.0,0.0,0.9563724878292348,0.4781862439146174,456.40847890532996,259.9479723372922,-0.8072322382708814,101.62118007428944,object,0.6640625
6901,,,,,,,411,610,[],0.0,0.0,0.0,0.0,0.9773162574573068,0.4886581287286534,184.20313349891947,101.47255161603019,-0.6221032612523772,101.71984205953777,object,0.80078125
6903,,,,,,,477,610,[],0.04765883250390497,0.02441111896699289,0.09265536723163842,0.03207980830358453,0.9762532298786416,0.5041665190911131,141.5582850631667,63.398824308174234,-0.6537728006259474,100.75932997278869,object,0.73046875
6906,,,,,,,467,610,[],0.0,0.0,0.0,0.0,0.9722246935107917,0.48611234675539583,101.36072460739067,47.57051629061043,1.019404915912031,101.20702092535794,object,0.68359375
6910,,,,,,,478,616,[],0.0,0.0,0.0,0.0,0.9847636103886339,0.49238180519431696,241.80931687296646,214.2211188166055,1.398063474986552,102.09164093248546,object,0.55859375
6918,,,,,,,452,610,[],0.0,0.0,0.0,0.0,0.9632558020521481,0.48162790102607406,241.06617249654064,175.42415547324424,3.668834184858337,101.12285893410444,object,0.73828125
692,,,,,,,333,419,[],0.9182648401826484,0.8488813845504433,0.8542905692438403,0.9925962487660415,0.9975054726874714,0.9950508607267564,4.242640687119285,2.02730678322072,0.16189536031589338,99.23238609917462,object,0.61328125
6927,,,,,,,477,610,[],0.0,0.0,0.0,0.0,0.9685293266538639,0.48426466332693197,208.64201424730248,97.79168698715793,-0.6634379647120292,100.6360580213368,object,0.703125
6929,,,,,,,389,610,[],0.0,0.0,0.0,0.0,0.9741044133147313,0.48705220665736565,153.69077246132056,72.26523674146296,-0.31477838213169773,101.29111306741834,object,0.6953125
693,,,,,,,506,837,[],0.0,0.0,0.0,0.0,0.9108486524983743,0.45542432624918716,385.4027102826276,292.8201294871958,-0.040038899694359545,102.4631392210722,object,0.53125
6931,,,,,,,370,610,[],0.0,0.0,0.0,0.0,0.9799737493741797,0.48998687468708985,159.65274789903484,122.9086429558671,0.11250313204710599,101.36688407510519,object,0.71875
6933,,,,,,,479,616,[],0.0009708117774797216,0.0004856416220430176,0.011878712097530478,0.0005060863543137203,0.9856303812199402,0.49306823378712694,383.2009914613923,169.92387600725638,-0.9573955198039581,101.10823903232813,object,0.5546875
6935,,,,,,,477,610,[],0.0,0.0,0.0,0.0,0.9759828732649966,0.4879914366324983,155.0,109.10748136681991,-0.23331070377913554,101.78576316684484,object,0.5703125
6942,,,,,,,477,611,[],0.0,0.0,0.0,0.0,0.9773689039094031,0.48868445195470156,195.92610291373046,102.5021256351226,-0.6018754784383772,102.91401878930628,object,0.5625
6945,,,,,,,480,610,[],0.9161273787403088,0.845235280208087,0.8572970380141504,0.9836268574573472,0.9958323410335794,0.9897295992454633,10.0,3.973637254369202,0.1473582828838745,101.61800007335842,object,0.73046875
6947,,,,,,,477,611,[],0.7672876304023845,0.6224384936226803,0.6358527849820921,0.9672177343603231,0.9789993625378827,0.9731085484491029,54.07494221876385,14.249475254400183,0.5211346984783017,100.63899704255164,object,0.74609375
6952,,,,,,,478,616,[],0.0,0.0,0.0,0.0,0.9895580783310692,0.4947790391655346,258.4290055284929,148.06473790697444,-0.8838473257298143,100.92793498188257,object,0.80078125
6954,,,,,,,478,616,[],0.0,0.0,0.0,0.0,0.9800332715505454,0.4900166357752727,207.69741740249023,101.67553420446718,-0.8312901155327342,101.10562900081277,object,0.78515625
6956,,,,,,,478,504,[],0.8888982196842459,0.8000151160154183,0.8097460220318238,0.9852010424422933,0.9891948489798755,0.9871979457110844,22.424984548819797,6.373273461579455,0.21667907669396871,101.04942787438631,object,0.796875
6958,,,,,,,460,610,[],0.9378182792816939,0.8829169820842796,0.9554888039322774,0.9207894736842105,0.99941112716763,0.9601003004259203,4.123105625617661,1.9138060438372495,-0.03631578947368421,100.9829849936068,object,0.52734375
6964,,,,,,,477,611,[],0.0,0.0,0.0,0.0,0.977158461577725,0.4885792307888625,169.65090059735653,87.43129528623402,-0.6350343702668064,100.92725418508053,object,0.34765625
6966,,,,,,,411,610,[],0.0,0.0,0.0,0.0,0.9626117301089356,0.4813058650544678,217.52137215525823,148.92771953289886,7.384546271338724,101.2033810839057,object,0.63671875
697,,,,,,,501,509,[],0.6121823867562312,0.44111155595249096,1.0,0.44111155595249096,1.0,0.7205557779762455,113.82969457925624,56.846778155657695,-0.558888444047509,100.61402688734233,object,0.6953125
6973,,,,,,,580,1024,[],0.0,0.0,0.0,0.0,0.9736458841439599,0.48682294207197996,229.00316590503684,138.41028946647936,-0.149134114218461,101.51654691435397,object,0.80078125
6982,,,,,,,479,506,[],0.8673571001792472,0.765781607174257,0.7729854455094072,0.9879764065335753,0.9946252826033971,0.9913008445684862,20.63473863491616,5.010340830989085,0.27813067150635207,101.90809611231089,object,0.5234375
6984,,,,,,,477,610,[],0.0,0.0,0.0,0.0,0.9773305706920743,0.48866528534603715,296.76522706376704,155.36913718807136,-0.8786303882604708,102.42482903413475,object,0.435546875
6986,,,,,,,385,610,[],0.0,0.0,0.0,0.0,0.9650512808049385,0.48252564040246926,232.895680811476,114.30849332902996,-0.7530906593406593,102.19193296507001,object,0.68359375
699,,,,,,,501,621,[],0.0,0.0,0.0,0.0,0.9831124553932689,0.49155622769663443,117.03845521878696,68.28830153135175,-0.4694175263103053,100.39957193657756,object,0.79296875
6996,,,,,,,579,1024,[],0.0,0.0,0.0,0.0,0.9750706616841452,0.4875353308420726,202.09587852783787,118.1508911436702,-0.04886746351449515,102.39410796202719,object,0.78515625
7000,,,,,,,477,610,[],0.0,0.0,0.0,0.0,0.9817645535613135,0.49088227678065677,298.3599298527876,149.87851620812043,-0.8971333363765006,101.80130414664745,object,0.78515625
7007,,,,,,,385,610,[],0.0,0.0,0.0,0.0,0.9612960889819797,0.48064804449098986,177.0,100.30953636777603,-0.356402942501126,101.31177306175232,object,0.703125
701,,,,,,,501,621,[],0.006992238980817103,0.0035083852243713376,0.027985347985347984,0.003995230823937917,0.9748057452319284,0.4894004880279332,303.4456204952385,133.61997659247604,-0.857238479720543,100.34440201707184,object,0.640625
7011,,,,,,,479,504,[],0.0,0.0,0.0,0.0,0.9829623464900237,0.49148117324501184,189.0,145.78083454014433,-0.14282678002125399,100.92962393537164,object,0.76953125
7013,,,,,,,450,616,[],0.0005821613506143334,0.0002911654279365566,0.0010818197346694756,0.0003982310159082811,0.9235518913760572,0.46197506119598275,283.274012902146,131.8130776903569,-0.6318878246106768,101.91106586717069,object,0.61328125
7019,,,,,,,419,610,[],0.0,0.0,0.0,0.0,0.9761030080384098,0.4880515040192049,141.33823870859445,90.76750649934154,-0.2747454924567644,101.7804138828069,object,0.68359375
7021,,,,,,,427,610,[],0.0,0.0,0.0,0.0,0.9825290421930378,0.4912645210965189,131.8493392177777,62.8326463123967,-0.4826654130920202,101.48685704916716,object,0.69140625
7023,,,,,,,477,610,[],0.0,0.0,0.0,0.0,0.9811229881672182,0.4905614940836091,159.21869459891792,104.38709361034866,1.3035940803382664,101.79384401999414,object,0.609375
7027,,,,,,,478,504,[],0.0,0.0,0.0,0.0,0.967497667953103,0.4837488339765515,228.67224394913237,125.15619927093566,-0.6801080108010801,100.89923418127,object,0.75
7038,,,,,,,477,610,[],0.0,0.0,0.0,0.0,0.9742577835601092,0.4871288917800546,151.62090335696956,74.25466034542609,-0.5006659656501928,101.62641014903784,object,0.6484375
7040,,,,,,,446,506,[],0.02210787116447494,0.011177490846020427,1.0,0.011177490846020427,1.0,0.5055887454230102,143.95606959461045,82.55278851678594,-0.9888225091539796,101.9088770262897,object,0.404296875
7043,,,,,,,477,610,[],0.0,0.0,0.0,0.0,0.9684473569606603,0.48422367848033016,256.53271218827,185.526440274918,4.552919708029197,101.59693891182542,object,0.546875
7045,,,,,,,478,610,[],0.0,0.0,0.0,0.0,0.9696995510124403,0.48484977550622016,295.2142891286006,224.69765037210945,-0.13197763091001524,101.25610185787082,object,0.74609375
7047,,,,,,,479,504,[],0.0,0.0,0.0,0.0,0.9946849579190288,0.4973424789595144,245.42269517212264,177.92469732224106,-0.8216688135108058,101.46869695745409,object,0.50390625
705,,,,,,,392,573,[],0.0,0.0,0.0,0.0,0.9710189859652857,0.48550949298264284,172.3908940231199,101.89913200514842,-0.26395581149371256,100.77787097543478,object,0.7421875
7051,,,,,,,461,496,[],0.0,0.0,0.0,0.0,0.9822020072180748,0.4911010036090374,142.35517384135446,89.30367382044142,-0.3570384802727716,100.48043401911855,object,0.609375
7055,,,,,,,437,504,[],0.0,0.0,0.0,0.0,0.904428927680798,0.452214463840399,161.6182228685278,83.71579245142401,-0.029673891026939438,101.3723739888519,object,0.65234375
7057,,,,,,,479,616,[],0.0,0.0,0.0,0.0,0.9927388954881591,0.49636944774407954,149.18275640120783,122.91583570243132,-0.44136291600633915,101.90316592343152,object,0.58984375
7060,,,,,,,448,556,[],0.0,0.0,0.0,0.0,0.9187658533209018,0.4593829266604509,213.56755357571603,115.90522743285663,4.738280126545873,101.22803202830255,object,0.6953125
7065,,,,,,,480,616,[],0.0,0.0,0.0,0.0,0.9998315976408361,0.49991579882041803,339.24180134935483,210.07137237290524,-0.998720967413738,101.20193101465702,object,0.34375
7067,,,,,,,483,507,[],0.013437292634372926,0.006764091858037578,0.7363636363636363,0.006780512305374184,0.9998755017494151,0.5033280070273947,153.37095205276333,77.58491297929513,-0.990791896869245,101.74524295143783,object,0.453125
7069,,,,,,,676,996,[],0.0,0.0,0.0,0.0,0.9842831026936053,0.49214155134680265,159.0628806478746,85.33396242426579,-0.44442045025103927,101.20123997330666,object,0.8125
707,,,,,,,501,467,[],0.0,0.0,0.0,0.0,0.9854943681432694,0.4927471840716347,209.3800372528384,101.8541248770185,-0.8980789022298457,101.5824789647013,object,0.765625
7071,,,,,,,600,930,[],0.0,0.0,0.0,0.0,0.8894626737674092,0.4447313368837046,449.02672526253934,249.90463012216057,2.0891217513098512,103.3298778347671,object,0.41015625
7073,,,,,,,600,760,[],0.7619169821004683,0.6154005596434864,0.6215848424578666,0.9840901557838913,0.9837137219213753,0.9839019388526333,45.934639812479496,15.724503650971817,0.5831952270467352,102.64242417179048,object,0.7265625
7075,,,,,,,600,760,[],0.9761094878548903,0.9533338538413492,0.9915223269750786,0.9611684876727856,0.9968264004571928,0.9789974440649892,9.219544457292887,4.375610712298455,-0.030613369438584337,101.29971313290298,object,0.86328125
7079,,,,,,,660,896,[],0.0,0.0,0.0,0.0,0.9905415798888668,0.4952707899444334,410.04316669462145,216.98917549588893,-0.9659278398655169,100.985815981403,object,0.4140625
7081,,,,,,,477,494,[],0.0,0.0,0.0,0.0,0.9808827073151141,0.49044135365755703,325.511882536679,157.5226941059749,-0.958073040178874,101.35875409469008,object,0.65625
7083,,,,,,,682,1107,[],0.0,0.0,0.0,0.0,0.9778836101429714,0.4889418050714857,252.03769493746418,143.0437909614734,-0.588836702389911,101.07886791229248,object,0.6328125
7085,,,,,,,660,1031,[],0.0,0.0,0.0,0.0,0.9845610564626428,0.4922805282313214,290.629774859039,157.83781528322643,-0.7008534211708339,104.08842586912215,object,0.65625
7087,,,,,,,660,1031,[],0.0,0.0,0.0,0.0,0.954335680960447,0.4771678404802235,387.8294921956237,259.3493815359191,3.130779569892473,102.02104900963604,object,0.734375
7089,,,,,,,660,1031,[],0.0,0.0,0.0,0.0,0.9772311748630375,0.4886155874315187,231.1990469844353,91.02740055965994,-0.7506323333099136,103.29598793759942,object,0.63671875
709,,,,,,,501,621,[],0.0,0.0,0.0,0.0,0.9822800954224956,0.4911400477112478,163.65403328445836,99.93467045393152,-0.3665997401677099,100.37529189139605,object,0.77734375
7091,,,,,,,660,716,[],0.0515839487718026,0.026474812060435605,1.0,0.026474812060435605,1.0,0.5132374060302178,402.90196712285086,247.62299496148384,-0.9735251879395644,102.07179980352521,object,0.92578125
7093,,,,,,,660,1031,[],0.0,0.0,0.0,0.0,0.9732143121361967,0.48660715606809835,174.00215515461804,86.15148800739857,2.923493714781101,102.34272689558566,object,0.82421875
7096,,,,,,,441,504,[],0.0,0.0,0.0,0.0,0.9764300152406036,0.4882150076203018,181.33971646171074,140.02310564254228,0.007478842747490651,100.18081800080836,object,0.7265625
7098,,,,,,,480,504,[],0.9264164094394105,0.862919680949731,0.9828861187407564,0.8760828625235405,0.999657664511221,0.9378702635173808,7.0,2.5857979237653566,-0.10866290018832392,100.87886406108737,object,0.68359375
7099,,,,,,,480,508,[],0.0,0.0,0.0,0.0,0.9822655363017843,0.49113276815089213,87.20349655217407,53.59506005925269,0.7106314948041567,101.55286802910268,object,0.77734375
7102,,,,,,,458,750,[],0.024822333299330136,0.012567139512463847,0.03474205216067009,0.019309104374966937,0.968758183224121,0.49403364379954395,172.00218021413437,79.23482359076469,-0.4442152039358832,100.54005589336157,object,0.84765625
7107,,,,,,,319,247,[],0.6497503375938197,0.4812075541910875,1.0,0.4812075541910875,1.0,0.7406037770955438,43.93176527297759,21.865621817178084,-0.5187924458089125,99.0729930344969,object,0.62890625
7110,,,,,,,570,796,[],0.0,0.0,0.0,0.0,0.9743473356252685,0.48717366781263427,395.3129016090604,218.8798878883748,-0.8826658476658477,100.98987584933639,object,0.80078125
7111,,,,,,,500,796,[],0.3002398511577862,0.17663659861792477,1.0,0.17663659861792477,1.0,0.5883182993089624,147.24605195845353,76.35853570642765,-0.8233634013820752,102.37140720710158,object,0.498046875
7113,,,,,,,603,573,[],0.5501895887833985,0.37949071445949234,0.9974421826707875,0.3798603782774576,0.999734909151157,0.6897976437143073,113.35784048754634,49.803003640812086,-0.6191655166815488,102.22437395714223,object,0.6875
7115,,,,,,,662,742,[],0.8162028074288522,0.6894785800734169,0.9873240041823624,0.6956363783151012,0.9977429917982618,0.8466896850566814,79.02531240052139,24.665280597676606,-0.29543252734832276,102.89682797156274,object,0.7578125
7116,,,,,,,781,980,[],0.0009615944985138994,0.00048102852644928064,0.002315302041675437,0.0006068072743320523,0.9799999156114583,0.49030336144289516,253.53263665494427,119.3819384485216,-0.7379144217862199,102.93410997837782,object,0.75
7117,,,,,,,479,505,[],0.0,0.0,0.0,0.0,0.9742816104537612,0.4871408052268806,167.055978185854,76.29224201894687,-0.5661520277757258,99.77042907848954,object,0.81640625
7120,,,,,,,371,503,[],0.0,0.0,0.0,0.0,0.9695719273666583,0.48478596368332916,108.17347127574521,67.25660164160213,0.430409055827116,100.49050394445658,object,0.75
7126,,,,,,,499,630,[],0.0,0.0,0.0,0.0,0.9593770716697131,0.47968853583485654,279.4718232366107,129.187199585969,-0.8015128536388998,100.97002610564232,object,0.62109375
7128,,,,,,,538,625,[],0.9409848051370081,0.8885470290714254,0.9998648899697691,0.8886537278035455,0.9999703296010444,0.9443120287022949,19.4164878389476,7.874107474508684,-0.11122618994010898,101.90191608853638,object,0.83984375
713,,,,,,,487,779,[],0.6856492474342119,0.5216638299143003,0.6640565607419796,0.7086933592957689,0.9750847142269157,0.8418890367613423,56.75159531820694,23.910836015031553,0.0672183684231877,102.24914411082864,object,0.31640625
7136,,,,,,,502,704,[],0.0004970178926441351,0.00024857071836937607,0.0006299212598425197,0.0004104247896572953,0.9719028657955247,0.48615664529259095,146.10201545489704,70.92748311453754,-0.3484506464190437,101.7722929827869,object,0.64453125
7137,,,,,,,617,882,[],0.0,0.0,0.0,0.0,0.9682202477768773,0.48411012388843866,303.2844737297627,225.94751350298696,0.7110752796533306,103.06261293590069,object,0.640625
7138,,,,,,,617,936,[],0.0,0.0,0.0,0.0,0.9548382438742636,0.4774191219371318,335.89906850898524,151.00844749630662,-0.6441738542195163,102.63995290733874,object,0.796875
7139,,,,,,,498,852,[],0.0,0.0,0.0,0.0,0.9992972758336033,0.49964863791680164,517.7225777514356,378.07795599378943,-0.9935180722891567,102.7231439948082,object,0.349609375
7141,,,,,,,565,707,[],0.0,0.0,0.0,0.0,0.9732086548860392,0.4866043274430196,129.18201390809853,66.47599847544816,1.2866407263294424,101.63568099960685,object,0.7421875
7144,,,,,,,461,498,[],0.9673681311395143,0.9367986407460092,0.9807234896275,0.9543716286933419,0.9948191712897595,0.9745953999915506,9.0,3.9558430756317957,-0.026869817244988325,101.21239093132317,object,0.84765625
7146,,,,,,,479,616,[],0.0,0.0,0.0,0.0,0.9844214428086863,0.49221072140434313,168.92101137286247,102.18503960726684,-0.5101165603694744,100.81359185278416,object,0.77734375
7147,,,,,,,479,616,[],0.3514742353265362,0.21320518178019224,0.9738871497289455,0.214431013903132,0.9985482700217759,0.6064896419624539,138.85027397328506,68.56561279576697,-0.7798194442109511,101.54613899067044,object,0.640625
7148,,,,,,,479,616,[],0.9786891405872564,0.9582676337643226,0.9742438815859784,0.9831751509922347,0.9972946476680836,0.9902348993301592,5.385164807134504,1.8253252417606678,0.009167385677308024,101.04604694060981,object,0.85546875
7149,,,,,,,462,404,[],0.07667992891852364,0.039868522182793416,1.0,0.039868522182793416,1.0,0.5199342610913967,167.2619203458705,105.74345387236129,-0.9601314778172065,100.19573802128434,object,0.78125
715,,,,,,,501,621,[],0.17118281771986638,0.09360302351623741,1.0,0.09360302351623741,1.0,0.5468015117581188,140.1092424818031,95.12625639288754,-0.9063969764837626,100.64366715960205,object,0.640625
7150,,,,,,,460,500,[],0.25067150381972303,0.14329584430086942,0.8450141110065852,0.1471636289166496,0.9967945132183769,0.5719790710675132,62.982111327606795,18.326753186859527,-0.8258447675609256,99.5994450058788,object,0.69921875
7152,,,,,,,445,502,[],0.900659500441398,0.8192725555030704,0.9753683500168709,0.8365811306193325,0.9965833211990098,0.9165822259091712,25.144537148407526,8.360416360787902,-0.1422921088172873,101.62831004709005,object,0.66015625
7157,,,,,,,480,616,[],0.584449446214873,0.4128778337531486,0.5886868686868687,0.580272590494734,0.9664496378377191,0.7733611141662265,74.20097182589075,33.675355762858175,-0.014293300292061245,100.96863494254649,object,0.337890625
7162,,,,,,,480,616,[],0.0,0.0,0.0,0.0,0.928090398642621,0.4640451993213105,163.83238043566467,106.43909496763683,1.0899847483477376,100.52360501140356,object,0.63671875
7163,,,,,,,480,617,[],0.8735146929772549,0.7754337207343777,0.9340603601318793,0.82034034212402,0.9952504822587245,0.9077954121913723,18.35755975068582,9.44747196548034,-0.12174803991446899,101.61906015127897,object,0.474609375
7165,,,,,,,479,616,[],0.38407163884433004,0.2376786298680048,1.0,0.2376786298680048,1.0,0.6188393149340023,70.03570517957252,53.01840464036549,-0.7623213701319952,101.58379911445081,object,0.37890625
7166,,,,,,,479,600,[],0.33166616450738173,0.19880083796864842,1.0,0.19880083796864842,1.0,0.5994004189843242,122.08582908648366,49.448656636795825,-0.8011991620313516,101.4251250308007,object,0.48828125
7168,,,,,,,478,610,[],0.0,0.0,0.0,0.0,0.9663423689963128,0.4831711844981564,260.2302817338675,170.85075933718824,-0.5025166423120636,101.33479302749038,object,0.77734375
7169,,,,,,,479,616,[],0.022785144387649246,0.011523858584702269,1.0,0.011523858584702269,1.0,0.5057619292923511,213.43148660205762,123.21684819300954,-0.9884761414152977,101.41709609888494,object,0.62109375
717,,,,,,,454,621,[],0.0,0.0,0.0,0.0,0.9735601336087888,0.4867800668043944,189.5737297526439,89.63252356739375,-0.7019025643258304,100.74075986631215,object,0.79296875
7171,,,,,,,483,589,[],0.03771015865498461,0.019217425408030894,1.0,0.019217425408030894,1.0,0.5096087127040154,174.04352844242052,124.25180807963916,-0.9807825745919692,101.53328697197139,object,0.53515625
7173,,,,,,,479,616,[],0.8625338129897655,0.7582940247717488,0.9999612037192701,0.7583163345363251,0.9999844636864564,0.8791503991113907,54.43891654766719,24.404889465775753,-0.24165424446885297,100.49697500653565,object,0.6875
7174,,,,,,,347,595,[],0.0,0.0,0.0,0.0,0.9745237536240589,0.4872618768120294,177.3611380826581,89.60321905954497,-0.7998627434159732,100.90749408118427,object,0.70703125
7175,,,,,,,479,616,[],0.40459352494647377,0.25359902399349327,0.9771231588843623,0.25511372934053345,0.9984398642468177,0.6267767967936756,125.23416595650102,53.03484574423869,-0.7389134347897235,99.99465313740075,object,0.453125
7179,,,,,,,413,610,[],0.9653131131730354,0.9329519156595526,0.9559346594651561,0.9748774098206489,0.997177727247799,0.9860275685342239,5.0,2.139668428073462,0.019815946799220798,100.54689506068826,object,0.765625
7183,,,,,,,482,638,[],0.8169028926708467,0.6904783112140376,0.9670055510509574,0.7071379703534778,0.9981477007328662,0.852642835543172,44.910890541790465,12.316570909396855,-0.2687343215507412,101.36567405425012,object,0.5859375
7184,,,,,,,479,616,[],0.051661904589677746,0.02651588279846147,0.843211334120425,0.02664726512946795,0.9958771592136799,0.511262212171574,356.5865884866659,144.2802476217207,-0.9683978807551675,100.54518608376384,object,0.279296875
7186,,,,,,,479,616,[],0.6435991181833852,0.47449034191235484,0.989649015121924,0.47685689319083147,0.9983188250807734,0.7375878591358025,104.0,49.807590544498844,-0.5181555421119849,101.32426302880049,object,0.7109375
7187,,,,,,,475,614,[],0.0,0.0,0.0,0.0,0.9908355558482325,0.49541777792411623,437.2464922611018,342.6960294873973,-0.8631969854186008,101.24340211041272,object,0.26171875
7189,,,,,,,479,618,[],0.9160573379893119,0.8451160472732451,0.9991162360070701,0.8457482811442414,0.9999216274617374,0.9228349543029895,17.0,7.179078525958789,-0.15350361583128497,100.68110888823867,object,0.76171875
719,,,,,,,329,468,[],0.6620447828482693,0.4948183424686255,0.9965315478344794,0.4956720022802622,0.9986828994536896,0.747177450866976,138.51207435385194,35.41566491459141,-0.502602799321922,100.44314293190837,object,0.390625
7191,,,,,,,480,616,[],0.906157328607275,0.8284165102587548,0.9985497718307681,0.8294144100735601,0.9996786880189189,0.9145465490462394,25.0,12.26373453656865,-0.16938100285888663,101.02843609638512,object,0.62890625
7197,,,,,,,476,616,[],0.8026126921000303,0.6703033235818138,1.0,0.6703033235818138,1.0,0.8351516617909069,32.7566787083184,19.508173123097365,-0.32969667641818623,100.42032203637064,object,0.79296875
7199,,,,,,,479,616,[],0.40279149597629493,0.25218466778856874,0.9972738935214881,0.25235863412258813,0.9998616632150282,0.6261101486688082,100.59074096448444,54.443720138074134,-0.7469515288006979,101.65313095785677,object,0.4765625
7200,,,,,,,479,604,[],0.8167830969013843,0.6903071573456969,0.9948841094174149,0.6927662668120683,0.9998221809327155,0.8462942238723918,40.80012213009391,10.630673861150653,-0.3036713922210105,101.88381606712937,object,0.76953125
7202,,,,,,,466,502,[],0.0,0.0,0.0,0.0,0.9746833058629621,0.4873416529314811,162.3730273167314,75.11810100207435,-0.7509035307200445,101.03464708663523,object,0.734375
7204,,,,,,,479,616,[],0.5681880295162612,0.39683145638480627,0.993810853649332,0.3978145928798026,0.9987434169863462,0.6982790049330744,126.21014222319853,59.205166089034584,-0.5997079409839368,101.44925606437027,object,0.400390625
7205,,,,,,,467,616,[],0.14972002595467546,0.08091749792186201,1.0,0.08091749792186201,1.0,0.540458748960931,126.5677679255836,72.99149156412676,-0.919082502078138,102.14287205599248,object,0.58984375
7206,,,,,,,480,615,[],0.6894895634505265,0.5261229092275888,0.9968398094983754,0.5270019060168953,0.9997190377636989,0.7633604718902971,78.39514788586762,29.56834270789633,-0.4713273878156105,101.4291460160166,object,0.5234375
7208,,,,,,,476,616,[],0.8279057777995998,0.7063474609109094,0.9991704072411597,0.7067619536628559,0.9997168642718103,0.8532394089673331,83.0,21.83259208353042,-0.29265123492366213,101.77465318702161,object,0.8125
7209,,,,,,,430,614,[],0.6116107931316435,0.44051825677267376,1.0,0.44051825677267376,1.0,0.7202591283863369,62.49156319007497,28.12660198901161,-0.5594817432273262,101.56824812293053,object,0.388671875
7211,,,,,,,479,616,[],0.9370463635017034,0.8815496098104794,0.9256657887035411,0.9487102579484104,0.9973268973065509,0.9730185776274807,9.219544457292887,3.198857778406217,0.02489502099580084,101.69033193960786,object,0.640625
7213,,,,,,,445,550,[],0.0,0.0,0.0,0.0,0.9713356355129776,0.4856678177564888,205.36272747708543,134.48408937802904,-0.6834932349323494,100.9495051112026,object,0.455078125
7215,,,,,,,479,616,[],0.44418569549561204,0.2855004573551016,1.0,0.2855004573551016,1.0,0.6427502286775508,61.0,47.27100283590432,-0.7144995426448985,100.44989315792918,object,0.78515625
7216,,,,,,,479,616,[],0.5499853653777359,0.37929642380541195,1.0,0.37929642380541195,1.0,0.689648211902706,129.2762368934505,56.467178888078436,-0.620703576194588,101.79398395121098,object,0.640625
7218,,,,,,,480,616,[],0.21555090655509065,0.12079409121106725,0.8244865297412644,0.12398219084673699,0.9975697047819198,0.5607759478143284,159.114256818749,57.31850403037444,-0.8496249649031327,102.0233491435647,object,0.369140625
7219,,,,,,,479,616,[],0.6178715482469749,0.4470435055897275,1.0,0.4470435055897275,1.0,0.7235217527948637,70.9365914038728,32.847343482453645,-0.5529564944102725,102.0213991869241,object,0.57421875
722,,,,,,,210,412,[],0.0,0.0,0.0,0.0,0.9770971785988704,0.4885485892994352,122.34786471369249,63.51239710858853,-0.8622841857826051,101.3879650272429,object,0.6484375
7220,,,,,,,476,616,[],0.0,0.0,0.0,0.0,0.965033604738407,0.4825168023692035,299.00108695348223,128.74799202665275,-0.7868189849214609,100.0283039174974,object,0.462890625
7222,,,,,,,400,616,[],0.0013851614578824344,0.0006930607294464178,0.0025575447570332483,0.000949780363290989,0.9728168535507985,0.48688331695704473,139.3629810298341,65.56240893780281,-0.6286358779532233,100.3269508946687,object,0.73828125
7223,,,,,,,480,616,[],0.9177632819275291,0.8480245279074629,0.9774315316038872,0.8649609097370291,0.99900216611626,0.9319815379266445,11.322513074185414,4.472591213985975,-0.11506751954513149,101.67295089922845,object,0.58984375
7224,,,,,,,464,617,[],0.8287397708674304,0.7075624615728578,1.0,0.7075624615728578,1.0,0.853781230786429,24.186773244895647,10.813858712286013,-0.29243753842714215,100.9892150759697,object,0.65234375
7225,,,,,,,445,391,[],0.8417543554511987,0.7267494243668035,1.0,0.7267494243668035,1.0,0.8633747121834017,48.0,19.36978267748356,-0.2732505756331965,99.06150214374065,object,0.76953125
7227,,,,,,,479,616,[],0.026133501259445843,0.013239751156484288,0.7904761904761904,0.013286377461181368,0.9999238271985375,0.5066051023298594,67.9631930969258,40.09695415069245,-0.9831919321274212,100.46439291909337,object,0.404296875
7230,,,,,,,466,561,[],0.00423967407505548,0.0021243402927606466,0.6274509803921569,0.002127023164611652,0.9998357374739018,0.5009813803192567,226.44734476269335,124.5942607028362,-0.9966100568314001,102.03450988046825,object,0.439453125
7232,,,,,,,479,616,[],0.9472087816855637,0.8997118946357525,0.9883948756593821,0.9093178036605657,0.9997325014243431,0.9545251525424544,5.830951894845301,2.3106352130249936,-0.08000554631170272,102.06279996782541,object,0.77734375
7233,,,,,,,481,617,[],0.7924769147202607,0.6562830345696228,0.9822264112835358,0.6641704413538798,0.9979117558652766,0.8310410986095782,63.40542735750207,22.77222605909936,-0.32381125805203376,101.66490101255476,object,0.515625
7235,,,,,,,479,616,[],0.0,0.0,0.0,0.0,0.993762362804116,0.496881181402058,326.2092868241294,231.11632105459452,-0.8834556370913943,102.49457904137671,object,0.490234375
7237,,,,,,,479,616,[],0.16624556007177121,0.09065857262670235,0.9973637961335676,0.09068030200135821,0.9999777803289251,0.5453290411651417,183.00013661100203,72.02629841360938,-0.909080014381017,101.03278700262308,object,0.462890625
7242,,,,,,,445,333,[],0.923407032715999,0.8577123023992482,0.9991878100888112,0.8583107093564679,0.9994407430822351,0.9288757262193514,25.495097567963924,9.568704610448801,-0.1409916126977386,99.31764705106616,object,0.7578125
7243,,,,,,,476,612,[],0.9233299645284664,0.8575793271000516,1.0,0.8575793271000516,1.0,0.9287896635500258,13.92838827718412,6.078889602197473,-0.14242067289994848,100.9738261345774,object,0.85546875
7244,,,,,,,479,616,[],0.06445909609930384,0.03330288498135039,1.0,0.03330288498135039,1.0,0.5166514424906752,211.0,111.27374424691628,-0.9666971150186496,100.793570978567,object,0.73046875
7246,,,,,,,390,612,[],0.7437653348958143,0.5920592350746269,0.9938344098649442,0.5942419100005851,0.9997156924243313,0.7969788012124582,43.41658669218482,18.24161557243665,-0.40207150798759433,101.53689794242382,object,0.4296875
7248,,,,,,,479,590,[],0.9053756094531226,0.8271107580571947,0.9860984271943176,0.8368688463415335,0.998341223620007,0.9176050349807703,20.09975124224178,8.464326331765779,-0.15133335247007493,101.0295560117811,object,0.54296875
7252,,,,,,,479,616,[],0.008984437670463662,0.004512489927477841,0.5544554455445545,0.004528912252325111,0.9998408200948712,0.5021848661735981,91.78559315630606,61.217484559332696,-0.9918317832591994,100.95967608503997,object,0.5
7254,,,,,,,447,328,[],0.03333101707085447,0.016947954821157265,1.0,0.016947954821157265,1.0,0.5084739774105786,268.3110113731242,155.65008510378482,-0.9830520451788427,100.66349804401398,object,0.60546875
7258,,,,,,,460,500,[],0.0,0.0,0.0,0.0,0.971601794045392,0.485800897022696,138.68715326692615,80.64321443383469,-0.22746781115879827,99.8539300635457,object,0.2216796875
7259,,,,,,,458,617,[],0.8159424642133876,0.6891071080184692,1.0,0.6891071080184692,1.0,0.8445535540092346,50.53464043254731,23.689521801630974,-0.31089289198153086,100.38459207862616,object,0.7109375
726,,,,,,,484,704,[],0.011268482490272373,0.005666165790132733,0.03307748538011696,0.00679098037744344,0.9831541344166987,0.4949725573970711,179.23112253621625,79.96457710307618,-0.7946947810753011,101.1027682106942,object,0.7421875
7261,,,,,,,478,616,[],0.8567666731035936,0.7494241577347133,0.9853024307518372,0.7578966984501662,0.998612016732062,0.8782543575911141,30.001666203960724,13.168648241796701,-0.2307979004255055,101.00553696975112,object,0.419921875
7262,,,,,,,462,496,[],0.8328155888167185,0.7135252842971207,0.7251044996311777,0.9781094527363184,0.9899785767427686,0.9840440147395435,25.680693269974828,7.730114626347193,0.34892205638474294,101.55700915493071,object,0.74609375
7264,,,,,,,475,616,[],0.06257654732404797,0.03229884888490319,0.9207879295892707,0.0323888430239415,0.9991591329726651,0.5157739879983033,204.61427116448118,79.5510891205238,-0.9648248614223376,100.95886490307748,object,0.55078125
7267,,,,,,,480,616,[],0.8177472325425105,0.6916856149984985,0.9977103251957053,0.6927853214162942,0.9997029734763342,0.8462441474463143,52.334500185236806,18.58874428520116,-0.30562478514953595,100.87286285124719,object,0.6953125
7269,,,,,,,482,563,[],0.5408075570352503,0.37062113338282604,1.0,0.37062113338282604,1.0,0.685310566691413,108.85311203635843,64.2969206475624,-0.629378866617174,100.96565494313836,object,0.859375
7270,,,,,,,479,616,[],0.4216933348681938,0.2671808617325821,1.0,0.2671808617325821,1.0,0.6335904308662911,128.2692480682724,59.475641401565035,-0.7328191382674178,101.08723700977862,object,0.5234375
7271,,,,,,,445,458,[],0.000573641187437258,0.00028690288337397793,0.002271436683702442,0.00032827246614690195,0.9804168524297815,0.4903725624479642,169.5016222632844,79.48196198678434,-0.8554780467788264,100.44459300115705,object,0.82421875
7273,,,,,,,479,616,[],0.9596684856193328,0.9224641110585265,0.9751115187393171,0.9447069752413264,0.9977913838071808,0.9712491795242536,7.25595732085712,3.3065261669401065,-0.03118058079890141,101.22128017246723,object,0.8515625
7274,,,,,,,443,617,[],0.0,0.0,0.0,0.0,0.9957126460063467,0.49785632300317334,448.40489505599476,231.13652180085785,-0.9865256074086424,101.5555679332465,object,0.64453125
7276,,,,,,,445,550,[],0.9349866913182767,0.8779108051481592,0.9579659024103468,0.9130840830557544,0.9939471468816284,0.9535156149686914,20.130804044189027,6.212380722924011,-0.046851165831335806,100.74608004651964,object,0.6328125
7281,,,,,,,472,614,[],0.0,0.0,0.0,0.0,0.9660549354034451,0.48302746770172256,213.0158444010902,158.8217905964996,0.28830645161290325,100.93646496534348,object,0.455078125
7283,,,,,,,479,610,[],0.0,0.0,0.0,0.0,0.9726793265047551,0.48633966325237754,213.0,106.8209365323462,-0.7625853949724747,102.15615201741457,object,0.80078125
7287,,,,,,,480,616,[],0.0,0.0,0.0,0.0,0.9843593414459556,0.4921796707229778,169.09576754021933,89.67901272949067,-0.7315724815724816,101.94116714410484,object,0.5078125
729,,,,,,,496,852,[],0.5879037111334002,0.416334010483997,1.0,0.416334010483997,1.0,0.7081670052419985,115.0,69.02256411801902,-0.583665989516003,102.34420606866479,object,0.8125
7291,,,,,,,479,613,[],0.0,0.0,0.0,0.0,0.9993133035982892,0.4996566517991446,364.29616869774793,256.3634917787062,-0.9992538427100432,102.157091954723,object,0.3046875
7292,,,,,,,447,616,[],0.631441413191178,0.46139158328878027,0.988060189728492,0.4639784946236559,0.9990731806409019,0.7315258376322789,57.01271710567288,31.874690983790558,-0.5304147465437788,100.97173508256674,object,0.53125
7296,,,,,,,479,616,[],0.8192786748836363,0.6938797982689894,0.9603450377956596,0.7143472543418129,0.9948158656030093,0.8545815599724111,55.572775011917166,17.39811402615817,-0.25615562508502243,101.65639105252922,object,0.77734375
7299,,,,,,,479,616,[],0.0,0.0,0.0,0.0,0.9814999331920823,0.49074996659604114,234.18112362109935,125.04481918907153,-0.8536791569793774,101.74288298003376,object,0.76171875
73,,,,,,,499,560,[],0.001476303437137233,0.0007386969890205635,0.039301310043668124,0.0007522809544323494,0.9769192901471193,0.48883578555077584,505.55818210077797,244.25603857499294,-0.9808586290483324,101.32436291314662,object,0.7109375
730,,,,,,,496,852,[],0.7277726382378327,0.5720460509745615,1.0,0.5720460509745615,1.0,0.7860230254872808,114.87275109891242,43.15367554439144,-0.42795394902543854,101.27006191760302,object,0.875
7303,,,,,,,445,502,[],0.0,0.0,0.0,0.0,0.9882658869101247,0.49413294345506237,232.30190748475212,135.03528094371407,-0.9428128204454027,101.2444410007447,object,0.671875
7304,,,,,,,459,610,[],0.8803894948738354,0.7863355076099682,0.8536928594125925,0.9088097424249746,0.9875702379896413,0.9481899902073079,24.698178070456937,9.580530097866207,0.06456289566520079,100.08876491338015,object,0.69140625
7307,,,,,,,479,619,[],0.0,0.0,0.0,0.0,0.9785101801964725,0.48925509009823626,276.32390369313805,229.65763983959823,0.835081585081585,100.77521088533103,object,0.66796875
731,,,,,,,587,745,[],0.005803607001513985,0.002910248469955181,0.008431410380088752,0.004424599558552538,0.8481962729176574,0.426310436238105,371.5881148203959,160.07238637395935,-0.4752242674604621,101.31958313286304,object,0.59375
7312,,,,,,,344,590,[],0.0,0.0,0.0,0.0,0.9842133162527195,0.49210665812635973,187.32631908260208,92.49303453810288,-0.8692012077957727,100.98668606951833,object,0.234375
7315,,,,,,,477,610,[],0.8026345135210482,0.6703337640717587,1.0,0.6703337640717587,1.0,0.8351668820358793,78.91767862779544,34.07601515662209,-0.3296662359282413,100.81143118441105,object,0.75390625
7316,,,,,,,517,713,[],0.0,0.0,0.0,0.0,0.9797473139782708,0.4898736569891354,101.60018037771081,55.38404152869511,1.0633547306726208,100.91372299939394,object,0.8125
7318,,,,,,,479,616,[],0.0,0.0,0.0,0.0,0.9783573826638328,0.4891786913319164,231.37620850068228,150.5161786553775,-0.571388281745752,101.0170760564506,object,0.73046875
7319,,,,,,,480,616,[],0.7380199335548173,0.5848110863063898,0.9796091159246455,0.5920177383592018,0.9989383898790719,0.7954780641191368,62.08582652688134,18.484164263824987,-0.39565921882995053,101.47240594960749,object,0.65625
7320,,,,,,,479,616,[],0.7105318195398864,0.5510270282794815,1.0,0.5510270282794815,1.0,0.7755135141397407,66.0,39.842170362682396,-0.44897297172051853,101.4996871817857,object,0.8359375
7322,,,,,,,445,502,[],0.9489925258971109,0.9029360392580886,0.9926847110460864,0.9089843422925563,0.9996216545990249,0.9543029984457906,7.211102550927978,2.9353092430071603,-0.08431717323955455,101.43883596174419,object,0.8359375
733,,,,,,,565,712,[],0.9473659124814711,0.8999954720398461,0.9772459093769666,0.9192589098241623,0.9921337734431568,0.9556963416336595,30.571193926896605,9.198704728557429,-0.059337162730896946,100.82134208641946,object,0.73046875
7331,,,,,,,479,616,[],0.9590610232175878,0.9213422156427338,0.9869436515487895,0.932710560495554,0.9991019683980135,0.9659062644467837,7.810249675906654,2.833884135240468,-0.05495054450994105,101.18519002571702,object,0.734375
7336,,,,,,,478,614,[],0.849638086709947,0.73858329008822,0.9829074585635359,0.7481929294256802,0.9996537044875001,0.8739233169565901,18.384776310850235,6.250456862848491,-0.23879616243921672,101.2194799259305,object,0.68359375
7338,,,,,,,456,496,[],0.8736347959379192,0.7756230330866718,0.9416563403552252,0.8147784131522516,0.9973718974435307,0.9060751552978912,20.86262277503703,6.687431613405548,-0.13473909935668335,100.90637393295765,object,0.37109375
7341,,,,,,,479,616,[],0.00043554797379453025,0.00021782142273692618,0.24489795918367346,0.00021796781341955172,0.9995999048422327,0.4999089363278261,429.46367704622236,243.4253090508681,-0.9991099647618702,100.93126399442554,object,0.4375
7346,,,,,,,476,616,[],0.003576625699107597,0.0017915166417844912,0.9714285714285714,0.0017916110447551464,0.999987303414535,0.5008894572296451,314.6654572097894,170.96890896025155,-0.9981556945127521,101.82079393416643,object,0.39453125
735,,,,,,,499,560,[],0.04387893887201129,0.022431606992007278,1.0,0.022431606992007278,1.0,0.5112158034960036,225.89378034819816,135.60685005498323,-0.9775683930079927,100.55430606007576,object,0.6796875
7353,,,,,,,600,760,[],0.0,0.0,0.0,0.0,0.9568182275807603,0.47840911379038015,236.59247612473155,158.97470051125083,1.1376675157824787,101.84915503486991,object,0.75
737,,,,,,,446,432,[],0.0,0.0,0.0,0.0,0.9717285033843068,0.4858642516921534,253.23752866374704,128.54959823942662,-0.86376540227108,102.1178720984608,object,0.78125
739,,,,,,,586,857,[],0.0,0.0,0.0,0.0,0.9699836545973778,0.4849918272986889,396.2000744124133,189.52026098272302,-0.9114827832951963,101.56450886279345,object,0.52734375
741,,,,,,,675,980,[],0.0,0.0,0.0,0.0,0.9853113161185172,0.4926556580592586,322.6721907625807,208.72696816273012,-0.4891280830809174,101.70384217053652,object,0.5625
743,,,,,,,357,423,[],0.0008014679518275579,0.00040089462801198465,0.95,0.0004009030869537695,0.9999903491671331,0.5001956261270435,224.23480700070323,116.44580743556358,-0.999577996750575,102.33400599099696,object,0.251953125
747,,,,,,,323,417,[],0.625,0.45454545454545453,0.9959784375802173,0.45538124486522435,0.9995693209933108,0.7274752829292676,40.114712530815346,18.75972858496514,-0.542780016431282,100.2367278560996,object,0.69921875
749,,,,,,,323,417,[],0.8456457656757432,0.7325704194871973,0.9999763677183032,0.7325831024930748,0.9999870013388621,0.8662850519159684,96.5121749473202,36.22209785759339,-0.26739958448753465,99.75260798819363,object,0.71484375
75,,,,,,,499,630,[],0.8752988274579744,0.7782501244127298,0.9985930279121616,0.7791044271998784,0.9993365417493864,0.8892204844746323,130.53578374754997,38.73911322527599,-0.21979785015241457,100.5347550380975,object,0.6953125
750,,,,,,,319,417,[],0.27717022290923277,0.16088079425773127,1.0,0.16088079425773127,1.0,0.5804403971288656,114.032451197766,79.45134366184607,-0.8391192057422687,100.36563198082149,object,0.82421875
751,,,,,,,319,417,[],0.5127172801635992,0.34473424139560865,0.9853844264308523,0.3465060032823702,0.9989168919349407,0.6727114476086554,97.46409208227973,32.85384012721904,-0.6483544959834154,100.08966503664851,object,0.625
7546,,,,,,,247,434,[],0.0015041363750313362,0.0007526342197691922,0.001445086705202312,0.0015682174594877157,0.9598924273497659,0.4807303224046268,74.25698288147247,39.56957089959688,0.08520648196549922,100.05250480026007,object,0.7265625
7549,,,,,,,443,544,[],0.0,0.0,0.0,0.0,0.9820794905772805,0.49103974528864025,188.1285463274699,100.93795628207646,-0.749844816883923,99.7641677968204,object,0.65625
755,,,,,,,323,418,[],0.9076799157346882,0.8309651436512664,0.9847741328314062,0.8417801528472103,0.9954794028420885,0.9186297778446494,48.31146833491359,12.71707420126711,-0.14520484973855083,100.2223789691925,object,0.81640625
7553,,,,,,,412,504,[],0.09575757575757576,0.05028644175684278,0.7745098039215687,0.05103359173126615,0.9998884036875303,0.5254609977093982,29.56760882722235,15.83011735312444,-0.9341085271317829,100.46509397216141,object,0.53515625
7555,,,,,,,480,504,[],0.0,0.0,0.0,0.0,0.9778560867422376,0.4889280433711188,243.25334933785228,122.85823517457453,-0.8848539210661199,101.14533919841051,object,0.63671875
7558,,,,,,,480,508,[],0.0,0.0,0.0,0.0,0.9582074542927042,0.4791037271463521,111.23171534632655,64.45004731319787,0.3793055361874216,98.40874699875712,object,0.70703125
7563,,,,,,,483,506,[],0.0,0.0,0.0,0.0,0.9725983116382579,0.48629915581912897,188.4531770173213,148.76842477035427,1.1335914811229428,100.17927712760866,object,0.46484375
7567,,,,,,,480,508,[],0.0,0.0,0.0,0.0,0.9815240485568381,0.49076202427841903,132.97514843904918,89.03383460817092,0.8657465495608532,101.6355799511075,object,0.7265625
7569,,,,,,,480,504,[],0.0,0.0,0.0,0.0,0.9795757984006079,0.48978789920030397,140.13561295882346,69.94512388946023,-0.5421989934185056,100.98455590195954,object,0.75
7571,,,,,,,479,507,[],0.0,0.0,0.0,0.0,0.9764646087025921,0.48823230435129605,133.0,92.78880880698685,0.17070622649394065,100.34979996271431,object,0.75
7575,,,,,,,444,553,[],0.005941167946674395,0.002979434634110893,0.009717942640436123,0.004278409683815089,0.9822927836100174,0.49328559664691624,128.0,58.97157139915732,-0.5597412083898571,100.1563360914588,object,0.78125
7577,,,,,,,463,616,[],0.634529611578792,0.46469672060223244,0.49365750528541225,0.8879060924196082,0.9596610901794509,0.9237835912995296,68.62540656105698,18.768571832677235,0.7986277589484996,101.49997705593705,object,0.51171875
7579,,,,,,,338,504,[],0.0,0.0,0.0,0.0,0.976430854592606,0.488215427296303,98.96408687643316,55.16842555372844,-0.13958608542492293,100.52184504456818,object,0.6875
7581,,,,,,,433,549,[],0.0,0.0,0.0,0.0,0.9742069489666371,0.48710347448331853,117.0952590407213,71.98123802601688,-0.02767377502848771,101.22467088513076,object,0.81640625
7585,,,,,,,457,680,[],0.0,0.0,0.0,0.0,0.9511226026052235,0.47556130130261176,178.61928757124704,105.95531716668069,1.860919540229885,99.48116191662848,object,0.65625
7589,,,,,,,480,504,[],0.0,0.0,0.0,0.0,0.9787345967201042,0.4893672983600521,157.54364474646383,85.7919733224701,-0.6485546620299935,100.96718510612845,object,0.671875
759,,,,,,,672,743,[],0.2616277616402606,0.15050157605319467,1.0,0.15050157605319467,1.0,0.5752507880265973,432.7754597328733,196.38527140970487,-0.8494984239468053,101.05313803069293,object,0.8125
7593,,,,,,,326,504,[],0.0,0.0,0.0,0.0,0.9544431014277562,0.4772215507138781,206.90335908341362,153.16445310614404,4.620741862225587,101.3163838069886,object,0.7421875
7594,,,,,,,377,504,[],0.0,0.0,0.0,0.0,0.9797906950654679,0.48989534753273395,159.27868089195053,126.0835231124306,0.34291799787007454,100.5005850456655,object,0.66015625
7596,,,,,,,550,815,[],0.0,0.0,0.0,0.0,0.9760376032213366,0.4880188016106683,172.1493334110821,108.73262022115675,2.5938026271471877,101.74602293409407,object,0.71484375
7598,,,,,,,387,504,[],0.0,0.0,0.0,0.0,0.9295589031962329,0.46477945159811646,172.0,88.58868438978523,3.4020182291666665,101.0261569172144,object,0.640625
7600,,,,,,,560,768,[],0.0,0.0,0.0,0.0,0.9771716357398302,0.4885858178699151,215.07870411990558,144.5356301781625,1.8870776526378186,101.07575706206262,object,0.6953125
7602,,,,,,,320,504,[],0.0,0.0,0.0,0.0,0.965631141824637,0.4828155709123185,138.11098020913178,87.91340043510102,0.5270422535211268,101.41870495863259,object,0.7890625
7604,,,,,,,358,616,[],0.9084485168504426,0.8322543928291954,0.9235080517840227,0.8938722493887531,0.9953287697647513,0.9446005095767522,15.0,5.11270274518458,-0.032090464547677264,100.15458706766367,object,0.6484375
7608,,,,,,,465,504,[],0.08123197742192773,0.0423354863464859,0.04362581963161884,0.588706091596265,0.8749520703456536,0.7318290809709593,199.0,78.6808540669974,12.49444197421076,98.52585010230541,object,0.609375
761,,,,,,,589,858,[],0.0,0.0,0.0,0.0,0.9852819669668417,0.49264098348342084,205.055113790677,103.671555211497,-0.7295867515142221,100.74573988094926,object,0.625
7610,,,,,,,488,640,[],0.002386723848592206,0.0011947877384908337,0.0019250436142693858,0.0031397174254317113,0.9450861886352804,0.47411295303035605,141.93865855214733,72.56491444146917,0.6309850863422292,101.57353919930756,object,0.62109375
7611,,,,,,,488,634,[],0.003524229074889868,0.00176522506619594,0.03669724770642202,0.0018509949097639982,0.9996582376127409,0.5007546162612524,46.71615363592654,25.5533620273996,-0.949560388708931,102.32642595656216,object,0.4453125
7613,,,,,,,480,504,[],0.0,0.0,0.0,0.0,0.9688503306664417,0.48442516533322083,191.72225066988636,89.42608506872664,-0.7673213598011414,101.61116998642683,object,0.78125
7615,,,,,,,480,504,[],0.0,0.0,0.0,0.0,0.9460016230726013,0.47300081153630064,255.20658167666093,175.6103890643512,6.935779816513762,100.5253850016743,object,0.6640625
7617,,,,,,,480,508,[],0.0,0.0,0.0,0.0,0.8602981317797476,0.4301490658898738,233.27211546149948,126.2510285002982,7.6421758185099256,101.32950288243592,object,0.8125
7619,,,,,,,376,492,[],0.0,0.0,0.0,0.0,0.9710649265127475,0.4855324632563737,136.55691775113704,83.62853832273426,-0.4233510578119697,101.12508898600936,object,0.86328125
762,,,,,,,589,858,[],0.9392627561755417,0.8854810761513908,0.9905326409646913,0.8930391273155387,0.9976603469140782,0.9453497371148085,109.09193177722676,16.568592823463327,-0.09842534169717261,99.5279629714787,object,0.76953125
7621,,,,,,,310,504,[],0.0,0.0,0.0,0.0,0.9746708838562606,0.4873354419281303,136.77699813289482,90.34905772958167,0.7203352448169387,101.70325101353228,object,0.66796875
7623,,,,,,,480,504,[],0.0,0.0,0.0,0.0,0.9825309153267597,0.49126545766337987,227.74667506715824,189.94691271847935,1.5176964607078585,101.23165207915008,object,0.78125
7625,,,,,,,488,640,[],0.949995273655355,0.9047533309326612,0.9090086830680174,0.9948525044545634,0.9983629978943531,0.9966077511744582,6.0,1.8699767983488516,0.0944367451989705,100.80420086160302,object,0.75390625
7627,,,,,,,483,637,[],0.9524471635150167,0.9092115741969737,0.965786258106965,0.9394715186979976,0.9987733121246638,0.9691224154113307,6.0,2.4114288387550227,-0.027246959861022216,102.11246088147163,object,0.69140625
7629,,,,,,,282,408,[],0.0,0.0,0.0,0.0,0.9659428858074456,0.4829714429037228,172.0,137.00033200240065,0.11169590643274854,100.5043750628829,object,0.7265625
7631,,,,,,,474,614,[],0.843290214278661,0.7290421717602869,0.8589820961577147,0.8281613653995346,0.997547922205121,0.9128546438023277,12.481234382381189,5.924014295308881,-0.03588052754072925,98.2893849723041,object,0.71484375
7633,,,,,,,480,618,[],0.0,0.0,0.0,0.0,0.9691462618574742,0.4845731309287371,137.93114224133723,97.34892969488325,0.028948587308939323,101.38554498553276,object,0.486328125
7635,,,,,,,308,504,[],0.0,0.0,0.0,0.0,0.9665867167973955,0.48329335839869775,167.602207496598,95.94207206298769,-0.7170478804513571,101.37542500160635,object,0.6875
7639,,,,,,,539,838,[],0.0,0.0,0.0,0.0,0.9838305053822295,0.49191525269111475,298.7366708949623,250.94902704796405,-0.4629601575518861,99.8553701210767,object,0.79296875
764,,,,,,,527,768,[],0.010340571733546817,0.005197156652360515,0.010012919896640826,0.01069039244085799,0.9607289928940618,0.4857096926674599,120.48129344181768,63.10514657552424,0.06765983860955928,102.61471197009087,object,0.65625
7644,,,,,,,480,504,[],0.0,0.0,0.0,0.0,0.9772378281842005,0.48861891409210023,182.92429308629463,142.60506185542587,1.4052028218694885,101.62082011811435,object,0.8125
7646,,,,,,,410,504,[],0.0,0.0,0.0,0.0,0.9819060047133982,0.4909530023566991,162.30834852218786,123.81611435452243,1.9305993690851735,100.38502188399434,object,0.80078125
7650,,,,,,,474,635,[],0.0,0.0,0.0,0.0,0.9788408810923404,0.4894204405461702,162.8236704665927,102.83000818445736,-0.3563002401085708,100.6236169487238,object,0.74609375
7654,,,,,,,269,504,[],0.0,0.0,0.0,0.0,0.9617612977983777,0.48088064889918886,234.00694432494032,135.1075112106517,-0.7988919667590028,100.79620103351772,object,0.71875
7656,,,,,,,557,816,[],0.0,0.0,0.0,0.0,0.9784136488818292,0.4892068244409146,149.02818295488254,84.44818054363564,-0.4433311722755938,101.46427596919239,object,0.80859375
7658,,,,,,,564,1120,[],0.9490355966755528,0.9030140256639809,0.9218583396801219,0.9778639521732105,0.9991798443143067,0.9885218982437587,5.0,2.1623580836979004,0.06075294878009371,103.45154209062457,object,0.73828125
766,,,,,,,350,409,[],0.5009017791859615,0.33413539702152567,0.9354574419663177,0.3420203028790148,0.9937314884399452,0.66787589565948,139.92962070075623,39.18363978361643,-0.6343817606922949,102.0191889256239,object,0.625
7660,,,,,,,482,507,[],0.7966568137804505,0.6620362527528375,0.9503891050583657,0.685734339357782,0.9991452812401802,0.8424398102989812,19.0,7.360189149603368,-0.2784699070012283,100.00188299454749,object,0.44140625
7662,,,,,,,480,504,[],0.0,0.0,0.0,0.0,0.8855358153413475,0.44276790767067375,178.8951235268207,89.21007057428145,2.080179972311952,101.04707698337734,object,0.63671875
7664,,,,,,,480,504,[],0.0,0.0,0.0,0.0,0.9122835551996797,0.45614177759983987,169.6873556413646,109.88873028320701,8.84691011235955,100.25501996278763,object,0.369140625
7666,,,,,,,444,504,[],0.0,0.0,0.0,0.0,0.9796026234390584,0.4898013117195292,182.0025728581388,107.14089841264696,-0.2840780771092112,101.64879099465907,object,0.400390625
7668,,,,,,,398,504,[],0.00860248089404355,0.004319821035985652,1.0,0.004319821035985652,1.0,0.5021599105179928,173.10964681457457,98.61459828613191,-0.9956801789640144,100.51698493771255,object,0.5390625
767,,,,,,,373,425,[],0.017846750727449078,0.00900371892738305,0.3516819571865443,0.009155686477449146,0.9968216845072112,0.5029886854923302,224.56875227889782,109.27066342911077,-0.973966004538036,101.3014828786254,object,0.55078125
7670,,,,,,,488,634,[],0.8889466453792745,0.8000935703782917,0.8125848493076296,0.9811490861404802,0.9907096782877005,0.9859293822140904,21.165300955549956,6.7799667896693485,0.20744201294975823,100.21266783587635,object,0.74609375
7672,,,,,,,480,504,[],0.0,0.0,0.0,0.0,0.9761594806637506,0.4880797403318753,180.90031400090942,111.44766540995909,-0.521094839609484,100.53823585622013,object,0.80859375
7674,,,,,,,517,812,[],0.0,0.0,0.0,0.0,0.9797772110353233,0.48988860551766167,292.8130762665548,235.70590990800977,1.8124791458124792,100.80144205130637,object,0.77734375
7676,,,,,,,480,504,[],0.10557768924302789,0.05573080967402734,0.9724770642201835,0.055818852027382834,0.9999875010936543,0.5279031765605185,62.22539674441618,25.76075086683116,-0.9426013691416535,100.64818803220987,object,0.5234375
7678,,,,,,,526,816,[],0.0,0.0,0.0,0.0,0.9722438269051193,0.4861219134525597,125.58861336057873,58.730438204578824,0.8903558203187892,100.4199730232358,object,0.87109375
7680,,,,,,,319,504,[],0.8418239806913197,0.7268532301280143,0.9828904991948471,0.7361676466154078,0.9994485639957702,0.867808105305589,21.048669650446904,6.873724730447942,-0.2510176390773406,102.51121991313994,object,0.53515625
7682,,,,,,,360,539,[],0.0,0.0,0.0,0.0,0.9730349082556555,0.48651745412782776,90.09439494219383,51.15001076857367,-0.2614484272128749,100.2560299821198,object,0.458984375
7685,,,,,,,303,435,[],0.0,0.0,0.0,0.0,0.9641548562669574,0.4820774281334787,164.39812109367332,91.24180036408603,-0.5541394779771615,100.1787178684026,object,0.6953125
7686,,,,,,,457,680,[],0.0,0.0,0.0,0.0,0.9600795113616489,0.48003975568082446,133.56709192302077,82.7077227802442,-0.11715263314489735,99.63754494674504,object,0.82421875
7692,,,,,,,457,632,[],0.0,0.0,0.0,0.0,0.9794228768166041,0.48971143840830206,192.76838201041113,145.3664244497826,1.4171452009844134,100.49822507426143,object,0.82421875
7696,,,,,,,405,504,[],0.0,0.0,0.0,0.0,0.9752892866598487,0.48764464332992435,117.61802582937702,57.73327806151194,-0.5857627708641545,99.57006317563355,object,0.71875
7698,,,,,,,443,552,[],0.0,0.0,0.0,0.0,0.9838030841411667,0.49190154207058334,155.7144821079207,83.68210655041386,-0.7028481012658228,102.08148998208344,object,0.703125
7702,,,,,,,400,504,[],0.0,0.0,0.0,0.0,0.9810986772099872,0.4905493386049936,115.95257651298655,82.68939761063868,0.13335349259147264,100.2922800835222,object,0.8046875
7704,,,,,,,336,504,[],0.0,0.0,0.0,0.0,0.9479646502869333,0.47398232514346667,165.91895611768624,106.3339124295163,4.688599348534202,100.35390197299421,object,0.8203125
7706,,,,,,,443,614,[],0.7443288756810302,0.5927737456610919,0.5948385053831539,0.9941783540619211,0.9904594311449801,0.9923188926034506,33.02334929577849,9.766227032198351,0.6713416247684573,100.20286799408495,object,0.73046875
7708,,,,,,,445,544,[],0.0,0.0,0.0,0.0,0.9825503411445681,0.49127517057228404,106.03678319847165,65.01201378866557,2.300864100549882,100.80281202681363,object,0.83203125
771,,,,,,,588,858,[],0.0,0.0,0.0,0.0,0.9747717994587404,0.4873858997293702,221.18962399904083,105.23569219456391,-0.5137046861184792,102.78587602078915,object,0.5859375
7711,,,,,,,480,618,[],0.8346724844356942,0.7162557077625571,0.7213280603329348,0.9902777777777778,0.9895054031587698,0.9898915904682738,28.42973693199179,8.271136757165587,0.3728535353535353,101.10147902742028,object,0.640625
7712,,,,,,,488,640,[],0.7709810159410768,0.6273141635248438,0.9970485645291118,0.6284812267448416,0.99988797686213,0.8141846018034858,34.00808648686444,14.27911497476895,-0.3696583605818018,101.55187780037522,object,0.609375
7714,,,,,,,480,504,[],0.0,0.0,0.0,0.0,0.9774739588831137,0.48873697944155686,94.0,50.903038791874515,0.04957702144402912,100.47992412000895,object,0.7421875
7716,,,,,,,488,640,[],0.0,0.0,0.0,0.0,0.9462958414664099,0.47314792073320494,282.6269545597781,214.77160978178782,4.762135922330097,100.98946606740355,object,0.482421875
7718,,,,,,,483,507,[],0.0,0.0,0.0,0.0,0.9790864666279949,0.48954323331399746,161.25011625994688,75.19904664382373,-0.7253102453102453,101.03259584866464,object,0.74609375
7720,,,,,,,480,619,[],0.8972020725388601,0.8135688780304454,0.8236301369863014,0.985207100591716,0.9968332160450387,0.9910201583183773,9.433981132056603,3.631371622265901,0.19617660446062812,100.81449197605252,object,0.5546875
7722,,,,,,,372,504,[],0.0,0.0,0.0,0.0,0.9758746290134005,0.48793731450670025,116.39487316938242,65.92137324909294,-0.5521702838063439,100.41245305910707,object,0.734375
7724,,,,,,,499,480,[],0.0,0.0,0.0,0.0,0.9662076847020755,0.48310384235103776,132.49527841959835,86.42140621814171,0.3410905384746051,100.05251504480839,object,0.7734375
7726,,,,,,,488,640,[],0.0,0.0,0.0,0.0,0.9569183419553402,0.4784591709776701,143.91924063854415,72.60569282500458,0.9069565217391304,100.61157704330981,object,0.75390625
773,,,,,,,663,556,[],0.3478151409558794,0.2105182958504471,0.9986200551977921,0.21057955450860844,0.999812744936311,0.6051961497224597,254.36312526315518,89.63290900156461,-0.7891294557799563,101.89044615253806,object,0.5859375
7731,,,,,,,456,504,[],0.0,0.0,0.0,0.0,0.9842530893303559,0.49212654466517797,117.82321623918138,83.00060346817065,-0.29453965723395775,100.46760411933064,object,0.8046875
7733,,,,,,,480,618,[],0.0,0.0,0.0,0.0,0.9731718407672275,0.48658592038361376,324.4456811239749,287.215709170512,0.22684310018903592,98.6717629712075,object,0.53125
7737,,,,,,,480,616,[],0.0,0.0,0.0,0.0,0.8973119869851365,0.44865599349256824,223.7376792775609,130.77476651870035,0.10122918318794608,97.3542130086571,object,0.61328125
7739,,,,,,,443,504,[],0.0,0.0,0.0,0.0,0.9798657405031699,0.48993287025158494,201.60230627976128,128.60345288731037,-0.5156548086634497,97.6257489528507,object,0.828125
7743,,,,,,,480,504,[],0.0,0.0,0.0,0.0,0.9848232046353799,0.49241160231768993,290.7103297830531,203.49807928875123,-0.6865658283361675,97.99001808278263,object,0.6328125
7746,,,,,,,304,440,[],0.0,0.0,0.0,0.0,0.9743518859810788,0.4871759429905394,136.59405176085767,103.47053013782516,-0.05542986425339366,96.63152787834406,object,0.8125
7748,,,,,,,280,504,[],0.0,0.0,0.0,0.0,0.9560646239875479,0.47803231199377394,128.81342448171165,84.6097887664355,1.5966780238500853,95.01390112563968,object,0.703125
7750,,,,,,,411,504,[],0.0,0.0,0.0,0.0,0.9766867414334451,0.48834337071672257,94.0,51.48041439289232,3.4440333024976875,97.0939181279391,object,0.79296875
7754,,,,,,,480,504,[],0.0,0.0,0.0,0.0,0.9822473161165952,0.4911236580582976,162.0674236995112,118.76861165479112,2.491013071895425,97.64247993007302,object,0.73046875
7756,,,,,,,496,699,[],0.004752778842468379,0.0023820500998924235,0.005481389797542215,0.004195141755193179,0.9661098139639979,0.48515247785959553,130.93509692341897,59.2007333331555,-0.2346572839840314,95.90995986945927,object,0.65625
7758,,,,,,,480,616,[],0.945839636913767,0.8972445464982779,0.9646446834773409,0.9277537522258967,0.9985874661396964,0.9631706091827965,8.48528137423857,2.999691173614545,-0.038243025523615706,98.7100237980485,object,0.78515625
7760,,,,,,,480,504,[],0.9221171729696218,0.8554892515637357,0.8873228933631618,0.9597515728343281,0.9934167530781363,0.9765841629562322,13.371561584475295,4.5030154134245075,0.08162606872076142,99.02547090314329,object,0.74609375
7762,,,,,,,480,504,[],0.0,0.0,0.0,0.0,0.965791423989549,0.4828957119947745,128.08668919447618,87.5838132395417,1.6431575541895826,97.33738307841122,object,0.671875
7764,,,,,,,488,634,[],0.0,0.0,0.0,0.0,0.9740391022411468,0.4870195511205734,280.2326710982937,225.73346559670316,3.5981577432354634,97.80507395043969,object,0.4921875
7766,,,,,,,377,504,[],0.0,0.0,0.0,0.0,0.983035461918118,0.491517730959059,146.8071547001514,94.28643361998752,-0.482935719019218,100.34290188923478,object,0.80859375
777,,,,,,,669,743,[],0.9472693191745617,0.8998211379493708,0.9859980577381477,0.9114680246792675,0.9981803621377647,0.9548241934085161,22.11333282777659,7.4036736269742,-0.07558841771945288,97.24600100889802,object,0.5234375
7770,,,,,,,443,504,[],0.0,0.0,0.0,0.0,0.9817901589565458,0.4908950794782729,101.226227958191,52.253921679560584,-0.33107993915835726,97.36861404962838,object,0.70703125
7772,,,,,,,480,504,[],0.0396286231884058,0.020214855030611066,0.03834355828220859,0.041002811621368325,0.9815318196354333,0.5112673156284009,73.07602251498707,36.88441136194938,0.06935332708528585,97.59235801175237,object,0.640625
7774,,,,,,,543,892,[],0.0,0.0,0.0,0.0,0.9837920228925996,0.4918960114462998,166.74771093156681,107.93941828472175,1.7845165893685337,97.28761203587055,object,0.79296875
7776,,,,,,,488,640,[],0.0,0.0,0.0,0.0,0.835025541612308,0.417512770806154,252.76589958767272,140.27874402820126,2.9200824546103226,97.71566209383309,object,0.671875
7780,,,,,,,480,504,[],0.0,0.0,0.0,0.0,0.9779231540086676,0.4889615770043338,167.35590766492552,103.6596234465077,-0.5538704304374507,98.71274488978088,object,0.734375
7782,,,,,,,488,640,[],0.0,0.0,0.0,0.0,0.9565939163126801,0.47829695815634005,246.11775388464628,183.19093335346014,1.6121449559255632,98.71930489316583,object,0.55078125
7784,,,,,,,487,640,[],0.0,0.0,0.0,0.0,0.9420812634140797,0.47104063170703986,156.19378922508645,102.71481443083441,0.3800382348255536,97.02646709047258,object,0.46484375
7786,,,,,,,480,504,[],0.0,0.0,0.0,0.0,0.9737629544830538,0.4868814772415269,213.58991080749414,102.30660885054895,-0.7914400917397255,97.86084503866732,object,0.734375
7788,,,,,,,480,508,[],0.0,0.0,0.0,0.0,0.9827638190954774,0.4913819095477387,100.57583678429282,53.256637651527534,-0.18333333333333332,96.40510217286646,object,0.54296875
779,,,,,,,363,364,[],0.0,0.0,0.0,0.0,0.9640448378323141,0.48202241891615705,73.08214556237385,42.55589012177768,-0.06994713298088653,97.52785693854094,object,0.3671875
7790,,,,,,,296,504,[],0.0,0.0,0.0,0.0,0.9669832132990314,0.4834916066495157,105.0,60.14425170401441,1.6080428954423593,96.72462893649936,object,0.625
7792,,,,,,,402,784,[],0.0,0.0,0.0,0.0,0.917271547372975,0.4586357736864875,200.5315436519663,108.79546079810557,7.266090297790586,95.23175493814051,object,0.56640625
7794,,,,,,,487,640,[],0.0,0.0,0.0,0.0,0.9998667342746445,0.4999333671373222,304.21989672044907,269.73466091363724,-0.9898111332007953,97.97880705446005,object,0.365234375
7796,,,,,,,480,506,[],0.0,0.0,0.0,0.0,0.980587707772842,0.490293853886421,208.01580273882075,163.58146108376215,0.48452950558213714,97.26945194415748,object,0.7890625
7798,,,,,,,488,640,[],0.0,0.0,0.0,0.0,0.9471939180241349,0.47359695901206744,183.24231078497684,107.58279699280376,3.695940109415491,96.39056189917028,object,0.87890625
78,,,,,,,499,630,[],0.0,0.0,0.0,0.0,0.9315113544801276,0.4657556772400638,476.7966539683354,247.86167802606082,-0.905291402323942,97.366563975811,object,0.71875
7800,,,,,,,480,504,[],0.001053536277689983,0.0005270457697642164,0.003341540626099191,0.0006253497021360629,0.9732103603624898,0.4869178550323129,193.4441633731351,92.87918925731323,-0.8128558733502288,97.71721111610532,object,0.671875
7802,,,,,,,480,508,[],0.0,0.0,0.0,0.0,0.9762065883021296,0.4881032941510648,119.07287667946879,81.73928392495175,0.2811515969410706,97.75094292126596,object,0.75390625
7804,,,,,,,564,800,[],0.8822662308530411,0.7893348623853211,0.8063968133091207,0.97389458790237,0.9924381956917163,0.9831663917970432,21.949912868678087,7.530930282226615,0.20771135479306685,98.27496390789747,object,0.625
7806,,,,,,,487,640,[],0.868389662027833,0.7673928320449754,0.7694475760992108,0.9965322139076473,0.9946571043203647,0.995594659114006,15.556349186104045,5.461959407691954,0.2951268479649571,97.90415898896754,object,0.78515625
781,,,,,,,610,1090,[],0.9116454071923357,0.8376363854362335,0.9434108061878254,0.8819494610156892,0.9855585784111948,0.933754019713442,128.87435061253845,30.56981612713454,-0.06514801904855418,101.78101598285139,object,0.65625
7810,,,,,,,349,504,[],0.0,0.0,0.0,0.0,0.9624543132359841,0.48122715661799204,145.0560178355549,87.7349105915132,0.9926221948970181,99.55405606888235,object,0.66796875
7812,,,,,,,480,508,[],0.8937221351970117,0.8078640670950877,0.8458205040483522,0.947375143696513,0.9942714534492036,0.9708232985728583,17.694629926325653,5.357894382268093,0.12006641972154809,100.0881779473275,object,0.75390625
7814,,,,,,,376,504,[],0.0,0.0,0.0,0.0,0.9669422824001207,0.48347114120006035,167.0502771624284,116.54250110559789,0.5409547738693468,101.37083707377315,object,0.65234375
7816,,,,,,,480,504,[],0.0,0.0,0.0,0.0,0.9987933860914863,0.49939669304574313,189.10182407609608,164.56653262543713,-0.8162230671736375,99.34240183793008,object,0.72265625
7818,,,,,,,480,507,[],0.0,0.0,0.0,0.0,0.97311205720663,0.486556028603315,136.0316057944423,107.6584200076206,3.5489510489510487,98.84946001693606,object,0.453125
7820,,,,,,,355,505,[],0.0,0.0,0.0,0.0,0.9759304195461593,0.48796520977307967,144.34391014036288,80.96152051515735,-0.2772585669781931,100.86853615939617,object,0.29296875
7822,,,,,,,480,504,[],0.014035753236284318,0.007067475287713098,0.023329129886506934,0.0100373007799254,0.9727258721250137,0.49138158645246954,140.76785258978626,67.3175128429122,-0.569752458460495,99.27803999744356,object,0.70703125
7824,,,,,,,480,508,[],0.9402824133504493,0.8872952805504409,0.9761194029850746,0.9069836552748886,0.9990416907313525,0.9530126730031205,8.520514796885948,2.903943570647949,-0.070827142149579,100.66846082918346,object,0.859375
7828,,,,,,,457,680,[],0.0,0.0,0.0,0.0,0.9548168940102756,0.4774084470051378,234.54221298426745,158.36638722293816,1.236068237205524,101.42840794287622,object,0.75390625
783,,,,,,,453,784,[],0.0,0.0,0.0,0.0,0.9637685133602164,0.4818842566801082,308.9821678687054,234.85062667282182,0.4406059910478595,101.0985008906573,object,0.75
7832,,,,,,,357,504,[],0.0,0.0,0.0,0.0,0.9745440577001359,0.48727202885006793,122.44364514651531,77.48205616684305,-0.19404610637139227,100.89170699939132,object,0.6796875
7834,,,,,,,483,507,[],0.0006618659324367256,0.00033104251910115337,0.211864406779661,0.0003314506933948506,0.9994511817296627,0.49989131621152877,390.47150948521573,217.4705211968822,-0.9984355527271763,101.19855287484825,object,0.5234375
7836,,,,,,,451,615,[],0.0,0.0,0.0,0.0,0.974235241205919,0.4871176206029595,194.20697498334945,137.38008396684975,0.14517450434212684,101.14015289582312,object,0.482421875
7838,,,,,,,289,504,[],0.00461712264846014,0.0023139031114612052,0.46534653465346537,0.002320071083028927,0.9995693711223465,0.5009447211026877,145.34441853748632,85.42795201716393,-0.9950143153322144,100.0466370023787,object,0.52734375
7840,,,,,,,480,618,[],0.0,0.0,0.0,0.0,0.9914161188862423,0.49570805944312113,109.03439773571414,82.42090086494076,-0.2086082312284009,100.31942278146744,object,0.62890625
7842,,,,,,,818,1080,[],0.9642117471626211,0.9308965848196433,0.9579423868312757,0.9705637091394262,0.9994136196307755,0.9849886643851009,5.0,2.0537162490816274,0.013175450300200134,103.3267208840698,object,0.76171875
7846,,,,,,,480,508,[],0.0,0.0,0.0,0.0,0.9800385317658257,0.49001926588291284,221.211543580116,101.27849237005493,-0.8277183143094119,101.00603895261884,object,0.76953125
7848,,,,,,,343,504,[],0.0,0.0,0.0,0.0,0.969153481657411,0.4845767408287055,94.05344131655697,46.42455237066348,3.879373848987109,100.27206293307245,object,0.7265625
785,,,,,,,590,785,[],0.0,0.0,0.0,0.0,0.8809071348577173,0.44045356742885866,354.1520153541615,175.33625887823794,4.65901948460088,101.15029197186232,object,0.61328125
7850,,,,,,,607,960,[],0.0031974420463629096,0.0016012810248198558,0.0030161123898722123,0.0034019695613249777,0.9780229201294725,0.4907124448453987,152.0871343237023,77.42376264476574,0.1279319606087735,100.86219594813883,object,0.58203125
7852,,,,,,,480,504,[],0.0,0.0,0.0,0.0,0.9749175644861873,0.48745878224309364,198.0,155.8573183688606,-0.010036801605888258,100.96326796337962,object,0.79296875
7854,,,,,,,480,503,[],0.008756214686270976,0.004397359454855196,1.0,0.004397359454855196,1.0,0.5021986797274276,343.5520337474095,196.74847974990783,-0.9956026405451448,100.92737688682973,object,0.53125
7856,,,,,,,566,1280,[],0.0,0.0,0.0,0.0,0.951008521643866,0.475504260821933,317.83108657354404,204.23714104565076,9.467555555555556,101.63996298797429,object,0.765625
7858,,,,,,,385,504,[],0.002183406113537118,0.001092896174863388,0.0025053238131028436,0.0019347973299796847,0.9566528581460292,0.47929382773800444,99.96098806645331,55.3871632691994,-0.22772564573860887,101.23861394822598,object,0.8359375
7860,,,,,,,430,504,[],0.0,0.0,0.0,0.0,0.9779875859116745,0.4889937929558372,126.08845994970467,86.19310500824537,-0.28525096525096527,100.44597601518035,object,0.734375
7862,,,,,,,447,546,[],0.0,0.0,0.0,0.0,0.9722264150943396,0.4861132075471698,141.169205396578,96.74787650732449,0.19093851132686085,99.92177388630807,object,0.78125
7866,,,,,,,429,504,[],0.0,0.0,0.0,0.0,0.9732726889081659,0.48663634445408294,105.01190384423643,63.95493670908806,0.9315486275838699,101.35803697630763,object,0.671875
787,,,,,,,600,783,[],0.92901823174918,0.8674454218455073,0.8759935263441827,0.9888758069099914,0.9922546268945053,0.9905652169022483,18.0,6.063565707159725,0.1288620031667411,101.09595092944801,object,0.54296875
7870,,,,,,,487,640,[],0.0,0.0,0.0,0.0,0.9629944481863422,0.4814972240931711,181.09417345697418,123.35705645120555,0.9400068563592733,99.51657499186695,object,0.7578125
7875,,,,,,,344,434,[],0.004915237235429832,0.0024636733872995123,0.013810597519729425,0.002989627821842587,0.9736731223571546,0.4883313750894986,157.51745560075636,70.87052667329002,-0.7835265405735204,99.87634397111833,object,0.64453125
7877,,,,,,,335,504,[],0.7559055118110236,0.6075949367088608,0.6648199445983379,0.8759124087591241,0.999282180273602,0.9375972945163631,4.242640687119285,1.8394187374648583,0.3175182481751825,100.10086884722114,object,0.6953125
7879,,,,,,,487,616,[],0.44561877841956493,0.286685641998735,0.6296231984719569,0.3448407037565383,0.9926315389478266,0.6687361213521825,55.77240350427669,26.19609451811654,-0.45230622919638613,101.99779202230275,object,0.470703125
7881,,,,,,,351,504,[],0.0,0.0,0.0,0.0,0.9726672118320498,0.4863336059160249,96.10720719576064,52.91766487851012,-0.32909747292418773,101.36229707859457,object,0.7734375
7883,,,,,,,488,640,[],0.9407254275512121,0.8880845930026258,0.9272377000592769,0.9546113357235487,0.9967180350989769,0.9756646854112628,9.0,3.5386293670291677,0.029521702647036387,100.30831396579742,object,0.82421875
7885,,,,,,,487,612,[],0.0,0.0,0.0,0.0,0.9730355689059824,0.4865177844529912,176.01988510275075,110.31597036252147,-0.4123585194249006,101.38279688544571,object,0.60546875
7887,,,,,,,479,507,[],0.0,0.0,0.0,0.0,0.971130984604058,0.485565492302029,159.14270265424852,87.09952102491835,-0.4420823568798125,101.13573190756142,object,0.78125
7889,,,,,,,480,504,[],0.0,0.0,0.0,0.0,0.9808925742874207,0.49044628714371036,158.6680359321131,84.16776572504044,-0.5933873641554614,101.25213395804167,object,0.76171875
7891,,,,,,,374,504,[],0.0007643312101910828,0.00038231171148209506,0.0007173601147776184,0.0008178844056706652,0.9773897894258445,0.4891038369157576,73.00273959751037,37.20896398823244,0.1401308615049073,100.14934022910893,object,0.84765625
7893,,,,,,,388,504,[],0.0,0.0,0.0,0.0,0.9546824841550745,0.47734124207753725,182.8020707468631,112.0566699712825,6.54195205479452,99.59100699052215,object,0.76171875
7895,,,,,,,338,504,[],0.9299100140345083,0.8690016972689399,0.9920732781398626,0.875077688004972,0.9997254691427316,0.9374015785738519,6.324555320336759,2.784486423986606,-0.11793039154754506,100.46108602546155,object,0.7421875
7897,,,,,,,479,506,[],0.0,0.0,0.0,0.0,0.9837431026052944,0.4918715513026472,156.54504031404107,95.8363595687415,-0.7200420989324914,100.36320402286947,object,0.609375
7899,,,,,,,360,504,[],0.0,0.0,0.0,0.0,0.9805718392740831,0.49028591963704155,71.1800520549035,37.44653151986753,0.03345280764635603,101.06020094826818,object,0.765625
790,,,,,,,713,972,[],0.662014541674866,0.4947845565553184,1.0,0.4947845565553184,1.0,0.7473922782776592,156.84705926475002,62.05264970411509,-0.5052154434446816,101.8369768280536,object,0.54296875
7907,,,,,,,487,640,[],0.8235413290113452,0.7000172205958326,0.7685762904140669,0.8869735980798603,0.9960142886449558,0.9414939433624081,18.798391399765748,6.199791817603808,0.1540475670957888,100.68487212993205,object,0.61328125
7910,,,,,,,361,504,[],0.0,0.0,0.0,0.0,0.9781368488595928,0.4890684244297964,235.17227727774377,161.44898110824363,-0.6435229218185277,101.6145518515259,object,0.640625
7911,,,,,,,430,546,[],0.505533199195171,0.33826994278020867,0.34125636672325976,0.9747817652764307,0.9833274607035124,0.9790546129899715,63.0,17.031414055379066,1.8564500484966053,99.45583390071988,object,0.59375
7919,,,,,,,385,504,[],0.0,0.0,0.0,0.0,0.9827446426796801,0.49137232133984005,121.55882589608561,94.63283568140206,0.1563266736768314,100.11309897527099,object,0.7578125
792,,,,,,,590,785,[],0.0,0.0,0.0,0.0,0.9021182675344896,0.4510591337672448,401.41331497852866,204.8048698878892,-0.5427203370112297,99.46681396104395,object,0.53125
7921,,,,,,,386,504,[],0.0,0.0,0.0,0.0,0.9743905584595381,0.4871952792297691,163.73376803547356,125.63996211442326,0.0633879781420765,101.1618219781667,object,0.8046875
7923,,,,,,,255,504,[],0.0,0.0,0.0,0.0,0.9662922445790193,0.48314612228950965,298.88375141400786,172.14135799551818,-0.8679801071155318,99.74860004149377,object,0.5
7927,,,,,,,480,618,[],0.0,0.0,0.0,0.0,0.959898054173538,0.479949027086769,232.22703127030707,101.84659776905212,0.17116383260360452,100.35871504805982,object,0.39453125
7929,,,,,,,380,504,[],0.0,0.0,0.0,0.0,0.9776676369548685,0.48883381847743423,99.16470944732679,56.86069366773728,3.9801169590643273,99.96598609723151,object,0.7890625
7931,,,,,,,480,504,[],0.5095027836436936,0.3418341061308604,0.9567411679884643,0.34720041862899004,0.9997480029231661,0.673474210776078,25.536171668360527,13.24409592166412,-0.6371009942438514,100.93437717296183,object,0.46484375
7933,,,,,,,480,504,[],0.0,0.0,0.0,0.0,0.9750977717926764,0.4875488858963382,120.88711485799713,76.71900774121919,-0.39015909809293015,101.63279296830297,object,0.71484375
7935,,,,,,,460,614,[],0.0,0.0,0.0,0.0,0.9775571545678112,0.4887785772839056,231.23254507482218,180.88335677982423,-0.22661644695543,100.79896403476596,object,0.412109375
7937,,,,,,,387,702,[],0.0,0.0,0.0,0.0,0.9715139621284755,0.48575698106423776,136.28811211509867,86.1292648027203,0.6300900128589798,102.06768312491477,object,0.69140625
7939,,,,,,,487,617,[],0.0,0.0,0.0,0.0,0.9742904669627699,0.48714523348138494,270.7409224931899,213.42793655247837,-0.15907561139780121,100.25537107139826,object,0.80859375
794,,,,,,,546,808,[],0.0,0.0,0.0,0.0,0.9801336097673348,0.4900668048836674,143.54615322002923,84.2273379632204,0.22014714204867006,101.42054804600775,object,0.6640625
7941,,,,,,,424,504,[],0.0,0.0,0.0,0.0,0.9788836327384327,0.48944181636921635,214.47488958158533,130.9141261063244,-0.5234891927657698,101.33286588825285,object,0.7421875
7947,,,,,,,480,504,[],0.0,0.0,0.0,0.0,0.9770901273039109,0.48854506365195544,238.91996566341942,113.37449242474422,-0.8642622012308573,99.04397511854768,object,0.71875
7949,,,,,,,480,508,[],0.0,0.0,0.0,0.0,0.9840330822967575,0.4920165411483787,120.18822174060314,86.1453636130312,1.1750140686550365,100.7403819821775,object,0.7421875
7951,,,,,,,517,815,[],0.0,0.0,0.0,0.0,0.9823602706448824,0.4911801353224412,180.7005810555078,135.75215048722976,0.009954375777685608,101.80279705673456,object,0.765625
7953,,,,,,,480,504,[],0.0,0.0,0.0,0.0,0.9801903979882477,0.49009519899412385,195.22461284716326,136.0160299494376,-0.42772424017790955,100.77677294611931,object,0.7265625
7955,,,,,,,480,504,[],0.006526616357332245,0.0032739922242684674,0.16494845360824742,0.0033291718684977114,0.9996583921657937,0.5014937820171457,69.18091202601533,40.18086286997895,-0.9798168955472326,101.1206810362637,object,0.6171875
7959,,,,,,,557,701,[],0.0,0.0,0.0,0.0,0.8870953851132517,0.44354769255662585,249.40838041303596,131.93469538752478,4.939319055464031,101.72734502702951,object,0.625
7962,,,,,,,422,504,[],0.7975919000273648,0.663328781671977,0.6659051100449318,0.994201250710631,0.978483812587975,0.9863425316493031,37.54487283743043,10.91332057640972,0.4930073905628198,100.72682215832174,object,0.67578125
7964,,,,,,,564,912,[],0.0,0.0,0.0,0.0,0.9806513276450852,0.4903256638225426,314.0465652620148,234.17658607274112,-0.2011017018827592,101.49353998713195,object,0.7109375
7966,,,,,,,292,435,[],0.0,0.0,0.0,0.0,0.9448659384309831,0.47243296921549155,148.24149470186538,95.2628104710804,5.06113537117904,100.93355714343488,object,0.42578125
7968,,,,,,,320,380,[],0.7852302345786273,0.646402517522529,0.680162552679109,0.9286888614878751,0.9817962204670447,0.9552425409774599,21.095023109728988,8.09648005706401,0.3653925195232224,97.98820083960891,object,0.70703125
797,,,,,,,608,525,[],0.19083131748185733,0.10548011322871417,1.0,0.10548011322871417,1.0,0.5527400566143571,182.37433630159524,90.16759352214936,-0.8945198867712858,101.00970906205475,object,0.427734375
7970,,,,,,,480,504,[],0.0,0.0,0.0,0.0,0.9768442015168849,0.48842210075844245,118.71394189394942,82.38033110999993,-0.07529610829103214,100.42252601124346,object,0.83984375
7974,,,,,,,443,544,[],0.0,0.0,0.0,0.0,0.9771112360115335,0.48855561800576675,202.81878274740654,98.99069357124722,-0.7738702541645975,101.7233650200069,object,0.69921875
7976,,,,,,,480,508,[],0.0,0.0,0.0,0.0,0.980468701280884,0.490234350640442,154.03149013606563,109.60525815906234,0.4223433242506812,100.04332708194852,object,0.73046875
7978,,,,,,,488,640,[],0.0012439483593329748,0.0006223612723082875,0.002289745652577511,0.000853931547000854,0.9400649092348815,0.4704594203909412,296.0579310907064,133.67424135439398,-0.6270627062706271,101.20506398379803,object,0.58984375
7980,,,,,,,472,504,[],0.0,0.0,0.0,0.0,0.9794295501415639,0.4897147750707819,135.10642600335024,73.4283003278227,-0.47781721384205855,101.13170207478106,object,0.81640625
7982,,,,,,,480,616,[],0.0,0.0,0.0,0.0,0.9443609073946237,0.4721804536973119,288.74737604093957,210.77993545455712,4.317112998040496,100.62207002192736,object,0.8125
7984,,,,,,,312,504,[],0.0,0.0,0.0,0.0,0.9679586397353971,0.48397931986769854,174.60810727163923,130.16028379803328,2.2333117303953336,100.78221396543086,object,0.7265625
7988,,,,,,,396,504,[],0.0,0.0,0.0,0.0,0.9691751334596177,0.48458756672980885,191.42047621955734,145.94763775791236,1.8359739049394221,101.16273304447532,object,0.65234375
799,,,,,,,426,544,[],0.004002760524499655,0.00200539381785492,0.026466753585397653,0.0021651023890784985,0.945885030148423,0.47402506626875074,371.6936895154837,165.0675712637352,-0.9181953924914675,101.77113697864115,object,0.640625
7990,,,,,,,598,618,[],0.0,0.0,0.0,0.0,0.9782924169177936,0.4891462084588968,218.00034403488746,106.84608715743305,-0.8032996651329939,100.97749810665846,object,0.6953125
7992,,,,,,,487,640,[],0.0,0.0,0.0,0.0,0.9732881136950904,0.4866440568475452,178.12495210714556,124.84794725064856,2.9759615384615383,100.35889409482479,object,0.78125
7994,,,,,,,483,507,[],0.01391317427190855,0.007005320256735521,0.07568009817958683,0.007660772702803429,0.9770122543658404,0.4923365135343219,233.815094168751,115.86241789271158,-0.8987742763675515,101.14107187837362,object,0.77734375
7996,,,,,,,444,544,[],0.0038878504672897195,0.0019477114390591055,0.0045912060745188065,0.0033713692946058093,0.9758921239906938,0.4896317466426498,118.62615672903756,58.16782145064797,-0.26568983402489627,101.53944091871381,object,0.7109375
7998,,,,,,,480,508,[],0.0,0.0,0.0,0.0,0.966102044776181,0.4830510223880905,158.9632031077077,118.50260862185688,4.090514569125853,99.83093198388815,object,0.58203125
8,,,,,,,600,466,[],0.9748855806883333,0.9510017246103509,0.9947567184813029,0.9557927817015486,0.9985725301558742,0.9771826559287113,8.602325267042627,3.284690818892032,-0.03916931251214929,101.26555501483381,object,0.80859375
8000,,,,,,,480,508,[],0.0,0.0,0.0,0.0,0.9773856203499155,0.48869281017495775,139.12943613772032,71.21532407265616,-0.5824219685479365,101.48434992879629,object,0.7265625
8004,,,,,,,480,508,[],0.0037479921470640726,0.0018775145283862315,0.336,0.00188450666307713,0.9996253718071973,0.5007549392351373,160.87634121976785,92.5737674221485,-0.9943913492170323,100.46107601374388,object,0.52734375
8006,,,,,,,480,508,[],0.0,0.0,0.0,0.0,0.9770528693254947,0.48852643466274737,128.65846260545786,83.56743867418244,0.8534540576794097,101.28527483902872,object,0.73828125
801,,,,,,,608,588,[],0.0011876820405508583,0.0005941938769735726,0.0010290586563434115,0.00140411874832843,0.9404871726006282,0.47094564567447833,147.98563895266602,89.97007277564795,0.3644691093875368,101.3349371496588,object,0.4375
8010,,,,,,,453,504,[],0.0,0.0,0.0,0.0,0.9769718107768041,0.48848590538840203,96.44583758328375,57.182772718638496,1.8865522966242392,102.00086189433932,object,0.7578125
8014,,,,,,,443,544,[],0.0,0.0,0.0,0.0,0.9765998674428716,0.4882999337214358,201.76532937551968,155.76536827013032,0.3476780938487722,101.76858492195606,object,0.81640625
8016,,,,,,,483,507,[],0.0026422406200457987,0.001322867977775818,0.004373177842565598,0.0018929833417465926,0.985588102482729,0.4937405429122378,106.0306552890175,50.46339269028854,-0.5671378091872792,100.38822516798973,object,0.73828125
8018,,,,,,,480,508,[],0.0032363914235627273,0.0016208185133492414,0.6101694915254238,0.0016224986479177934,0.9997693819436089,0.5006959402957634,242.42256340691836,140.32006559717854,-0.9973409049936903,99.27964000962675,object,0.640625
8020,,,,,,,478,504,[],0.0,0.0,0.0,0.0,0.9870502455483914,0.4935251227741957,134.848970271265,103.97196631921791,1.1415745856353592,100.73860292322934,object,0.70703125
8022,,,,,,,480,504,[],0.0,0.0,0.0,0.0,0.9751245235122937,0.48756226175614686,123.80059660117577,83.9341314457133,1.47528043207312,100.98724812269211,object,0.765625
8024,,,,,,,480,621,[],0.938744610118166,0.884560511134545,0.9179272610234953,0.9605280883739727,0.9954984217996427,0.9780132550868077,8.94427190999916,3.8754896099807232,0.046409807355516634,100.3827250096947,object,0.60546875
8028,,,,,,,349,508,[],0.0,0.0,0.0,0.0,0.9722632768823642,0.4861316384411821,158.47079336483466,115.45451274224115,-0.2230404189167076,100.51279701292515,object,0.81640625
8030,,,,,,,484,613,[],0.38060046189376445,0.23502567027952082,0.2377723272255086,0.9531521110468479,0.9456304351554862,0.9493912731011671,169.2310409701403,75.66514945918605,3.0086755349913243,101.07366996817291,object,0.443359375
8032,,,,,,,487,640,[],0.0,0.0,0.0,0.0,0.9320132783959164,0.4660066391979582,215.07577064669366,85.56150072648889,0.7059857681038091,100.77874292619526,object,0.451171875
8034,,,,,,,550,815,[],0.0,0.0,0.0,0.0,0.9758040593021333,0.48790202965106666,214.82865199899203,152.2961212248243,0.607492101700015,102.69025713205338,object,0.734375
8036,,,,,,,539,815,[],0.0,0.0,0.0,0.0,0.9993963090795623,0.49969815453978117,520.1999615532474,371.81431485179775,-0.9949250535331906,102.0613128785044,object,0.40625
8038,,,,,,,457,680,[],0.0,0.0,0.0,0.0,0.9993532001354555,0.49967660006772774,473.76154339498686,412.00823683574134,-0.9876455368693402,102.83340094611049,object,0.314453125
8040,,,,,,,480,508,[],8.213552361396303e-05,4.1069448437307486e-05,0.0006662225183211193,4.3765591491969016e-05,0.9932123932648841,0.49662807942818804,161.43479708111926,86.9670016692588,-0.9343078471705545,101.56818083487451,object,0.40625
8042,,,,,,,280,435,[],0.019760056457304165,0.009978617248752673,0.2692307692307692,0.010256410256410256,0.9996844771038319,0.5049704436801211,32.05299382497324,18.742598085378862,-0.9619047619047619,100.29425309039652,object,0.443359375
8044,,,,,,,472,815,[],0.0,0.0,0.0,0.0,0.9748421170530814,0.4874210585265407,262.547519493455,129.134521678097,-0.7598618383179363,100.94269714318216,object,0.61328125
8046,,,,,,,545,816,[],0.0,0.0,0.0,0.0,0.982527522427983,0.4912637612139915,260.75601619864096,205.20261875077722,2.716482460355598,102.01018187217414,object,0.75390625
8048,,,,,,,503,688,[],0.0,0.0,0.0,0.0,0.9396349156400445,0.46981745782002227,236.0608998647235,146.64609240601274,2.4022874191944306,101.83613793924451,object,0.419921875
8050,,,,,,,481,504,[],0.0,0.0,0.0,0.0,0.9840435070920063,0.49202175354600314,123.01625908797584,84.5248895554036,0.4454098979977333,100.27900291606784,object,0.734375
8054,,,,,,,483,509,[],0.918227215980025,0.8488170802077323,0.8520949990345627,0.9954883825851568,0.9968270274300579,0.9961577050076074,8.06225774829855,2.9734056541776854,0.16828332957365216,98.9997941069305,object,0.71484375
8056,,,,,,,488,640,[],0.0,0.0,0.0,0.0,0.9397605780779302,0.4698802890389651,275.0743531030278,208.277249293202,1.4198523596098076,101.03038884699345,object,0.51953125
8058,,,,,,,480,613,[],0.0,0.0,0.0,0.0,0.9818676964707755,0.49093384823538777,159.33094457232514,97.4405608662393,-0.002474776318294308,102.0721928216517,object,0.466796875
806,,,,,,,514,601,[],0.11099232968971323,0.05875695024122466,1.0,0.05875695024122466,1.0,0.5293784751206123,192.5333711497749,98.84262878083616,-0.9412430497587754,101.46281914785504,object,0.546875
8060,,,,,,,564,623,[],0.0,0.0,0.0,0.0,0.9751459750900572,0.4875729875450286,136.5269202729583,85.93983498099347,-0.2712288574387297,101.66850406676531,object,0.8203125
8062,,,,,,,488,634,[],0.8953185498064062,0.8104766760132551,0.9272382618839312,0.8655233428610317,0.9983479282888311,0.9319356355749314,20.439968069114556,4.669680622463647,-0.06655777868517762,100.94162705354393,object,0.75390625
8067,,,,,,,483,507,[],0.0,0.0,0.0,0.0,0.9754872337211059,0.48774361686055295,123.89027187937394,83.87955159346815,-0.1145975443383356,100.96843796782196,object,0.63671875
8069,,,,,,,405,504,[],0.9331581540482838,0.874692118226601,0.960446247464503,0.9073778345576493,0.9994178785903706,0.95339785657401,4.030776406404415,1.9038654272640514,-0.055253912488023,101.15004191175103,object,0.75390625
807,,,,,,,514,601,[],0.0,0.0,0.0,0.0,0.9797125529024598,0.4898562764512299,249.99748974784845,140.38913144393663,-0.7999648444366321,100.4770069848746,object,0.73828125
8071,,,,,,,582,785,[],0.0,0.0,0.0,0.0,0.9822937320257935,0.49114686601289675,107.71720739404866,61.81412071858717,-0.11947590495225405,101.5837718732655,object,0.72265625
8073,,,,,,,373,456,[],0.0,0.0,0.0,0.0,0.96114715423179,0.480573577115895,146.87475244886272,96.36863813800991,-0.1360655737704918,101.6474231146276,object,0.6640625
8075,,,,,,,567,1256,[],0.0,0.0,0.0,0.0,0.8860909722695769,0.44304548613478845,534.7317084295638,359.6714212715474,2.4270810598454755,102.48710191808641,object,0.62109375
8077,,,,,,,470,504,[],0.0,0.0,0.0,0.0,0.9728970537144213,0.48644852685721063,135.95693984861182,85.21263961395978,6.490632318501171,100.90366611257195,object,0.80859375
8079,,,,,,,480,508,[],0.009077356302799404,0.00455937167199148,0.0316543438077634,0.005298371814208919,0.9807737300615186,0.49303605093786373,177.0,82.42748523642358,-0.8326178597671811,101.3757970649749,object,0.66015625
8081,,,,,,,310,434,[],0.0,0.0,0.0,0.0,0.9674409555390133,0.48372047776950666,178.76269181575282,92.02941966816087,-0.7642122028914482,99.9474951531738,object,0.671875
8084,,,,,,,483,504,[],0.0,0.0,0.0,0.0,0.9783658144108708,0.4891829072054354,132.1854757528224,96.09495613246465,0.7739515854074327,100.33993399702013,object,0.765625
8088,,,,,,,480,508,[],0.0,0.0,0.0,0.0,0.9829495816064161,0.49147479080320805,257.77703543954414,224.79850295675018,0.7742352434295562,101.25240497291088,object,0.408203125
8092,,,,,,,480,508,[],0.0,0.0,0.0,0.0,0.9759077424476664,0.4879538712238332,185.51684343698471,144.74734072867767,0.27849223946784923,101.56568186357617,object,0.69921875
8094,,,,,,,480,508,[],0.834190966266438,0.7155468366846494,0.7634746206174777,0.9193446754883428,0.9981341820328334,0.9587394287605882,10.261473251156497,3.4865521288264802,0.20415879017013233,101.00185801275074,object,0.640625
8095,,,,,,,444,544,[],0.0,0.0,0.0,0.0,0.9845547142799981,0.49227735713999904,168.2383721946849,79.685638205142,-0.790886655029194,101.60723282024264,object,0.68359375
8097,,,,,,,480,504,[],0.9634108527131783,0.9294047262937482,0.9695236114000416,0.9573746918652424,0.998738069806705,0.9780563808359737,4.0,1.8560050775896098,-0.012530813475760065,100.65604094415903,object,0.6796875
8098,,,,,,,452,504,[],0.0,0.0,0.0,0.0,0.9809611525643935,0.49048057628219677,89.47484734246599,58.473112929131034,0.3997383055282957,100.70682200603187,object,0.6328125
81,,,,,,,499,630,[],0.960927491673072,0.9247934903217853,0.95456859251718,0.9673716791333505,0.9988356771988416,0.983103678166096,4.123105625617661,1.783545496722582,0.013412432293010059,100.67912214435637,object,0.65625
8100,,,,,,,385,504,[],0.9437932871603623,0.8935687263556116,0.9769750448090445,0.9127914466056937,0.9991034856691916,0.9559474661374426,8.43746734963791,2.571601802037544,-0.06569625144918202,101.1270119342953,object,0.7109375
8102,,,,,,,462,504,[],0.0,0.0,0.0,0.0,0.9798888476551147,0.4899444238275574,123.90699394101084,64.91755214034903,-0.5106082036775106,99.69709906727076,object,0.7109375
8104,,,,,,,487,614,[],0.13760217983651227,0.07388441843452817,0.5976331360946746,0.07775211701308699,0.9997715967069619,0.5387618568600244,32.132529532355036,13.457248781627309,-0.8698999230177059,100.5689890589565,object,0.59375
8106,,,,,,,403,504,[],0.0,0.0,0.0,0.0,0.9733152253707238,0.4866576126853619,327.4434616258213,150.89850842262152,-0.8899818401937046,101.20322392322123,object,0.625
8108,,,,,,,483,504,[],0.0,0.0,0.0,0.0,0.9580690480742853,0.47903452403714264,231.69288912081257,163.7694939827071,2.544624033731553,100.30817310325801,object,0.515625
8110,,,,,,,430,504,[],0.0,0.0,0.0,0.0,0.9794439181365694,0.4897219590682847,216.79655889257728,107.831943442278,-0.7618051925422548,101.12251108512282,object,0.71484375
8112,,,,,,,480,504,[],0.0,0.0,0.0,0.0,0.9697268961838804,0.4848634480919402,230.3388807822075,182.11589860400193,2.7487100103199174,100.08605802431703,object,0.66796875
8114,,,,,,,488,640,[],0.0,0.0,0.0,0.0,0.9317791411042945,0.46588957055214725,240.0,146.06273105844878,7.06412213740458,101.52448108419776,object,0.75
8116,,,,,,,427,504,[],0.0,0.0,0.0,0.0,0.9721564427819425,0.48607822139097123,189.18368200506927,101.61099604293408,-0.6604745263932316,101.62410303018987,object,0.765625
8118,,,,,,,384,504,[],0.0,0.0,0.0,0.0,0.9689613391193881,0.48448066955969404,103.56035955694169,64.69815769596858,-0.060429794797220875,100.19716015085578,object,0.7421875
8124,,,,,,,429,504,[],0.4583707696915244,0.29732880038853815,0.43197854925204626,0.4881977671451356,0.9808284034942318,0.7345130853196837,62.9702304678431,27.094725084023825,0.13014354066985645,101.18807293474674,object,0.375
8126,,,,,,,356,504,[],0.0,0.0,0.0,0.0,0.9948008546859262,0.4974004273429631,164.2272779949006,112.39927192412881,-0.8834964122635356,100.30897310934961,object,0.57421875
8128,,,,,,,549,624,[],0.0005674563767910342,0.0002838087129274869,0.0012376237623762376,0.0003681207436039021,0.9798780715861914,0.4901230961648977,148.0270170099131,78.1058201454692,-0.7025584391680472,100.59648985043168,object,0.625
813,,,,,,,789,750,[],0.0,0.0,0.0,0.0,0.9619891533731194,0.4809945766865597,433.99423077513995,210.96096266524003,-0.8891102873030584,104.0337469894439,object,0.58203125
8132,,,,,,,509,815,[],0.0,0.0,0.0,0.0,0.8753201077664104,0.4376600538832052,243.3939192608443,124.23080369090722,0.9666019731521915,100.59877997264266,object,0.7421875
8134,,,,,,,480,616,[],0.17266294350628905,0.09448883165407601,0.983666918429003,0.09463730993514632,0.9990678176155529,0.5468525637753496,271.722164885125,113.25973568670338,-0.9037913056115683,102.16427594423294,object,0.39453125
8136,,,,,,,480,508,[],0.9092440513792377,0.8335907335907335,0.931205520810869,0.8882945895906192,0.998665154678863,0.943479872134741,9.0,3.2357744080202013,-0.04608105328121786,100.93515808694065,object,0.66796875
8140,,,,,,,525,867,[],0.0,0.0,0.0,0.0,0.9671757983608874,0.4835878991804437,255.31783974205027,177.17044027281162,5.616377392078327,101.17473313584924,object,0.62109375
8142,,,,,,,324,437,[],0.0,0.0,0.0,0.0,0.959001926264391,0.4795009631321955,223.58510231782898,110.07756664854396,-0.8473292630033697,100.62073008157313,object,0.578125
8144,,,,,,,487,640,[],0.0,0.0,0.0,0.0,0.9693104784040286,0.4846552392020143,287.8185181360899,226.1218022439826,4.003684210526316,100.20107100717723,object,0.79296875
8146,,,,,,,480,504,[],0.0,0.0,0.0,0.0,0.9701081031976744,0.4850540515988372,186.28553173262256,94.60908684502093,-0.6975643382352941,100.68139177747071,object,0.796875
8148,,,,,,,483,507,[],0.8260276050356439,0.7036175710594316,0.8204278397107563,0.8317043372021992,0.9975331840550977,0.9146187606286484,12.45767284196175,5.0886347867901485,0.013744654856444716,100.92945699580014,object,0.58984375
815,,,,,,,789,923,[],0.006981363556698019,0.0035029093200838355,0.039361001317523056,0.0038303737419065325,0.9676578709530753,0.4857441223474909,433.3587423521056,234.29094898494841,-0.9026860696198474,102.18812618404627,object,0.65234375
8150,,,,,,,356,504,[],0.0,0.0,0.0,0.0,0.9768969577012985,0.48844847885064924,113.45086702881353,81.09672073720233,0.1273938384679434,99.93889485485852,object,0.6640625
8152,,,,,,,290,440,[],0.012984533129654382,0.0065346915241206996,0.014075760712067896,0.012050327839801525,0.9609452511950933,0.48649778951744743,97.00489677711109,50.64944676984991,-0.14389509126351233,101.44314798526466,object,0.51171875
8156,,,,,,,342,504,[],0.0,0.0,0.0,0.0,0.9921052940279423,0.49605264701397117,223.37636401374252,183.37132265851602,-0.28175026680896476,100.17558094114065,object,0.609375
8158,,,,,,,340,504,[],0.0,0.0,0.0,0.0,0.9764063044758894,0.4882031522379447,150.55363029085876,100.85815759925029,-0.2153138744502199,101.02605004794896,object,0.7578125
8160,,,,,,,488,644,[],0.0,0.0,0.0,0.0,0.9957382321816223,0.49786911609081114,80.90683200432339,58.31614314300168,-0.10596914822266935,100.31227301806211,object,0.78125
8162,,,,,,,454,635,[],0.9163533834586466,0.8456201214223764,0.9075395594166925,0.9253400822524518,0.9989548590287204,0.9621474706405861,5.743903072168841,2.494861763398238,0.019614046187915218,100.749233039096,object,0.61328125
8166,,,,,,,394,504,[],0.0,0.0,0.0,0.0,0.9729656790238789,0.48648283951193944,195.6008653605799,152.27121212472278,-0.11636980491942324,98.73658698052168,object,0.69140625
8168,,,,,,,373,504,[],0.005821474773609315,0.0029192345118391177,0.0038119440914866584,0.012311901504787962,0.9747815364820672,0.4935467189934276,73.74539846332367,34.62798507528845,2.2298221614227085,99.84662313945591,object,0.62109375
817,,,,,,,789,923,[],0.23977478818720732,0.13621824444854524,0.9813871039220031,0.13657107616404562,0.9996006066974453,0.5680858414307455,245.20399670478457,100.47097470083656,-0.8608387295713845,99.26308994181454,object,0.47265625
8170,,,,,,,488,634,[],0.0,0.0,0.0,0.0,0.9661295224503819,0.48306476122519093,185.564274575201,123.34877564630543,0.5348802395209581,97.75831596925855,object,0.796875
8172,,,,,,,535,808,[],0.0,0.0,0.0,0.0,0.9994035129081693,0.49970175645408466,434.4062020391531,377.77502367969083,-0.968880688806888,98.16890419460833,object,0.3984375
8174,,,,,,,471,616,[],0.0,0.0,0.0,0.0,0.9726856247540587,0.48634281237702937,240.3507851970106,151.14960215527563,-0.4241570895806378,98.26837689615786,object,0.8515625
8178,,,,,,,557,816,[],0.0,0.0,0.0,0.0,0.9723015161933337,0.48615075809666686,273.6044589654954,195.11022444352886,-0.4700332225913621,98.4882318880409,object,0.62109375
8180,,,,,,,487,640,[],0.0,0.0,0.0,0.0,0.999850224337894,0.499925112168947,248.9177540934429,217.02462702079993,-0.98989898989899,99.82384205795825,object,0.326171875
8182,,,,,,,402,504,[],0.0,0.0,0.0,0.0,0.9738296957588326,0.4869148478794163,127.0,85.33815534554488,0.05527228227615746,97.72233502008021,object,0.78515625
8184,,,,,,,368,504,[],0.0,0.0,0.0,0.0,0.9696289050707049,0.48481445253535244,155.02015226951139,74.84894715978774,-0.7466505490077566,97.68285299651325,object,0.75
8186,,,,,,,480,504,[],0.0,0.0,0.0,0.0,0.9326103044826614,0.4663051522413307,210.12912627761227,148.955665698834,0.02588519313304721,97.95766999013722,object,0.65234375
8188,,,,,,,480,618,[],0.0,0.0,0.0,0.0,0.956924614652614,0.478462307326307,295.15211509855925,227.64631936684955,1.7958231504110198,98.74229785054922,object,0.75
8190,,,,,,,483,616,[],0.0,0.0,0.0,0.0,0.9739740556416742,0.4869870278208371,95.71833680126291,43.92614730782533,1.2785714285714285,97.30534488335252,object,0.76953125
8192,,,,,,,333,504,[],0.016915374520001945,0.008529829893622236,0.041746641074856046,0.010606522401706796,0.9736242545913212,0.492115388496514,156.6954882877141,66.80294290550003,-0.7459311185614143,99.96205498464406,object,0.38671875
8194,,,,,,,582,858,[],0.0,0.0,0.0,0.0,0.97017511574098,0.48508755787049,299.6339332973145,206.6466704080393,-0.08320091527362868,96.16503887809813,object,0.77734375
8196,,,,,,,379,784,[],0.0,0.0,0.0,0.0,0.897577733562105,0.4487888667810525,163.14027615004775,91.84942755760278,-0.2147128314324884,99.16536789387465,object,0.515625
82,,,,,,,499,630,[],0.0,0.0,0.0,0.0,0.9670978638392942,0.4835489319196471,300.94409756163884,167.94282851075008,-0.8342838489160281,98.57874410226941,object,0.7734375
8200,,,,,,,589,745,[],0.9556697281076657,0.9151029648656885,0.9554090909090909,0.9559305075495725,0.9976464491611426,0.9767884783553575,9.219544457292887,3.3559215256631516,0.0005457522284882663,98.31989789381623,object,0.7578125
8205,,,,,,,482,621,[],0.0,0.0,0.0,0.0,0.975306964362866,0.487653482181433,156.1252627022149,99.10470637812735,-0.4246630946582237,101.4520088210702,object,0.84765625
8207,,,,,,,276,504,[],0.0,0.0,0.0,0.0,0.9611308225891005,0.48056541129455027,100.64912934784621,50.711798380383605,-0.31631698516637713,100.04777694121003,object,0.734375
8209,,,,,,,469,814,[],0.0,0.0,0.0,0.0,0.9748980085551854,0.4874490042775927,252.34555593009193,158.62280600830545,-0.49300388672959466,100.16054986044765,object,0.82421875
821,,,,,,,604,657,[],0.16919324462008706,0.0924145839657324,1.0,0.0924145839657324,1.0,0.5462072919828662,187.01283147215872,113.52204524814769,-0.9075854160342676,100.87319603189826,object,0.77734375
8211,,,,,,,302,504,[],0.0,0.0,0.0,0.0,0.9659650336624178,0.4829825168312089,136.07496556473103,87.42069627673578,1.7040169133192389,101.47292003966868,object,0.85546875
8214,,,,,,,488,640,[],0.0,0.0,0.0,0.0,0.9041532586490059,0.45207662932450293,198.59326288270384,104.37461231778074,1.2523533103231879,99.88042409531772,object,0.546875
8216,,,,,,,488,634,[],0.9549507052219445,0.9137853209352713,0.9656554092730395,0.9444807315480078,0.9987946764878212,0.9716377040179145,9.471269795094159,2.3478109854664364,-0.021927778296164973,97.19706396572292,object,0.77734375
8219,,,,,,,488,634,[],0.8336028751123091,0.7146818672007395,0.722023346303502,0.9859723698193411,0.9880926188904667,0.9870324943549039,22.83417607290903,8.26942854986332,0.3655685441020191,97.46717917732894,object,0.69140625
8221,,,,,,,605,945,[],0.0,0.0,0.0,0.0,0.9837779392736232,0.4918889696368116,160.38609761928493,104.70373142357764,0.21138318994043678,99.66992889530957,object,0.63671875
8223,,,,,,,660,1072,[],0.8094397312777227,0.6798813571583593,0.7422794408024642,0.8899621212121213,0.9953182392102846,0.942640180211203,26.162935153025376,10.853985053891744,0.19895833333333332,102.85837110131979,object,0.4765625
8227,,,,,,,660,896,[],0.0,0.0,0.0,0.0,0.9840213254178052,0.4920106627089026,351.192109582962,289.49438771605253,0.43372200061368515,102.61668497696519,object,0.71875
8229,,,,,,,660,1031,[],0.0,0.0,0.0,0.0,0.9775210893867269,0.48876054469336344,297.05689681464946,221.18198820695747,0.3473938742611499,101.71871492639184,object,0.54296875
823,,,,,,,789,600,[],0.6474831666121681,0.47872466399573704,1.0,0.47872466399573704,1.0,0.7393623319978685,199.0,102.73344123888248,-0.521275336004263,101.9395801704377,object,0.6484375
8231,,,,,,,600,760,[],0.0,0.0,0.0,0.0,0.9667665141977868,0.4833832570988934,171.23273635044274,83.73700472839832,2.010443864229765,100.1976109109819,object,0.8203125
8234,,,,,,,687,1100,[],0.0,0.0,0.0,0.0,0.9788744401906482,0.4894372200953241,277.5831358155056,194.5979904771177,2.1730692276910766,102.42323996499181,object,0.7421875
8236,,,,,,,600,912,[],0.0,0.0,0.0,0.0,0.9961672787863295,0.49808363939316475,134.08630638739555,92.82585841439979,-0.39786188962727537,101.72855504788458,object,0.57421875
8238,,,,,,,600,760,[],0.0,0.0,0.0,0.0,0.9505319646812892,0.4752659823406446,337.6536687198882,235.18840179301205,2.046527587153445,102.10213391110301,object,0.5546875
8242,,,,,,,660,1031,[],5.742258717466515e-05,2.8712117949380537e-05,5.067909993918508e-05,6.62361318099023e-05,0.9393139719960324,0.46969010406392114,201.64051464676595,99.59421313930584,0.3069713528729922,102.03954321332276,object,0.671875
8244,,,,,,,600,650,[],0.010878397669123945,0.005468945516642377,0.020581147336638874,0.007393034825870647,0.8778652849740932,0.4426291598999819,259.25045708648224,98.16977365126871,-0.6407860696517413,102.96120308339596,object,0.55859375
8246,,,,,,,660,1031,[],0.0,0.0,0.0,0.0,0.9838811280060714,0.4919405640030357,188.0126324943563,121.10550271253233,-0.21703336733207051,102.84877102822065,object,0.72265625
8248,,,,,,,480,614,[],0.0014401810513321675,0.0007206094296891085,0.0026943802925327174,0.0009827319949459498,0.9909908656905322,0.49598679884273905,84.10053354442768,28.818727796197816,-0.6352660395900603,102.1026240196079,object,0.2490234375
825,,,,,,,789,923,[],0.8112273069522296,0.6824074204399905,0.9959327047513403,0.684314528080848,0.9996988125914591,0.8420066703361535,72.57684515389839,25.863173600172626,-0.3128907959180793,102.22310712561011,object,0.640625
8250,,,,,,,480,613,[],0.04423918327661643,0.022619935371613224,0.029617575264442635,0.08737397983677389,0.9378834755252768,0.5126287276810254,180.2223474124327,100.35739731650449,1.9500720115218435,102.28490806184709,object,0.490234375
8254,,,,,,,484,614,[],0.0,0.0,0.0,0.0,0.9588038693149192,0.4794019346574596,184.39766697696868,91.78715111837735,-0.5610980392156862,100.56492895819247,object,0.65234375
8256,,,,,,,660,1031,[],0.0,0.0,0.0,0.0,0.9810540300742862,0.4905270150371431,407.3978399550003,319.15762027492565,-0.5911670040149982,102.89702098816633,object,0.609375
8258,,,,,,,660,1031,[],0.0006838013408452379,0.0003420176064715679,0.0031773807331000182,0.0003831268705197755,0.9567374086413264,0.4785602677559231,521.3108477674333,250.86601355035916,-0.8794205344897472,103.33869094029069,object,0.796875
8260,,,,,,,600,760,[],0.0,0.0,0.0,0.0,0.9744392158321553,0.48721960791607766,383.06735484180683,282.3245342964473,-0.5753244746600742,102.24859695881605,object,0.71484375
8264,,,,,,,679,1024,[],0.0,0.0,0.0,0.0,0.9997034926630549,0.49985174633152746,632.3083107585495,452.9060690852313,-0.9975380663116487,102.25354693830013,object,0.5546875
8266,,,,,,,470,783,[],0.0,0.0,0.0,0.0,0.9634091679330061,0.48170458396650306,268.2514631859747,191.94509430416463,5.2972718720602066,101.54081089422107,object,0.82421875
8269,,,,,,,522,812,[],0.0,0.0,0.0,0.0,0.9773538207693101,0.48867691038465505,356.91077129945086,165.04693315819705,-0.755891507336594,101.65521316230297,object,0.81640625
827,,,,,,,789,923,[],0.19099143074086125,0.10557795799667212,1.0,0.10557795799667212,1.0,0.552788978998336,166.4129991551098,93.9564971462155,-0.8944220420033279,102.13098395615816,object,0.86328125
8271,,,,,,,477,616,[],0.0,0.0,0.0,0.0,0.9755393210141814,0.4877696605070907,129.27258004512453,83.03753365313236,1.4061548867095028,101.41324810683727,object,0.62890625
8273,,,,,,,660,874,[],0.0,0.0,0.0,0.0,0.9493395334396477,0.47466976671982386,401.897499166368,312.7315769316177,1.8810192616372392,102.15694503858685,object,0.5859375
8275,,,,,,,547,836,[],0.0,0.0,0.0,0.0,0.9824876163418167,0.49124380817090835,190.68625739907287,110.29334081411082,-0.678982076428813,102.12163510732353,object,0.79296875
8278,,,,,,,542,789,[],0.005494837268280901,0.0027549877387908327,0.02758411639890876,0.0030513362170137143,0.9825648383660515,0.4928080872915326,253.29399846357327,124.30780716277789,-0.8893806793414478,103.4812240395695,object,0.73828125
8280,,,,,,,574,675,[],0.0,0.0,0.0,0.0,0.9798114483691526,0.4899057241845763,175.32826355154492,91.2879877319173,-0.7099742216934365,101.61212203092873,object,0.703125
8282,,,,,,,405,397,[],0.0,0.0,0.0,0.0,0.9624202712118776,0.4812101356059388,135.69286600300694,69.55050809137404,-0.5134877266024807,101.90869006328285,object,0.70703125
8285,,,,,,,478,505,[],0.0,0.0,0.0,0.0,0.9773735095882803,0.48868675479414014,84.2636965731146,44.339005841757995,0.4519438444924406,100.51358817145228,object,0.8046875
8286,,,,,,,313,655,[],0.0,0.0,0.0,0.0,0.9742838747809934,0.4871419373904967,183.73212674813243,94.45025179467244,-0.6860787218965406,101.94693109951913,object,0.64453125
8288,,,,,,,479,505,[],0.0,0.0,0.0,0.0,0.9789941894620439,0.48949709473102193,301.179348561617,140.41516252205705,-0.8918183667242957,101.45438904874027,object,0.5703125
829,,,,,,,789,925,[],0.9220803685341691,0.8554258978290054,0.8791349639160109,0.969436992492033,0.9760724565772866,0.9727547245346597,45.17075567367279,14.054842856142136,0.10271691183089969,101.69231495819986,object,0.6484375
8290,,,,,,,428,852,[],0.0,0.0,0.0,0.0,0.9641364580442807,0.48206822902214036,259.6247291765559,189.33570474424374,0.6222898440471663,103.05242496542633,object,0.7421875
8292,,,,,,,585,525,[],0.0,0.0,0.0,0.0,0.8680605623648161,0.43403028118240805,246.428081754721,131.13651510774199,2.7995537013680023,101.37755703181028,object,0.78125
8298,,,,,,,370,534,[],0.0,0.0,0.0,0.0,0.969622824431005,0.4848114122155025,154.83313547629407,102.76080708522959,1.2508551881413912,101.83927696198225,object,0.875
8303,,,,,,,338,506,[],0.5015256242605393,0.3346908244680851,0.3446003765189115,0.9208781157100389,0.9540427829948096,0.9374604493524242,98.0,27.259057504617218,1.6723073404985136,100.32253386452794,object,0.5625
8305,,,,,,,487,640,[],0.0,0.0,0.0,0.0,0.9923992641075997,0.49619963205379986,99.92847439415041,63.58612458737366,-0.5888280007070885,101.31988604553044,object,0.48046875
8307,,,,,,,445,544,[],0.0,0.0,0.0,0.0,0.9783191292088451,0.48915956460442256,92.0918008576036,57.45510470606336,-0.12922972283625234,101.66842304170132,object,0.7890625
8309,,,,,,,549,815,[],0.0,0.0,0.0,0.0,0.9816577669518647,0.49082888347593234,353.7764737445556,303.33935040548295,0.5342413923571698,102.38959011621773,object,0.63671875
8311,,,,,,,367,504,[],0.0,0.0,0.0,0.0,0.9763598952726161,0.48817994763630806,181.01795477884386,96.30393771976375,-0.8674121976490764,101.60928196273744,object,0.546875
8316,,,,,,,480,508,[],0.0,0.0,0.0,0.0,0.9847580715001505,0.49237903575007524,78.93769255615344,36.84609007125357,1.7357512953367875,100.06175795570016,object,0.83203125
8318,,,,,,,551,816,[],0.9673162632176877,0.9367013624439366,0.9616019459647294,0.9730989010989011,0.9979290925020967,0.9855139968004989,6.227188724235746,2.57646401046275,0.011956043956043955,100.99593899212778,object,0.76171875
8320,,,,,,,484,612,[],0.0,0.0,0.0,0.0,0.8906795805487491,0.44533979027437454,231.57115214264297,125.50500310731907,10.551314368023046,102.04692208208144,object,0.58984375
8322,,,,,,,487,615,[],0.0,0.0,0.0,0.0,0.8517726274438581,0.42588631372192903,267.06375629139075,139.02071951216948,19.235078053259873,101.17945307865739,object,0.69140625
8323,,,,,,,589,785,[],0.0,0.0,0.0,0.0,0.9783017436452279,0.48915087182261396,293.76690004094183,233.0775609283962,0.2935238594651285,102.01893094927073,object,0.75
8325,,,,,,,416,702,[],0.0,0.0,0.0,0.0,0.9670295587446072,0.4835147793723036,200.73279129599038,137.3467132762931,0.8631350925561244,100.98476894199848,object,0.70703125
8327,,,,,,,482,508,[],0.0,0.0,0.0,0.0,0.9815810320213842,0.4907905160106921,105.68041360731301,54.70241911774858,-0.5056281978396816,101.30829596891999,object,0.78515625
8329,,,,,,,291,504,[],0.0,0.0,0.0,0.0,0.9713807165744247,0.48569035828721235,161.85978015592687,99.00277246346754,-0.5794092465753424,101.4083179179579,object,0.69140625
8333,,,,,,,480,616,[],0.5437839210334211,0.37342254963928423,0.9867534412255946,0.37530393638693565,0.9990801067076219,0.6871920215472788,81.55151390630894,28.666870044302257,-0.6196578388206173,100.94041703268886,object,0.51171875
8336,,,,,,,564,624,[],0.0,0.0,0.0,0.0,0.9804475714665799,0.49022378573328995,186.01075237738274,104.89368223568533,-0.5160251719596077,101.96655103936791,object,0.66796875
8337,,,,,,,281,504,[],0.0,0.0,0.0,0.0,0.7819021501649916,0.3909510750824958,231.62631532320543,147.62103208010097,2.256355455568054,101.3776371255517,object,0.6015625
834,,,,,,,789,750,[],0.0,0.0,0.0,0.0,0.9714071265060579,0.48570356325302894,295.6010825419961,134.10571886912086,-0.7342888452105547,101.51738999411464,object,0.50390625
8341,,,,,,,480,504,[],0.0,0.0,0.0,0.0,0.9772253759921723,0.48861268799608615,117.65202930676547,77.47751694793955,0.12172829248026588,102.05314215272665,object,0.77734375
8343,,,,,,,463,504,[],0.0,0.0,0.0,0.0,0.9769950245257476,0.4884975122628738,171.0,129.97150944728628,-0.10315284441398218,101.44872800447047,object,0.7890625
8345,,,,,,,815,1013,[],0.0,0.0,0.0,0.0,0.9858751991794722,0.4929375995897361,248.8573779288815,183.20706469504466,0.7500756429652042,102.18088608235121,object,0.78515625
8347,,,,,,,472,504,[],0.0,0.0,0.0,0.0,0.9790386341665516,0.4895193170832758,223.12372464087576,179.43087142214844,-0.21356865284974094,101.36340698227286,object,0.7734375
8349,,,,,,,480,616,[],0.0,0.0,0.0,0.0,0.9476364761070158,0.4738182380535079,313.2678421834654,248.95685985504468,2.245367412140575,101.44936898723245,object,0.78125
835,,,,,,,789,978,[],0.7060133382321833,0.545610985871866,1.0,0.545610985871866,1.0,0.7728054929359329,132.94350485902058,46.6809164129053,-0.4543890141281341,102.39117103628814,object,0.62109375
8351,,,,,,,480,508,[],0.0,0.0,0.0,0.0,0.9780263067753648,0.4890131533876824,152.08303641611138,70.78303566520907,-0.5011664074650077,101.52246989309788,object,0.75
8353,,,,,,,488,634,[],0.0,0.0,0.0,0.0,0.9592085235920852,0.4796042617960426,219.12655066272956,153.43369028710245,2.206071520452791,101.32742603309453,object,0.65234375
8355,,,,,,,488,640,[],0.0,0.0,0.0,0.0,0.961384957413789,0.4806924787068945,308.0009623586588,232.40858014714576,0.01920884132970792,101.29148582927883,object,0.48046875
8359,,,,,,,480,504,[],0.8979517853906108,0.8148026315789474,0.8187888404072458,0.9940605185006822,0.9880546149454591,0.9910575667230707,15.231546211727817,6.1310365318866715,0.21406212376595232,100.74873315170407,object,0.6640625
8361,,,,,,,364,504,[],0.00031130827301735546,0.0001556783684906982,0.000586596275113653,0.00021187562900577361,0.958590811595788,0.4794013436123969,166.1598467034134,70.75260601444623,-0.6388050214524075,100.83428490906954,object,0.71875
8363,,,,,,,548,817,[],0.0,0.0,0.0,0.0,0.9778685089296578,0.4889342544648289,154.1768463487711,96.34791219371154,1.5094532447623914,100.73480289429426,object,0.78515625
8365,,,,,,,480,508,[],0.0,0.0,0.0,0.0,0.9807436039630184,0.4903718019815092,177.34158923928615,140.98975180814878,1.1092475067996375,102.17713518068194,object,0.6796875
8367,,,,,,,517,815,[],0.0,0.0,0.0,0.0,0.9654702679926646,0.4827351339963323,289.0112454235883,216.86609618394556,2.9439431227782333,100.76892399229109,object,0.8125
837,,,,,,,789,607,[],0.8812709397887143,0.7877429586233109,1.0,0.7877429586233109,1.0,0.8938714793116554,75.00166659259918,30.326272792233052,-0.21225704137668908,102.57294494658709,object,0.65625
8371,,,,,,,487,640,[],0.0,0.0,0.0,0.0,0.9680369460855518,0.4840184730427759,357.8443765920971,303.1568952090004,1.1159982751185855,102.2780379280448,object,0.5546875
8373,,,,,,,517,815,[],0.0,0.0,0.0,0.0,0.9725805153077282,0.4862902576538641,133.84467750214804,81.74317724797604,-0.019626657362177252,102.34846896491945,object,0.72265625
8375,,,,,,,480,616,[],0.0,0.0,0.0,0.0,0.9998513853991339,0.49992569269956694,294.4544104790102,251.39876654064742,-0.9932187352152657,101.75002506002784,object,0.3828125
8377,,,,,,,549,819,[],0.0,0.0,0.0,0.0,0.9994656613520814,0.4997328306760407,374.0946402664669,325.0973905642395,-0.9761057447890188,101.29774501547217,object,0.416015625
8379,,,,,,,369,504,[],0.004404593361648577,0.0022071574964527825,0.0038429865495470767,0.005158437730287398,0.9801977496698715,0.4926780937000794,71.5080403976943,38.671127885203134,0.3422991893883567,101.3033848721534,object,0.75390625
8381,,,,,,,480,504,[],0.0,0.0,0.0,0.0,0.9529673452472577,0.47648367262362884,176.38240412827378,116.26978189122484,1.0422328314359162,101.90872917883098,object,0.62890625
8383,,,,,,,480,621,[],0.006539235412474849,0.0032803431743628564,0.0051471558664379045,0.008963456676626062,0.9743368887648138,0.4916501727207199,75.99012388837924,36.3880008421243,0.7414387497127097,101.18427313864231,object,0.3359375
8387,,,,,,,447,550,[],0.0,0.0,0.0,0.0,0.9773854560739806,0.4886927280369903,139.673347976391,80.05583581081014,-0.3232704402515723,102.0231619477272,object,0.69921875
8389,,,,,,,480,508,[],0.7399216770329418,0.5872029250457038,0.5977667493796526,0.9707838001208946,0.9864281617736325,0.9786059809472636,43.010463701691826,11.67663770759515,0.6240177312109612,100.30223405919969,object,0.640625
8391,,,,,,,432,504,[],0.0,0.0,0.0,0.0,0.9795460318193364,0.4897730159096682,224.54398232862977,183.94576318157752,2.7124895222129086,100.57969903573394,object,0.8203125
8393,,,,,,,488,634,[],0.0,0.0,0.0,0.0,0.9682344756859504,0.4841172378429752,113.4063490286148,60.96112757836215,2.028962939894114,101.05783003382385,object,0.7890625
8397,,,,,,,460,614,[],0.7876686160989802,0.6497139532628721,0.6849126034958601,0.9266993983818547,0.9769944659842749,0.9518469321830647,49.9799959983992,14.852906610412246,0.35301846345342647,102.217165986076,object,0.33203125
84,,,,,,,499,630,[],0.0,0.0,0.0,0.0,0.9717861539950152,0.4858930769975076,190.45063311243297,109.29009266411546,-0.42315301180162357,102.42007090710104,object,0.69140625
8404,,,,,,,480,508,[],0.0,0.0,0.0,0.0,0.980748268587557,0.4903741342937785,106.02357556637423,69.44587298475119,0.8123293015996879,101.72160505317152,object,0.8515625
8406,,,,,,,517,816,[],0.0,0.0,0.0,0.0,0.9794304892807952,0.4897152446403976,174.9112625169886,108.50233214569826,1.9200271094544221,101.00138885900378,object,0.78125
8408,,,,,,,464,701,[],0.0,0.0,0.0,0.0,0.9452359139530949,0.47261795697654746,247.48315730819857,122.82858890018257,0.430501125656633,101.91573901101947,object,0.60546875
841,,,,,,,789,923,[],0.8191271187380137,0.6936624015470837,0.989965166130761,0.6985743188307145,0.9987967349587854,0.84868552689475,66.07487352502056,29.348286630462162,-0.2943445459186568,101.61115205846727,object,0.67578125
8412,,,,,,,480,618,[],0.8576500610229668,0.7507770007770008,0.8167793744716821,0.9028264424199953,0.9908349982557955,0.9468307203378954,25.28039158274922,8.238577118289037,0.10534921747255314,101.49457980878651,object,0.671875
8414,,,,,,,380,504,[],0.0,0.0,0.0,0.0,0.9832437507205956,0.4916218753602978,159.7822369901725,87.80768169719566,-0.6745921740057575,100.96615785732865,object,0.5078125
8418,,,,,,,480,508,[],0.038872691933916424,0.019821605550049554,0.5504587155963303,0.020147750167897917,0.999796564007606,0.5099721570877519,54.90079506115393,27.10397787818005,-0.9633982538616521,100.62335105612874,object,0.578125
8420,,,,,,,488,640,[],0.0,0.0,0.0,0.0,0.957399285382197,0.4786996426910985,170.92116454854826,106.92293937314534,1.7625975121231288,100.71002203039825,object,0.7578125
8422,,,,,,,482,507,[],0.0,0.0,0.0,0.0,0.9623234386544396,0.4811617193272198,133.25969873574834,70.3701017325748,-0.39309717166059926,101.12959193065763,object,0.68359375
8426,,,,,,,480,508,[],0.0,0.0,0.0,0.0,0.9806423338349843,0.49032116691749217,132.60505230319848,90.4607392879023,1.3742393509127788,100.86826584301889,object,0.86328125
8428,,,,,,,488,634,[],0.0,0.0,0.0,0.0,0.9567619098234869,0.47838095491174343,241.0769580546166,182.8866117018158,0.5611657471815783,100.20627081394196,object,0.7890625
843,,,,,,,600,576,[],0.6629707419528159,0.49585357834362326,0.8052484822117191,0.5634210125776591,0.9639701605025446,0.7636955865401018,89.19248831264679,41.628391870933115,-0.3003140955570007,102.10128384642303,object,0.51171875
8430,,,,,,,487,640,[],0.0,0.0,0.0,0.0,0.9567427807797338,0.4783713903898669,215.9616216250154,143.6508268873205,6.120616365568544,100.99831782281399,object,0.80859375
8432,,,,,,,480,616,[],0.0,0.0,0.0,0.0,0.9824558141264632,0.4912279070632316,471.2867426219115,224.76760521786034,-0.9531564183402428,101.31538612768054,object,0.4921875
8434,,,,,,,483,507,[],0.0,0.0,0.0,0.0,0.9723743228897868,0.4861871614448934,96.16096879121505,52.330419697175294,0.004884004884004884,100.52484786137938,object,0.61328125
8436,,,,,,,480,504,[],0.0,0.0,0.0,0.0,0.983175940105496,0.491587970052748,120.0915951232709,82.08130809078175,-0.42178362573099415,100.63379001803696,object,0.81640625
8438,,,,,,,462,784,[],0.0,0.0,0.0,0.0,0.9438976763443688,0.4719488381721844,181.3107653938738,106.54693339779445,3.218342448464451,99.66734820045531,object,0.75
8440,,,,,,,431,504,[],0.0,0.0,0.0,0.0,0.9730249191990668,0.4865124595995334,105.97846840464456,63.04948404665844,-0.30069410014873577,100.96143698319793,object,0.66015625
8442,,,,,,,306,504,[],0.0,0.0,0.0,0.0,0.9720544559389265,0.48602722796946324,96.04426031266969,63.5332741749468,0.13155770782889428,100.95572797581553,object,0.72265625
8444,,,,,,,456,504,[],0.0,0.0,0.0,0.0,0.9729353146082279,0.48646765730411395,95.0280750897794,50.98966185165994,1.023071852340145,100.09843809530139,object,0.7265625
8446,,,,,,,480,616,[],0.6709702533493366,0.5048572125945814,0.9016564952048823,0.5342770057343597,0.9959178208111522,0.7650974132727559,45.008871399615295,19.174348099150638,-0.4074495014723356,101.6957841347903,object,0.404296875
8450,,,,,,,432,504,[],0.0,0.0,0.0,0.0,0.9028606768398798,0.4514303384199399,146.4199415471969,66.90141447364097,1.2166064981949458,100.82460497505963,object,0.61328125
8452,,,,,,,487,640,[],0.7799165432763494,0.6392321270962048,0.6446372941700045,0.9870528109028961,0.9948274465983254,0.9909401287506108,23.0,6.621441018970375,0.531175468483816,101.44295799545944,object,0.58984375
8454,,,,,,,350,612,[],0.0,0.0,0.0,0.0,0.9759801606046292,0.4879900803023146,204.00330864465474,160.00349297714388,1.034,100.84432596340775,object,0.8203125
8458,,,,,,,565,621,[],0.0,0.0,0.0,0.0,0.91915456086242,0.45957728043121,190.21619273023177,111.12177368746717,-0.37038521264339025,102.74266800843179,object,0.7265625
8460,,,,,,,487,640,[],0.5715403422982885,0.40010954402300425,0.4228042251483143,0.8817139408569704,0.987064073211703,0.9343890070343367,50.21197138976379,14.162120885857458,1.0853952926976465,101.33267613127828,object,0.61328125
8462,,,,,,,480,616,[],0.0,0.0,0.0,0.0,0.9337056604820146,0.4668528302410073,213.65670403955838,122.37333305471222,1.6471483942414176,101.30754602141678,object,0.828125
8464,,,,,,,448,504,[],0.0,0.0,0.0,0.0,0.9754183001569044,0.4877091500784522,198.30371240020352,151.0208470265211,1.6323599808520823,101.34394699707627,object,0.8203125
8466,,,,,,,480,504,[],0.49731222935642827,0.33094847716997067,0.6454457364341085,0.4044814185086228,0.9837703812784983,0.6941258998935605,88.84647148249148,28.908278390977852,-0.3733300947291717,102.2380068898201,object,0.46484375
8470,,,,,,,480,508,[],0.0,0.0,0.0,0.0,0.9740027927354716,0.4870013963677358,180.00277775634464,124.94319147332331,-0.3698374909429666,101.10079008154571,object,0.81640625
8472,,,,,,,488,640,[],0.8569718731298623,0.749738219895288,0.8082567327850346,0.9119359534206696,0.9961248142257451,0.9540303838232074,14.560219778561036,5.741394268931879,0.12827510917030568,100.76978313736618,object,0.578125
8476,,,,,,,485,509,[],0.944605839775469,0.89502659326304,0.9702609751163261,0.920272474335604,0.9987565660923187,0.9595145202139613,9.273002161935318,2.8910969510122744,-0.05152067542933896,100.39512510411441,object,0.765625
8480,,,,,,,447,553,[],0.0,0.0,0.0,0.0,0.9992223154534106,0.4996111577267053,416.2578499600625,371.1323359020862,-0.9339360222531293,98.71963690966368,object,0.6328125
8482,,,,,,,377,504,[],0.0,0.0,0.0,0.0,0.961173974932013,0.4805869874660065,179.43591174059245,108.63402127501779,-0.2589068611904007,100.44013615697622,object,0.8203125
8484,,,,,,,483,636,[],0.0,0.0,0.0,0.0,0.9842169497821084,0.4921084748910542,189.21362302430563,128.87601490899357,-0.15948428117273047,99.4877340272069,object,0.70703125
8486,,,,,,,480,508,[],0.9271812814345068,0.8642478597635548,0.8907563025210085,0.9667122663018696,0.9989240503709957,0.9828181583364326,3.0,1.8367941596055022,0.08527131782945736,100.6590910255909,object,0.55859375
8488,,,,,,,408,504,[],0.0,0.0,0.0,0.0,0.9791556288141913,0.48957781440709564,176.88979186366623,138.60759435683025,1.3763982102908277,101.37160704471171,object,0.8203125
8490,,,,,,,488,640,[],0.0,0.0,0.0,0.0,0.9588178853693037,0.47940894268465184,310.16124838541646,251.64153595822074,0.382707848998118,101.24952392652631,object,0.58984375
8494,,,,,,,560,808,[],0.0,0.0,0.0,0.0,0.9850718048190198,0.4925359024095099,143.46007869838564,95.63281429521672,1.2920081967213115,102.06162300892174,object,0.80859375
8498,,,,,,,457,680,[],0.0,0.0,0.0,0.0,0.9993147682065437,0.4996573841032719,286.23801155215,258.16309791800217,-0.9255731922398589,102.88078105077147,object,0.51953125
8500,,,,,,,480,508,[],0.0,0.0,0.0,0.0,0.9822244389863614,0.4911122194931807,156.40408982717807,105.93456516371118,-0.1928054815378759,101.17380297742784,object,0.73828125
8502,,,,,,,480,618,[],0.0,0.0,0.0,0.0,0.9394295956272191,0.46971479781360953,263.34141309541917,168.0773391997085,3.1315912272515165,100.97275814041495,object,0.75390625
8504,,,,,,,488,634,[],0.0,0.0,0.0,0.0,0.9398608219752019,0.46993041098760097,224.71036742110164,137.00090096560407,3.73043254376931,101.08885983936489,object,0.640625
8506,,,,,,,366,504,[],0.0,0.0,0.0,0.0,0.9234185689559453,0.46170928447797266,225.5681715136247,155.93712765009576,18.065040650406505,101.26370494253933,object,0.5
8508,,,,,,,329,504,[],0.0,0.0,0.0,0.0,0.9512056512227614,0.4756028256113807,152.47294842036735,100.82922450286466,2.6797235023041477,101.56895080581307,object,0.53515625
8510,,,,,,,480,504,[],0.0,0.0,0.0,0.0,0.977508226118879,0.4887541130594395,93.81141858429919,54.18405379695083,-0.029207740051113547,100.57196905836463,object,0.75
8512,,,,,,,412,504,[],0.0,0.0,0.0,0.0,0.9762291291557208,0.4881145645778604,112.08545683246308,71.53351289884782,0.10470964791952446,101.08275106176734,object,0.640625
8514,,,,,,,497,815,[],0.0,0.0,0.0,0.0,0.9817965481826607,0.49089827409133036,173.02022937951955,122.77438606472846,0.24328485885372114,101.80117702111602,object,0.8203125
8518,,,,,,,414,504,[],0.0,0.0,0.0,0.0,0.9704237894337309,0.48521189471686543,169.39302229970883,123.85922581145317,0.9276879162702188,100.81560513935983,object,0.69140625
8520,,,,,,,445,544,[],0.0,0.0,0.0,0.0,0.9774805103514277,0.48874025517571384,154.37940277122465,117.25727664075436,-0.10305279136447967,101.57886100932956,object,0.8125
8522,,,,,,,483,507,[],0.0,0.0,0.0,0.0,0.9832953589096208,0.4916476794548104,180.0,141.1240872967371,2.1396604938271606,100.89983604848385,object,0.69921875
8528,,,,,,,487,640,[],0.0,0.0,0.0,0.0,0.9528810654008438,0.4764405327004219,198.50587255163214,131.41745289882624,0.7180288461538461,101.91207914613187,object,0.8125
8532,,,,,,,457,680,[],0.0,0.0,0.0,0.0,0.9340609382661528,0.4670304691330764,297.14070164497696,208.79017842223516,6.228907084371662,101.56525205820799,object,0.8046875
8534,,,,,,,552,812,[],0.0,0.0,0.0,0.0,0.9806152453681489,0.49030762268407446,184.6854080177821,136.04309558452937,0.0031775920913263505,101.95300006307662,object,0.5859375
8536,,,,,,,433,504,[],0.8729344729344729,0.7745197168857432,0.8140276301806588,0.941031941031941,0.9983841480305072,0.9697080445312241,8.246211251235321,2.858067352491924,0.15601965601965603,101.44806909374893,object,0.5
8538,,,,,,,483,507,[],0.01882781658062557,0.00950337216431637,0.2605042016806723,0.009766855702583491,0.9996359228321894,0.5047013892673864,62.575118331611876,32.80134330748869,-0.9625078764965344,100.79917404800653,object,0.52734375
8540,,,,,,,480,508,[],0.07482688188113386,0.03886761204844219,1.0,0.03886761204844219,1.0,0.5194338060242211,176.41272538916922,104.65263600286404,-0.9611323879515579,101.00404894910753,object,0.6796875
8542,,,,,,,744,1102,[],0.0,0.0,0.0,0.0,0.9594302199783628,0.4797151099891814,258.45076316009556,149.46973482692786,2.229453401494298,101.59862297587097,object,0.78125
8544,,,,,,,459,612,[],0.004841418832131212,0.00242658346951914,1.0,0.00242658346951914,1.0,0.5012132917347596,214.95976049386672,128.59849814267776,-0.9975734165304808,101.21257393620908,object,0.6015625
8546,,,,,,,334,504,[],0.0,0.0,0.0,0.0,0.9801090657105842,0.4900545328552921,176.0,145.09383399787689,0.3863922721545569,100.02353601157665,object,0.5703125
8548,,,,,,,480,508,[],0.0,0.0,0.0,0.0,0.9831294854947943,0.49156474274739714,262.497619036821,120.56772578830814,-0.9274032187907786,100.46858689747751,object,0.486328125
8550,,,,,,,568,1280,[],0.0,0.0,0.0,0.0,0.8280322345978092,0.4140161172989046,438.08520842457165,243.57466078938083,5.372258571054697,102.44949208572507,object,0.55078125
8554,,,,,,,271,504,[],0.0,0.0,0.0,0.0,0.9513299817895998,0.4756649908947999,244.32355181691972,205.47306337467145,-0.2265644323522137,101.11576085910201,object,0.68359375
8556,,,,,,,336,504,[],0.0,0.0,0.0,0.0,0.9436267196073297,0.47181335980366484,120.58689728907582,71.78338875123576,0.8027263875365142,100.0485869590193,object,0.67578125
8558,,,,,,,315,438,[],0.7769921537038694,0.6353124847538664,0.945129917259399,0.6596423686743326,0.9936056297524296,0.826623999213381,29.274562336608895,10.359972721556458,-0.3020616990020769,100.55557917803526,object,0.416015625
856,,,,,,,473,852,[],0.2766712274031651,0.16054465741105053,1.0,0.16054465741105053,1.0,0.5802723287055253,177.73013250431114,71.92447288494836,-0.8394553425889495,100.99813900887966,object,0.41796875
8560,,,,,,,566,1024,[],0.0,0.0,0.0,0.0,0.9727619363993832,0.4863809681996916,203.82832512636298,118.03316668365645,-0.41272868820552744,102.24807704798877,object,0.7265625
8562,,,,,,,487,640,[],0.0,0.0,0.0,0.0,0.9626445722911108,0.4813222861455554,238.7734177039464,185.55477015050755,0.17772907534961385,102.0394628867507,object,0.447265625
8564,,,,,,,481,508,[],0.0,0.0,0.0,0.0,0.9777344445410472,0.4888672222705236,165.0,117.49924412777645,0.914560341758633,101.34193697012961,object,0.72265625
8566,,,,,,,488,634,[],0.0,0.0,0.0,0.0,0.9471368098179657,0.47356840490898283,201.75071114115354,125.62046034484514,2.2924933524238087,101.02484910748899,object,0.87109375
8568,,,,,,,670,935,[],0.0,0.0,0.0,0.0,0.9541126220961523,0.47705631104807616,255.5220146116242,151.62376218090822,0.8516733777807116,101.66344419121742,object,0.68359375
8570,,,,,,,480,504,[],0.0,0.0,0.0,0.0,0.9817981508684006,0.4908990754342003,232.7042091141255,152.52100676176832,-0.597227533460803,101.33903613314033,object,0.6796875
8572,,,,,,,461,701,[],0.0,0.0,0.0,0.0,0.9743346282033598,0.4871673141016799,143.02444428343625,88.52838004978092,-0.2992643194955334,101.2067929841578,object,0.828125
8574,,,,,,,328,504,[],0.0,0.0,0.0,0.0,0.9753789935668518,0.4876894967834259,159.8755456076358,95.97550934129431,-0.56099783574439,101.95165011100471,object,0.7734375
8576,,,,,,,488,640,[],0.5279303926625255,0.3586314057644263,0.3799057578104828,0.8649423175839518,0.9356803063830927,0.9003113119835222,129.03139147174318,49.080933607791295,1.2767286354618268,100.73308204300702,object,0.49609375
8578,,,,,,,480,508,[],0.9697356158336194,0.9412492858503142,0.9745637385388938,0.9649550956657555,0.9988955290330314,0.9819253123493934,4.345913557665402,1.5727297500096202,-0.009859429910191331,101.43339913338423,object,0.8203125
858,,,,,,,473,855,[],0.5888181174805379,0.4172517552657974,0.9893603705094505,0.4191324636758935,0.9995364045170563,0.7093344340964749,119.9741488956874,35.98702266806411,-0.5763601654470252,102.01728204265237,object,0.515625
8580,,,,,,,466,504,[],0.004886227544910179,0.0024490971955436034,1.0,0.0024490971955436034,1.0,0.5012245485977718,358.50794925419524,190.13613261160114,-0.9975509028044564,101.57515201717615,object,0.59375
8582,,,,,,,446,544,[],0.0,0.0,0.0,0.0,0.9445484702668366,0.4722742351334183,162.94476188167508,93.47163778826935,6.5671388101983,101.10402200371027,object,0.5234375
8586,,,,,,,480,504,[],0.8826972952945535,0.7900252022814697,0.9974162679425838,0.7916453052311782,0.9994293413648252,0.8955373232980017,44.0,16.193548948857924,-0.20630399696192916,100.81838513724506,object,0.75390625
8588,,,,,,,412,504,[],0.0,0.0,0.0,0.0,0.9735742688881059,0.48678713444405297,248.15166475486689,181.4013249447447,-0.41523724660280686,101.49193997494876,object,0.63671875
8592,,,,,,,480,624,[],0.0,0.0,0.0,0.0,0.9450451297480256,0.4725225648740128,193.27338127648977,119.98868124506771,8.559579439252337,100.67514097318053,object,0.70703125
8594,,,,,,,457,680,[],0.9337594220014589,0.8757492832942403,0.8883674818241903,0.9840398272201479,0.98808221787879,0.986061022549469,14.142135623730951,5.78124345262167,0.10769456036313053,100.31504393555224,object,0.69140625
8596,,,,,,,480,504,[],0.0,0.0,0.0,0.0,0.9742346646451647,0.48711733232258236,175.9761317394979,98.69542368079402,-0.6109410355384001,101.02719999849796,object,0.76171875
8598,,,,,,,480,508,[],0.0,0.0,0.0,0.0,0.9740707744144708,0.4870353872072354,235.4560325594454,169.71215106001304,-0.12309010424103956,100.15029995702207,object,0.447265625
86,,,,,,,565,779,[],0.0,0.0,0.0,0.0,0.9795526047931896,0.4897763023965948,268.6194182278785,209.1047141151998,0.12527052832590707,100.93993810005486,object,0.80078125
860,,,,,,,586,836,[],0.9183064150348065,0.8489524462367551,0.9810640216411182,0.8630951498346703,0.993670672142507,0.9283829109885886,50.16870814490447,16.38999764669454,-0.12024584451594728,102.73321787826717,object,0.79296875
8604,,,,,,,488,634,[],0.9700625558534406,0.9418655097613883,0.9702793296089386,0.969845878936788,0.9991146259794034,0.9844802524580957,3.605551275463989,1.4308608674224457,-0.00044672771945499217,102.04292181879282,object,0.7578125
8606,,,,,,,480,616,[],0.9482436083974226,0.9015810276679842,0.9700191367212417,0.9274242732262655,0.9995150656381014,0.9634696694321835,5.493840584077648,1.8733423261075242,-0.04391136409839398,101.44172795116901,object,0.61328125
8608,,,,,,,298,408,[],0.0,0.0,0.0,0.0,0.7707689480630127,0.38538447403150633,198.600100704909,111.57085230668469,13.738990332975295,100.61378008686006,object,0.68359375
861,,,,,,,582,837,[],0.9311983057153488,0.871254518677199,0.9657188650124658,0.899060513954131,0.9908469902050908,0.944953752079611,30.0,11.074137344432057,-0.06902459242884774,100.90687591582537,object,0.84765625
8610,,,,,,,480,440,[],0.0,0.0,0.0,0.0,0.988467817911876,0.494233908955938,187.97074240423694,108.3989597467418,-0.7237386269644334,101.48336994461715,object,0.38671875
8612,,,,,,,366,504,[],0.0,0.0,0.0,0.0,0.9796180703073085,0.48980903515365426,131.0,88.62404468187766,3.301149425287356,100.74990405701101,object,0.74609375
8614,,,,,,,480,504,[],0.0,0.0,0.0,0.0,0.9737761947461061,0.48688809737305305,174.0,129.37716541034547,5.121124031007752,101.63292288780212,object,0.66796875
8616,,,,,,,408,696,[],0.0,0.0,0.0,0.0,0.9768998149992885,0.48844990749964423,104.72914262282404,55.255994037904514,1.2482686980609419,101.91034898161888,object,0.765625
862,,,,,,,574,615,[],0.0,0.0,0.0,0.0,0.9744387310040862,0.4872193655020431,180.50592987238366,110.86828365260324,0.9734160389898094,101.67724383063614,object,0.6484375
8624,,,,,,,480,621,[],0.0,0.0,0.0,0.0,0.9565504752976722,0.4782752376488361,139.1504491473267,72.44902053478481,7.427076520601701,100.9287079796195,object,0.8046875
8626,,,,,,,339,504,[],0.0,0.0,0.0,0.0,0.9719515569711921,0.48597577848559603,123.22942066744372,78.06507157450318,3.730883813306852,101.09592089429498,object,0.8515625
8630,,,,,,,408,504,[],0.0,0.0,0.0,0.0,0.9768545849291342,0.4884272924645671,208.2452875126747,165.58390290119937,6.112443778110944,101.22143384069204,object,0.70703125
8632,,,,,,,480,508,[],0.0,0.0,0.0,0.0,0.920073783477267,0.4600368917386335,155.31709423358498,98.13574221303433,0.05112877952527421,100.21008108742535,object,0.4609375
8635,,,,,,,480,504,[],0.0,0.0,0.0,0.0,0.9678556364350117,0.48392781821750586,115.00695619302327,58.2742454228199,2.1174564601053056,100.51737702451646,object,0.8046875
8639,,,,,,,324,435,[],0.02982005141388175,0.015135699373695199,0.030145530145530147,0.029501525940996948,0.9727607147027911,0.501131120321894,62.66732940917291,30.078212336666944,-0.021363173957273652,100.9120971430093,object,0.8046875
864,,,,,,,532,547,[],0.2307220097275346,0.1304046119355183,1.0,0.1304046119355183,1.0,0.5652023059677591,170.83617883809038,124.85924484578415,-0.8695953880644817,100.40704603306949,object,0.75390625
8641,,,,,,,452,547,[],0.0,0.0,0.0,0.0,0.9830678560706075,0.49153392803530377,179.84317776147196,141.55311699597712,0.00488162069807176,101.77439590916038,object,0.7265625
8645,,,,,,,480,504,[],0.0,0.0,0.0,0.0,0.980229101266086,0.490114550633043,87.09247956645748,45.63720631404105,2.360424028268551,101.0791810695082,object,0.78125
8647,,,,,,,604,824,[],0.0,0.0,0.0,0.0,0.9822461137950887,0.4911230568975444,194.382590552797,98.11845594855592,-0.5351212584662443,100.68600112572312,object,0.78515625
8649,,,,,,,488,640,[],0.0,0.0,0.0,0.0,0.9420493218424287,0.47102466092121437,229.91628479186687,128.18535721648794,-0.4707351891506067,101.8502782098949,object,0.7578125
8651,,,,,,,442,504,[],0.0,0.0,0.0,0.0,0.9663447353409784,0.4831723676704892,178.7414317796436,94.40811495609947,-0.6474345765505872,100.76938406564295,object,0.80078125
8653,,,,,,,560,701,[],0.003283946845883611,0.0016446739338305603,0.00671875,0.0021730341621184557,0.9829466805446762,0.4925598573533973,175.06396260048422,75.2574032328681,-0.6765716595916718,102.47400193475187,object,0.5859375
8655,,,,,,,480,618,[],0.0,0.0,0.0,0.0,0.935116093311578,0.467558046655789,255.8982783525303,161.92883935214502,4.156809549647314,101.2099739164114,object,0.8046875
8657,,,,,,,384,504,[],0.0,0.0,0.0,0.0,0.97088440525206,0.48544220262603,128.41415759996804,89.00339648466743,0.6464466250371692,101.45652899518609,object,0.74609375
8659,,,,,,,451,504,[],0.0,0.0,0.0,0.0,0.9767317907787124,0.4883658953893562,115.33125699836017,73.96516123003228,0.28652798415056957,100.73275188915431,object,0.703125
866,,,,,,,453,436,[],0.8939361367883187,0.8082138532151241,0.8471338577741562,0.9462122803332633,0.9305080640565339,0.9383601721948986,37.0,15.801112868824701,0.11695722187215571,100.93819699250162,object,0.57421875
8661,,,,,,,472,812,[],0.0,0.0,0.0,0.0,0.9776073133875682,0.4888036566937841,221.3763756885444,148.97952399158405,-0.21933189856835408,101.22979409061372,object,0.83203125
8663,,,,,,,488,640,[],0.0,0.0,0.0,0.0,0.9550569169701145,0.47752845848505726,270.78967811907785,203.67954415693998,0.829105473965287,100.3978659864515,object,0.765625
8667,,,,,,,298,435,[],0.7883283877349159,0.6506122448979592,0.6543513957307061,0.9912935323383084,0.9967320261437909,0.9940127792410496,10.0,3.507119428597396,0.5149253731343284,100.6668908521533,object,0.458984375
8669,,,,,,,566,1280,[],0.25245762435089325,0.14446437915825672,0.14812855949287526,0.8538040116638685,0.8416518723480649,0.8477279420059667,391.6056613614842,132.90391147002745,4.7639392065034905,101.75443603657186,object,0.65234375
8675,,,,,,,602,656,[],0.9376054866450558,0.8825398426467621,0.9388882927352721,0.9363261811760929,0.9969725402221554,0.9666493606991242,11.180339887498949,4.231613367389664,-0.0027288779495960192,101.75513615831733,object,0.71484375
868,,,,,,,455,496,[],0.827354260089686,0.7055449330783938,0.8083242059145673,0.8473019517795637,0.9960465378967581,0.921674244838161,13.0,5.892080292059693,0.04822043628013777,101.22033394873142,object,0.4765625
8685,,,,,,,487,640,[],0.0009315323707498836,0.00046598322460391424,0.0006226165460347109,0.0018488560203374163,0.9582206778525019,0.48003476693641967,130.38941670107963,59.463996891750654,1.9694938756644327,102.52959304489195,object,0.82421875
8687,,,,,,,365,504,[],0.0,0.0,0.0,0.0,0.9754580367544188,0.4877290183772094,142.84431054966348,108.32701364679264,-0.032945310784098396,107.53361694514751,object,0.78125
8689,,,,,,,479,502,[],0.0,0.0,0.0,0.0,0.9803709086582184,0.4901854543291092,124.1051966006616,73.38608086470697,-0.1020606531881804,106.63519590161741,object,0.80078125
8691,,,,,,,482,509,[],0.0,0.0,0.0,0.0,0.9796778563901851,0.48983892819509256,233.91075340639506,166.67424444430378,-0.6318086184056729,105.08897108957171,object,0.6328125
8693,,,,,,,336,504,[],0.9293987865416437,0.8681092220504895,0.9751157407407407,0.8877766069546892,0.9997432007930915,0.9437599038738904,6.362920181553007,1.5061646886004258,-0.08956796628029505,102.51464298926294,object,0.470703125
8697,,,,,,,480,504,[],0.0008096346523631211,0.00040498126961628026,0.0009263547938860583,0.0007190364911019234,0.9817479490770318,0.49123349278406686,91.74801664976592,48.33580839282437,-0.22380010785547366,100.79275397583842,object,0.6953125
8699,,,,,,,480,504,[],0.0,0.0,0.0,0.0,0.9803738643695398,0.4901869321847699,140.03212168387904,63.300756895977116,-0.6407596552824769,100.61870981007814,object,0.6953125
870,,,,,,,600,814,[],0.0011784623555968663,0.000589578575877102,0.0045729743655803165,0.000676383728684386,0.9596927731267767,0.48018457842773055,404.14597219490133,177.50201693093143,-0.8520910736400876,101.11669101752341,object,0.8046875
8701,,,,,,,430,504,[],0.0,0.0,0.0,0.0,0.9789294982174472,0.4894647491087236,235.39695520450744,147.64495222826304,-0.5884414969208905,101.32481716573238,object,0.78515625
8703,,,,,,,480,508,[],0.0,0.0,0.0,0.0,0.993959951578735,0.4969799757893675,161.96758722495053,123.75507546447183,-0.7575910931174089,100.9909191634506,object,0.6875
8705,,,,,,,487,640,[],0.0,0.0,0.0,0.0,0.95085381091212,0.47542690545606,263.17978526320763,181.81922951158037,2.4705882352941178,100.43744603171945,object,0.82421875
8707,,,,,,,566,625,[],0.0,0.0,0.0,0.0,0.9774317329235735,0.4887158664617868,192.53193814977516,148.03814216348778,0.8440495674538228,101.98499192483723,object,0.62109375
8709,,,,,,,480,504,[],0.0,0.0,0.0,0.0,0.9725569873918005,0.48627849369590026,236.9662206530743,107.8421405410334,-0.7754497836483717,101.1377819813788,object,0.6640625
8711,,,,,,,418,504,[],0.0,0.0,0.0,0.0,0.9775515804705237,0.48877579023526185,167.88970407748133,91.37383668678625,-0.5613727210685385,100.53890803828835,object,0.6875
8713,,,,,,,457,680,[],0.0,0.0,0.0,0.0,0.8831194246481515,0.44155971232407576,297.58158536470324,210.11388974351436,7.603841536614646,100.81915510818362,object,0.5390625
8715,,,,,,,301,436,[],0.0,0.0,0.0,0.0,0.9619590943962913,0.4809795471981457,171.4148141762372,111.18415797742307,-0.46486796785304246,101.06550087220967,object,0.71484375
8717,,,,,,,448,504,[],0.0,0.0,0.0,0.0,0.9911933522569554,0.4955966761284777,201.91554093761835,161.88161307928985,-0.19319114027891715,100.68313195370138,object,0.5078125
8719,,,,,,,394,504,[],0.0,0.0,0.0,0.0,0.9711322696860525,0.48556613484302624,96.4402382473127,53.62365148512558,0.3117399438727783,100.39928602054715,object,0.65625
8721,,,,,,,480,504,[],0.0,0.0,0.0,0.0,0.9757409758133908,0.4878704879066954,124.05744576905012,68.592808812423,-0.20483105277855349,100.72105308063328,object,0.6640625
8723,,,,,,,617,1024,[],0.0,0.0,0.0,0.0,0.9486631086209895,0.47433155431049473,242.5234001735807,157.53018904474214,0.4156490275893261,101.37738683260977,object,0.83984375
8725,,,,,,,487,640,[],0.0,0.0,0.0,0.0,0.9462291295320876,0.4731145647660438,166.81875660193546,88.03811121394234,0.33198280138911856,101.41328792087734,object,0.640625
8727,,,,,,,296,436,[],0.0,0.0,0.0,0.0,0.9720929794488293,0.48604648972441467,172.62835803518405,91.09973584037598,-0.8705095708417097,100.67562200129032,object,0.5234375
8729,,,,,,,480,508,[],0.0,0.0,0.0,0.0,0.9812292893288593,0.49061464466442967,158.3828424650832,117.24874807170164,-0.008607371441182963,99.9388750642538,object,0.7578125
8733,,,,,,,323,506,[],0.0,0.0,0.0,0.0,0.9734965434460271,0.48674827172301355,126.54741582117751,57.81045335890354,-0.4600496926899438,100.59183998964727,object,0.77734375
8735,,,,,,,488,640,[],0.0,0.0,0.0,0.0,0.9551534758477737,0.47757673792388683,192.05103454091918,110.78195972924901,4.348479014247208,101.20914317667484,object,0.8203125
8737,,,,,,,602,766,[],0.0,0.0,0.0,0.0,0.9755698213889334,0.4877849106944667,205.27676431078402,137.5588052373906,0.8160431302074824,101.52595001272857,object,0.765625
8739,,,,,,,380,453,[],0.0,0.0,0.0,0.0,0.961808183239998,0.480904091619999,319.37470076983163,234.8985643281573,-0.5537872089596227,101.0218698065728,object,0.73046875
8741,,,,,,,480,504,[],0.0018065034122842231,0.0009040683073832245,0.003959524857017158,0.0011701989338187492,0.9800121833864517,0.4905911911601352,145.3131039756547,68.83453078457136,-0.7044597581588871,101.48669988848269,object,0.73046875
8743,,,,,,,483,507,[],0.0,0.0,0.0,0.0,0.9835228929717119,0.49176144648585596,140.0142849854971,77.18024882971184,-0.6718763344435904,100.48734699375927,object,0.66796875
8747,,,,,,,436,504,[],0.0,0.0,0.0,0.0,0.9804911530718948,0.4902455765359474,101.96663938896154,65.3321147640115,0.5903116785580172,100.82801501266658,object,0.74609375
8749,,,,,,,469,504,[],0.0,0.0,0.0,0.0,0.9814081099181231,0.49070405495906155,96.46500950574374,59.93372323025252,-0.127357533968769,100.06500710733235,object,0.69921875
8751,,,,,,,480,508,[],0.0,0.0,0.0,0.0,0.9820283273776858,0.4910141636888429,251.24689052802225,214.16940829600358,-0.16390567140908205,100.45006591826677,object,0.67578125
8753,,,,,,,406,504,[],0.0,0.0,0.0,0.0,0.9686728402790646,0.4843364201395323,151.16414915848938,108.34118988028602,0.261851926568489,107.16341808438301,object,0.81640625
8755,,,,,,,454,504,[],0.0,0.0,0.0,0.0,0.9759447079257373,0.48797235396286864,141.65622697188434,89.20468704065169,-0.18729096989966554,101.31871490739286,object,0.75
8757,,,,,,,607,919,[],0.0,0.0,0.0,0.0,0.9668032935543546,0.4834016467771773,347.0023054635376,288.7287891287504,1.8365101503176817,102.35104989260435,object,0.52734375
876,,,,,,,532,547,[],0.7935601059445792,0.6577701134177887,0.9745101507379675,0.6692851743872152,0.994020726917332,0.8316529506522736,100.40642406670263,30.417404085761092,-0.31320861678004536,101.35737690143287,object,0.578125
8763,,,,,,,480,504,[],0.9568945443587601,0.9173516821178139,0.9507348938486663,0.9631345300135109,0.9911987668548478,0.9771666484341793,12.0,4.323487439310167,0.013042159538974826,101.46405920386314,object,0.68359375
8765,,,,,,,480,508,[],0.0,0.0,0.0,0.0,0.983696763985087,0.4918483819925435,159.00974807008507,125.44885184239155,-0.09543664581885569,100.93140695244074,object,0.72265625
8767,,,,,,,336,436,[],0.0,0.0,0.0,0.0,0.9637564605717472,0.4818782302858736,97.80335329789102,55.484860399665315,-0.23286427598729006,101.28476587124169,object,0.66796875
8769,,,,,,,567,1232,[],0.0,0.0,0.0,0.0,0.9671676000605445,0.48358380003027224,417.73987120515415,318.16318346853535,3.706757594544327,101.54350101947784,object,0.76953125
8771,,,,,,,545,817,[],0.0,0.0,0.0,0.0,0.9783052156336426,0.4891526078168213,211.80131767558223,133.42980952562604,-0.39221947087188846,102.61059482581913,object,0.8125
8773,,,,,,,527,816,[],0.0,0.0,0.0,0.0,0.9263784174394797,0.46318920871973984,178.2299043615332,94.56691833206496,1.0537562155624245,101.50092002004385,object,0.578125
8775,,,,,,,487,640,[],0.0,0.0,0.0,0.0,0.9601725425134798,0.4800862712567399,249.50778338733681,190.04368210093384,0.16477438136826783,101.2948660645634,object,0.5703125
8777,,,,,,,488,640,[],0.7610599340384396,0.6142830916100606,0.7275494672754946,0.7978063900810682,0.9959334817574629,0.8968699359192656,25.326833790625297,7.843679311004855,0.09656652360515021,101.27793508581817,object,0.427734375
8779,,,,,,,606,896,[],0.2707037515158628,0.15653983622132742,1.0,0.15653983622132742,1.0,0.5782699181106637,70.66821984415903,48.3653607921047,-0.8434601637786726,102.77734906412661,object,0.4921875
878,,,,,,,453,381,[],0.06401920086207952,0.033068097003124644,1.0,0.033068097003124644,1.0,0.5165340485015624,233.4555619242457,127.48628684922794,-0.9669319029968754,101.52846109122038,object,0.470703125
8781,,,,,,,457,504,[],0.0,0.0,0.0,0.0,0.9869511950638185,0.4934755975319092,123.34706965845983,84.04113177524084,-0.5004264028654273,100.59305001050234,object,0.6015625
8783,,,,,,,480,504,[],0.0,0.0,0.0,0.0,0.9805862818047891,0.49029314090239456,306.44044536336037,265.72163279802834,1.8690036900369005,100.92527698725462,object,0.703125
8785,,,,,,,567,1120,[],0.0,0.0,0.0,0.0,0.9599196428288512,0.4799598214144256,291.29049074547635,187.00995112360303,5.557283566614826,101.38761810958385,object,0.765625
8787,,,,,,,480,504,[],0.020426715148922518,0.010318746623446786,0.026261515193180256,0.01671333566678334,0.9692744216719018,0.4929938786693426,109.49610875752916,55.302932444907604,-0.3635806790339517,102.04626200720668,object,0.74609375
8789,,,,,,,483,614,[],0.0,0.0,0.0,0.0,0.9795916979720886,0.4897958489860443,139.81165479250888,89.73644737697393,1.4836574265618536,99.53903593122959,object,0.609375
8791,,,,,,,564,702,[],0.0,0.0,0.0,0.0,0.977831803627475,0.4889159018137375,226.99095712164018,154.14144573778094,-0.5088027139264198,100.96345818601549,object,0.80078125
8793,,,,,,,310,436,[],0.7480209610881927,0.5974708344465224,0.9592507863883328,0.6130299707602339,0.9977056095833065,0.8053677901717702,36.069377593742864,11.561793669072895,-0.3609283625730994,101.60497296601534,object,0.62109375
8795,,,,,,,552,813,[],0.0,0.0,0.0,0.0,0.9336813390361365,0.46684066951806824,295.23444264748326,185.84393727086177,7.736468500443656,100.41838581673801,object,0.47265625
8797,,,,,,,795,1260,[],0.0,0.0,0.0,0.0,0.9729384032924457,0.48646920164622287,356.8865365911132,255.28518109158892,3.1743645381277124,103.2312500756234,object,0.76953125
8799,,,,,,,566,1136,[],0.0,0.0,0.0,0.0,0.96866605008201,0.484333025041005,370.2904934863046,282.67054996499326,1.3968904423285524,102.27446793578565,object,0.75
88,,,,,,,574,797,[],0.8308144323012887,0.7105924459335973,0.7450894282976684,0.9388299210221842,0.985409016016947,0.9621194685195655,41.0,13.482274139378616,0.26002313999698173,102.78536309488118,object,0.5390625
880,,,,,,,583,837,[],0.0,0.0,0.0,0.0,0.9650322269087619,0.48251611345438095,313.20472209494307,200.82689176950169,-0.4312150590899441,102.02711494639516,object,0.734375
8801,,,,,,,480,508,[],0.724097900744897,0.567518386534233,0.9331754145368408,0.5915593139966806,0.9976815305358865,0.7946204222662836,39.395431207184416,14.942164834343297,-0.3660791907057615,102.14130906388164,object,0.45703125
8803,,,,,,,529,815,[],0.0,0.0,0.0,0.0,0.973027746307412,0.486513873153706,275.89577986059123,208.19471327263162,1.391638935108153,100.95638106577098,object,0.796875
8807,,,,,,,309,408,[],0.0,0.0,0.0,0.0,0.9591019839888618,0.4795509919944309,135.2385590241636,87.91492610102934,-0.08712541620421754,100.76665715314448,object,0.625
8809,,,,,,,349,504,[],0.0,0.0,0.0,0.0,0.9199632816448894,0.4599816408224447,158.25375022151667,92.38798913322123,2.649271523178808,100.55652190931141,object,0.5390625
8813,,,,,,,478,504,[],0.0,0.0,0.0,0.0,0.9808000943567105,0.4904000471783552,86.24556156202244,50.16456962912201,0.29672830725462307,100.24896590039134,object,0.80859375
8815,,,,,,,481,504,[],0.0,0.0,0.0,0.0,0.9769129982347712,0.4884564991173856,111.26138314376836,63.89053028137155,0.08278996245801225,101.16370604373515,object,0.8515625
8817,,,,,,,400,504,[],0.9327354260089686,0.8739495798319328,0.9785427423981641,0.8910249712673702,0.9990261887527405,0.9450255800100553,10.0,2.9934965192542013,-0.08943684045554279,100.93389102257788,object,0.67578125
882,,,,,,,532,547,[],0.9426512683841675,0.8915235250186706,0.9356018548755797,0.9498077178093091,0.9964265263371532,0.9731171220732311,8.06225774829855,3.7745762117097907,0.015183662644211643,101.05856298469007,object,0.78515625
8821,,,,,,,480,504,[],0.0,0.0,0.0,0.0,0.9796947544782402,0.4898473772391201,138.41874483169627,95.55572576777514,1.4581231079717456,101.69438691809773,object,0.6796875
8823,,,,,,,480,504,[],0.0,0.0,0.0,0.0,0.9782878230630826,0.4891439115315413,135.106987705283,91.1299439413992,1.1880521665965502,101.8946529366076,object,0.78125
8825,,,,,,,480,508,[],0.0,0.0,0.0,0.0,0.982705972409432,0.491352986204716,126.75526199356582,94.4184360252386,0.1986735870818916,101.24818794429302,object,0.494140625
8827,,,,,,,400,703,[],0.0,0.0,0.0,0.0,0.972219289975721,0.4861096449878605,171.04677722775136,125.46924079408936,0.17832329782306625,99.92958791553974,object,0.56640625
8831,,,,,,,566,1192,[],0.966454556369312,0.9350866595418429,0.9701118395680679,0.962824745227501,0.9990516557020731,0.9809382004647871,6.0,2.2943261175285383,-0.007511602315678676,102.84574399702251,object,0.7421875
8833,,,,,,,317,504,[],0.0,0.0,0.0,0.0,0.9753301528926152,0.4876650764463076,134.78348667583546,94.88947531822606,-0.09376476145488899,101.74964903853834,object,0.82421875
8836,,,,,,,480,508,[],0.0,0.0,0.0,0.0,0.9800374349971571,0.49001871749857856,177.0067776230345,142.23602136062175,0.6649359640013845,101.26225790008903,object,0.60546875
8838,,,,,,,276,504,[],0.0,0.0,0.0,0.0,0.9635264200597298,0.4817632100298649,147.24876852493898,105.53358050128456,0.2889237199582027,100.55487207137048,object,0.6796875
884,,,,,,,453,381,[],0.0,0.0,0.0,0.0,0.944683063288319,0.4723415316441595,368.40575441572656,184.07910167318528,-0.9513202039126836,99.25723285414279,object,0.80859375
8840,,,,,,,598,960,[],0.0,0.0,0.0,0.0,0.9808077929846856,0.4904038964923428,345.2025680377167,278.3633279170196,0.19704161607241416,101.10888490453362,object,0.73046875
8842,,,,,,,412,504,[],0.0,0.0,0.0,0.0,0.9841208460397566,0.4920604230198783,238.14726369314494,189.56973407952867,-0.0330849478390462,102.60369908064604,object,0.578125
8844,,,,,,,488,634,[],0.0,0.0,0.0,0.0,0.965695158303376,0.482847579151688,181.08322307026486,120.99190951272541,0.6084197492648197,101.10109392553568,object,0.7109375
8846,,,,,,,564,800,[],0.0,0.0,0.0,0.0,0.9095061739628926,0.4547530869814463,233.0,103.49397741867065,2.42576644850155,100.4630399402231,object,0.671875
8848,,,,,,,336,504,[],0.0,0.0,0.0,0.0,0.977024168911224,0.488512084455612,125.48939237917075,91.23197333539488,0.12577502214348982,102.26850095205009,object,0.671875
8850,,,,,,,422,504,[],0.0,0.0,0.0,0.0,0.9772881097415659,0.48864405487078294,219.52015750589823,175.16799728365427,0.6510741510741511,100.55157216265798,object,0.7265625
8852,,,,,,,302,434,[],0.9171103359647512,0.8469102314147665,0.8492859571574295,0.99670790103751,0.9853524338257162,0.9910301674316131,10.816653826391969,4.3242351118365105,0.17358339984038307,99.09998998045921,object,0.6796875
8854,,,,,,,480,508,[],0.0,0.0,0.0,0.0,0.9767205893271079,0.48836029466355396,158.6962466392127,116.71148087188072,3.048780487804878,101.52949509210885,object,0.81640625
8856,,,,,,,488,640,[],0.0,0.0,0.0,0.0,0.948054577889205,0.4740272889446025,189.8990459459293,112.26989358716784,12.411618257261411,99.82632705941796,object,0.796875
8858,,,,,,,517,815,[],0.0,0.0,0.0,0.0,0.9795713878707982,0.4897856939353991,188.0,133.67491704889247,0.17824815485308454,101.30644892342389,object,0.80078125
886,,,,,,,599,752,[],0.951925857581558,0.9082619435538971,0.991864319228617,0.9150792284984313,0.9984876249309829,0.9567834267147071,23.259406699226016,7.046633153721975,-0.07741491375544407,101.97734390385449,object,0.859375
8860,,,,,,,401,784,[],0.0,0.0,0.0,0.0,0.9701502294627564,0.4850751147313782,149.8915255304366,91.23118253879805,0.08045433033601515,102.36378409899771,object,0.78515625
8862,,,,,,,487,640,[],0.0,0.0,0.0,0.0,0.9998688662173149,0.49993443310865743,341.21129227730665,277.17319888452084,-0.9939831528279182,101.99804487638175,object,0.36328125
8864,,,,,,,480,618,[],0.0,0.0,0.0,0.0,0.948178126571539,0.4740890632857695,196.08620521115392,120.69431498679224,2.4975756176402677,102.01935493387282,object,0.28125
8866,,,,,,,566,1280,[],0.0,0.0,0.0,0.0,0.931333167359932,0.465666583679966,572.7086938191319,432.81445518648945,4.16463286345466,103.43652800656855,object,0.61328125
8868,,,,,,,322,439,[],0.0,0.0,0.0,0.0,0.9579631618978915,0.4789815809489458,176.20210501617285,90.68475230033407,-0.61228032111087,101.44761297851801,object,0.65234375
888,,,,,,,599,776,[],0.0,0.0,0.0,0.0,0.9652108420990276,0.4826054210495138,394.76650747755997,189.84302819733833,-0.8882039939447229,101.55347501859069,object,0.39453125
8880,,,,,,,306,504,[],0.0,0.0,0.0,0.0,0.8956683070607121,0.44783415353035605,164.09402740167874,94.43244413677279,6.117594254937163,101.55105497688055,object,0.578125
8882,,,,,,,480,504,[],0.0,0.0,0.0,0.0,0.9770575717971918,0.4885287858985959,246.20743253674115,202.81295646445875,0.7158521303258145,100.59706307947636,object,0.6171875
8886,,,,,,,310,504,[],0.0,0.0,0.0,0.0,0.9588284680960992,0.4794142340480496,130.8376705836193,80.46208264635482,3.5535714285714284,99.06863910146058,object,0.734375
8888,,,,,,,552,819,[],0.0,0.0,0.0,0.0,0.9012039160243699,0.45060195801218494,310.8785130891857,175.4016006654258,1.1439618378106955,101.76777001470327,object,0.80859375
8890,,,,,,,420,504,[],0.0,0.0,0.0,0.0,0.9652418252853211,0.48262091264266055,251.94687313220223,201.67414304153706,0.8792924037460979,100.57148314081132,object,0.69921875
8892,,,,,,,504,702,[],0.0,0.0,0.0,0.0,0.9650427465634975,0.48252137328174877,208.86538446962192,147.70733082643034,1.378341463414634,102.42807399481535,object,0.765625
8895,,,,,,,480,504,[],0.0,0.0,0.0,0.0,0.9850231779116194,0.4925115889558097,189.2051489589876,140.28211779059313,-0.3547740524781341,100.58691306039691,object,0.6796875
8899,,,,,,,564,800,[],0.0,0.0,0.0,0.0,0.9629903589668891,0.48149517948344456,158.95339080449352,86.91233624644478,0.3747886371322286,101.60727705806494,object,0.7890625
890,,,,,,,541,439,[],0.04135255653982283,0.021112812659520162,1.0,0.021112812659520162,1.0,0.5105564063297601,258.0,152.19218559419247,-0.9788871873404799,101.10351396724582,object,0.70703125
8903,,,,,,,487,640,[],0.8927335640138409,0.80625,0.8659479251423922,0.9212291711750703,0.997853832651054,0.9595415019130622,13.0,3.9475737372390385,0.06383899588833586,101.82164097204804,object,0.333984375
8907,,,,,,,480,508,[],0.9528458279609504,0.9099384344766931,0.9236675296848496,0.9839277223014741,0.9963355834136933,0.9901316528575836,6.4031242374328485,2.4872828048433044,0.06524013314312886,100.75486707501113,object,0.74609375
8909,,,,,,,480,504,[],0.0,0.0,0.0,0.0,0.9834507176144022,0.4917253588072011,132.09844813622905,82.01928314425989,-0.25148098605006686,100.44914996251464,object,0.69140625
8911,,,,,,,480,616,[],0.0,0.0,0.0,0.0,0.9633646352259118,0.4816823176129559,252.34490270519206,185.19993484883668,0.384,100.38470919243991,object,0.796875
8913,,,,,,,448,616,[],0.0,0.0,0.0,0.0,0.955902256943775,0.4779511284718875,215.53387181793084,134.19895837023734,-0.31253381424706944,101.34653002023697,object,0.72265625
8915,,,,,,,602,934,[],0.0,0.0,0.0,0.0,0.9779846694575017,0.48899233472875087,370.1894083915435,295.78892689038014,4.267948717948718,101.81688098236918,object,0.73828125
8917,,,,,,,480,504,[],0.0,0.0,0.0,0.0,0.9801340777305942,0.4900670388652971,151.9631523118745,92.54513490790399,-0.5375815353738084,101.5837260056287,object,0.671875
892,,,,,,,665,838,[],0.7908396602608871,0.6540403569898082,1.0,0.6540403569898082,1.0,0.8270201784949041,67.48184707017563,31.643239596506422,-0.3459596430101917,101.69898788444698,object,0.83203125
8921,,,,,,,390,504,[],0.0,0.0,0.0,0.0,0.9747801679941172,0.4873900839970586,109.84623969069428,66.8272452248099,0.4083285135916715,101.37024102732539,object,0.73046875
8923,,,,,,,488,640,[],0.9438254410399257,0.8936263736263736,0.9585101367279585,0.9295839048925468,0.9997162507698311,0.964650077831189,3.605551275463989,1.3499157387032867,-0.03017832647462277,100.50858091562986,object,0.625
8925,,,,,,,444,544,[],0.0,0.0,0.0,0.0,0.979149250710571,0.4895746253552855,245.25777730075035,148.83608138669555,-0.6675319208643188,101.10809397883713,object,0.703125
8928,,,,,,,430,784,[],0.0,0.0,0.0,0.0,0.9806553350214553,0.49032766751072765,245.4690308598634,198.13442395512322,-0.1338764426340801,101.13942506723106,object,0.78515625
8930,,,,,,,590,785,[],0.0,0.0,0.0,0.0,0.9663864267674024,0.4831932133837012,184.73899968793523,109.22528114985948,4.040743155149935,102.2236100398004,object,0.83203125
8932,,,,,,,483,507,[],0.009278897136797455,0.0046610733786123315,0.695364238410596,0.004670610737956497,0.9997931654676259,0.5022318881027912,186.94984958299827,101.8944173699426,-0.9932832169387483,101.4765331055969,object,0.6953125
8934,,,,,,,480,618,[],0.0,0.0,0.0,0.0,0.9543847854563601,0.47719239272818004,223.2836759205724,160.05640502059063,0.6302947733465445,99.55239994451404,object,0.62890625
8936,,,,,,,376,504,[],0.0,0.0,0.0,0.0,0.9776990009668063,0.48884950048340314,101.87294201161832,69.44138858819599,0.2490974729241877,100.99531221203506,object,0.78515625
8938,,,,,,,469,815,[],0.0,0.0,0.0,0.0,0.9721613183592981,0.48608065917964904,161.018010865219,91.63216597673036,6.583690987124464,100.78835720196366,object,0.703125
894,,,,,,,455,496,[],0.0,0.0,0.0,0.0,0.9991528752549657,0.49957643762748283,358.69455957408013,285.42899392360476,-0.9875495583223204,99.79919483885169,object,0.400390625
8940,,,,,,,457,680,[],0.0,0.0,0.0,0.0,0.9308912198731711,0.46544560993658557,192.852923047973,98.31692247029429,1.213412689977681,100.98318196833134,object,0.72265625
8942,,,,,,,487,613,[],0.0,0.0,0.0,0.0,0.9731216444343704,0.4865608222171852,106.6763576691871,54.06608210808385,1.7023809523809523,100.97878100350499,object,0.69140625
8949,,,,,,,398,508,[],0.0,0.0,0.0,0.0,0.9832676369516878,0.4916338184758439,167.8379609756055,122.43434151562974,-0.23071561338289961,100.59014288708568,object,0.77734375
8951,,,,,,,480,621,[],0.7369418702611626,0.5834583958645989,0.9844321485510644,0.5888920056100981,0.9994076822893436,0.7941498439497209,30.433519248520668,15.683647935505482,-0.40179523141654977,101.66769684292376,object,0.4765625
8954,,,,,,,487,640,[],0.0,0.0,0.0,0.0,0.9898236381971612,0.4949118190985806,230.11689279428305,160.8310156117586,-0.5726307076838184,100.94688110984862,object,0.412109375
8956,,,,,,,390,504,[],0.0,0.0,0.0,0.0,0.9738284780361617,0.48691423901808084,166.43606290037076,94.25090287565227,-0.5894388318193395,100.81170802004635,object,0.7578125
8957,,,,,,,313,436,[],0.0,0.0,0.0,0.0,0.9466459603802886,0.4733229801901443,103.53458607951607,51.17257898505407,0.5780864889088058,100.02263099886477,object,0.40234375
896,,,,,,,532,547,[],0.7822367336687361,0.6423553372778014,1.0,0.6423553372778014,1.0,0.8211776686389007,80.45495634204272,28.591915811282927,-0.3576446627221986,100.51442193798721,object,0.8203125
8961,,,,,,,564,800,[],0.0,0.0,0.0,0.0,0.9784138732497659,0.48920693662488296,183.5243745781943,127.10433511125636,0.18906152889993785,100.40484904311597,object,0.7734375
8963,,,,,,,557,815,[],0.0,0.0,0.0,0.0,0.9858971881785727,0.4929485940892864,372.0833092321148,283.71544302823844,-0.6809927675737552,102.04852581955492,object,0.65625
8965,,,,,,,288,504,[],0.010393763741754948,0.005224030540486237,0.00963319748054835,0.011284722222222222,0.9619620901639344,0.4866234061930783,83.00090358166828,44.83499202657411,0.1714409722222222,100.93977116048336,object,0.73828125
8969,,,,,,,275,408,[],0.0,0.0,0.0,0.0,0.9668621139308609,0.48343105696543043,198.644526025561,168.07892765189948,0.4324004729996058,100.96486192196608,object,0.6875
8971,,,,,,,480,504,[],0.0002447081854888046,0.00012236906510034264,0.00019964064683569574,0.0003160556257901391,0.9790246108998308,0.4896703332628105,51.63719259209009,28.763933897891306,0.5831226295828066,100.6451949942857,object,0.5078125
8973,,,,,,,445,552,[],0.0,0.0,0.0,0.0,0.9796453985850716,0.4898226992925358,155.6142623899089,108.15805027636384,0.20721826663393075,101.114965043962,object,0.58203125
8975,,,,,,,487,640,[],0.0,0.0,0.0,0.0,0.9469196519512266,0.4734598259756133,240.57742357378896,156.69252285946732,5.803149606299213,101.72549798153341,object,0.84765625
8977,,,,,,,624,496,[],0.0,0.0,0.0,0.0,0.9580912931820065,0.47904564659100324,182.1441732458303,134.9133214541178,0.6363048259800751,101.15033597685397,object,0.419921875
8979,,,,,,,480,508,[],0.0,0.0,0.0,0.0,0.9831002306607111,0.49155011533035553,115.38445912528695,69.72934734818932,-0.18625277161862527,100.51128198392689,object,0.8125
898,,,,,,,532,547,[],0.2942241940735917,0.17248702499552587,0.9966220874121053,0.17258792350118185,0.9997635568766345,0.5861757401889082,255.63450468334256,88.35036169208429,-0.8268271136260535,101.62734612822533,object,0.32421875
8981,,,,,,,284,435,[],0.0,0.0,0.0,0.0,0.9606824487868233,0.48034122439341165,78.62886408657354,46.56777041328473,-0.06140527481377089,100.71740602143109,object,0.61328125
8983,,,,,,,355,544,[],0.0,0.0,0.0,0.0,0.9867614753150653,0.49338073765753265,91.81348047519297,54.359645889515576,-0.11365235749472202,100.34606815315783,object,0.462890625
8985,,,,,,,440,552,[],0.0,0.0,0.0,0.0,0.9891109493605075,0.49455547468025374,191.006126508349,146.2772357476251,0.06639511201629328,100.63547384925187,object,0.7578125
8987,,,,,,,482,615,[],0.0073402536221960505,0.0036836462599994504,0.014005016722408026,0.004973462494896634,0.964992745475663,0.48498310398527983,175.154043580382,78.27631883966413,-0.6448799317076792,100.06522084586322,object,0.69921875
8989,,,,,,,420,504,[],0.0,0.0,0.0,0.0,0.981848247729244,0.490924123864622,68.02278954784903,35.29987619604689,1.072361262241567,100.77144694514573,object,0.8203125
8991,,,,,,,327,435,[],0.0,0.0,0.0,0.0,0.9545073239981932,0.4772536619990966,172.7699252346958,122.7960032316212,1.2889610389610389,98.9010448101908,object,0.494140625
8995,,,,,,,256,439,[],0.0,0.0,0.0,0.0,0.9367346155322661,0.46836730776613306,106.51382183739277,54.12548978765594,-0.19491939423546653,100.04346095956862,object,0.71484375
8997,,,,,,,815,1260,[],0.0,0.0,0.0,0.0,0.9794030368372533,0.48970151841862664,212.96619122048216,121.93124950365565,2.409113020917788,103.02069806493819,object,0.828125
8999,,,,,,,481,621,[],0.9105740181268882,0.8358291735995563,0.8403736233096334,0.9935717817702324,0.9960872625873959,0.9948295221788142,10.0,3.649533749340481,0.18229767595187077,102.0316460635513,object,0.7421875
90,,,,,,,518,834,[],0.0,0.0,0.0,0.0,0.979176891915693,0.4895884459578465,277.24582645600464,220.4183176624801,0.4331663164700178,101.83918196707964,object,0.79296875
900,,,,,,,532,547,[],0.24283069728167322,0.13819425191756768,0.9313652217239661,0.1396160884341039,0.9976795114761002,0.5686477999551021,239.1541418225055,82.36735340922857,-0.8500952309818127,100.37334798835218,object,0.22265625
9002,,,,,,,354,504,[],0.0,0.0,0.0,0.0,0.976293979850742,0.488146989925371,124.45882853377658,89.02017659598624,0.08379156847342237,102.13350807316601,object,0.6484375
9004,,,,,,,480,508,[],0.0,0.0,0.0,0.0,0.9775302592794408,0.4887651296397204,211.28653530218153,125.74392989864768,-0.5137870207037415,100.47144000418484,object,0.6953125
9006,,,,,,,624,496,[],0.46357134198084615,0.3017200568092157,0.302006002211341,0.9968717413972888,0.9856332863004168,0.9912525138488528,64.88451279003334,22.171395221812535,2.300834202294056,100.95245111733675,object,0.376953125
9010,,,,,,,564,864,[],0.0,0.0,0.0,0.0,0.9802071948903562,0.4901035974451781,194.72223461489625,144.83649646313268,0.5850249584026622,101.18789691478014,object,0.796875
9013,,,,,,,407,615,[],0.0,0.0,0.0,0.0,0.9652698748171029,0.48263493740855146,167.99181467857755,114.2089443762177,1.003516998827667,102.74420212954283,object,0.6953125
9015,,,,,,,480,618,[],0.0,0.0,0.0,0.0,0.9706672784478239,0.48533363922391193,365.9777886773908,272.00425393169076,-0.6343954248366013,101.88474203459918,object,0.490234375
9017,,,,,,,478,504,[],0.0,0.0,0.0,0.0,0.9720761490620418,0.4860380745310209,105.81701167428713,57.69526102546011,0.846989966555184,101.34144010953605,object,0.66796875
902,,,,,,,480,609,[],0.0,0.0,0.0,0.0,0.9702608345975982,0.4851304172987991,169.95587662684687,106.56295072360926,-0.566711051930759,100.60788388364017,object,0.70703125
9023,,,,,,,488,640,[],0.0,0.0,0.0,0.0,0.974420009706398,0.487210004853199,308.8719664789986,240.7147115908407,-0.17810544181606025,101.3357499614358,object,0.2470703125
9025,,,,,,,286,504,[],0.0,0.0,0.0,0.0,0.9649963741841915,0.48249818709209574,209.0005980827014,162.94194324743884,-0.2269378603459321,100.45553999952972,object,0.47265625
9027,,,,,,,480,508,[],0.0,0.0,0.0,0.0,0.9834917873195386,0.4917458936597693,218.66778431758402,182.4893027487837,0.6298568507157464,101.24129801988602,object,0.78125
9029,,,,,,,563,800,[],0.012861271676300579,0.006472256563159043,0.016396462785556374,0.010580123632905373,0.9753722530767386,0.492976188354822,140.0344600343059,67.39793921531042,-0.3547313361864004,101.63981700316072,object,0.8359375
9031,,,,,,,480,618,[],0.0,0.0,0.0,0.0,0.9608852680479164,0.4804426340239582,184.0843550632705,124.20738080743243,0.7547928262213977,102.04152599908412,object,0.78515625
9035,,,,,,,480,508,[],0.0,0.0,0.0,0.0,0.9839578391312808,0.4919789195656404,191.03913200494102,155.76028703631238,0.6928789864569681,101.04621294885874,object,0.77734375
9037,,,,,,,408,357,[],0.0,0.0,0.0,0.0,0.9629813334823674,0.4814906667411837,138.04147874373575,88.05146205017633,1.1094745222929936,100.50951200537384,object,0.76953125
9039,,,,,,,469,504,[],0.0,0.0,0.0,0.0,0.9753398041024913,0.48766990205124566,186.72410022261568,108.31069143450098,-0.49242147552958365,99.91458803415298,object,0.7265625
9041,,,,,,,480,618,[],0.0,0.0,0.0,0.0,0.9514375882944687,0.47571879414723434,177.7896228664418,88.65310517068355,-0.3717051167598553,100.44904099777341,object,0.76171875
9043,,,,,,,480,618,[],0.0,0.0,0.0,0.0,0.9539933942806177,0.47699669714030885,345.9566433782539,284.1200044469877,0.37323211314475874,101.38709098100662,object,0.69921875
9045,,,,,,,402,784,[],0.0,0.0,0.0,0.0,0.9765300768019844,0.4882650384009922,189.2061033394236,133.40070952025187,9.207468879668049,99.78698496706784,object,0.79296875
9047,,,,,,,566,1205,[],0.0,0.0,0.0,0.0,0.830260676215555,0.4151303381077775,419.6486605438856,230.54940920947845,5.184817213744648,102.60072909295559,object,0.5234375
9049,,,,,,,483,507,[],0.0,0.0,0.0,0.0,0.9802683962577134,0.4901341981288567,81.40884439465209,42.8723393957265,0.2704939919893191,101.46750300191343,object,0.5546875
905,,,,,,,562,698,[],0.0,0.0,0.0,0.0,0.9728104703290807,0.4864052351645404,165.45361383422113,97.93077578836944,1.2965141612200435,101.62914614193141,object,0.72265625
9051,,,,,,,420,504,[],0.0,0.0,0.0,0.0,0.9801854712586506,0.4900927356293253,221.17662176483157,185.1378814031744,0.5989965264376689,102.05045598559082,object,0.6640625
9055,,,,,,,601,768,[],0.0,0.0,0.0,0.0,0.9722038517805968,0.4861019258902984,254.81915130905313,190.19244747651325,0.00048088482808367395,102.01812605373561,object,0.7421875
9057,,,,,,,459,504,[],0.019000616903146205,0.009591429995017439,0.020072992700729927,0.01803701100960412,0.9834454147894675,0.5007412128995358,63.11296021154083,34.179677912682855,-0.10142890606699462,101.56196495518088,object,0.7890625
9059,,,,,,,480,508,[],0.0,0.0,0.0,0.0,0.9845184152434066,0.4922592076217033,95.00526301210897,61.27713030290567,0.3118846694796062,100.65924492664635,object,0.73046875
9061,,,,,,,451,504,[],0.0,0.0,0.0,0.0,0.9740888205334598,0.4870444102667299,209.78691334013712,108.95909953013565,-0.7091065569361519,100.70296609774232,object,0.6875
9065,,,,,,,557,816,[],0.9062697465421611,0.8286044421620233,0.8439911076239048,0.9784718010915706,0.9973365541753364,0.9879041776334535,10.198039027185569,4.146566912877289,0.15933899332929047,101.2023959774524,object,0.609375
9071,,,,,,,481,507,[],0.0,0.0,0.0,0.0,0.9820276594405154,0.4910138297202577,75.49490921561379,40.729969133496596,-0.23699215965787598,101.42087214626372,object,0.65234375
9073,,,,,,,483,504,[],0.024336024336024335,0.012317896482293023,0.8062015503875969,0.01235447849845569,0.9998936233586084,0.5061240509285321,123.71377857330151,56.20437740721595,-0.9846756949394155,102.03179600648582,object,0.56640625
9075,,,,,,,480,508,[],0.0,0.0,0.0,0.0,0.9766484421316118,0.4883242210658059,280.0,230.13100171256153,5.008474576271187,101.65080684237182,object,0.71875
9077,,,,,,,480,504,[],0.018673535093367676,0.009424764380890478,0.5523809523809524,0.009497298182413624,0.9998006895294153,0.5046489938559144,104.7816401448224,52.22417922025839,-0.9828066153594236,100.32034711912274,object,0.546875
9079,,,,,,,431,504,[],0.8822074215033302,0.7892407218249915,0.8982755279984499,0.866704056833053,0.9975221238938053,0.9321130903634292,11.090169943749475,4.242855666338827,-0.03514675640306599,100.65034497529268,object,0.69921875
9081,,,,,,,488,640,[],0.0,0.0,0.0,0.0,0.9750403047559612,0.4875201523779806,132.1164520722843,95.03902627061882,0.6464408233276158,101.50592401623726,object,0.30859375
9085,,,,,,,349,504,[],0.9562755059548597,0.9162144909032875,0.981703146374829,0.9321318395843481,0.9986917556150583,0.9654117975997032,8.602325267042627,2.3651199200155144,-0.05049521026140607,100.71948589757085,object,0.71875
9090,,,,,,,424,504,[],0.0,0.0,0.0,0.0,0.9769748337590872,0.4884874168795436,165.03787079060885,97.62452808517634,-0.5556188847724898,101.00894304923713,object,0.80859375
9092,,,,,,,412,504,[],0.0,0.0,0.0,0.0,0.9711521045900866,0.4855760522950433,189.0011904678588,95.52674306726331,-0.7934855211975954,99.50456907972693,object,0.72265625
9096,,,,,,,480,508,[],0.0,0.0,0.0,0.0,0.9743026566833285,0.48715132834166425,107.51509461511745,56.24147717856096,4.334473909324209,100.39125895127654,object,0.7421875
9100,,,,,,,443,544,[],0.0,0.0,0.0,0.0,0.98047620445671,0.490238102228355,128.99825578774954,87.62146644729407,0.8148148148148148,99.27593404427171,object,0.66796875
9108,,,,,,,488,640,[],0.0,0.0,0.0,0.0,0.937938940826342,0.468969470413171,148.51068142656558,65.77936149888852,1.3933367114263997,101.67348780669272,object,0.78125
9110,,,,,,,480,616,[],0.9479397743899561,0.9010318528488112,0.9051739679105822,0.9949469929654216,0.9963163589379068,0.9956316759516641,9.0,2.841018646436884,0.09917764787476469,98.97957695648074,object,0.8515625
9112,,,,,,,487,640,[],0.0,0.0,0.0,0.0,0.9719311861337473,0.48596559306687365,118.32243965425101,73.66192545138153,-0.16792842395044735,101.79315088316798,object,0.83203125
9114,,,,,,,487,640,[],0.0,0.0,0.0,0.0,0.9373543009702416,0.4686771504851208,168.22009392459628,84.24843147188304,3.238105726872247,100.58267298154533,object,0.8125
9118,,,,,,,480,508,[],0.0641910804254525,0.03315982263350684,0.9608938547486033,0.033204633204633204,0.9999706695717757,0.5165876513882045,71.40446080530225,34.93240872349746,-0.9654440154440155,98.85023394599557,object,0.671875
912,,,,,,,562,796,[],0.0,0.0,0.0,0.0,0.9863574320469857,0.49317871602349284,215.53419379270164,135.81923194655332,-0.5889066740900549,101.87024204060435,object,0.69921875
9120,,,,,,,292,504,[],0.0,0.0,0.0,0.0,0.9725451208320587,0.48627256041602934,85.0164685533654,50.965378747660694,0.18517406962785113,99.60044105537236,object,0.7578125
9122,,,,,,,565,703,[],0.0,0.0,0.0,0.0,0.9516673513494204,0.4758336756747102,202.96846682933025,116.99743928013648,2.583427922814983,101.20737692341208,object,0.625
9124,,,,,,,363,504,[],0.008990836263039594,0.004515718172870955,0.012014787430683918,0.007182981858366332,0.9627294544228993,0.4849562181406328,110.06793298255687,50.36786715346567,-0.4021548945575099,101.37315094470978,object,0.6171875
9126,,,,,,,480,504,[],0.0,0.0,0.0,0.0,0.981158652471534,0.490579326235767,120.3172226183944,81.2867011756104,0.09506353861192571,98.96126692183316,object,0.65234375
9128,,,,,,,487,640,[],0.9524698851433374,0.9092529862720627,0.9395725865880619,0.9657261882219277,0.9989295004226515,0.9823278443222896,4.47213595499958,1.7378094681426266,0.02783563718992615,100.41693900711834,object,0.72265625
9130,,,,,,,288,437,[],0.16333333333333333,0.08892921960072596,0.8687943262411347,0.09013980868285504,0.9996995241111598,0.5449196663970074,33.18353880309417,12.078869987089512,-0.8962472406181016,101.2297379784286,object,0.2490234375
9132,,,,,,,427,504,[],0.0,0.0,0.0,0.0,0.9719813649644339,0.48599068248221694,152.51851541017086,105.93211641231403,0.7724693938489101,99.96481006965041,object,0.8125
9134,,,,,,,480,508,[],0.0,0.0,0.0,0.0,0.9831743087406354,0.4915871543703177,108.00092584655631,69.76302910778843,-0.4848956307532737,100.77339713461697,object,0.71875
9136,,,,,,,480,633,[],0.0,0.0,0.0,0.0,0.952703105337507,0.4763515526687535,204.78281177872327,123.45113490175774,-0.2728889367893517,100.6699651479721,object,0.74609375
9138,,,,,,,480,618,[],0.0,0.0,0.0,0.0,0.9588484523817806,0.4794242261908903,197.99494943053472,139.47771459062895,0.29063931922321623,100.68589588627219,object,0.7421875
914,,,,,,,562,791,[],0.0,0.0,0.0,0.0,0.9803487327665278,0.4901743663832639,254.0,168.55412848476516,-0.651113736078299,100.8801800198853,object,0.68359375
9146,,,,,,,280,447,[],0.9095223858285373,0.834058740875287,0.9570569035353337,0.8664862747890483,0.988750733983703,0.9276185043863756,25.78271191693713,8.45770412648951,-0.09463452842952255,98.87306508608162,object,0.419921875
9148,,,,,,,256,504,[],0.0,0.0,0.0,0.0,0.9926588866109446,0.4963294433054723,207.16611643483245,179.25518516186798,-0.5775862068965517,99.27738294936717,object,0.41015625
9150,,,,,,,480,508,[],0.0,0.0,0.0,0.0,0.9820832631046688,0.4910416315523344,138.4629914453678,87.879124874715,-0.3478527607361963,99.78324500843883,object,0.74609375
9152,,,,,,,480,504,[],0.0,0.0,0.0,0.0,0.9788164165890669,0.48940820829453346,188.4604575049748,82.48753778173882,-0.8069478700723214,100.66740517504513,object,0.75390625
9154,,,,,,,421,504,[],0.0045400497243541236,0.002275189599133261,0.22105263157894736,0.0022935779816513763,0.9996355182536399,0.5009645481176457,102.53290481813916,58.882714737775885,-0.9896242900830057,101.19211697019637,object,0.5625
9156,,,,,,,457,680,[],0.0,0.0,0.0,0.0,0.9947359584407376,0.4973679792203688,480.50772509560653,423.4067051264123,-0.7716040565633481,100.75703705660999,object,0.828125
9158,,,,,,,480,508,[],0.0,0.0,0.0,0.0,0.9844807472825515,0.49224037364127576,172.29959235766307,119.96973204706083,-0.42358829970279993,101.07028391212225,object,0.671875
916,,,,,,,562,698,[],0.0,0.0,0.0,0.0,0.9765242754986827,0.48826213774934135,137.44378664781655,87.13389992609413,-0.07095573024410426,101.64279700256884,object,0.734375
9160,,,,,,,446,544,[],0.0,0.0,0.0,0.0,0.983386554970348,0.491693277485174,131.8935111314516,91.05229385934118,1.6813922356091031,102.14600805193186,object,0.734375
9162,,,,,,,480,508,[],0.0,0.0,0.0,0.0,0.9769990172980219,0.4884995086490109,104.3954021272956,68.0095357630455,7.837282780410742,101.19897592812777,object,0.64453125
9164,,,,,,,443,544,[],0.0,0.0,0.0,0.0,0.9836835133176999,0.49184175665884994,162.71001306787534,110.79676528040207,-0.5076962876730048,100.73026595637202,object,0.5078125
9170,,,,,,,488,640,[],0.0,0.0,0.0,0.0,0.9656957571665974,0.4828478785832987,262.3275469443111,190.8052440192024,1.5021306818181819,101.12971486523747,object,0.6640625
9172,,,,,,,483,507,[],0.0,0.0,0.0,0.0,0.974980020901211,0.4874900104506055,97.41663102366043,57.33704516432032,5.969178082191781,101.60082601942122,object,0.66796875
9174,,,,,,,390,504,[],0.0,0.0,0.0,0.0,0.9767212691027753,0.4883606345513877,131.38112497615478,63.27551028048567,-0.6017136539524599,100.4430700559169,object,0.7265625
9178,,,,,,,480,504,[],0.0,0.0,0.0,0.0,0.9577142610049295,0.47885713050246476,247.94100614796187,176.10506363529424,-0.0826454033771107,99.87569693475962,object,0.7578125
918,,,,,,,562,698,[],0.035437430786267994,0.018038331454340473,0.5862884160756501,0.018270895494898146,0.9990414346710341,0.5086561650829662,195.3176899310454,93.06207746162065,-0.9688363355066858,100.93929106369615,object,0.62890625
9180,,,,,,,427,452,[],0.0,0.0,0.0,0.0,0.9760894410463713,0.48804472052318565,187.49263723261032,147.69375404682305,0.12749500998003993,101.12995491363108,object,0.8046875
9182,,,,,,,483,507,[],0.0,0.0,0.0,0.0,0.9843675452316449,0.49218377261582247,194.99432628007597,159.34773109611632,-0.019771071800208116,100.32436694018543,object,0.69921875
9185,,,,,,,480,504,[],0.008137865007180469,0.004085556356645037,0.6071428571428571,0.004096385542168675,0.9998047221729096,0.5019505538575392,176.26059323489804,98.19403027266188,-0.9932530120481927,100.88569996878505,object,0.47265625
9186,,,,,,,480,508,[],0.0,0.0,0.0,0.0,0.9814704414680568,0.4907352207340284,168.8854498719602,78.91141630239679,-0.7587257777011097,101.45092313177884,object,0.75390625
9188,,,,,,,375,504,[],0.0,0.0,0.0,0.0,0.9642701308456639,0.48213506542283197,143.601508420903,87.11381396750029,-0.18598213162199573,100.27768602594733,object,0.69921875
9192,,,,,,,660,896,[],0.0,0.0,0.0,0.0,0.9783021793775606,0.4891510896887803,140.9755248341165,80.65398539514679,0.6333032374564684,101.59742599353194,object,0.83984375
9194,,,,,,,660,1008,[],0.0,0.0,0.0,0.0,0.9816856472047627,0.49084282360238135,273.0710525915778,175.90971052797715,-0.564003132107834,103.87623799033463,object,0.6171875
9196,,,,,,,613,955,[],0.0,0.0,0.0,0.0,0.9698874222131918,0.4849437111065959,303.61801287128657,205.53325637528155,2.7519845526711006,101.26031888648868,object,0.80078125
9198,,,,,,,660,1008,[],0.0,0.0,0.0,0.0,0.9826025257246918,0.4913012628623459,190.22052907624632,133.661191658898,0.3413946935900446,101.94860398769379,object,0.70703125
9202,,,,,,,471,610,[],0.0,0.0,0.0,0.0,0.9788538573589557,0.48942692867947785,136.29041245130364,79.96368889852097,2.4988412514484355,98.76534203067422,object,0.6875
9208,,,,,,,480,613,[],0.0,0.0,0.0,0.0,0.9784439859206214,0.4892219929603107,202.56133875250353,154.43693669339763,0.05804255319148936,100.9054509922862,object,0.515625
9212,,,,,,,660,1031,[],0.0,0.0,0.0,0.0,0.9664366088614748,0.4832183044307374,200.1449474755733,98.41324350577611,1.3066912593503432,101.11265489831567,object,0.625
9214,,,,,,,660,1008,[],0.0017936054068105017,0.0008976076803996305,0.007530284841209211,0.0010180444693627631,0.9847799927364381,0.4928990186029004,287.1661538728864,147.22789705039634,-0.8648066453221595,103.4421781077981,object,0.65234375
9216,,,,,,,476,610,[],0.0,0.0,0.0,0.0,0.9742409035650674,0.4871204517825337,213.6564908744119,168.48883537241605,-0.013933982683982684,101.7912810202688,object,0.7890625
9218,,,,,,,660,896,[],0.0,0.0,0.0,0.0,0.9859526637156464,0.4929763318578232,202.38920637340576,154.12583151419867,0.04647006255585344,100.8629088755697,object,0.609375
922,,,,,,,609,1156,[],0.8845138936692596,0.7929403052618588,0.9831165519000254,0.8038872205538872,0.999513255336545,0.9017002379452161,22.294831199136127,8.534820296459452,-0.18230730730730732,100.28816596604884,object,0.458984375
9220,,,,,,,660,896,[],0.0,0.0,0.0,0.0,0.9813084432207149,0.49065422161035743,297.51731010058666,239.65046468422588,0.4845641234870121,99.42129696719348,object,0.703125
9222,,,,,,,660,1072,[],0.0,0.0,0.0,0.0,0.967726324111591,0.4838631620557955,372.59342837054635,280.28375439670367,0.14257048775468203,103.13249099999666,object,0.64453125
9224,,,,,,,660,1072,[],0.0,0.0,0.0,0.0,0.9766335307246118,0.4883167653623059,214.0,149.83066878924404,0.09232015116749899,100.65067396499217,object,0.76171875
9228,,,,,,,687,1101,[],0.0,0.0,0.0,0.0,0.9762085754588451,0.48810428772942255,203.91787161091847,125.82864278647256,0.9354382144801306,99.1983418352902,object,0.8203125
9230,,,,,,,687,1101,[],0.0,0.0,0.0,0.0,0.9804715441508386,0.4902357720754193,499.25934770886147,340.95413569472413,-0.6138635614632538,103.30776497721672,object,0.486328125
9232,,,,,,,660,1008,[],0.0,0.0,0.0,0.0,0.9884872796143983,0.49424363980719915,186.1829722485359,122.22850613849619,0.023651844843897825,99.4491979945451,object,0.7109375
9234,,,,,,,600,650,[],0.0012050304544060295,0.0006028784706617413,0.40145985401459855,0.0006034208476417216,0.999725617611334,0.5001645192294879,322.860416726382,183.7604180011684,-0.9984969335249652,98.09389687143266,object,0.439453125
9238,,,,,,,480,613,[],0.0,0.0,0.0,0.0,0.9797386565013511,0.48986932825067553,164.01829149287923,94.93985444610949,-0.4469660544283104,100.01915995962918,object,0.71875
924,,,,,,,471,503,[],0.0,0.0,0.0,0.0,0.9822546836391843,0.49112734181959217,95.75641469269111,48.8572017799923,-0.45298226759806554,100.9491819422692,object,0.625
9240,,,,,,,600,760,[],0.0,0.0,0.0,0.0,0.9681749024609467,0.48408745123047336,393.7643123201795,221.1176824690307,-0.7803043433047939,101.65665694512427,object,0.71875
9242,,,,,,,682,1094,[],0.0,0.0,0.0,0.0,0.9725436608750524,0.4862718304375262,387.71015301526774,219.33102285366556,-0.757097042404086,99.39061594195664,object,0.6484375
9244,,,,,,,660,1031,[],0.0,0.0,0.0,0.0,0.976551846472799,0.4882759232363995,278.18635834029635,152.85851086950566,-0.6982697128416248,99.42152700386941,object,0.80078125
9246,,,,,,,660,1031,[],0.0,0.0,0.0,0.0,0.9732526073837362,0.4866263036918681,205.91503102007877,133.63822115028412,-0.03229155283575565,100.06927116774023,object,0.609375
9248,,,,,,,660,1008,[],0.0,0.0,0.0,0.0,0.9955527014463305,0.49777635072316523,474.7267089586209,313.3190775371171,-0.9291278448144188,100.9745120536536,object,0.578125
9250,,,,,,,600,760,[],0.0,0.0,0.0,0.0,0.9684648419645903,0.48423242098229513,443.7484064168542,339.53701489004055,-0.45608067549721876,103.3317050896585,object,0.68359375
9252,,,,,,,600,760,[],0.0,0.0,0.0,0.0,0.9422784941091267,0.47113924705456334,334.3980381925826,163.0700493428926,-0.6783742883908626,101.75789892673492,object,0.7890625
9254,,,,,,,600,912,[],0.0,0.0,0.0,0.0,0.9632351568247424,0.4816175784123712,199.42417105255822,110.48719955038067,0.6924531545470174,98.83931395597756,object,0.78515625
9258,,,,,,,600,760,[],0.0,0.0,0.0,0.0,0.8349804282753857,0.4174902141376928,281.3141292182682,152.9197933350218,2.302672811059908,98.93467603251338,object,0.74609375
9260,,,,,,,600,760,[],0.9520851063829787,0.9085519369771786,0.9458065607034156,0.9584475668265936,0.9985573720314722,0.978502469429033,6.708203932499369,2.652340417230154,0.013365318711446196,99.45414704270661,object,0.6640625
9262,,,,,,,676,996,[],0.0,0.0,0.0,0.0,0.9415262393637125,0.47076311968185625,224.6486096422391,117.9561806861615,0.9344469754492534,99.80008495040238,object,0.64453125
9266,,,,,,,660,1031,[],0.0,0.0,0.0,0.0,0.9469531136692492,0.4734765568346246,408.57341247272444,238.12491648093436,-0.6404896335748737,99.94874917902052,object,0.82421875
9268,,,,,,,660,1031,[],0.0,0.0,0.0,0.0,0.9880147492537933,0.49400737462689664,375.05632872911946,299.17313716055844,0.41529576478823943,103.6467319354415,object,0.427734375
9270,,,,,,,690,1134,[],0.0,0.0,0.0,0.0,0.9825292965614666,0.4912646482807333,210.07153381235588,133.5756215530176,2.5941875825627476,103.47210802137852,object,0.78125
9274,,,,,,,676,996,[],0.936478355785102,0.8805447081205567,0.8904414742810854,0.9875350926445817,0.9983714409135584,0.9929532667790701,11.0,3.1079524309092177,0.1090398652442448,101.23760811984539,object,0.53125
9276,,,,,,,705,948,[],0.0,0.0,0.0,0.0,0.9839082173547725,0.49195410867738626,300.22740765111644,160.07354956492077,-0.5766008745045156,100.48021096736193,object,0.69921875
9278,,,,,,,600,912,[],0.0,0.0,0.0,0.0,0.9212417694953206,0.4606208847476603,340.09910305683354,233.61941030383926,2.2213798912627305,100.01489100977778,object,0.59375
928,,,,,,,693,1050,[],0.0,0.0,0.0,0.0,0.9741750706735716,0.4870875353367858,420.46664551342167,330.28608095262666,-0.32707395976648196,99.59693998098373,object,0.7578125
9280,,,,,,,660,896,[],0.0,0.0,0.0,0.0,0.9838045915086634,0.4919022957543317,553.4511713588646,465.8591822876894,-0.41573667711598744,103.66693302057683,object,0.66796875
9282,,,,,,,660,896,[],0.0,0.0,0.0,0.0,0.9702957864582669,0.48514789322913343,397.0712754316235,202.78291212323197,-0.8851218990238201,102.95546590350568,object,0.78515625
9284,,,,,,,660,1008,[],0.0,0.0,0.0,0.0,0.9835357898980153,0.49176789494900763,195.3640185399604,103.1212498127673,-0.7051668277155687,102.70312102511525,object,0.54296875
9288,,,,,,,702,996,[],0.0,0.0,0.0,0.0,0.9773321330571252,0.4886660665285626,310.26549195941647,145.84331637842217,-0.7279910755786929,102.31777187436819,object,0.703125
9290,,,,,,,600,760,[],0.0,0.0,0.0,0.0,0.9557199658873174,0.4778599829436587,302.63013729633735,217.12130831490563,3.3885839736553236,102.66569000668824,object,0.76953125
9292,,,,,,,676,996,[],0.0,0.0,0.0,0.0,0.9844320572749127,0.49221602863745634,245.1085194891274,180.58690038579476,0.6027481858885286,103.22932293638587,object,0.671875
9294,,,,,,,660,896,[],0.0,0.0,0.0,0.0,0.9778416332494015,0.48892081662470077,334.0,168.91650375677426,-0.8512184303903152,102.41830488666892,object,0.796875
9298,,,,,,,660,1031,[],0.0,0.0,0.0,0.0,0.9802500640210619,0.4901250320105309,403.3975224165295,338.7829743035975,0.03752655180552278,103.43971708789468,object,0.73828125
93,,,,,,,493,799,[],0.0,0.0,0.0,0.0,0.9838494284888887,0.49192471424444434,382.25213277326435,224.4292165678093,-0.780396516583287,101.97025397792459,object,0.6015625
930,,,,,,,428,609,[],0.0,0.0,0.0,0.0,0.9613945404355383,0.48069727021776915,270.5376096293215,186.64243299080283,-0.4146462454269238,101.90017288550735,object,0.640625
9300,,,,,,,600,760,[],0.03214299869208513,0.01633401139956899,0.056602456728084866,0.022444235346211323,0.9678063953737621,0.4951253153599867,303.31530354268835,116.69500796354673,-0.6034759506282172,101.20495804585516,object,0.51953125
9306,,,,,,,600,760,[],0.909483534281087,0.833993399339934,0.8822553897180763,0.9384458267570328,0.9969700985335637,0.9677079626452982,13.0,5.073789019424619,0.0636895367189676,101.6362369991839,object,0.7734375
9308,,,,,,,600,760,[],0.0,0.0,0.0,0.0,0.9081294476881604,0.4540647238440802,335.51974340767003,163.90426113497222,-0.44382396163663085,101.94240300916135,object,0.71484375
9312,,,,,,,660,896,[],0.0,0.0,0.0,0.0,0.9848264586062644,0.4924132293031322,107.88070755295203,54.769998328862535,0.33253229197957346,102.48380713164806,object,0.7734375
9316,,,,,,,660,1031,[],0.0,0.0,0.0,0.0,0.9719526338751322,0.4859763169375661,299.109511623115,156.89889236108905,-0.5033130791014819,104.13240292109549,object,0.6796875
932,,,,,,,562,698,[],0.0,0.0,0.0,0.0,0.9742960544685239,0.4871480272342619,178.0,94.40871754231107,-0.5165623106443142,101.53366392478347,object,0.84375
9320,,,,,,,600,760,[],0.9111010421386497,0.8367177097203728,0.8851910547631625,0.9385735623599701,0.9970715581825694,0.9678225602712698,10.04987562112089,4.534514395117584,0.06030619865571322,102.09641698747873,object,0.609375
9322,,,,,,,660,896,[],0.0,0.0,0.0,0.0,0.9943394765643421,0.49716973828217104,379.5894578390015,280.8504005569465,-0.8603611424602831,102.44967509061098,object,0.447265625
9324,,,,,,,660,896,[],0.9550406203840472,0.9139499955826487,0.9715439519158527,0.9390885984023238,0.9994778958686572,0.9692832471354905,5.656854249492381,2.377490783224247,-0.03340595497458242,102.44729509577155,object,0.71875
9326,,,,,,,660,1008,[],0.0,0.0,0.0,0.0,0.9640561052905386,0.4820280526452693,266.00498114157546,183.22833457518846,0.4995826109291723,103.29619492404163,object,0.64453125
9328,,,,,,,702,996,[],0.0,0.0,0.0,0.0,0.9815257208894252,0.4907628604447126,213.2328484092226,109.4671729929627,-0.233671547481621,102.41901502013206,object,0.74609375
9330,,,,,,,660,896,[],0.0,0.0,0.0,0.0,0.975625815503574,0.487812907751787,239.8142497258761,164.3270826441595,0.26292756988479055,102.4169148877263,object,0.73828125
9332,,,,,,,600,760,[],0.0,0.0,0.0,0.0,0.9551180900660895,0.47755904503304475,413.2565776978529,218.82670126686813,-0.7329929899420908,102.28421213105321,object,0.79296875
9336,,,,,,,660,896,[],0.0,0.0,0.0,0.0,0.9852851753123429,0.49264258765617147,210.0,162.32909220547873,1.025556858147714,102.99157816916704,object,0.6640625
9338,,,,,,,600,760,[],0.0,0.0,0.0,0.0,0.9645322460230862,0.4822661230115431,174.01436273855745,89.99510479326553,-0.2532043530834341,102.02420596033335,object,0.640625
934,,,,,,,477,609,[],0.0,0.0,0.0,0.0,0.9773609983017056,0.4886804991508528,208.58571379651102,115.41632918876222,-0.6876687210309174,101.6662570182234,object,0.75
9350,,,,,,,660,1031,[],0.0,0.0,0.0,0.0,0.9570377900023918,0.4785188950011959,246.9442890422962,119.45167931724149,1.4991304347826087,102.38500311970711,object,0.5546875
9352,,,,,,,600,760,[],0.010508588750421018,0.00528204780930453,0.016646214586779066,0.007677732116051874,0.9556267650224021,0.48165224856922695,226.62763735597298,97.881949812887,-0.5387700863744863,101.34922084398568,object,0.78515625
9356,,,,,,,660,1031,[],0.0,0.0,0.0,0.0,0.9790623597892716,0.4895311798946358,181.36247959518406,102.53722853153977,0.9132500678794461,103.48972887732089,object,0.703125
9358,,,,,,,676,996,[],0.0,0.0,0.0,0.0,0.9846022764577029,0.49230113822885146,151.16877984557524,91.48774043789872,2.294699872286079,102.72660106420517,object,0.78515625
9362,,,,,,,660,896,[],0.0,0.0,0.0,0.0,0.9815135227250991,0.49075676136254953,182.8879438344693,102.4569682320508,-0.3474310969246823,103.95861905999482,object,0.73828125
9364,,,,,,,660,1031,[],0.0,0.0,0.0,0.0,0.9866080548501626,0.4933040274250813,163.47996682923807,112.66493731267182,-0.08664700498321977,103.23067288845778,object,0.76171875
9366,,,,,,,600,760,[],0.0,0.0,0.0,0.0,0.9488956337307102,0.4744478168653551,183.4011921828275,107.94432486500129,0.2110051993067591,102.94629586860538,object,0.6953125
9368,,,,,,,600,760,[],0.0,0.0,0.0,0.0,0.9666767754250138,0.4833383877125069,334.07214789569275,271.6529759071817,0.9809119830328739,101.13303503021598,object,0.73828125
9370,,,,,,,660,896,[],0.0,0.0,0.0,0.0,0.9738586866626233,0.48692934333131166,180.81066938321095,111.46420216769043,0.38228862973760935,102.42605418898165,object,0.796875
9374,,,,,,,600,570,[],0.9602160216021602,0.9234764542936288,0.944070796460177,0.9769230769230769,0.9990610328638497,0.9879920548934633,3.1622776601683795,1.5678436844201036,0.0347985347985348,102.17381897382438,object,0.62890625
9376,,,,,,,600,760,[],0.0,0.0,0.0,0.0,0.9708773215267011,0.48543866076335057,200.66438732812432,131.74960147267026,0.56281467274035,101.72542999498546,object,0.72265625
938,,,,,,,499,849,[],0.6165732076936418,0.4456854610034922,0.9989697067009206,0.44589041914021904,0.9996994688013489,0.7227949439707839,176.0127745284415,56.00953756437414,-0.553649709146072,101.89399286173284,object,0.451171875
9380,,,,,,,600,760,[],0.30043080863945976,0.17676880127425626,0.42662863756613756,0.2318492227513703,0.9662903053338647,0.5990697640426175,119.23715449012522,53.17184934358519,-0.4565549465360769,102.2956611122936,object,0.248046875
9382,,,,,,,484,615,[],0.0,0.0,0.0,0.0,0.9725584018319463,0.48627920091597315,183.2816127756257,126.90120934826984,0.5820689655172414,101.3915310613811,object,0.65625
9384,,,,,,,600,760,[],0.0,0.0,0.0,0.0,0.9808161281837514,0.4904080640918757,314.1042721699606,260.12605551135744,0.16391668920746552,101.14738601259887,object,0.7109375
9388,,,,,,,660,896,[],0.0,0.0,0.0,0.0,0.9846565448061723,0.49232827240308613,229.85774141938222,143.79417197844512,-0.5311132458106521,101.98651510290802,object,0.73828125
9390,,,,,,,660,1031,[],0.006030502833835875,0.003024370654820169,0.022663155914989654,0.0034779847892283493,0.982994827927555,0.49323640635839167,327.8016128647054,145.46803227530904,-0.8465357251093184,102.17147902585566,object,0.64453125
9392,,,,,,,600,650,[],0.0,0.0,0.0,0.0,0.9825417599629969,0.49127087998149843,397.92982590615287,350.3774832224296,-0.3001474926253687,101.58171504735947,object,0.24609375
9396,,,,,,,702,994,[],0.0,0.0,0.0,0.0,0.9865027983619058,0.4932513991809529,217.19748995172554,130.4259288335722,-0.5033582493770989,101.98777401819825,object,0.75390625
9398,,,,,,,687,1113,[],0.0,0.0,0.0,0.0,0.982149440695659,0.4910747203478295,337.3640428165817,160.83835373132897,-0.7771173586369889,102.83058392815292,object,0.8125
94,,,,,,,566,797,[],0.0,0.0,0.0,0.0,0.9809057793406697,0.49045288967033485,489.89192684576483,246.1296795797389,-0.9410901714316764,103.0759890563786,object,0.71875
940,,,,,,,501,699,[],0.0,0.0,0.0,0.0,0.9802497610741062,0.4901248805370531,165.04367228674965,105.33441233265171,0.1426890756302521,102.04364615492523,object,0.703125
9400,,,,,,,660,1031,[],0.020285419409943415,0.010246638383547854,0.054519368723098996,0.01246092298275146,0.9844261300705669,0.4984435265266592,241.2792918073953,112.44088461552332,-0.7714404389742693,102.65986993908882,object,0.6640625
9402,,,,,,,660,1031,[],0.0,0.0,0.0,0.0,0.9793680124828167,0.48968400624140834,179.26603958799572,115.09817833323456,0.08813773495498342,104.13225390948355,object,0.74609375
9404,,,,,,,660,1008,[],0.0,0.0,0.0,0.0,0.9834729609423152,0.4917364804711576,237.27146158174384,178.99110789604552,0.3284403669724771,103.95994991995394,object,0.71875
9406,,,,,,,660,1008,[],0.0,0.0,0.0,0.0,0.9777189461941975,0.48885947309709876,128.18365602549295,68.70344032292807,0.002974131968460368,103.5347399301827,object,0.62890625
9408,,,,,,,702,996,[],0.0,0.0,0.0,0.0,0.9857712158598922,0.4928856079299461,158.99292137692422,82.77731200191847,-0.2980346987257937,103.09431981295347,object,0.55078125
9412,,,,,,,600,760,[],0.0,0.0,0.0,0.0,0.9632561418948989,0.48162807094744947,398.5511253626884,217.02732052936815,-0.7377681024945576,102.15537808835506,object,0.7421875
9414,,,,,,,687,1100,[],0.0,0.0,0.0,0.0,0.9745765667828377,0.48728828339141883,466.8661281892822,243.69227051163404,-0.7413578969157524,102.36412403173745,object,0.7109375
9416,,,,,,,660,896,[],0.0,0.0,0.0,0.0,0.9779137259421874,0.4889568629710937,262.9264976589591,148.61094501372457,-0.6601169525815481,102.14649816043675,object,0.734375
942,,,,,,,551,1024,[],0.7077222233714652,0.5476548743396831,0.7008501485199221,0.7147303988133787,0.9717191787852203,0.8432247887992995,82.15371783853018,33.39351907661011,0.01980487601061274,102.09457692690194,object,0.35546875
9422,,,,,,,660,896,[],0.0,0.0,0.0,0.0,0.9747655385116648,0.4873827692558324,366.7347584313379,218.46922513446995,-0.7336967139452194,101.9778240006417,object,0.83984375
9424,,,,,,,702,996,[],0.0,0.0,0.0,0.0,0.9705995673775547,0.48529978368877735,358.1321681993746,261.3679175784885,2.281365759381543,104.28866604343057,object,0.734375
9426,,,,,,,660,896,[],0.0,0.0,0.0,0.0,0.9782502085922999,0.48912510429614997,185.27681979805936,111.86705943629127,2.1229828850855745,103.05319889448583,object,0.78515625
9430,,,,,,,600,760,[],0.0,0.0,0.0,0.0,0.9689000097397629,0.48445000486988143,233.95658365429327,137.95650543322512,-0.4587537331503753,101.68220801278949,object,0.796875
9432,,,,,,,600,760,[],0.0,0.0,0.0,0.0,0.8438913620216736,0.4219456810108368,295.9315473689416,146.07512050238168,5.188413547237077,101.88101208768785,object,0.62109375
9436,,,,,,,600,760,[],0.0,0.0,0.0,0.0,0.95476302161732,0.47738151080866,425.86412031062173,336.60450998237314,-0.2951529035307807,102.6265888940543,object,0.58984375
9438,,,,,,,660,896,[],0.0,0.0,0.0,0.0,0.9692984945016208,0.4846492472508104,394.7214197677527,310.70457124889555,0.8172010178117048,102.55517810583115,object,0.56640625
944,,,,,,,499,739,[],0.0,0.0,0.0,0.0,0.981842673751645,0.4909213368758225,292.9013456481005,132.45280618182068,-0.8744015286514804,102.5285569485277,object,0.7265625
9440,,,,,,,600,760,[],0.0002480979159775058,0.00012406434804185105,0.0003081031118414296,0.00020765556863016545,0.9544188093822142,0.4773132324754222,193.54586019855861,100.64591650982857,-0.32601924274935973,101.46455303765833,object,0.82421875
9442,,,,,,,600,650,[],0.0,0.0,0.0,0.0,0.9744871028926411,0.48724355144632053,238.11131846756447,114.97536574276991,-0.805350267734655,101.04453400708735,object,0.83984375
9444,,,,,,,600,760,[],0.7847350334599386,0.6457316347184189,0.9181324169220091,0.6851833135406928,0.9871671717359346,0.8361752426383138,84.01041566515211,28.03223910892652,-0.25372059529524726,102.59923781268299,object,0.58203125
9446,,,,,,,702,996,[],0.0,0.0,0.0,0.0,0.9841852626013103,0.49209263130065517,400.67947304589893,190.8823254100224,-0.898177601412811,102.96974703669548,object,0.65625
9452,,,,,,,600,760,[],0.0007410289186535505,0.00037065179117478085,0.0019642506383814574,0.0004566522821197799,0.9753470983956933,0.48790187533890655,247.84117581779748,118.30183461295282,-0.7675183231728201,101.8846130464226,object,0.83984375
9454,,,,,,,660,1031,[],0.0,0.0,0.0,0.0,0.9926762980524284,0.4963381490262142,430.67658775662045,264.74483490741153,-0.9001312081908326,103.2326731365174,object,0.55859375
9456,,,,,,,480,616,[],0.0,0.0,0.0,0.0,0.9714540771128344,0.4857270385564172,303.66494107261644,247.9120075694916,2.829067641681901,101.85957117937505,object,0.578125
946,,,,,,,499,630,[],0.8440946169358502,0.730245424325535,0.985564889058589,0.7381402516522624,0.992779151324795,0.8654597014885287,72.22879615006993,25.191051769438033,-0.2510485510930351,100.858568912372,object,0.609375
9460,,,,,,,600,912,[],0.009095297375574808,0.004568424276453474,0.00657725519015249,0.014737362094516713,0.9494705207324868,0.48210394141350177,188.90738070989778,90.56706786933438,1.240655359789231,101.77111020311713,object,0.63671875
9462,,,,,,,702,1058,[],0.0,0.0,0.0,0.0,0.9511559872099491,0.47557799360497455,326.06410369060393,182.25188629880205,3.816011800992356,104.53474195674062,object,0.5390625
9464,,,,,,,660,896,[],0.0,0.0,0.0,0.0,0.9807542169169765,0.49037710845848825,369.8094765060999,305.9799375852149,0.5432454695222405,101.70890903100371,object,0.8515625
9466,,,,,,,600,760,[],0.0,0.0,0.0,0.0,0.9661714105210907,0.48308570526054534,349.16328542569556,279.90366496365687,0.17178585384915984,101.95339401252568,object,0.68359375
9468,,,,,,,660,1008,[],0.0,0.0,0.0,0.0,0.9874418826850855,0.49372094134254274,228.45009540560622,129.47680965831856,-0.5024119191549123,102.4695560336113,object,0.73046875
9472,,,,,,,680,948,[],0.0,0.0,0.0,0.0,0.9852271330242749,0.49261356651213745,407.28969239267974,344.67534532271,3.6465981399902105,102.51038684509695,object,0.7890625
9474,,,,,,,605,940,[],0.9504610765601544,0.9055986922762567,0.9466444529881669,0.9543085999741613,0.9977102693229254,0.9760094346485433,9.219544457292887,3.750335330509321,0.008096119891477542,102.15615900233388,object,0.69921875
9478,,,,,,,704,1069,[],0.0,0.0,0.0,0.0,0.9875904320665484,0.4937952160332742,209.42837725727003,147.86915276961196,0.7397748592870544,103.20896212942898,object,0.8046875
948,,,,,,,604,574,[],0.0,0.0,0.0,0.0,0.9722696128549847,0.48613480642749235,231.086129903258,148.15650024947755,-0.5228191796649335,101.75306908786297,object,0.80859375
9480,,,,,,,660,1031,[],0.0,0.0,0.0,0.0,0.8706449287879962,0.4353224643939981,345.52299552457305,187.16829920206567,8.711985688729875,102.36728400923312,object,0.7265625
9482,,,,,,,600,760,[],0.0,0.0,0.0,0.0,0.9597768898733585,0.47988844493667926,324.6012429658717,245.73548690408225,1.4886253963877016,101.99966514483094,object,0.75390625
9486,,,,,,,660,1031,[],0.9364279880206915,0.8804556508383463,0.9057870827572585,0.9692145121521663,0.9978522059540873,0.9835333590531268,12.727922061357855,4.015368099942537,0.07002465656921451,102.93439589440823,object,0.609375
9488,,,,,,,660,896,[],0.0,0.0,0.0,0.0,0.9679276861616729,0.48396384308083645,229.5830841601961,131.51934911108123,-0.4726114273915224,102.53610811196268,object,0.8515625
9490,,,,,,,600,760,[],0.0,0.0,0.0,0.0,0.9557889868557521,0.47789449342787604,297.5390720073299,225.77752303752663,0.004107950704591545,103.01234805956483,object,0.64453125
9492,,,,,,,687,1101,[],0.0,0.0,0.0,0.0,0.9788464007773088,0.4894232003886544,278.317713299756,195.0888666538282,15.645833333333334,102.58809919469059,object,0.83984375
9498,,,,,,,600,650,[],0.0,0.0,0.0,0.0,0.9628283980509313,0.48141419902546567,267.31909239683085,128.92751048927977,-0.4644648994587761,103.04933902807534,object,0.68359375
9500,,,,,,,600,912,[],0.0,0.0,0.0,0.0,0.9597920874534542,0.4798960437267271,216.83784200422602,114.90138316719236,-0.15535893826663985,101.90839204005897,object,0.6953125
9504,,,,,,,702,996,[],0.0,0.0,0.0,0.0,0.9811548679481169,0.49057743397405845,371.31494526957096,225.89038295320748,-0.7966167442488026,102.74733207188547,object,0.404296875
9506,,,,,,,600,912,[],0.8328058136885017,0.7135109337035751,0.7346437346437347,0.9612462006079028,0.9887943979535628,0.9750202992807329,147.1996842289542,45.76405225481595,0.30845218611176056,102.40540420636535,object,0.384765625
9508,,,,,,,660,1031,[],0.0,0.0,0.0,0.0,0.9775702612911915,0.48878513064559576,390.0012820491748,324.87942841448756,0.22450980392156863,103.02278911694884,object,0.8203125
951,,,,,,,501,559,[],0.10493533367822039,0.055372956682208804,1.0,0.055372956682208804,1.0,0.5276864783411044,361.75626834746583,153.4303663003141,-0.9446270433177912,102.13358793407679,object,0.7265625
9512,,,,,,,600,760,[],0.0,0.0,0.0,0.0,0.9682132218494655,0.4841066109247327,201.14185501292036,139.01424077326266,0.5473363111450049,101.3887810986489,object,0.78125
9514,,,,,,,476,610,[],0.9364886731391586,0.8805629516926589,0.988893635198633,0.8893584325777949,0.9996285024361667,0.9444934675069808,7.280109889280518,3.1863619474952953,-0.10065309258547829,101.9825751427561,object,0.7734375
9516,,,,,,,702,996,[],0.0,0.0,0.0,0.0,0.9826400011755544,0.4913200005877772,396.32359983311363,290.9024663837862,-0.36694888007716214,102.36190282739699,object,0.6796875
9518,,,,,,,660,1031,[],0.011443789380240647,0.005754823182329879,0.014251381879355924,0.009560352749609041,0.9336759196226592,0.47161813618613413,317.48976355519187,167.07917433627662,-0.32916310638915314,103.34746609441936,object,0.6328125
952,,,,,,,501,927,[],0.0,0.0,0.0,0.0,0.8955350640378265,0.44776753201891323,414.06670470858035,273.641306214457,3.7813695871097686,103.02246804349124,object,0.5625
9520,,,,,,,660,1031,[],0.0,0.0,0.0,0.0,0.9687413393886838,0.4843706696943419,259.6304904367939,135.45835625172353,1.251448808757244,104.68615614809096,object,0.400390625
9522,,,,,,,600,760,[],0.0,0.0,0.0,0.0,0.9526189280878706,0.4763094640439353,319.2600809124928,184.8090524821174,-0.6966494594331353,102.57361782714725,object,0.6640625
9524,,,,,,,600,650,[],0.9133803362516464,0.8405704099821747,0.9052445673040006,0.9216636697678054,0.9967286040364891,0.9591961369021473,13.038404810405298,4.459793280104807,0.01813775310765382,101.3148499187082,object,0.453125
9528,,,,,,,660,896,[],0.0,0.0,0.0,0.0,0.9806767311172493,0.49033836555862464,185.27004673118032,112.52836239546588,2.3258196721311477,102.00989595614374,object,0.7265625
9532,,,,,,,600,760,[],0.0,0.0,0.0,0.0,0.9728399647151679,0.48641998235758394,288.44054627584177,212.45485580379795,2.337408312958435,102.64333989471197,object,0.765625
9534,,,,,,,660,896,[],0.0,0.0,0.0,0.0,0.9939156086116478,0.4969578043058239,308.45113028403915,236.78611689639678,-0.6980308219178082,103.50074898451567,object,0.59765625
9536,,,,,,,600,760,[],0.0,0.0,0.0,0.0,0.9710607357666181,0.48553036788330906,201.4328640559115,137.74784082532747,1.077414205905826,102.07844688557088,object,0.8046875
9538,,,,,,,660,896,[],0.0,0.0,0.0,0.0,0.9708056298516904,0.4854028149258452,349.6390982731957,297.9200368439382,0.768429820907955,102.2650208324194,object,0.58984375
9542,,,,,,,600,760,[],0.5963052033231308,0.42481115177945644,1.0,0.42481115177945644,1.0,0.7124055758897282,129.11660038071045,63.14576659216452,-0.5751888482205436,102.05343598499894,object,0.609375
9544,,,,,,,702,1058,[],0.0,0.0,0.0,0.0,0.9859146967785521,0.4929573483892761,187.0878128079258,114.31798345065187,-0.413581309913323,103.3638259395957,object,0.7578125
9546,,,,,,,600,760,[],0.0,0.0,0.0,0.0,0.9664183587648685,0.48320917938243424,302.02069463363296,224.31571321908035,1.3014638609332114,102.38763317465782,object,0.73046875
9548,,,,,,,484,614,[],0.0,0.0,0.0,0.0,0.9823102058716744,0.4911551029358372,172.58851771554424,84.61202824831365,-0.740904543779287,102.91808610782027,object,0.53515625
9550,,,,,,,660,1031,[],0.8685765443151298,0.7676847602468745,0.7722677704369976,0.9923289352562136,0.9957341993162194,0.9940315672862166,24.204337329481692,7.176990912893568,0.2849544850158535,102.6092681568116,object,0.419921875
9554,,,,,,,660,896,[],0.0,0.0,0.0,0.0,0.9789838456289572,0.4894919228144786,363.62466812070073,177.1883268409432,-0.8785311382188389,103.12611004337668,object,0.86328125
956,,,,,,,446,686,[],0.07001136641583816,0.03627553302519756,1.0,0.03627553302519756,1.0,0.5181377665125988,234.47174669882938,124.1177606879104,-0.9637244669748024,101.6696768347174,object,0.57421875
9560,,,,,,,600,760,[],0.0,0.0,0.0,0.0,0.9654304268594722,0.4827152134297361,178.49817812322254,113.01355267133648,-0.04326499811344485,102.21715015359223,object,0.81640625
9562,,,,,,,476,610,[],0.0,0.0,0.0,0.0,0.9755956393307241,0.48779781966536206,185.18476774077374,131.3414139827463,-0.013411328292195749,101.84975201264024,object,0.80859375
9564,,,,,,,660,716,[],0.0,0.0,0.0,0.0,0.9839705159036871,0.49198525795184356,217.13135995192528,101.29208594227865,-0.7745832403659197,101.4434730168432,object,0.62890625
9566,,,,,,,660,1072,[],0.0,0.0,0.0,0.0,0.9725580781414995,0.48627903907074976,358.017676410345,236.12825969171317,-0.2713785046728972,102.61749918572605,object,0.66796875
9568,,,,,,,682,1094,[],0.0,0.0,0.0,0.0,0.9705436720142603,0.48527183600713014,442.71303507590693,257.5780646976081,-0.5939803439803439,103.04411803372204,object,0.7265625
9570,,,,,,,660,896,[],0.0,0.0,0.0,0.0,0.9827954949205747,0.49139774746028736,165.22256866226974,108.81082325608597,-0.13785652549697494,102.66251978464425,object,0.75
9572,,,,,,,660,1031,[],0.0,0.0,0.0,0.0,0.9954187890852726,0.4977093945426363,452.9809513475503,303.30436414946416,-0.8887857063259166,103.55581995099783,object,0.59765625
9574,,,,,,,702,996,[],0.0,0.0,0.0,0.0,0.9817094139666382,0.4908547069833191,154.15731954066726,78.5188158809984,-0.21067256078307547,101.86996194534004,object,0.8359375
9576,,,,,,,687,1100,[],0.0,0.0,0.0,0.0,0.9854066892913329,0.49270334464566645,288.0426183543091,226.67639229434747,0.4462842760630547,103.78075507469475,object,0.78515625
9577,,,,,,,600,760,[],0.0,0.0,0.0,0.0,0.9735323244861287,0.48676616224306435,268.79360111431225,204.63008636454046,0.22009915306754801,102.52516600303352,object,0.60546875
9579,,,,,,,660,1031,[],0.0,0.0,0.0,0.0,0.9824853196765693,0.49124265983828463,250.71377006549065,186.83510694993973,-0.01414379525172588,103.47993904724717,object,0.484375
958,,,,,,,501,507,[],0.0,0.0,0.0,0.0,0.9963364657970742,0.4981682328985371,504.58324007724104,275.5332116507047,-0.9968529063044338,102.27510100230575,object,0.60546875
9581,,,,,,,600,760,[],0.9625826186704539,0.9278643639427128,0.9487455583073113,0.9768292682926829,0.9989350753948723,0.9878821718437776,4.47213595499958,1.8241428844255736,0.02960088691796009,100.65278387628496,object,0.74609375
9587,,,,,,,484,615,[],0.0,0.0,0.0,0.0,0.9790738500059449,0.48953692500297247,144.05554484295286,66.02343745262085,-0.488634421466416,101.2317780405283,object,0.81640625
9593,,,,,,,600,940,[],0.0,0.0,0.0,0.0,0.9722874817804057,0.48614374089020285,264.64744589240433,140.68274065606118,-0.5107494873321426,101.79312992841005,object,0.6796875
9595,,,,,,,660,1031,[],0.0,0.0,0.0,0.0,0.9745204043852328,0.4872602021926164,322.820615122174,196.89754613626087,-0.6227234714737038,102.11255797185004,object,0.86328125
9597,,,,,,,660,896,[],0.0,0.0,0.0,0.0,0.9799683827487311,0.48998419137436555,252.52425132869212,186.90713370956584,3.8328553871364197,102.20359009690583,object,0.73046875
9599,,,,,,,600,760,[],0.0,0.0,0.0,0.0,0.9839566017750994,0.4919783008875497,182.59308916264732,132.4721848102778,0.2767273369853331,102.65955002978444,object,0.482421875
96,,,,,,,574,797,[],0.0,0.0,0.0,0.0,0.9813443429707093,0.49067217148535464,472.7624912907621,219.7223564813288,-0.9471470465018852,101.91572294570506,object,0.6328125
960,,,,,,,501,621,[],0.9068236924142709,0.829531051964512,0.9831017649267744,0.8415300546448088,0.9998539008473751,0.920691977746092,5.656854249492381,2.484207909894296,-0.14400514304082287,101.22806811705232,object,0.734375
9601,,,,,,,682,1094,[],0.0,0.0,0.0,0.0,0.9780006859173604,0.4890003429586802,157.49364571625057,74.21794511086253,1.9655988350928286,102.67782001756132,object,0.64453125
9603,,,,,,,660,1031,[],0.0,0.0,0.0,0.0,0.9727262588938537,0.48636312944692683,226.53286069613748,133.9023972288508,1.3086217747010698,102.50955610536039,object,0.75
9605,,,,,,,600,760,[],0.0,0.0,0.0,0.0,0.9704265737148511,0.48521328685742554,208.85148236642723,99.14812176931369,-0.33293728690980473,101.88679187558591,object,0.73828125
9607,,,,,,,600,760,[],0.0,0.0,0.0,0.0,0.958209339717339,0.4791046698586695,394.87035755986994,312.48951192227463,2.2967764540995095,101.64619702845812,object,0.80859375
9609,,,,,,,660,1072,[],0.0,0.0,0.0,0.0,0.9701492751811149,0.48507463759055747,311.15325472106827,230.38804886990835,0.7766658113078436,102.83539420925081,object,0.76953125
9611,,,,,,,484,614,[],0.0,0.0,0.0,0.0,0.9823981405215115,0.49119907026075577,216.01388836798034,118.08060371416403,-0.850455344304202,99.02519779279828,object,0.75390625
9613,,,,,,,660,1031,[],0.0,0.0,0.0,0.0,0.9841908666539745,0.49209543332698724,178.25850211889033,117.03828417512624,2.7233229058046575,99.1488799918443,object,0.6484375
9615,,,,,,,660,1031,[],0.0,0.0,0.0,0.0,0.9728210510533023,0.48641052552665115,307.5842160174322,220.98029990736998,0.34174685418208733,99.3005339987576,object,0.734375
9617,,,,,,,687,1100,[],0.0,0.0,0.0,0.0,0.9751432584718033,0.48757162923590164,458.94988409566565,375.15471517605283,3.776840490797546,100.68262508139014,object,0.6875
9619,,,,,,,660,896,[],0.0,0.0,0.0,0.0,0.9776290182613622,0.4888145091306811,224.68332696243652,154.56988737120165,0.8354163741047606,102.54960786551237,object,0.67578125
962,,,,,,,600,854,[],0.0,0.0,0.0,0.0,0.9638141175962683,0.48190705879813417,270.4805818387383,195.16794419165333,5.564613741545034,102.48865699395537,object,0.7421875
9621,,,,,,,660,1031,[],0.0,0.0,0.0,0.0,0.9670866767640961,0.48354333838204805,285.2469105569819,203.74599584642246,-0.2555104307681627,101.58979496918619,object,0.70703125
9625,,,,,,,479,607,[],0.0,0.0,0.0,0.0,0.9008302038719709,0.45041510193598544,368.5742793572837,258.5585694244848,9.860129228430255,99.05727906152606,object,0.80859375
9631,,,,,,,660,896,[],0.0,0.0,0.0,0.0,0.9865704879092473,0.49328524395462364,190.07917886871846,109.92518965373904,-0.5913366994419347,101.46531299687922,object,0.73828125
9635,,,,,,,660,1031,[],0.0,0.0,0.0,0.0,0.9810885233482236,0.4905442616741118,349.2259995173895,275.98272342925395,1.7622649665009726,98.62901899032295,object,0.7421875
9637,,,,,,,600,650,[],0.0,0.0,0.0,0.0,0.9657023577244634,0.4828511788622317,262.93519450276256,151.62696698705173,-0.4536377843375586,99.76007393561304,object,0.83984375
9639,,,,,,,660,896,[],0.7708271956528855,0.6271105193075899,0.6449033247521498,0.9578587699316629,0.9888044236600882,0.9733315967958756,44.89626813705964,14.449555538778172,0.4852749755938822,102.5705779902637,object,0.53515625
964,,,,,,,600,854,[],0.9438704477174471,0.8937070700062444,0.939122193059201,0.9486669612608631,0.9946890384297363,0.9716779998452998,12.041594578792296,5.810314145195917,0.010163499779054353,99.33190513402224,object,0.65625
9642,,,,,,,676,1031,[],0.0,0.0,0.0,0.0,0.9813428181019052,0.4906714090509526,227.74951970754344,156.90548125814928,0.6990752972258917,100.22069490514696,object,0.7578125
9644,,,,,,,600,650,[],0.0,0.0,0.0,0.0,0.9625150867170915,0.48125754335854576,509.7155512072088,226.29214449134435,-0.9270043756565374,98.07725599966943,object,0.8359375
9646,,,,,,,600,760,[],0.0,0.0,0.0,0.0,0.9645784026061616,0.4822892013030808,287.01254264043075,151.67664908349,-0.7373161323662404,98.53146690875292,object,0.80078125
9648,,,,,,,600,650,[],0.0,0.0,0.0,0.0,0.9663242026066035,0.4831621013033017,353.3602268345929,206.41168577057573,-0.7855591030170215,97.90145303122699,object,0.8046875
9650,,,,,,,687,1100,[],0.0,0.0,0.0,0.0,0.9853790666549592,0.4926895333274796,408.9608755173437,343.64627211945714,1.7216443784051512,101.94363398477435,object,0.70703125
9652,,,,,,,660,1031,[],0.011489026312598521,0.0057777032486241746,0.007079745203892926,0.03045889255002813,0.9204301686933117,0.4754445306216699,285.1686951199905,127.66922314706807,3.302258297838142,102.49190707691014,object,0.62890625
9654,,,,,,,484,615,[],0.0,0.0,0.0,0.0,0.9784198630368046,0.4892099315184023,154.71586695694774,104.24198230884507,4.200813008130082,98.6482088919729,object,0.412109375
9658,,,,,,,687,1100,[],0.0,0.0,0.0,0.0,0.9300327266709021,0.46501636333545104,311.932750555912,157.9601967530345,7.109839108910891,99.87799683585763,object,0.65234375
966,,,,,,,600,650,[],0.0,0.0,0.0,0.0,0.9598302012031787,0.4799151006015894,174.63218367459228,112.6124148766929,0.7314259866561121,98.4663451090455,object,0.84375
9660,,,,,,,702,1058,[],0.9487442815796845,0.9024866785079929,0.9400555041628122,0.9575951752732755,0.999560624347378,0.9785778998103267,5.787427483507071,1.9717689771634097,0.018658122879758765,99.99387012794614,object,0.76171875
9662,,,,,,,660,1008,[],0.0,0.0,0.0,0.0,0.9829308802476417,0.4914654401238209,353.00106232081487,282.5736572265186,3.74025974025974,100.73410696350038,object,0.78125
9664,,,,,,,600,760,[],0.0,0.0,0.0,0.0,0.9597479647192078,0.4798739823596039,313.82702122592684,154.2620439682407,-0.778715036833331,101.44160315394402,object,0.76171875
9668,,,,,,,702,994,[],0.0,0.0,0.0,0.0,0.9771517446461339,0.48857587232306693,383.1192327925824,302.2583510828181,2.9264305177111716,102.45369514450431,object,0.7734375
9670,,,,,,,660,896,[],0.0,0.0,0.0,0.0,0.9740874200026275,0.48704371000131375,330.6355903892874,158.1932630833234,-0.7641038783529813,100.70149484090507,object,0.77734375
9676,,,,,,,660,896,[],0.0,0.0,0.0,0.0,0.9815866907046042,0.4907933453523021,280.30688471220583,133.10790523412473,-0.824298065781264,102.6291090529412,object,0.6328125
9678,,,,,,,600,760,[],0.0,0.0,0.0,0.0,0.9643118052858385,0.48215590264291924,338.0544794337248,215.2215225502166,-0.34164960764244284,103.04605890996754,object,0.8125
968,,,,,,,600,760,[],0.0,0.0,0.0,0.0,0.9678544975722163,0.48392724878610816,218.64422673838402,113.81973980009427,-0.5549080253947583,102.54628793336451,object,0.85546875
9680,,,,,,,660,1031,[],0.0,0.0,0.0,0.0,0.9742940583552808,0.4871470291776404,163.88944279217907,84.49006234147572,3.5223608944357774,103.31767494790256,object,0.67578125
9682,,,,,,,660,1031,[],0.0,0.0,0.0,0.0,0.9693730094819965,0.4846865047409982,335.4465673000664,230.43828077354192,-0.5764780230556342,104.3445779941976,object,0.55859375
9684,,,,,,,600,760,[],0.0,0.0,0.0,0.0,0.9702097651664703,0.48510488258323514,198.19380990705494,122.50282775580123,2.7052515809733295,101.79143003188074,object,0.796875
9688,,,,,,,660,1031,[],0.0,0.0,0.0,0.0,0.9813500102497317,0.49067500512486584,165.07145804656372,95.13444555242415,-0.27337326755931407,102.88555501028895,object,0.69921875
9692,,,,,,,660,1008,[],0.0,0.0,0.0,0.0,0.9841026111637328,0.4920513055818664,322.01652889633766,166.66760262691122,-0.8237911868347441,102.28731203824282,object,0.8046875
9694,,,,,,,605,954,[],0.0,0.0,0.0,0.0,0.9908523384652513,0.49542616923262567,264.02776991810657,181.74198302891617,-0.6220120252236399,103.33629511296749,object,0.41796875
9696,,,,,,,600,650,[],0.0,0.0,0.0,0.0,0.9802293580350181,0.49011467901750905,400.0599931278105,352.5313864842557,1.8811136192626035,101.93827305920422,object,0.78515625
970,,,,,,,600,854,[],0.0,0.0,0.0,0.0,0.9669959816175654,0.4834979908087827,458.3939353874569,237.1600762654702,-0.7601097305147652,101.71533795073628,object,0.35546875
9700,,,,,,,660,1031,[],0.0,0.0,0.0,0.0,0.9795109569236203,0.48975547846181017,326.25542008417017,250.53708509068048,0.11318913644495039,102.69654099829495,object,0.69140625
9702,,,,,,,660,1031,[],0.0,0.0,0.0,0.0,0.9800203096851999,0.49001015484259997,654.1976591914998,588.8926114986715,-0.03359210621780454,103.8533269893378,object,0.57421875
9704,,,,,,,660,1031,[],0.0,0.0,0.0,0.0,0.9657038480504468,0.4828519240252234,259.15998896256764,136.12772080974517,-0.5654619603431303,102.10256790742278,object,0.7578125
9706,,,,,,,600,760,[],0.0,0.0,0.0,0.0,0.9938996645373113,0.49694983226865563,360.6334704197944,308.68547874698766,-0.6431367432150313,102.2814018651843,object,0.51171875
9708,,,,,,,600,650,[],0.0,0.0,0.0,0.0,0.9618615288287046,0.4809307644143523,174.56374192210424,89.29908552971936,0.09867013145826964,103.18647208623588,object,0.48828125
9709,,,,,,,600,760,[],0.0,0.0,0.0,0.0,0.977680707549354,0.488840353774677,143.2354685009559,77.30440650394381,3.0634283420313126,101.15362610667944,object,0.67578125
9711,,,,,,,600,912,[],0.0,0.0,0.0,0.0,0.9622658250918474,0.4811329125459237,522.0,255.93169731398245,-0.8791511781512089,102.76781301945448,object,0.7578125
9713,,,,,,,660,716,[],0.0,0.0,0.0,0.0,0.9830131629799713,0.49150658148998566,424.07209754200375,282.2913126419833,-0.7714285714285715,102.49187587760389,object,0.59375
9717,,,,,,,470,838,[],0.8043891221755649,0.6727850482920099,0.9642835740396716,0.6899789888941298,0.9983915323353277,0.8441852606147288,51.42518815330073,14.820882168775967,-0.28446464559838774,102.03875601291656,object,0.5546875
9719,,,,,,,600,760,[],0.30180722891566264,0.1777225966654842,0.18047550432276657,0.9209558823529411,0.9289671353125892,0.9249615088327652,178.0561708238632,57.148490532181064,4.102941176470588,103.27411396428943,object,0.703125
9721,,,,,,,600,760,[],0.0,0.0,0.0,0.0,0.9623571742474182,0.4811785871237091,224.72649510743508,144.3901994197496,-0.13913316582914573,102.55093686282635,object,0.6484375
9725,,,,,,,600,760,[],0.0,0.0,0.0,0.0,0.9439690161842219,0.47198450809211095,291.13622227967016,173.00473691238622,5.507063960955561,102.19570901244879,object,0.76953125
9727,,,,,,,660,896,[],0.0,0.0,0.0,0.0,0.975657529902369,0.4878287649511845,178.43667008239862,97.65268377011236,7.488468361916026,101.91700304858387,object,0.77734375
9729,,,,,,,660,1031,[],0.0,0.0,0.0,0.0,0.9795401718949891,0.48977008594749455,308.6389476394708,232.38560110663292,-0.05845771144278607,102.43319487199187,object,0.77734375
973,,,,,,,600,760,[],0.0,0.0,0.0,0.0,0.944085798054726,0.472042899027363,273.43307226480147,167.49533115280363,0.8631642330272468,102.30526211671531,object,0.734375
9731,,,,,,,687,1100,[],0.0,0.0,0.0,0.0,0.975087391068879,0.4875436955344395,380.65259516477744,288.47934919095997,3.465060815645123,104.35565910302103,object,0.60546875
9735,,,,,,,702,994,[],0.0,0.0,0.0,0.0,0.9863639921268288,0.4931819960634144,251.96430394715958,197.67300151555546,0.19847133757961782,102.99088782630861,object,0.7890625
9737,,,,,,,660,896,[],0.0,0.0,0.0,0.0,0.9677326809624904,0.4838663404812452,130.58099347331265,67.86021995847122,0.14364947310038825,102.5266470387578,object,0.53125
9739,,,,,,,702,1058,[],0.0,0.0,0.0,0.0,0.8925804759950983,0.44629023799754913,384.9140160942013,234.6453865776897,10.875488134574947,103.44396694563329,object,0.53125
974,,,,,,,600,854,[],0.0,0.0,0.0,0.0,0.9616548215038131,0.48082741075190655,220.7192787229969,146.9796399139552,0.6506490157311098,103.22444303892553,object,0.671875
9741,,,,,,,484,613,[],0.0,0.0,0.0,0.0,0.9771543058997421,0.48857715294987103,163.32911465558075,114.60146990151824,2.934033858727379,102.20176889561117,object,0.67578125
9743,,,,,,,549,815,[],0.0,0.0,0.0,0.0,0.9680980387219069,0.48404901936095346,235.7145444915503,117.06532870371443,0.3111592021076402,101.62560688331723,object,0.310546875
9746,,,,,,,333,504,[],0.0,0.0,0.0,0.0,0.9653410823289299,0.48267054116446495,135.83077707206124,94.15430012840757,-0.21802611259300855,101.12554486840963,object,0.76171875
9748,,,,,,,440,701,[],0.0,0.0,0.0,0.0,0.9658523780838698,0.4829261890419349,123.96773773849388,67.95512707620486,-0.10116042164939322,101.67817794717848,object,0.609375
9755,,,,,,,300,435,[],0.0,0.0,0.0,0.0,0.9721351336559737,0.48606756682798685,72.39474591976106,42.29185524497332,0.37235271467077397,100.33189714886248,object,0.79296875
9757,,,,,,,607,960,[],0.0,0.0,0.0,0.0,0.9781556575176367,0.48907782875881833,335.3749390274013,246.7840618287687,5.005208333333333,101.08872689306736,object,0.7578125
9759,,,,,,,753,761,[],0.0,0.0,0.0,0.0,0.9717259201114805,0.48586296005574026,208.81905704987332,136.03895947294657,1.6199738476626349,101.3602779712528,object,0.67578125
9763,,,,,,,244,504,[],0.0,0.0,0.0,0.0,0.9449126705034289,0.47245633525171443,99.227511803147,53.81533296881068,1.0248695118206939,101.22243501245975,object,0.5234375
9766,,,,,,,330,504,[],0.0,0.0,0.0,0.0,0.9678162394990943,0.48390811974954717,217.4948275247023,126.36782774737345,-0.8270483636084923,100.42059700936079,object,0.75
9767,,,,,,,566,1257,[],0.0,0.0,0.0,0.0,0.9634679865426995,0.48173399327134975,429.70617737836403,329.29572537933313,4.2344352058406,103.2139400485903,object,0.62890625
978,,,,,,,599,759,[],0.0,0.0,0.0,0.0,0.9736462804169373,0.4868231402084687,171.96249564351947,103.06488936856262,-0.3436093224685167,101.92808089777827,object,0.69921875
98,,,,,,,574,797,[],0.0,0.0,0.0,0.0,0.9455839626759539,0.47279198133797695,361.16966761165764,218.76744403584786,-0.26090144077521354,102.8363520745188,object,0.71484375
980,,,,,,,600,854,[],0.0,0.0,0.0,0.0,0.9922219188243013,0.49611095941215066,196.04081207748553,121.59781629379805,-0.8237928169144123,102.79868100769818,object,0.353515625
982,,,,,,,600,650,[],0.0,0.0,0.0,0.0,0.944244103880791,0.4721220519403955,198.0438081187518,127.19913646712502,-0.2506016958566298,100.69070290774107,object,0.81640625
984,,,,,,,600,760,[],0.004977767834670992,0.002495093916456406,0.010546273255125015,0.0032576866764275256,0.980521601194364,0.4918896439353958,198.47899011288956,90.02864334670095,-0.6911054172767204,102.41656214930117,object,0.65234375
986,,,,,,,600,650,[],0.0,0.0,0.0,0.0,0.9731034117397753,0.48655170586988766,180.91624420169234,118.99908582699129,-0.18637820512820513,102.07991488277912,object,0.53515625
988,,,,,,,600,760,[],0.0,0.0,0.0,0.0,0.9670544252506826,0.4835272126253413,292.47828978685993,228.21992462559888,0.16785228998481336,101.69886611402035,object,0.75
990,,,,,,,600,760,[],0.0,0.0,0.0,0.0,0.9467296969916933,0.47336484849584665,392.399476243648,312.1946414333017,0.5496898508644582,103.51640707813203,object,0.63671875
996,,,,,,,629,1029,[],0.0,0.0,0.0,0.0,0.9618203511164138,0.4809101755582069,460.6753180078482,368.94136323753423,0.23089564502875926,103.05414604954422,object,0.75390625
998,,,,,,,557,913,[],0.0,0.0,0.0,0.0,0.9293724737816679,0.46468623689083394,250.07636191956746,132.31997698938008,0.12425563059316677,102.13522589765489,object,0.470703125
