sample_id,height,width,bbox,dice,iou,infer_ms
100,564,623,"[99, 85, 472, 330]",0.9034239102948577,0.8238588446131373,39.43219375003082
1002,543,592,"[341, 61, 588, 271]",0.857595957423952,0.7506940849842948,39.43219375003082
1004,539,818,"[327, 186, 437, 265]",0.8045806557918894,0.6730530668508986,39.43219375003082
1010,729,949,"[305, 168, 735, 524]",0.8394443554477498,0.7233124576044137,39.43219375003082
1012,365,485,"[271, 133, 315, 180]",0.8695362028699715,0.7691853600958135,39.43219375003082
102,340,796,"[310, 81, 486, 163]",0.7894380501016669,0.6521252796423574,39.43219375003082
1020,622,840,"[246, 120, 628, 448]",0.8953841818145271,0.8105842475489475,39.43219375003082
1024,547,927,"[293, 53, 801, 250]",0.8780974988420652,0.7826861050187353,39.43219375003082
1026,597,900,"[144, 59, 430, 335]",0.8662742962828639,0.7640951364537637,39.43219375003082
1029,547,928,"[442, 62, 750, 336]",0.8949210669141847,0.80982547048945,39.43219375003082
103,453,780,"[257, 107, 471, 270]",0.8427302150116798,0.7282054936051415,39.43219375003082
1031,545,859,"[280, 55, 617, 345]",0.9005452795894435,0.8190835537576087,39.43219375003082
1033,473,592,"[101, 117, 157, 195]",0.8350730688938152,0.7168458781370465,39.43219375003082
1034,644,1059,"[400, 207, 526, 310]",0.7831635639856087,0.6436062734536288,39.43219375003082
1036,336,368,"[226, 59, 305, 129]",0.7954458232060951,0.6603653355997019,39.43219375003082
1038,624,910,"[153, 81, 889, 536]",0.8161577722330958,0.6894143096860385,39.43219375003082
1040,584,661,"[290, 104, 623, 362]",0.8807295966730972,0.7868783039873527,39.43219375003082
1042,548,806,"[528, 156, 703, 333]",0.8343697265309336,0.715809931778631,39.43219375003082
1044,492,743,"[208, 70, 386, 236]",0.8529470034670993,0.7435986009759732,39.43219375003082
1046,501,592,"[309, 184, 415, 288]",0.8148606811146785,0.6875653082553261,39.43219375003082
1048,547,929,"[171, 94, 377, 275]",0.8126420737787013,0.6844120511874233,39.43219375003082
1050,425,743,"[78, 120, 184, 229]",0.7369522563768889,0.5834714167361397,39.43219375003082
1052,535,1048,"[465, 174, 599, 306]",0.8463712658173473,0.7336600075388363,39.43219375003082
1054,629,875,"[305, 92, 819, 487]",0.8878151190496063,0.7982621722846563,39.43219375003082
1056,555,750,"[242, 104, 411, 305]",0.827836611195196,0.7062467733609756,39.43219375003082
1058,336,569,"[82, 44, 390, 180]",0.843854361814801,0.7298858672679358,39.43219375003082
1062,336,466,"[298, 65, 371, 151]",0.8673994387279379,0.7658476151150819,39.43219375003082
1064,590,831,"[343, 102, 749, 434]",0.8936512163113199,0.8077481798568119,39.43219375003082
1066,424,592,"[228, 120, 318, 199]",0.8334204747465926,0.7144137683762739,39.43219375003082
1068,562,864,"[120, 81, 458, 302]",0.8987574067142128,0.8161302624815838,39.43219375003082
107,565,702,"[201, 125, 537, 350]",0.8755009537810088,0.7785697611081194,39.43219375003082
1072,426,635,"[269, 50, 336, 127]",0.8374040474531229,0.72028811524677,39.43219375003082
1074,547,927,"[488, 114, 828, 413]",0.852640136471476,0.7431322670198113,23.560290625027847
1080,581,807,"[408, 249, 539, 387]",0.8303943806249249,0.7099781044731248,23.560290625027847
1082,622,927,"[177, 76, 550, 408]",0.9046688955066432,0.8259318956573453,23.560290625027847
1084,525,925,"[96, 119, 400, 313]",0.8986632361989039,0.8159749730839141,23.560290625027847
1086,629,1102,"[417, 104, 746, 326]",0.8470564247052859,0.734690268332331,23.560290625027847
1088,350,744,"[0, 79, 446, 349]",0.8656798552427917,0.763170661513813,23.560290625027847
109,601,763,"[467, 213, 618, 365]",0.8113760196529838,0.6826179120298449,23.560290625027847
1090,384,617,"[122, 72, 226, 163]",0.788162762022369,0.6503866503871247,23.560290625027847
1092,500,926,"[575, 104, 821, 284]",0.852677860260641,0.7431895809614443,23.560290625027847
1094,206,313,"[58, 34, 169, 117]",0.8895339714421077,0.8010456408085332,23.560290625027847
1100,501,559,"[162, 89, 477, 277]",0.8613784135240729,0.7565098218365034,23.560290625027847
1102,501,621,"[160, 52, 463, 312]",0.9158410505981813,0.8447479505689702,23.560290625027847
1104,571,858,"[246, 207, 426, 375]",0.8897521524796361,0.8013995743985098,23.560290625027847
1108,580,1024,"[130, 59, 594, 402]",0.89329367381279,0.8071641524724498,23.560290625027847
111,602,460,"[52, 99, 357, 312]",0.9044997897294608,0.8256500375350055,23.560290625027847
1110,578,1024,"[125, 72, 525, 436]",0.8832172041441758,0.7908585334781679,23.560290625027847
1120,467,1024,"[438, 107, 717, 352]",0.8240661534074875,0.7007759456838505,23.560290625027847
1122,465,1024,"[168, 87, 501, 342]",0.8825834346709991,0.7898428053204636,23.560290625027847
1124,522,1024,"[220, 73, 653, 391]",0.8708876503934809,0.7713029183473061,23.560290625027847
1125,522,1024,"[138, 56, 579, 427]",0.8630809685366659,0.7591402242829906,23.560290625027847
1126,465,1024,"[281, 126, 625, 363]",0.8346550356859784,0.7162300102075975,23.560290625027847
1128,521,1024,"[224, 83, 555, 325]",0.8292994892766257,0.7083788566592739,23.560290625027847
113,660,502,"[5, 94, 486, 445]",0.8958669567047963,0.8113759135684898,23.560290625027847
1130,581,1024,"[160, 56, 627, 428]",0.8638869693236839,0.7603882237046695,23.560290625027847
1132,581,1024,"[82, 113, 636, 526]",0.7822887308191355,0.642425467036516,23.560290625027847
1134,447,494,"[124, 67, 370, 274]",0.9129415382250179,0.8398274520897061,23.560290625027847
1136,447,578,"[224, 127, 310, 246]",0.8058107577543732,0.6747764334565034,23.560290625027847
1141,490,962,"[471, 252, 519, 310]",0.8179071683608407,0.6919144981426956,23.560290625027847
1142,609,1246,"[558, 109, 966, 520]",0.8033877996536778,0.6713852653526142,23.560290625027847
1144,546,922,"[358, 211, 487, 314]",0.864414843006741,0.7612065354003338,23.560290625027847
1148,500,720,"[332, 207, 496, 349]",0.8851041905198407,0.7938896020540211,23.560290625027847
1150,512,846,"[253, 101, 560, 268]",0.7739810740069931,0.631296187683371,23.560290625027847
1152,499,560,"[32, 55, 470, 477]",0.7715669983383127,0.6280904186835059,20.619687499902284
1156,500,720,"[186, 93, 502, 341]",0.9233260372507122,0.8575725513905899,20.619687499902284
1158,500,504,"[44, 51, 458, 322]",0.8751280286112534,0.7779801176224957,20.619687499902284
1160,500,720,"[297, 66, 515, 280]",0.8658757892526859,0.7634752710923662,20.619687499902284
1162,500,720,"[162, 106, 619, 441]",0.8769772400456242,0.7809078064288397,20.619687499902284
1164,500,720,"[200, 162, 446, 338]",0.8914716255210177,0.8041937816341854,20.619687499902284
1168,500,720,"[228, 82, 474, 241]",0.7685478252215052,0.6240988005561979,20.619687499902284
117,600,654,"[233, 164, 391, 314]",0.7844490871106112,0.6453444926021794,20.619687499902284
1172,500,720,"[265, 97, 567, 369]",0.8891222076833358,0.8003780558337964,20.619687499902284
1174,499,630,"[83, 68, 540, 387]",0.8931304375801468,0.8068976398877404,20.619687499902284
1176,500,720,"[131, 41, 547, 342]",0.8962092744766127,0.8119376741924195,20.619687499902284
1181,500,720,"[329, 172, 559, 345]",0.8727801433170851,0.7742767643265849,20.619687499902284
1182,500,720,"[353, 131, 404, 211]",0.8623320014532104,0.7579821200518583,20.619687499902284
1184,500,720,"[313, 134, 533, 336]",0.8477209106649006,0.7356906139415449,20.619687499902284
1186,500,720,"[62, 67, 572, 359]",0.8337546197016091,0.714904970931847,20.619687499902284
1188,428,852,"[326, 140, 494, 248]",0.7318408916219582,0.5770891734225493,20.619687499902284
1190,500,720,"[273, 136, 401, 244]",0.7611237500662604,0.6143662453026867,20.619687499902284
1192,500,720,"[155, 115, 571, 384]",0.8897957770055824,0.8014703588549292,20.619687499902284
1194,500,720,"[248, 143, 403, 254]",0.8262220966375501,0.7038998555611428,20.619687499902284
1196,500,720,"[140, 75, 538, 339]",0.8897559060431572,0.8014056646517552,20.619687499902284
12,603,573,"[128, 119, 388, 417]",0.8670475354638469,0.7652991300202947,20.619687499902284
1200,500,504,"[69, 74, 497, 411]",0.8893339791505807,0.8007213351772849,20.619687499902284
1202,499,630,"[180, 71, 547, 399]",0.8458770180384029,0.7329175757341984,20.619687499902284
1206,485,852,"[320, 131, 489, 223]",0.7805426546077827,0.640073765234413,20.619687499902284
121,660,502,"[130, 138, 318, 308]",0.8982943242900288,0.8153668843642661,20.619687499902284
1210,500,720,"[133, 66, 551, 401]",0.875751920654023,0.7789667927771738,20.619687499902284
1212,500,504,"[61, 109, 466, 447]",0.8857501739546956,0.7949296048790149,20.619687499902284
1216,500,720,"[136, 42, 705, 312]",0.8538487221642336,0.74497035310778,20.619687499902284
1218,500,720,"[221, 94, 400, 253]",0.8740628549792063,0.7762980898575123,20.619687499902284
1220,499,630,"[141, 100, 521, 425]",0.8923958150680985,0.8056992084432905,20.619687499902284
1222,500,720,"[254, 144, 463, 335]",0.8543343197826603,0.7457099697885966,20.619687499902284
1224,485,852,"[273, 223, 391, 361]",0.8382025535009141,0.7214704732110118,20.619687499902284
1226,500,720,"[325, 108, 434, 197]",0.8895640036128668,0.801094350784086,20.805050000035408
1228,499,630,"[100, 82, 621, 466]",0.6765978344753523,0.511256405725422,20.805050000035408
1232,500,762,"[225, 154, 502, 347]",0.8695061050540083,0.7691382580138375,20.805050000035408
1236,500,720,"[190, 54, 573, 333]",0.870214275931629,0.7702471870488786,20.805050000035408
1238,500,720,"[215, 95, 575, 312]",0.9190040608720687,0.850145710642971,20.805050000035408
1241,499,560,"[133, 52, 427, 340]",0.8760124799781466,0.7793791873784608,20.805050000035408
1243,500,720,"[221, 111, 545, 393]",0.9080593834146968,0.8316014347505233,20.805050000035408
1244,415,1024,"[254, 79, 400, 179]",0.7000000000001755,0.5384615384619537,20.805050000035408
1248,440,490,"[74, 34, 439, 336]",0.8988862248573884,0.8163427296520556,20.805050000035408
125,342,614,"[129, 124, 244, 233]",0.8049262753517853,0.6735369197318014,20.805050000035408
1250,579,1024,"[211, 51, 587, 349]",0.9149569010766032,0.8432447540419845,20.805050000035408
1252,414,1024,"[228, 52, 582, 351]",0.8271582479332277,0.705259892458327,20.805050000035408
1256,578,1024,"[338, 115, 517, 229]",0.7542551589095668,0.6054652076660386,20.805050000035408
1258,434,622,"[249, 57, 326, 128]",0.8816920026439106,0.7884160756506184,20.805050000035408
1264,425,365,"[138, 90, 200, 130]",0.8590487238983207,0.7529232333515357,20.805050000035408
1266,425,365,"[89, 68, 243, 187]",0.9012134411948113,0.8201897210818206,20.805050000035408
1268,508,772,"[234, 167, 457, 337]",0.845378389890699,0.7321692080669786,20.805050000035408
127,239,420,"[52, 0, 404, 129]",0.8710918510493671,0.7716233175029475,20.805050000035408
1270,508,772,"[358, 235, 410, 322]",0.8189629629632311,0.6934269944814515,20.805050000035408
1273,512,676,"[325, 191, 404, 236]",0.7665808750747048,0.6215088282516164,20.805050000035408
1274,501,698,"[328, 77, 557, 281]",0.8786082694554642,0.7834980814677958,20.805050000035408
1276,508,772,"[297, 89, 690, 334]",0.8968515183506249,0.8129925692411852,20.805050000035408
1277,564,624,"[219, 142, 506, 352]",0.8306417439616001,0.7103398292801356,20.805050000035408
1279,564,624,"[280, 186, 424, 304]",0.8078024337867717,0.67757430201165,20.805050000035408
1282,564,624,"[241, 244, 329, 309]",0.7447941888622943,0.5933641975316486,20.805050000035408
1283,571,681,"[353, 266, 468, 417]",0.8592534992224559,0.7532379004773512,20.805050000035408
1285,564,712,"[215, 149, 443, 321]",0.838036619827384,0.7212246393711159,20.805050000035408
1287,564,712,"[268, 214, 336, 326]",0.8702500492224156,0.7703032415479778,20.805050000035408
1289,485,680,"[332, 213, 504, 323]",0.8108562858920184,0.6818824976932133,20.805050000035408
129,499,720,"[125, 94, 601, 325]",0.8790771533393031,0.7842441216700553,20.805050000035408
1291,564,624,"[208, 181, 314, 332]",0.7809900633965285,0.6406757155505749,20.805050000035408
1295,552,712,"[270, 252, 379, 406]",0.8798903029524446,0.78553940321363,20.805050000035408
1296,692,991,"[373, 118, 495, 227]",0.8672776814466845,0.7656578026594072,23.910068749955826
1298,564,712,"[153, 79, 248, 167]",0.8553492484528247,0.74725784025993,23.910068749955826
1300,616,772,"[382, 158, 465, 255]",0.8619639906063652,0.7574136349743849,23.910068749955826
1302,564,624,"[219, 224, 278, 269]",0.7254196642694082,0.569143932269195,23.910068749955826
1304,616,936,"[322, 123, 547, 340]",0.7990192124663582,0.6653055742109698,23.910068749955826
1306,564,712,"[70, 86, 528, 437]",0.8235944052432086,0.7000939207650486,23.910068749955826
1309,693,866,"[358, 265, 482, 422]",0.8142343637671409,0.6866739420397195,23.910068749955826
1311,564,624,"[287, 169, 540, 362]",0.8758470366691069,0.7791173134250194,23.910068749955826
1314,565,833,"[473, 392, 581, 467]",0.8204323570433922,0.6955365060601603,23.910068749955826
1315,565,833,"[239, 82, 456, 276]",0.8844276434103049,0.7928016844322303,23.910068749955826
1317,548,772,"[352, 165, 404, 230]",0.8012718600957844,0.6684350132636988,23.910068749955826
1319,693,866,"[251, 186, 374, 304]",0.8403203436088585,0.7246141975310767,23.910068749955826
1325,616,680,"[299, 119, 364, 182]",0.843006334532027,0.728617934300892,23.910068749955826
1329,564,712,"[144, 176, 354, 316]",0.7862881898093882,0.6478376359261029,23.910068749955826
133,499,630,"[48, 66, 535, 388]",0.8806491430421546,0.7867498716493396,23.910068749955826
1331,564,712,"[245, 107, 399, 276]",0.8420278004906401,0.727157181189226,23.910068749955826
1333,616,772,"[365, 161, 438, 234]",0.8244617619867594,0.7013483146074126,23.910068749955826
1335,430,824,"[277, 143, 337, 205]",0.7567454507430312,0.608681022881532,23.910068749955826
1338,565,833,"[352, 165, 454, 259]",0.781945120961372,0.6419621434288963,23.910068749955826
1339,446,712,"[310, 156, 358, 225]",0.8206660973530728,0.6958725561198557,23.910068749955826
1345,616,680,"[197, 84, 480, 342]",0.8566213592233148,0.7492018205285392,23.910068749955826
1349,428,856,"[247, 91, 398, 239]",0.8324384132253466,0.7129717375552077,23.910068749955826
135,499,630,"[4, 61, 604, 396]",0.9110982890523894,0.8367130659198948,23.910068749955826
1354,564,712,"[237, 98, 555, 397]",0.9196578089909572,0.8512652904280297,23.910068749955826
1356,407,712,"[265, 96, 418, 226]",0.7699551738427054,0.6259570037363718,23.910068749955826
1359,506,837,"[187, 65, 467, 348]",0.8686493597322474,0.7677985310784698,23.910068749955826
1360,589,998,"[203, 104, 786, 378]",0.9216510562503332,0.8546872156665227,23.910068749955826
1363,588,859,"[209, 99, 831, 507]",0.8345203958930763,0.7160317460317589,23.910068749955826
1366,586,857,"[151, 81, 670, 391]",0.9256484149855937,0.8615879828326279,23.910068749955826
137,483,852,"[258, 135, 597, 347]",0.884514179904504,0.7929407653329036,23.910068749955826
1370,668,836,"[157, 120, 609, 503]",0.8583088252057597,0.7517872119493755,23.910068749955826
1372,566,797,"[318, 98, 651, 397]",0.9022455326551116,0.821901034789102,23.910068749955826
1376,565,631,"[201, 93, 563, 425]",0.8786447906693425,0.7835561678924394,26.09136874991691
1380,574,797,"[320, 107, 689, 407]",0.8651690868336501,0.7623770878955985,26.09136874991691
1382,574,797,"[209, 107, 556, 424]",0.9060482079277109,0.8282341274027991,26.09136874991691
1386,574,797,"[171, 132, 255, 199]",0.8649592549477706,0.7620512820517702,26.09136874991691
1388,466,856,"[315, 55, 598, 316]",0.7869456772915868,0.6487307802791453,26.09136874991691
1390,678,1024,"[162, 143, 772, 514]",0.8660777860069869,0.7637894163455644,26.09136874991691
1392,574,779,"[68, 143, 565, 448]",0.8609015120590238,0.7557744314235649,26.09136874991691
1394,512,846,"[416, 192, 530, 309]",0.8070374574348428,0.6764985727881289,26.09136874991691
1396,499,630,"[164, 114, 461, 365]",0.9091639400507184,0.8334560741354701,26.09136874991691
1398,577,727,"[335, 144, 420, 209]",0.8434104563468703,0.7292219274983881,26.09136874991691
140,499,630,"[5, 65, 621, 408]",0.8831955010617041,0.7908237313704689,26.09136874991691
1400,500,504,"[12, 97, 495, 440]",0.8876386728589173,0.7979769263826122,26.09136874991691
1406,577,731,"[248, 124, 467, 303]",0.8505639772972464,0.7399837489843928,26.09136874991691
1408,512,846,"[285, 81, 486, 259]",0.7986835768181493,0.6648403046907441,26.09136874991691
1410,689,764,"[136, 58, 557, 359]",0.8739803284840906,0.7761679041605924,26.09136874991691
1413,693,952,"[251, 77, 709, 449]",0.8846305249278674,0.7931277883238331,26.09136874991691
1415,532,810,"[305, 64, 578, 319]",0.8804146241215923,0.7863756021561601,26.09136874991691
1417,593,807,"[223, 80, 630, 309]",0.8793899286377895,0.7847421249470132,26.09136874991691
1419,562,617,"[96, 120, 419, 399]",0.8813704788502226,0.7879020374362418,26.09136874991691
142,512,846,"[202, 91, 617, 331]",0.903447354865794,0.8238978391732693,26.09136874991691
1421,710,842,"[112, 77, 718, 441]",0.8919710465143073,0.8050069844369191,26.09136874991691
1423,514,629,"[232, 212, 304, 278]",0.8054169636496002,0.6742243436761952,26.09136874991691
1426,664,838,"[71, 94, 585, 433]",0.8539061559061752,0.7450577981084412,26.09136874991691
1428,516,689,"[281, 215, 353, 322]",0.8118754244689902,0.6833251674021177,26.09136874991691
1430,504,696,"[297, 145, 386, 201]",0.8361421894918055,0.7184229739602861,26.09136874991691
1432,664,837,"[107, 100, 579, 494]",0.8247223497331466,0.7017255450623935,26.09136874991691
1434,587,860,"[110, 77, 758, 486]",0.8138691842939104,0.6861546580841775,26.09136874991691
1436,586,857,"[259, 202, 518, 449]",0.8428834310148764,0.7284343285777819,26.09136874991691
1438,588,858,"[278, 197, 423, 324]",0.8054253598242128,0.6742361111113373,26.09136874991691
1439,665,858,"[349, 185, 493, 315]",0.8192941176471297,0.6939019529695138,26.09136874991691
144,574,797,"[190, 73, 566, 231]",0.8717208128176992,0.7726109129024263,26.09136874991691
1443,596,777,"[128, 52, 551, 440]",0.831841994339743,0.7120971566424247,26.09136874991691
1445,435,876,"[361, 169, 424, 241]",0.8498360655740167,0.7388825541626599,26.749174999963543
1451,702,996,"[431, 197, 691, 385]",0.8212951618205449,0.6967776284766127,26.749174999963543
1453,581,859,"[314, 203, 349, 263]",0.7620396600574999,0.6155606407344647,26.749174999963543
1457,478,482,"[160, 59, 263, 160]",0.8239385596291668,0.7005914243473379,26.749174999963543
1459,478,482,"[109, 80, 318, 213]",0.878436684728106,0.7832252292552971,26.749174999963543
146,454,706,"[52, 93, 539, 440]",0.8528510979080819,0.7434528301886953,26.749174999963543
1461,693,680,"[461, 262, 535, 351]",0.8796208530806955,0.7851099830799302,26.749174999963543
1467,464,782,"[278, 93, 551, 260]",0.8732916738090613,0.775082293712546,26.749174999963543
147,599,779,"[277, 88, 577, 286]",0.8465991667474267,0.7340025621102266,26.749174999963543
1470,480,616,"[213, 148, 327, 233]",0.7627650616246171,0.6165078579388485,26.749174999963543
1471,495,732,"[285, 57, 627, 393]",0.8631136825796539,0.7591908437583434,26.749174999963543
1473,451,464,"[75, 101, 457, 365]",0.8707645688813284,0.7711098544071753,26.749174999963543
1478,608,603,"[161, 190, 220, 255]",0.7136481963560549,0.5547846198336086,26.749174999963543
1479,608,604,"[285, 159, 371, 258]",0.8287799083660031,0.7076209794266769,26.749174999963543
1480,547,837,"[301, 168, 404, 276]",0.8189699792961834,0.6934370548924143,26.749174999963543
1482,617,779,"[6, 67, 555, 498]",0.8727373134561667,0.7742093514440446,26.749174999963543
1484,470,787,"[214, 251, 334, 348]",0.8135315610433328,0.6856748433687101,26.749174999963543
1486,466,783,"[277, 68, 472, 202]",0.8448347739084949,0.7313540563950864,26.749174999963543
1488,541,811,"[255, 116, 501, 305]",0.8438968587682655,0.729949455780566,26.749174999963543
1490,619,781,"[124, 110, 638, 494]",0.8774785389091917,0.7817031293606723,26.749174999963543
1492,547,813,"[123, 48, 621, 444]",0.8060752517686751,0.6751474521009833,26.749174999963543
1496,548,813,"[236, 70, 614, 334]",0.8970547130441633,0.8133265753554052,26.749174999963543
1500,598,720,"[336, 227, 428, 309]",0.8407654976651948,0.7252764612958527,26.749174999963543
1502,525,744,"[289, 47, 585, 323]",0.9144411874261167,0.8423690884678737,26.749174999963543
1508,580,742,"[203, 50, 483, 330]",0.8660866523849197,0.7638032078963967,26.749174999963543
1512,580,858,"[251, 179, 711, 476]",0.8975946043014512,0.8142146326603301,26.749174999963543
1514,589,859,"[248, 136, 608, 456]",0.8685872960777584,0.7677015584734561,26.749174999963543
1516,582,858,"[446, 180, 646, 332]",0.8593700977434875,0.7534171215776931,26.749174999963543
1518,590,998,"[301, 138, 767, 464]",0.8855746663397255,0.7946469266192187,26.749174999963543
1520,588,859,"[376, 178, 449, 292]",0.886754966887511,0.7965496728141038,26.749174999963543
1522,587,860,"[478, 146, 734, 367]",0.870231256444264,0.7702737940026575,26.749174999963543
1526,598,736,"[100, 58, 602, 474]",0.9036394458554062,0.824217400415735,26.749174999963543
1528,574,833,"[103, 177, 369, 387]",0.9096769737296629,0.8343187769237617,24.35432187508013
153,489,712,"[339, 158, 444, 274]",0.8296559905101841,0.7088992499496158,24.35432187508013
1530,526,623,"[211, 53, 448, 223]",0.8058415823667084,0.674819664181465,24.35432187508013
1532,537,483,"[43, 115, 432, 357]",0.910513968022402,0.8357279866816455,24.35432187508013
1534,537,483,"[175, 204, 250, 244]",0.8645989304815731,0.761492087416121,24.35432187508013
1536,532,545,"[231, 84, 426, 285]",0.8811964024262914,0.7876238549262206,24.35432187508013
1538,537,483,"[68, 68, 427, 361]",0.9316751007805169,0.8720896624811467,24.35432187508013
1540,547,363,"[2, 91, 354, 407]",0.9087986271205762,0.8328422688128397,24.35432187508013
1543,537,483,"[145, 93, 366, 242]",0.8767223360863904,0.7805036673050618,24.35432187508013
1545,537,483,"[102, 121, 373, 346]",0.8912839737582121,0.8038884192730723,24.35432187508013
155,550,688,"[255, 165, 454, 315]",0.8169890825512792,0.6906014733264427,24.35432187508013
1551,518,725,"[215, 53, 550, 248]",0.882514259496785,0.7897320095551303,24.35432187508013
1553,538,831,"[213, 103, 447, 245]",0.850246652572267,0.739503524364182,24.35432187508013
1555,607,674,"[103, 96, 470, 378]",0.8558453521253869,0.7480154485368087,24.35432187508013
1557,522,672,"[137, 125, 381, 302]",0.8830288312662152,0.790556512096247,24.35432187508013
1558,607,672,"[144, 106, 483, 462]",0.7558197066026917,0.6074840685178395,24.35432187508013
1560,603,672,"[107, 72, 502, 343]",0.876452851415087,0.7800766105089383,24.35432187508013
1562,555,715,"[110, 67, 600, 405]",0.8983726048577352,0.8154958825635649,24.35432187508013
1568,603,671,"[227, 53, 469, 322]",0.8927053043743093,0.8062039020875967,24.35432187508013
157,489,712,"[240, 75, 484, 307]",0.8785267411572971,0.7833684256224829,24.35432187508013
1570,556,719,"[293, 133, 436, 264]",0.7982921671123266,0.6642980475496983,24.35432187508013
1572,604,672,"[204, 91, 581, 446]",0.8853743753903867,0.7943244402805563,24.35432187508013
1573,604,673,"[185, 62, 488, 348]",0.8823639033626374,0.789491236027027,24.35432187508013
1575,604,672,"[185, 105, 567, 487]",0.863303396602009,0.759484451718514,24.35432187508013
1577,556,716,"[200, 71, 449, 311]",0.8683441266414971,0.7673217159775533,24.35432187508013
1579,559,720,"[268, 121, 551, 351]",0.8805790608926621,0.7866380108941737,24.35432187508013
1581,560,716,"[382, 121, 558, 296]",0.8611604978180375,0.7561737155834085,24.35432187508013
1583,556,715,"[258, 126, 505, 288]",0.8485712847531253,0.7369724877594612,24.35432187508013
1585,516,672,"[256, 102, 480, 242]",0.8576708992868635,0.7508089382923786,24.35432187508013
1587,556,712,"[283, 105, 608, 423]",0.8663254484253328,0.7641747335882484,24.35432187508013
1589,559,713,"[89, 42, 567, 465]",0.8572600147876979,0.7501794160361347,24.35432187508013
1591,607,672,"[138, 52, 551, 309]",0.885331706573135,0.7942557546436888,24.35432187508013
1593,557,718,"[283, 123, 506, 252]",0.831000584245731,0.7108648413734416,23.501549999991767
1595,552,715,"[159, 81, 517, 342]",0.9082600632413238,0.8319381133366942,23.501549999991767
1597,603,673,"[170, 98, 403, 319]",0.851399227737769,0.7412490469259627,23.501549999991767
1599,603,672,"[75, 70, 630, 513]",0.9234662757752262,0.8578145347376182,23.501549999991767
1603,634,592,"[214, 188, 479, 425]",0.8696665940292144,0.7693894468971546,23.501549999991767
1605,605,672,"[231, 101, 426, 277]",0.8727191901230834,0.7741808274181637,23.501549999991767
1607,606,464,"[0, 82, 462, 447]",0.9084959129821478,0.8323339543915925,23.501549999991767
1609,410,674,"[255, 117, 475, 240]",0.8526856336246069,0.7432013915405612,23.501549999991767
161,581,857,"[184, 166, 494, 345]",0.8474771605901814,0.7353235281863807,23.501549999991767
1611,592,748,"[274, 95, 700, 386]",0.8969099752861043,0.8130886466122673,23.501549999991767
1613,557,715,"[200, 81, 519, 433]",0.8708895083480969,0.7713058330314403,23.501549999991767
1615,556,713,"[298, 39, 542, 207]",0.8159778661594647,0.6891576118706365,23.501549999991767
1617,556,714,"[275, 75, 466, 274]",0.867630580155455,0.7662080633320247,23.501549999991767
1625,553,716,"[210, 81, 448, 283]",0.8450124141960209,0.7316203434410532,23.501549999991767
1627,556,721,"[204, 85, 493, 309]",0.8916420511294928,0.8044712017793151,23.501549999991767
1629,557,716,"[347, 150, 408, 247]",0.7826194297003054,0.6428716284736506,23.501549999991767
163,580,858,"[92, 106, 591, 457]",0.8187170513596882,0.6930744681467415,23.501549999991767
1633,604,672,"[91, 113, 535, 369]",0.8475706459054302,0.7354642980014663,23.501549999991767
1635,555,714,"[185, 133, 302, 279]",0.8351389938692219,0.7169430425380555,23.501549999991767
1637,554,568,"[34, 66, 449, 346]",0.8438246504983057,0.7298414127770544,23.501549999991767
1639,500,720,"[342, 86, 384, 183]",0.7719665271970503,0.6286201022157052,23.501549999991767
1641,541,581,"[43, 54, 566, 343]",0.9202210292411492,0.8522309233290947,23.501549999991767
1646,597,831,"[366, 290, 454, 345]",0.7777777777780919,0.6363636363644776,23.501549999991767
1647,532,808,"[353, 141, 568, 340]",0.8357349690728997,0.7178219278882362,23.501549999991767
1649,541,807,"[223, 109, 626, 410]",0.8533776757084749,0.7442534979735141,23.501549999991767
1651,547,809,"[274, 233, 449, 363]",0.7922146586478778,0.6559233926130474,23.501549999991767
1653,700,883,"[199, 166, 697, 523]",0.9005586354549228,0.8191056517393803,23.501549999991767
1655,364,534,"[191, 120, 284, 224]",0.7696498677992392,0.6255535295654786,23.501549999991767
1658,501,699,"[369, 180, 417, 216]",0.8199658703079353,0.6948662328293936,23.501549999991767
1660,478,505,"[154, 111, 286, 203]",0.7966479773317678,0.6620240480965309,23.501549999991767
1661,538,826,"[207, 64, 630, 371]",0.8681570399806522,0.7670295885975417,23.501549999991767
1663,538,826,"[459, 123, 654, 275]",0.8669945916844414,0.7652166400277484,23.501549999991767
1665,538,831,"[189, 74, 595, 410]",0.8774983004758727,0.7817344961240499,26.718009375031215
167,547,809,"[497, 135, 644, 252]",0.8012337217272956,0.668381932533113,26.718009375031215
1670,537,487,"[160, 120, 274, 227]",0.8121458487313303,0.6837083895056686,26.718009375031215
1671,501,699,"[223, 97, 415, 225]",0.8433297195933538,0.7291012260615417,26.718009375031215
1673,537,487,"[154, 134, 202, 197]",0.8500111433032093,0.7391472868227165,26.718009375031215
1677,537,487,"[118, 76, 292, 213]",0.8473711369761346,0.7351639058848256,26.718009375031215
1679,478,505,"[68, 52, 486, 388]",0.9207465997445643,0.8531329153344804,26.718009375031215
1681,537,487,"[143, 101, 398, 313]",0.8472586551697469,0.7349945926460584,26.718009375031215
1682,501,699,"[206, 122, 381, 274]",0.7860997687102637,0.6475818592399099,26.718009375031215
1684,501,559,"[121, 60, 538, 449]",0.8472794020187151,0.7350258193551269,26.718009375031215
1686,501,699,"[254, 67, 526, 295]",0.8820843640009282,0.7890437664490128,26.718009375031215
1688,357,347,"[117, 155, 159, 199]",0.8571428571433942,0.7500000000016447,26.718009375031215
1690,600,632,"[198, 198, 426, 392]",0.8886656516347944,0.7996384282930428,26.718009375031215
1692,600,554,"[0, 128, 444, 517]",0.8288250590310015,0.7076868109432607,26.718009375031215
1694,602,819,"[169, 50, 561, 332]",0.892314370077622,0.8055664404892233,26.718009375031215
1696,600,750,"[232, 152, 428, 369]",0.8512782735354935,0.74106570279259,26.718009375031215
1698,600,632,"[178, 206, 495, 466]",0.8441103754957237,0.7302690132353751,26.718009375031215
1702,574,796,"[259, 112, 471, 264]",0.8133043776432018,0.6853521343813819,26.718009375031215
1704,562,527,"[94, 77, 412, 337]",0.9018710784274321,0.8212797793686449,26.718009375031215
1706,399,850,"[385, 132, 449, 213]",0.7757897679622927,0.633706325645961,26.718009375031215
171,582,858,"[317, 191, 515, 395]",0.8451849139509621,0.7318790031074476,26.718009375031215
1710,616,1019,"[314, 90, 682, 401]",0.8002307199858144,0.6669871727140522,26.718009375031215
1714,477,616,"[283, 88, 388, 213]",0.7882365123745531,0.6504870962231665,26.718009375031215
1720,695,1061,"[285, 266, 546, 478]",0.8737176957980033,0.7757537275852745,26.718009375031215
1723,478,505,"[98, 56, 414, 324]",0.9040416526201517,0.8248868716420599,26.718009375031215
1724,319,636,"[149, 46, 511, 268]",0.8344448874551602,0.7159205759333702,26.718009375031215
1726,609,525,"[73, 70, 465, 414]",0.8967106226068613,0.8127610407394888,26.718009375031215
1728,477,609,"[159, 76, 463, 247]",0.8426261518503373,0.7280501051561793,26.718009375031215
173,582,858,"[205, 134, 566, 484]",0.8940143967988834,0.808341803194632,26.718009375031215
1730,588,690,"[100, 121, 614, 528]",0.8338651829633759,0.7150675640423794,26.718009375031215
1734,554,713,"[81, 56, 603, 404]",0.9106100843032096,0.8358899519652476,26.718009375031215
1736,478,505,"[41, 75, 366, 367]",0.8614388123730059,0.756603001871552,26.718009375031215
1738,669,837,"[276, 84, 621, 320]",0.853896771540214,0.745043509464468,23.51690312491428
1744,697,780,"[92, 96, 661, 486]",0.9079859327007642,0.8314782381388142,23.51690312491428
1746,499,623,"[44, 63, 483, 330]",0.9264049081054773,0.8628997236478619,23.51690312491428
1748,573,739,"[231, 47, 480, 263]",0.8651046579813036,0.7622770364380279,23.51690312491428
175,580,857,"[320, 128, 447, 247]",0.8683095120749786,0.7672676596117348,23.51690312491428
1752,477,609,"[200, 116, 373, 263]",0.8459422283356701,0.7330154946366045,23.51690312491428
1754,567,838,"[211, 85, 640, 317]",0.8239751831256951,0.7006443837773063,23.51690312491428
1756,479,505,"[107, 102, 357, 302]",0.8991750931346595,0.8168193574899522,23.51690312491428
1758,499,534,"[61, 72, 447, 333]",0.9054396172661748,0.8272176040253872,23.51690312491428
1760,663,738,"[141, 98, 659, 496]",0.896156248931604,0.8118506338095692,23.51690312491428
1762,544,739,"[289, 46, 571, 241]",0.9060131062912822,0.8281754667277911,23.51690312491428
1764,499,467,"[142, 103, 374, 290]",0.8947886246154491,0.809608591211019,23.51690312491428
1766,427,384,"[1, 46, 358, 297]",0.9111851399210272,0.8368595739545185,23.51690312491428
1768,662,557,"[11, 56, 547, 440]",0.9077085700396279,0.8310131757351278,23.51690312491428
177,620,780,"[272, 148, 669, 436]",0.922322924127667,0.8558435033807272,23.51690312491428
1770,477,609,"[153, 74, 415, 306]",0.8720506764959198,0.7731293049468196,23.51690312491428
1772,669,837,"[70, 48, 724, 591]",0.8242590953163894,0.7010550471051282,23.51690312491428
1774,523,712,"[209, 123, 404, 242]",0.8623556288869583,0.7580186311152128,23.51690312491428
1776,584,838,"[385, 78, 837, 511]",0.7968323000630715,0.6622786666437721,23.51690312491428
1778,664,839,"[106, 127, 617, 470]",0.7988701300192599,0.6650988789680856,23.51690312491428
1784,582,739,"[103, 80, 602, 364]",0.8945022690840173,0.8091398508279776,23.51690312491428
1786,552,711,"[81, 57, 710, 448]",0.8761905263324188,0.7796610963537743,23.51690312491428
1788,479,505,"[48, 88, 359, 293]",0.8740681576144964,0.7763064554268555,23.51690312491428
179,580,857,"[430, 202, 579, 325]",0.8198524815602701,0.6947033898307241,23.51690312491428
1790,499,468,"[155, 173, 274, 278]",0.782193766610424,0.642297391132187,23.51690312491428
1792,666,839,"[296, 125, 512, 311]",0.8491649544281388,0.7378685222487524,23.51690312491428
1795,427,384,"[50, 87, 327, 270]",0.9211353404443893,0.853800643376183,23.51690312491428
1799,225,288,"[94, 37, 257, 158]",0.9194527903855017,0.8509140389280891,23.51690312491428
18,660,598,"[186, 98, 435, 322]",0.8651076982054454,0.7622817573416593,23.51690312491428
1801,499,626,"[285, 113, 418, 222]",0.8325854700855595,0.7131875171595925,23.51690312491428
1803,663,837,"[217, 58, 717, 453]",0.8975849557176889,0.8141987542468966,23.51690312491428
1807,479,505,"[62, 74, 444, 353]",0.9029216608327792,0.8230238703994346,23.51690312491428
1809,611,615,"[296, 232, 354, 284]",0.8208657047728727,0.6961596385553608,20.878831250001895
1811,662,837,"[275, 77, 628, 335]",0.8483354073527947,0.7366167309206226,20.878831250001895
1813,656,556,"[11, 80, 555, 486]",0.8644653828532115,0.76128492236135,20.878831250001895
1815,664,738,"[20, 66, 727, 543]",0.878243696828797,0.7829184416847114,20.878831250001895
1817,695,1020,"[363, 171, 614, 386]",0.8108271420135668,0.6818412786401327,20.878831250001895
1819,233,442,"[99, 40, 215, 153]",0.9235918523477462,0.8580312722105028,20.878831250001895
1821,664,838,"[210, 66, 741, 467]",0.9121485777824552,0.838486358663832,20.878831250001895
1823,500,762,"[134, 77, 592, 382]",0.8740154045263582,0.7762232343495935,20.878831250001895
1825,609,677,"[147, 78, 539, 347]",0.8943475278545142,0.8088866532528718,20.878831250001895
1827,499,630,"[108, 74, 440, 333]",0.8878130857674281,0.7982588847307643,20.878831250001895
1829,695,1019,"[256, 174, 751, 529]",0.9145700344656782,0.8425877887160326,20.878831250001895
183,611,622,"[135, 106, 502, 481]",0.899040767386096,0.816597691134845,20.878831250001895
1831,499,468,"[9, 75, 375, 348]",0.8948734352932719,0.8097474659210274,20.878831250001895
1835,669,837,"[253, 127, 716, 623]",0.8808796944448253,0.7871179622711278,20.878831250001895
1837,498,720,"[266, 94, 560, 317]",0.9100466111099992,0.834940851954045,20.878831250001895
1839,311,470,"[93, 23, 395, 259]",0.8625119811251325,0.7582602777463081,20.878831250001895
1841,665,739,"[248, 184, 604, 525]",0.8904574836054086,0.8025447159059036,20.878831250001895
1849,499,534,"[116, 116, 392, 305]",0.8809863920006163,0.7872883633432349,20.878831250001895
1851,231,439,"[172, 84, 299, 162]",0.8337298810358057,0.7148685947441319,20.878831250001895
1853,669,837,"[307, 190, 578, 394]",0.87410429550826,0.7763634695656675,20.878831250001895
1855,609,614,"[266, 246, 399, 325]",0.813257305773476,0.6852852852856632,20.878831250001895
1857,662,837,"[85, 121, 621, 415]",0.8856495140937855,0.7947674679511304,20.878831250001895
1859,612,739,"[133, 113, 537, 346]",0.8821478480583909,0.7891453682190387,20.878831250001895
186,666,835,"[27, 130, 626, 630]",0.811477932659991,0.6827621926079495,20.878831250001895
1863,664,739,"[255, 87, 623, 479]",0.9083121285513488,0.8320254830220303,20.878831250001895
1865,668,837,"[229, 162, 638, 452]",0.9015282377986666,0.8207113453622301,20.878831250001895
1867,582,738,"[252, 133, 595, 371]",0.8806962129437798,0.7868250095535161,20.878831250001895
1869,499,534,"[193, 110, 425, 263]",0.8730599200046173,0.7747172502802789,20.878831250001895
1871,226,264,"[23, 48, 242, 165]",0.9075083692013611,0.8306776396428688,20.878831250001895
1876,499,630,"[110, 68, 383, 286]",0.8699330751841138,0.7698066867374881,20.878831250001895
1879,608,738,"[24, 47, 339, 249]",0.849578897187367,0.7384938394386912,20.878831250001895
1880,319,538,"[188, 23, 444, 211]",0.8392066019979963,0.7229594891239965,20.878831250001895
1883,499,534,"[91, 87, 417, 393]",0.8722082085238404,0.7733769789033732,22.258659374983836
1885,664,834,"[355, 130, 639, 446]",0.859678973679466,0.7538920653365525,22.258659374983836
1889,663,859,"[348, 147, 466, 271]",0.8675893995938081,0.7661438344737476,22.258659374983836
189,600,650,"[239, 155, 424, 343]",0.8497526620273644,0.7387564691304983,22.258659374983836
1892,694,1056,"[238, 86, 612, 422]",0.9005735236349404,0.8191302856489682,22.258659374983836
1893,477,609,"[167, 61, 403, 254]",0.8377690494894207,0.7208283767709202,22.258659374983836
1896,499,626,"[184, 237, 361, 367]",0.8735395996008122,0.7754729764946185,22.258659374983836
1897,668,837,"[228, 125, 708, 543]",0.8787838687266392,0.7837774040305814,22.258659374983836
1900,477,616,"[200, 133, 298, 238]",0.8067806349663793,0.6761377317605632,22.258659374983836
1901,585,739,"[339, 112, 638, 318]",0.8816306092023488,0.7883178996642336,22.258659374983836
1905,663,738,"[198, 100, 715, 500]",0.8317040340016567,0.7118949805591002,22.258659374983836
1909,499,630,"[120, 75, 436, 352]",0.8662467253407214,0.7640522366747456,22.258659374983836
1911,427,427,"[0, 81, 397, 368]",0.8991567863716187,0.8167891442124677,22.258659374983836
1913,669,837,"[325, 76, 820, 527]",0.8521067906581011,0.7423223551837477,22.258659374983836
1915,479,505,"[0, 76, 504, 312]",0.9128923356291209,0.8397441813248824,22.258659374983836
1917,586,738,"[220, 180, 524, 399]",0.8088894541061469,0.6791052743968113,22.258659374983836
1919,582,837,"[406, 122, 725, 328]",0.8544843461251819,0.7459386026151916,22.258659374983836
1921,477,609,"[129, 94, 376, 220]",0.8590941768512178,0.7529930686831471,22.258659374983836
1925,608,614,"[49, 91, 578, 430]",0.9021123547252898,0.821680031292794,22.258659374983836
1927,477,611,"[188, 117, 446, 283]",0.8860779044265459,0.7954576966806813,22.258659374983836
1928,427,479,"[42, 69, 438, 334]",0.9098944209102188,0.8346846749192626,22.258659374983836
193,581,858,"[273, 54, 436, 208]",0.8615356950189231,0.756752487758776,22.258659374983836
1930,688,838,"[105, 119, 590, 388]",0.8673819560658447,0.7658203581615218,22.258659374983836
1932,427,479,"[75, 106, 284, 284]",0.8976808108572586,0.814356512794996,22.258659374983836
1934,609,812,"[543, 200, 645, 314]",0.8560460652592062,0.748322147651279,22.258659374983836
1936,227,299,"[71, 43, 284, 172]",0.8992413027387354,0.8169286374717084,22.258659374983836
1938,233,443,"[132, 49, 340, 200]",0.8480209742896127,0.7361427207988634,22.258659374983836
1940,311,538,"[181, 12, 436, 215]",0.8656017039403789,0.7630491926399322,22.258659374983836
1942,500,720,"[306, 151, 422, 263]",0.8253702818921254,0.7026642261544613,22.258659374983836
1946,476,852,"[222, 109, 788, 328]",0.9322463346667982,0.8730912053351642,22.258659374983836
1948,455,852,"[265, 64, 682, 230]",0.857347342471759,0.7503131741944898,22.258659374983836
195,581,857,"[306, 166, 482, 347]",0.7675252852374652,0.622751344140509,22.258659374983836
1950,457,852,"[262, 59, 615, 335]",0.879816449975674,0.7854216837558299,21.261134375095025
1953,422,576,"[189, 40, 526, 354]",0.8766644182967426,0.7804118667437864,21.261134375095025
1954,500,720,"[272, 190, 406, 320]",0.8591578510683016,0.7530909090910887,21.261134375095025
1956,458,852,"[183, 96, 538, 357]",0.8862156307987633,0.7956797162042575,21.261134375095025
1960,477,610,"[306, 114, 350, 164]",0.7778485041381991,0.6364583333352267,21.261134375095025
1961,582,1024,"[356, 135, 528, 293]",0.8413294318997844,0.7261161671512241,21.261134375095025
1963,477,610,"[259, 98, 400, 215]",0.8546732948184627,0.7462266364278203,21.261134375095025
1968,483,808,"[222, 241, 271, 301]",0.847474014987074,0.735318791947419,21.261134375095025
197,602,461,"[4, 56, 436, 377]",0.910017389197938,0.8348916580681137,21.261134375095025
1970,470,610,"[177, 48, 284, 171]",0.8695601717535862,0.7692228723952681,21.261134375095025
1972,477,610,"[318, 126, 368, 174]",0.8062703342212177,0.675421209119547,21.261134375095025
1975,480,616,"[214, 148, 393, 308]",0.8490145500989584,0.7376414273282256,21.261134375095025
1977,477,610,"[279, 118, 417, 222]",0.8353360768176487,0.7172335814569704,21.261134375095025
1978,477,610,"[229, 102, 277, 162]",0.8544862854489668,0.7459415584425895,21.261134375095025
198,602,462,"[7, 62, 447, 373]",0.9083560753736232,0.8320992357324959,21.261134375095025
1980,477,610,"[267, 132, 416, 232]",0.8273212592926072,0.7054969366918776,21.261134375095025
1982,453,610,"[250, 151, 330, 237]",0.807626757563051,0.6773271395396153,21.261134375095025
1985,478,504,"[104, 62, 309, 247]",0.8332184292946534,0.7141168923254502,21.261134375095025
1987,478,504,"[139, 160, 302, 361]",0.8587441035184449,0.7524553486785664,21.261134375095025
1992,479,506,"[228, 115, 339, 240]",0.8031066762679749,0.6709926944566643,21.261134375095025
1994,480,616,"[284, 143, 335, 205]",0.8004950495054444,0.6673545191924583,21.261134375095025
1996,477,610,"[329, 173, 429, 276]",0.8399661303980808,0.7240875912412115,21.261134375095025
1997,478,506,"[237, 89, 424, 285]",0.8972952876661591,0.8137221847606831,21.261134375095025
2,477,610,"[289, 119, 347, 171]",0.9018075232049296,0.8211743772249948,21.261134375095025
2000,477,610,"[262, 60, 343, 139]",0.8820037986706053,0.7889148439163539,21.261134375095025
2004,477,610,"[298, 194, 377, 281]",0.8572041166382319,0.7500938086308628,21.261134375095025
2006,411,610,"[263, 123, 420, 251]",0.8483185643840242,0.7365913334622777,21.261134375095025
2008,579,1024,"[418, 368, 558, 496]",0.8114341256517578,0.6827001709912403,21.261134375095025
2010,477,610,"[248, 218, 350, 327]",0.8831350594822297,0.7907268170428449,21.261134375095025
2013,478,616,"[188, 67, 502, 298]",0.87878320090807,0.783776341578019,21.261134375095025
2016,477,610,"[125, 66, 341, 277]",0.8943319295843969,0.8088611342898419,21.261134375095025
2018,477,610,"[291, 92, 391, 188]",0.8474074074075264,0.7352185089977875,21.261134375095025
2020,476,610,"[142, 59, 326, 259]",0.8609325539393974,0.7558222798104969,26.86134687496633
2027,477,610,"[320, 160, 417, 248]",0.8605954465850608,0.7553027974181443,26.86134687496633
2029,477,610,"[186, 145, 338, 322]",0.8294923576463585,0.7086603518269244,26.86134687496633
203,664,998,"[420, 257, 626, 397]",0.8398612387701724,0.7239317113066224,26.86134687496633
2031,391,609,"[261, 88, 340, 172]",0.7646862853972629,0.6190219345566002,26.86134687496633
2035,582,1024,"[224, 188, 333, 319]",0.8500564971752259,0.7392158789429701,26.86134687496633
2037,578,1024,"[350, 193, 530, 384]",0.8327559927948287,0.7134377967712435,26.86134687496633
2040,477,610,"[253, 92, 357, 202]",0.853386351975466,0.7442666964987757,26.86134687496633
2043,454,610,"[225, 151, 304, 239]",0.7495771789381558,0.5994589720476114,26.86134687496633
2045,479,506,"[154, 148, 269, 236]",0.8219135320744327,0.6976682564921864,26.86134687496633
205,651,930,"[435, 310, 512, 358]",0.676261549396453,0.5108724832227896,26.86134687496633
2050,478,616,"[89, 55, 414, 320]",0.8615134405302671,0.7567181477588533,26.86134687496633
2052,438,610,"[251, 120, 301, 203]",0.8536662452593968,0.7446925834029647,26.86134687496633
2054,477,610,"[229, 92, 343, 186]",0.7660786220310001,0.6208488123386008,26.86134687496633
2060,459,610,"[172, 182, 220, 249]",0.8166484118295364,0.6901147723077005,26.86134687496633
2062,477,610,"[224, 165, 360, 295]",0.813634862991163,0.685821622373949,26.86134687496633
2066,420,610,"[228, 136, 339, 252]",0.7846728099849617,0.6456473749883427,26.86134687496633
2068,477,610,"[210, 143, 274, 230]",0.8429945412011398,0.7286003145366691,26.86134687496633
207,677,925,"[156, 67, 644, 392]",0.8698256258010006,0.7696384254133275,26.86134687496633
2070,477,610,"[234, 212, 323, 285]",0.8170774036794896,0.6907276995311215,26.86134687496633
2072,422,612,"[230, 117, 480, 280]",0.8983249581239702,0.815417363539664,26.86134687496633
2075,449,610,"[238, 120, 289, 195]",0.8218122846141864,0.6975223675165261,26.86134687496633
2079,463,610,"[233, 147, 371, 273]",0.7796857518121421,0.6389221079489444,26.86134687496633
2082,322,504,"[226, 123, 338, 215]",0.8608570052962118,0.7557058326292537,26.86134687496633
2083,477,610,"[225, 104, 275, 186]",0.8304728546412776,0.7100928421691821,26.86134687496633
209,581,827,"[291, 109, 466, 317]",0.8372540983606891,0.7200662648480067,26.86134687496633
2090,477,610,"[241, 121, 402, 268]",0.8920792726797396,0.8051833047996899,26.86134687496633
2092,480,616,"[333, 264, 381, 318]",0.8099658036155106,0.6806239737287331,26.86134687496633
2095,478,611,"[190, 79, 351, 251]",0.8520197963361614,0.7421903214157899,26.86134687496633
2096,477,610,"[279, 129, 377, 221]",0.8342885621730756,0.715690466011521,26.86134687496633
2098,477,610,"[143, 106, 416, 310]",0.8932149944604876,0.8070356844282556,26.86134687496633
2100,477,610,"[152, 124, 327, 322]",0.9064602713534753,0.828923035540221,26.86134687496633
2104,477,610,"[240, 116, 358, 237]",0.7724553810242802,0.6292686791857782,26.369012500026656
2105,450,610,"[208, 111, 323, 221]",0.7996349254640708,0.6661597729119361,26.369012500026656
2111,477,610,"[285, 173, 348, 244]",0.7966546408661911,0.6620332515681057,26.369012500026656
2113,342,607,"[92, 36, 331, 253]",0.8905536943733823,0.802701031908364,26.369012500026656
2117,376,610,"[194, 100, 264, 161]",0.8784313725492103,0.7832167832173896,26.369012500026656
2119,478,610,"[220, 139, 301, 246]",0.8165366096631109,0.6899551066222083,26.369012500026656
2124,477,610,"[246, 97, 329, 211]",0.8285071485595265,0.7072233923928791,26.369012500026656
2127,479,605,"[154, 51, 393, 239]",0.8663851961138439,0.7642677152272689,26.369012500026656
2130,386,504,"[188, 201, 244, 251]",0.8763440860218076,0.779904306221053,26.369012500026656
2132,477,610,"[213, 151, 261, 227]",0.7851348802116862,0.6462732919265644,26.369012500026656
2136,478,504,"[334, 73, 499, 222]",0.7979673642016861,0.6638483352590779,26.369012500026656
2141,478,616,"[282, 76, 612, 343]",0.7396465847175765,0.5868564925909028,26.369012500026656
2143,477,610,"[325, 182, 383, 238]",0.8620247757371593,0.7575075075084178,26.369012500026656
2144,477,610,"[279, 103, 396, 209]",0.8567829200372253,0.7494490198355764,26.369012500026656
2147,480,616,"[316, 191, 381, 256]",0.8362188365653805,0.7185361499562078,26.369012500026656
2149,478,504,"[227, 122, 358, 237]",0.8625227345673143,0.7582768999249827,26.369012500026656
215,582,857,"[239, 230, 335, 298]",0.8181714154939715,0.6922927962825478,26.369012500026656
2152,402,610,"[222, 135, 289, 202]",0.8235484917291217,0.70002757099614,26.369012500026656
2156,477,610,"[261, 53, 369, 169]",0.83884789335882,0.7224272242725271,26.369012500026656
2160,471,611,"[254, 100, 328, 233]",0.8339785586659961,0.715234325118484,26.369012500026656
2162,382,611,"[282, 158, 390, 265]",0.8443662399127211,0.7306521054292442,26.369012500026656
2163,477,610,"[112, 80, 279, 250]",0.8602238144305527,0.7547304684215984,26.369012500026656
2166,477,611,"[170, 89, 242, 172]",0.8821832171196414,0.7892019789206514,26.369012500026656
217,664,832,"[383, 238, 678, 449]",0.914039922037781,0.8416883277633697,26.369012500026656
2170,439,611,"[202, 119, 331, 211]",0.8215282392027764,0.6971132160580772,26.369012500026656
2172,477,610,"[275, 79, 370, 160]",0.77718694609553,0.6355729877223132,26.369012500026656
2174,477,610,"[277, 122, 348, 201]",0.8440442079412689,0.7301699716720251,26.369012500026656
2176,478,506,"[206, 120, 258, 175]",0.8653985071036229,0.7627334465205317,26.369012500026656
2178,448,616,"[267, 85, 337, 163]",0.7714366038799951,0.6279176201381512,26.369012500026656
2180,477,610,"[254, 76, 485, 258]",0.8788050734312619,0.7838111398887251,26.369012500026656
2182,477,610,"[129, 88, 259, 232]",0.8430205232649839,0.7286391333786536,26.369012500026656
2189,477,610,"[245, 127, 304, 208]",0.8888265806814961,0.7998990663643707,26.369012500026656
2191,477,610,"[234, 106, 436, 271]",0.86867108652509,0.7678324810571581,22.31504999997469
2194,579,1024,"[167, 125, 615, 439]",0.8693571468396366,0.7689051802783059,22.31504999997469
2196,477,610,"[182, 68, 354, 194]",0.825126221231452,0.7023105257284841,22.31504999997469
2200,558,809,"[267, 157, 362, 252]",0.8520680030450376,0.7422634836431737,22.31504999997469
2202,579,1024,"[300, 70, 556, 333]",0.8999912118815472,0.8181672924822605,22.31504999997469
2204,477,610,"[291, 92, 458, 256]",0.8208591258676151,0.6961501749921839,22.31504999997469
2206,477,610,"[174, 87, 305, 238]",0.8898229430144734,0.8015144407962196,22.31504999997469
2208,478,506,"[251, 191, 333, 269]",0.8421295229317329,0.727308917197995,22.31504999997469
221,547,809,"[239, 58, 670, 345]",0.9195262024407794,0.8510397980200792,22.31504999997469
2211,477,610,"[193, 133, 354, 322]",0.8198445153462859,0.6946919503466246,22.31504999997469
2213,477,610,"[281, 120, 436, 283]",0.8414891691305614,0.7263541666668092,22.31504999997469
2215,416,610,"[243, 110, 306, 203]",0.8234858764033262,0.699937093730971,22.31504999997469
2220,449,616,"[159, 150, 272, 235]",0.819510619397707,0.6942126145851769,22.31504999997469
2222,468,610,"[236, 111, 345, 214]",0.8124626320336062,0.6841575296490443,22.31504999997469
2224,477,610,"[273, 125, 361, 208]",0.8125237191652632,0.6842441674661486,22.31504999997469
2226,478,616,"[52, 92, 275, 269]",0.8718185872132604,0.7727645370967464,22.31504999997469
2228,402,616,"[267, 134, 367, 228]",0.8151293544076315,0.6879479692066791,22.31504999997469
223,499,829,"[375, 106, 500, 233]",0.8107840489693894,0.6817803345699177,22.31504999997469
2231,477,610,"[119, 123, 342, 286]",0.8728166696405811,0.7743342596827755,22.31504999997469
2234,477,610,"[162, 63, 326, 206]",0.8414063961100177,0.7262308313157244,22.31504999997469
2235,444,610,"[349, 130, 431, 219]",0.8544212052186225,0.7458423716562801,22.31504999997469
2236,477,610,"[361, 130, 407, 174]",0.7997159090916203,0.6662721893510871,22.31504999997469
2239,477,610,"[242, 139, 367, 231]",0.79668915629144,0.6620809248558819,22.31504999997469
2241,428,610,"[198, 122, 273, 218]",0.8048114828668707,0.6733761840330288,22.31504999997469
2242,477,610,"[273, 161, 371, 275]",0.8014412053718956,0.6686707477047784,22.31504999997469
2244,476,610,"[209, 142, 319, 221]",0.7936826729963542,0.6579385500232209,22.31504999997469
2246,478,610,"[322, 82, 465, 201]",0.8387773952473596,0.7223226552898097,22.31504999997469
2248,478,616,"[73, 52, 229, 195]",0.7922470049674386,0.6559677419356689,22.31504999997469
225,582,859,"[299, 173, 432, 299]",0.8273297297298045,0.7055092558450435,22.31504999997469
2252,478,616,"[257, 138, 318, 211]",0.8262982083209439,0.7040103492892522,22.31504999997469
2256,407,610,"[212, 56, 423, 129]",0.8643146555984463,0.7610511660287496,22.31504999997469
2258,477,610,"[301, 106, 396, 204]",0.8468439857087361,0.734370696778113,22.31504999997469
2260,477,610,"[311, 131, 410, 227]",0.8139534883722443,0.6862745098043518,26.52836874995046
2262,431,610,"[168, 142, 238, 197]",0.8209771741184286,0.6963200000009717,26.52836874995046
2266,477,610,"[120, 133, 293, 283]",0.8715187624696299,0.7722935335433411,26.52836874995046
2268,414,610,"[180, 73, 336, 231]",0.8490373097262838,0.7376757881912283,26.52836874995046
227,547,813,"[374, 161, 494, 273]",0.8247007495246533,0.7016942699412699,26.52836874995046
2270,478,504,"[170, 115, 231, 178]",0.9000000000001938,0.8181818181824588,26.52836874995046
2272,477,610,"[168, 178, 380, 282]",0.8463244736740295,0.733589691695518,26.52836874995046
2274,478,610,"[237, 102, 287, 153]",0.8397212543558661,0.7237237237251065,26.52836874995046
2280,429,504,"[106, 59, 346, 243]",0.7875565536145128,0.6495614751866728,26.52836874995046
2287,477,610,"[298, 168, 400, 299]",0.8183423463194911,0.6925375922296697,26.52836874995046
2289,477,610,"[303, 76, 473, 289]",0.8892805769971253,0.8006347584999998,26.52836874995046
229,580,858,"[252, 175, 379, 316]",0.8281094030745346,0.7066439523000295,26.52836874995046
2291,382,611,"[264, 164, 319, 244]",0.8160345974720292,0.6892385501554109,26.52836874995046
2293,468,610,"[230, 188, 359, 330]",0.8498087222647859,0.7388412159916591,26.52836874995046
2295,478,616,"[245, 115, 321, 193]",0.8965764903041696,0.8125406812761715,26.52836874995046
2303,478,620,"[213, 168, 367, 326]",0.8801577579252802,0.7859658484526222,26.52836874995046
231,499,830,"[355, 145, 518, 247]",0.7733333333334348,0.6304347826089652,26.52836874995046
2316,476,610,"[98, 84, 321, 314]",0.9165709670498963,0.8459907748218222,26.52836874995046
2318,403,610,"[329, 128, 369, 191]",0.7395802542130074,0.5867729831163847,26.52836874995046
2320,477,610,"[275, 99, 455, 228]",0.8648714512002362,0.7619149849722188,26.52836874995046
2322,477,610,"[163, 116, 310, 226]",0.8178892569806825,0.6918888621989816,26.52836874995046
2324,429,610,"[169, 105, 289, 236]",0.8475362318841316,0.7354124748493164,26.52836874995046
2327,397,610,"[221, 145, 342, 249]",0.8235361195052036,0.7000096927404283,26.52836874995046
2329,435,611,"[233, 74, 359, 206]",0.7524450778985834,0.6031358335962786,26.52836874995046
233,465,786,"[380, 118, 485, 206]",0.8289010719255143,0.70779765232014,26.52836874995046
2331,477,610,"[326, 83, 434, 202]",0.8652785593698,0.7625471136681585,26.52836874995046
2337,480,616,"[243, 137, 328, 197]",0.8021021021023993,0.6695913762856115,26.52836874995046
2341,477,610,"[183, 123, 345, 267]",0.8288074043128101,0.7076610690375877,26.52836874995046
2343,477,610,"[251, 119, 407, 282]",0.8633921493790955,0.7596218422277421,26.52836874995046
2345,477,610,"[275, 204, 307, 243]",0.7517284726602657,0.6022155085639254,26.52836874995046
235,616,695,"[233, 193, 428, 356]",0.7930503211738147,0.6570699135900797,26.52836874995046
2351,464,610,"[186, 126, 294, 235]",0.8413969450239948,0.7262167499131998,26.52836874995046
2353,425,610,"[312, 85, 384, 153]",0.8399267914967761,0.7240291262142621,27.8606500000933
2355,477,610,"[227, 130, 323, 259]",0.8169673089947566,0.6905703580352929,27.8606500000933
2357,371,610,"[201, 164, 333, 262]",0.7676779068457383,0.6229523199417745,27.8606500000933
2359,477,610,"[341, 142, 402, 210]",0.8494484101235408,0.7382966723075626,27.8606500000933
2362,469,504,"[183, 99, 262, 203]",0.8293370944994453,0.7084337349401981,27.8606500000933
2365,469,610,"[238, 98, 329, 195]",0.8326422032706106,0.7132707774802771,27.8606500000933
2369,479,504,"[190, 83, 338, 240]",0.8691072575466059,0.7685143116766422,27.8606500000933
237,582,858,"[393, 103, 555, 264]",0.829471247899091,0.7086295372158992,27.8606500000933
2371,578,1024,"[332, 267, 397, 347]",0.7666206896554943,0.6215611719981624,27.8606500000933
2373,434,611,"[348, 105, 380, 159]",0.8654159869499779,0.7627606038838047,27.8606500000933
2375,325,610,"[237, 177, 270, 220]",0.7978319783208789,0.6636609558190834,27.8606500000933
2379,384,616,"[259, 44, 350, 145]",0.819939836699768,0.6948288419523746,27.8606500000933
2383,477,610,"[231, 159, 302, 243]",0.8489846153848013,0.7375962360997913,27.8606500000933
2384,477,610,"[317, 138, 408, 204]",0.8563591022445681,0.7488006977763872,27.8606500000933
2388,477,610,"[229, 140, 279, 194]",0.8779573670651722,0.7824634655541441,27.8606500000933
2389,480,616,"[231, 183, 312, 243]",0.8234327949632857,0.6998604001868314,27.8606500000933
239,586,998,"[284, 110, 802, 461]",0.8412735849056663,0.7260329737431478,27.8606500000933
2393,477,610,"[157, 132, 333, 319]",0.7985044001641971,0.6645920303606586,27.8606500000933
2395,477,610,"[316, 132, 400, 221]",0.855359200922152,0.7472730323884087,27.8606500000933
2397,477,610,"[140, 75, 362, 289]",0.8506273440677425,0.7400796770981444,27.8606500000933
24,477,610,"[258, 117, 388, 228]",0.8009116067069288,0.6679337496609032,27.8606500000933
2403,477,610,"[226, 133, 308, 234]",0.8504874471574062,0.7398679075356651,27.8606500000933
2405,452,504,"[193, 137, 239, 193]",0.8263343267411912,0.7040627885516895,27.8606500000933
2407,459,610,"[219, 175, 296, 256]",0.8145481628602104,0.6871204188488228,27.8606500000933
2409,476,610,"[243, 148, 283, 202]",0.7660967624599269,0.6208726415116693,27.8606500000933
241,663,832,"[215, 69, 660, 313]",0.8563895065553739,0.7488471918230574,27.8606500000933
2412,477,610,"[153, 112, 371, 305]",0.8306626711407291,0.7103704385723505,27.8606500000933
2414,477,610,"[308, 116, 423, 202]",0.8136784915309894,0.6858836206900782,27.8606500000933
2418,582,1024,"[260, 168, 497, 400]",0.8874883470542814,0.7977339785200525,27.8606500000933
2422,477,610,"[252, 100, 428, 242]",0.8023635607815779,0.669955868498205,27.8606500000933
2426,478,616,"[283, 179, 424, 315]",0.8693420101229684,0.7688814990089091,27.8606500000933
2428,412,610,"[230, 184, 263, 246]",0.8169319826345263,0.6905198776777338,27.8606500000933
2430,477,610,"[309, 99, 443, 222]",0.8439574724918316,0.7300401606427871,22.829649999948742
2434,477,610,"[252, 174, 343, 266]",0.7892223123368576,0.6518309020547011,22.829649999948742
2436,464,616,"[222, 89, 344, 192]",0.871974606533612,0.7730097315045455,22.829649999948742
244,617,720,"[188, 108, 583, 521]",0.8685094496754528,0.7675799408367538,22.829649999948742
2442,479,616,"[204, 115, 469, 347]",0.8489264215123615,0.7375083898874379,22.829649999948742
2447,477,610,"[209, 117, 273, 206]",0.870648589226981,0.7709279688518907,22.829649999948742
245,648,999,"[356, 254, 463, 334]",0.7722704820305125,0.6290233074366967,22.829649999948742
2451,477,610,"[318, 154, 556, 342]",0.9157060733327501,0.8445183089306254,22.829649999948742
2453,480,610,"[225, 129, 405, 273]",0.8757583453258062,0.7789769589881136,22.829649999948742
2455,477,610,"[313, 84, 539, 245]",0.850157885329603,0.739369235552268,22.829649999948742
2459,477,610,"[183, 75, 408, 257]",0.8563936397648556,0.7488535124872941,22.829649999948742
2463,481,676,"[168, 102, 509, 332]",0.911591196395586,0.837544857572578,22.829649999948742
2465,440,676,"[280, 219, 339, 293]",0.8579197824611524,0.7511904761912167,22.829649999948742
2467,604,1024,"[371, 145, 494, 239]",0.8662149080349363,0.7640027322407057,22.829649999948742
2471,661,765,"[336, 282, 457, 415]",0.8754506128335097,0.7784901426512434,22.829649999948742
2473,660,896,"[310, 110, 482, 291]",0.8359560147881704,0.7181481330674221,22.829649999948742
2475,660,1031,"[439, 139, 612, 335]",0.841390818075259,0.7262076213461033,22.829649999948742
2477,431,381,"[174, 57, 264, 163]",0.8220705847825798,0.6978946057061195,22.829649999948742
2481,416,528,"[169, 78, 332, 294]",0.8313006530805274,0.7113041136471718,22.829649999948742
2483,422,488,"[197, 180, 260, 209]",0.7651115618670786,0.6195795006595297,22.829649999948742
2485,603,702,"[367, 171, 487, 346]",0.8356873474821284,0.7177516671961145,22.829649999948742
2487,604,610,"[90, 137, 472, 481]",0.8597361280059955,0.7539799770228343,22.829649999948742
2489,575,880,"[364, 176, 482, 279]",0.8116372081023019,0.6829877320598382,22.829649999948742
249,582,858,"[304, 105, 701, 447]",0.8883793929673218,0.7991749949101259,22.829649999948742
2491,581,888,"[351, 122, 672, 401]",0.8727683026051279,0.7742581268981228,22.829649999948742
2493,577,936,"[448, 264, 624, 444]",0.8250079154388015,0.7021391261090697,22.829649999948742
2495,575,880,"[243, 79, 559, 476]",0.7645181726460167,0.6188016332732296,22.829649999948742
2497,603,772,"[393, 182, 536, 319]",0.8440767205717021,0.7302186361271927,22.829649999948742
2501,575,966,"[407, 189, 542, 345]",0.813901345291545,0.6862003780720191,22.829649999948742
2503,578,1024,"[464, 91, 711, 283]",0.8710946745562321,0.7716277485127837,22.829649999948742
2507,600,632,"[374, 105, 517, 249]",0.8560729174027216,0.7483631871527188,22.829649999948742
2509,588,859,"[231, 83, 652, 452]",0.854328007058138,0.745700350817167,22.829649999948742
251,617,738,"[240, 239, 371, 387]",0.7579772504580761,0.6102764629213073,19.050265624969143
2511,698,998,"[369, 181, 573, 369]",0.8474714352634783,0.7353149077543878,19.050265624969143
2513,546,856,"[343, 75, 689, 329]",0.8562525692674623,0.7486378078410874,19.050265624969143
2516,600,632,"[240, 173, 381, 320]",0.7931939028713956,0.6572670661498901,19.050265624969143
2518,582,858,"[386, 98, 552, 217]",0.8062220876543009,0.6753534969249412,19.050265624969143
2520,600,632,"[221, 215, 293, 303]",0.8643553629470592,0.7611142911662638,19.050265624969143
2524,587,858,"[399, 184, 589, 372]",0.8506908136249692,0.7401757714198226,19.050265624969143
2526,591,631,"[322, 129, 516, 345]",0.9091932457786271,0.8335053319573964,19.050265624969143
2528,585,999,"[312, 150, 506, 348]",0.7944904030319503,0.6590494219458931,19.050265624969143
253,583,858,"[399, 142, 599, 291]",0.7744418783680334,0.6319095477388477,19.050265624969143
2530,549,1002,"[312, 112, 450, 238]",0.8365149500236642,0.7189735270262377,19.050265624969143
2532,499,504,"[99, 152, 193, 263]",0.8000000000001452,0.6666666666670698,19.050265624969143
2534,547,813,"[358, 240, 560, 441]",0.8756982511093926,0.7788818722140358,19.050265624969143
2538,541,811,"[349, 300, 453, 426]",0.8472759136127791,0.7350205687714765,19.050265624969143
2541,353,852,"[332, 62, 522, 160]",0.7969277786714666,0.6624105889433368,19.050265624969143
2542,500,762,"[434, 119, 547, 230]",0.8946716232962154,0.8094170403589303,19.050265624969143
2544,499,630,"[166, 68, 483, 312]",0.9162569556378195,0.8454559043348512,19.050265624969143
2546,476,852,"[336, 113, 418, 169]",0.8218354430382566,0.6975557346234286,19.050265624969143
2548,499,630,"[242, 169, 344, 279]",0.8011234452321779,0.6682284694336588,19.050265624969143
255,582,858,"[334, 108, 577, 281]",0.8266666666666953,0.704545454545538,19.050265624969143
2552,353,852,"[332, 73, 513, 156]",0.7705543959681461,0.6267494824019654,19.050265624969143
2556,566,797,"[275, 136, 428, 327]",0.8061741047859231,0.6752861602499088,19.050265624969143
2558,566,797,"[272, 69, 524, 248]",0.8722880443145296,0.7735025242189185,19.050265624969143
2560,492,799,"[261, 86, 441, 278]",0.8264466306992856,0.7042258599553962,19.050265624969143
2562,673,914,"[409, 387, 525, 533]",0.8485868392665162,0.7369959526309872,19.050265624969143
2564,600,748,"[161, 84, 438, 337]",0.8389623972609657,0.7225970935668016,19.050265624969143
2566,600,654,"[238, 91, 461, 329]",0.8523874488404012,0.7427484545887411,19.050265624969143
2568,527,908,"[345, 122, 453, 240]",0.8390371891399504,0.7227080672106487,19.050265624969143
2570,341,597,"[279, 54, 393, 158]",0.7931781266920729,0.6572454015257321,19.050265624969143
2574,512,846,"[271, 124, 589, 333]",0.8631195508088391,0.7591999241634735,19.050265624969143
2577,476,854,"[472, 202, 590, 302]",0.8913441582225056,0.8039863451163924,19.050265624969143
2579,498,720,"[216, 175, 372, 298]",0.8278688524590843,0.7062937062939038,19.050265624969143
2581,500,763,"[357, 104, 458, 202]",0.8491718807509392,0.7378789817068724,19.376324999939243
2583,499,762,"[138, 65, 499, 392]",0.8821360133848262,0.7891264267810382,19.376324999939243
2585,499,763,"[278, 140, 366, 237]",0.8159127694012983,0.6890647482018862,19.376324999939243
2587,500,720,"[44, 67, 477, 405]",0.8101525456100658,0.6808877412150831,19.376324999939243
2591,500,846,"[292, 115, 642, 329]",0.8098741400204382,0.680494531926545,19.376324999939243
2595,500,763,"[201, 86, 474, 334]",0.8817799925868084,0.7885568016500398,19.376324999939243
2597,500,763,"[264, 44, 563, 253]",0.7730664603559144,0.6300801432001079,19.376324999939243
2599,500,720,"[179, 88, 434, 329]",0.8986091987148805,0.8158858759909646,19.376324999939243
260,620,779,"[164, 108, 555, 501]",0.8846212883529803,0.7931129392336316,19.376324999939243
2601,500,762,"[297, 225, 398, 321]",0.846601038679291,0.7340053763444435,19.376324999939243
2603,500,720,"[236, 178, 419, 324]",0.8540186471567435,0.7452290956025882,19.376324999939243
2605,500,776,"[22, 32, 550, 209]",0.8795344016583034,0.7849722498932943,19.376324999939243
2607,512,846,"[300, 33, 463, 121]",0.8104889374488881,0.6813630935981616,19.376324999939243
2611,530,797,"[309, 142, 470, 303]",0.8040956925702987,0.6723746102216203,19.376324999939243
2613,661,717,"[1, 101, 124, 254]",0.7968462338910602,0.6622979176371084,19.376324999939243
2617,661,717,"[244, 59, 496, 304]",0.8171188140610317,0.6907868886361925,19.376324999939243
262,547,809,"[385, 152, 638, 422]",0.900664158476668,0.8192802640079937,19.376324999939243
2621,661,537,"[297, 113, 420, 218]",0.7892901338734452,0.6519234343062145,19.376324999939243
2623,585,856,"[345, 132, 415, 205]",0.9167991520933799,0.8463796477498865,19.376324999939243
2628,574,797,"[401, 150, 500, 247]",0.8830455259027605,0.7905832747719036,19.376324999939243
263,669,995,"[295, 93, 819, 432]",0.9075937661025888,0.8308207495892297,19.376324999939243
2631,600,632,"[292, 193, 361, 258]",0.8314921425239902,0.711584553928864,19.376324999939243
2632,524,717,"[131, 142, 433, 328]",0.8907693269170813,0.8030514739025054,19.376324999939243
2634,534,728,"[311, 171, 427, 254]",0.7944261312557729,0.6589609743976399,19.376324999939243
2636,675,866,"[529, 187, 733, 360]",0.7280437696381692,0.5723811498066707,19.376324999939243
2638,629,991,"[493, 71, 847, 380]",0.8830382453871859,0.7905716034953202,19.376324999939243
2640,489,712,"[261, 197, 350, 331]",0.7741726151850914,0.6315510852306706,19.376324999939243
2646,582,858,"[191, 109, 549, 473]",0.8930841002316692,0.8068220001344233,19.376324999939243
2648,582,859,"[252, 92, 720, 430]",0.8506553947312305,0.7401221451179294,19.376324999939243
2654,543,910,"[205, 73, 708, 442]",0.8384917482683674,0.7218990885500068,19.376324999939243
2658,548,809,"[318, 80, 448, 228]",0.8220915841584846,0.6979248752300381,19.376324999939243
2660,469,782,"[217, 80, 480, 302]",0.9087704554474042,0.832794951331729,19.376324999939243
2662,602,764,"[324, 184, 470, 307]",0.7456106950967781,0.5944013490727863,20.741925000038464
2664,547,809,"[400, 104, 571, 288]",0.8416693059176452,0.726622639128538,20.741925000038464
2666,583,859,"[378, 87, 488, 200]",0.8283824553261613,0.7070416955534247,20.741925000038464
2668,581,857,"[326, 217, 550, 428]",0.8329389348167072,0.713706385780194,20.741925000038464
267,581,857,"[298, 122, 736, 409]",0.8719491440584707,0.7729697109539521,20.741925000038464
2670,548,809,"[305, 124, 570, 365]",0.9102182539682633,0.8352298588985292,20.741925000038464
2672,581,857,"[358, 161, 429, 260]",0.8599895123231673,0.7543698252074437,20.741925000038464
2674,547,809,"[396, 159, 572, 334]",0.8430450225593158,0.7286757384667572,20.741925000038464
2678,600,650,"[147, 112, 506, 374]",0.7899356258085669,0.6528046297837915,20.741925000038464
2680,581,857,"[503, 166, 655, 264]",0.7986341463415616,0.6647718044504914,20.741925000038464
2682,581,859,"[308, 163, 389, 269]",0.8388846512417673,0.7224817518252227,20.741925000038464
2684,581,857,"[479, 162, 595, 316]",0.8206246592414438,0.6958129705457035,20.741925000038464
2687,583,859,"[322, 107, 581, 360]",0.8766984782048103,0.7804658510599617,20.741925000038464
2688,580,858,"[378, 164, 518, 313]",0.8113396889112567,0.6825664837486085,20.741925000038464
269,581,858,"[418, 131, 668, 334]",0.9097132488384365,0.8343798068437264,20.741925000038464
2692,600,650,"[101, 169, 328, 359]",0.8177634606535067,0.6917088361230974,20.741925000038464
2694,548,809,"[418, 110, 637, 273]",0.8770269706949274,0.7809866735959832,20.741925000038464
2696,580,858,"[440, 102, 611, 257]",0.7441059180093336,0.5924909820659491,20.741925000038464
2698,665,832,"[378, 131, 599, 273]",0.8060212110845496,0.6750716332379554,20.741925000038464
2700,583,858,"[390, 128, 596, 317]",0.8691831513991937,0.7686330040755099,20.741925000038464
2702,498,829,"[336, 74, 526, 213]",0.820868629823902,0.6961638461890726,20.741925000038464
2704,583,858,"[415, 92, 574, 234]",0.7780258727627936,0.6366958640294468,20.741925000038464
2706,547,809,"[267, 74, 577, 343]",0.790144752285113,0.6530903211582784,20.741925000038464
2709,665,690,"[90, 53, 669, 453]",0.877021832655414,0.7809785249247021,20.741925000038464
271,600,570,"[71, 91, 455, 445]",0.8971338457007735,0.8134566848420797,20.741925000038464
2710,581,857,"[355, 332, 452, 410]",0.8739639897114662,0.7761421319800742,20.741925000038464
2712,547,809,"[437, 160, 533, 267]",0.8760714804591921,0.7794725956569551,20.741925000038464
2714,547,809,"[472, 144, 547, 226]",0.8538702676635472,0.7450031559020723,20.741925000038464
2716,581,857,"[278, 112, 484, 273]",0.752048255717364,0.6026260704092854,20.741925000038464
2720,663,832,"[193, 44, 669, 542]",0.7902685807655073,0.65325953199231,20.741925000038464
2722,580,857,"[351, 198, 432, 325]",0.7868323815923501,0.6485768080632975,20.741925000038464
2724,594,932,"[381, 231, 431, 311]",0.8350345735926324,0.7167891464112018,20.741925000038464
2726,583,858,"[407, 124, 537, 217]",0.8427247829381489,0.7281973816719756,23.570190625036957
273,622,781,"[133, 101, 543, 403]",0.8375573589395056,0.7205149994974532,23.570190625036957
2730,583,859,"[292, 68, 592, 276]",0.7298494017940179,0.5746164295989343,23.570190625036957
2732,665,740,"[162, 78, 557, 382]",0.8405040803863975,0.7248874844393666,23.570190625036957
2736,664,832,"[311, 106, 803, 502]",0.8190099453286878,0.6934943627079418,23.570190625036957
2740,582,858,"[353, 78, 464, 143]",0.8503077228510519,0.7395959247112077,23.570190625036957
2742,471,783,"[337, 113, 495, 297]",0.7801961808579199,0.6396079177771034,23.570190625036957
2744,661,630,"[259, 186, 503, 440]",0.886573372037619,0.7962566636834514,23.570190625036957
2746,573,857,"[325, 70, 584, 270]",0.8230882113158586,0.6993627043503113,23.570190625036957
2748,581,857,"[378, 270, 481, 401]",0.9028046169113162,0.8228293983246165,23.570190625036957
275,624,810,"[58, 54, 729, 564]",0.9041857439943876,0.8251268306092923,23.570190625036957
2750,581,858,"[315, 153, 465, 282]",0.7919865642995074,0.6556107249257493,23.570190625036957
2752,581,857,"[374, 124, 488, 249]",0.7928802588997881,0.656836461126312,23.570190625036957
2754,464,783,"[265, 76, 407, 279]",0.7835987422660049,0.6441942880968755,23.570190625036957
2756,583,998,"[403, 170, 536, 318]",0.8246158504277403,0.7015713549718563,23.570190625036957
2758,602,767,"[305, 171, 373, 267]",0.8489984591681168,0.7376171352079984,23.570190625036957
2760,611,805,"[108, 81, 650, 497]",0.896590293133268,0.8125633548024987,23.570190625036957
2762,580,831,"[359, 262, 503, 403]",0.8529518553482489,0.7436059761966678,23.570190625036957
2764,581,857,"[528, 200, 622, 304]",0.8197176918014922,0.6945098525223764,23.570190625036957
2766,471,787,"[304, 106, 482, 250]",0.8318804483188557,0.7121535181238171,23.570190625036957
2770,582,857,"[372, 159, 561, 325]",0.8389820732298551,0.7226262867136749,23.570190625036957
2772,581,857,"[249, 278, 438, 440]",0.8460885203317399,0.7332352049873444,23.570190625036957
2776,469,783,"[341, 183, 417, 273]",0.8128095080886839,0.6846496106791163,23.570190625036957
2780,581,858,"[414, 200, 515, 320]",0.7996389891697957,0.6661654135341692,23.570190625036957
2782,580,857,"[388, 128, 622, 318]",0.8664019710927533,0.7642938228535693,23.570190625036957
2784,600,976,"[291, 71, 787, 443]",0.9054829879319621,0.8272900082394345,23.570190625036957
2786,581,857,"[475, 166, 507, 224]",0.775969962454001,0.633946830268344,23.570190625036957
2788,600,760,"[187, 98, 319, 243]",0.8098635235732747,0.680479541308522,23.570190625036957
279,580,857,"[473, 93, 777, 376]",0.911464211464218,0.8373304957573003,23.570190625036957
2790,547,809,"[304, 105, 526, 339]",0.8684221192428944,0.7674435264339827,23.570190625036957
2796,580,857,"[255, 121, 601, 355]",0.864783622700193,0.7617786705624906,23.570190625036957
2798,548,813,"[367, 118, 582, 305]",0.8776694278424596,0.7820061661113693,23.570190625036957
2800,393,782,"[261, 75, 417, 247]",0.8460085930872593,0.7331151584140898,24.689831250043426
2804,617,720,"[100, 84, 636, 494]",0.891566050186374,0.8043474763077127,24.689831250043426
2806,498,831,"[330, 86, 377, 152]",0.7593152064457218,0.6120129870145616,24.689831250043426
2808,581,857,"[224, 60, 783, 358]",0.870486656200947,0.7706740792216976,24.689831250043426
281,581,858,"[284, 140, 576, 391]",0.8847694157522619,0.7933511044705513,24.689831250043426
2810,581,857,"[357, 134, 501, 288]",0.8550585807973418,0.7468142618099197,24.689831250043426
2812,582,858,"[316, 179, 534, 304]",0.8543983515651483,0.7458075437762547,24.689831250043426
2816,600,650,"[166, 141, 414, 413]",0.911027556993964,0.836593765843283,24.689831250043426
2818,600,650,"[253, 114, 415, 280]",0.8324424282701517,0.7129776281925793,24.689831250043426
2820,601,653,"[170, 152, 524, 481]",0.9025018833511811,0.8223265895953941,24.689831250043426
2822,581,857,"[512, 132, 702, 334]",0.8262663473936588,0.7039640940335508,24.689831250043426
2824,581,857,"[407, 191, 479, 273]",0.8783555018139317,0.7830961621393207,24.689831250043426
2826,581,857,"[472, 115, 636, 269]",0.8266204467921684,0.7044783118407013,24.689831250043426
283,618,721,"[147, 82, 586, 446]",0.8869996341167666,0.7969446024511293,24.689831250043426
2830,581,857,"[443, 246, 581, 363]",0.8593212737330646,0.7533420707734789,24.689831250043426
2838,581,857,"[498, 161, 590, 242]",0.9001072020271902,0.8183590288856666,24.689831250043426
2840,577,858,"[307, 210, 441, 342]",0.8688240528263622,0.7680715409457911,24.689831250043426
2842,547,809,"[420, 128, 611, 329]",0.840108087241876,0.724298598861875,24.689831250043426
2844,631,928,"[128, 43, 743, 555]",0.793446897642512,0.6576145683867546,24.689831250043426
2846,601,767,"[266, 168, 398, 297]",0.8023271546476335,0.66990510619094,24.689831250043426
2848,580,856,"[135, 118, 490, 420]",0.9046246223612453,0.8258580947029409,24.689831250043426
285,663,832,"[90, 138, 501, 498]",0.8628952590028344,0.758852925233732,24.689831250043426
2850,618,781,"[240, 97, 629, 409]",0.9023870417732363,0.8221359223301143,24.689831250043426
2854,548,809,"[353, 91, 461, 203]",0.8089306132275327,0.6791632983026685,24.689831250043426
2856,580,856,"[277, 125, 415, 264]",0.8379245064328563,0.7210585810228599,24.689831250043426
2860,600,570,"[243, 291, 387, 430]",0.9002966949562201,0.8186723553772,24.689831250043426
2862,580,857,"[455, 170, 649, 309]",0.8486662106703579,0.7371156987971003,24.689831250043426
2864,581,858,"[316, 90, 579, 394]",0.8428072015382063,0.7283204688609688,24.689831250043426
2867,602,654,"[39, 112, 633, 564]",0.647575881693551,0.47882603757797604,24.689831250043426
287,581,858,"[161, 81, 602, 428]",0.8862899805219185,0.7957995932704901,24.689831250043426
2873,581,856,"[284, 93, 529, 310]",0.839430631562339,0.7232920792079893,24.689831250043426
2876,600,650,"[308, 148, 504, 302]",0.8086981511639504,0.6788356384690902,24.689831250043426
2878,548,809,"[205, 79, 514, 341]",0.8755419493629095,0.7786346043472828,24.308165625029687
2882,541,811,"[313, 104, 432, 282]",0.7890956109475652,0.6516580648990618,24.308165625029687
2884,583,858,"[444, 125, 606, 309]",0.8313335337688712,0.7113522615652222,24.308165625029687
2886,602,763,"[221, 250, 395, 441]",0.8339897417109741,0.7152507756962746,24.308165625029687
2888,591,781,"[301, 159, 431, 300]",0.7870787253574388,0.6489116332711194,24.308165625029687
289,581,856,"[215, 92, 754, 389]",0.8918512181985279,0.8048118022100692,24.308165625029687
2890,583,859,"[342, 89, 543, 308]",0.8651898212962422,0.7624092888244522,24.308165625029687
2896,664,832,"[324, 119, 505, 282]",0.8098778941086247,0.6804998328319624,24.308165625029687
2898,548,813,"[379, 106, 490, 201]",0.8271001953671315,0.7051754907796487,24.308165625029687
2900,547,809,"[258, 71, 467, 175]",0.8498409114236375,0.7388898804213583,24.308165625029687
2902,603,767,"[249, 120, 458, 364]",0.8611140527374959,0.7561020967967466,24.308165625029687
2906,580,857,"[354, 126, 611, 351]",0.817116467793196,0.6907835349341734,24.308165625029687
2908,548,809,"[363, 37, 749, 330]",0.8436509404872129,0.7295815511301501,24.308165625029687
291,600,570,"[32, 112, 455, 422]",0.923080396654809,0.8571488473118039,24.308165625029687
2913,580,857,"[423, 107, 606, 277]",0.8307493837683819,0.7104972811097366,24.308165625029687
2914,583,858,"[461, 167, 674, 326]",0.8735388803664685,0.7754718428725734,24.308165625029687
2917,537,807,"[326, 135, 460, 293]",0.7751627088831046,0.6328699448531521,24.308165625029687
2920,601,765,"[230, 216, 354, 355]",0.7999833631411222,0.6666435602386894,24.308165625029687
2922,581,857,"[167, 52, 737, 422]",0.7659947972889357,0.620738709695945,24.308165625029687
2925,581,858,"[402, 134, 623, 309]",0.8540224353041623,0.745234864637932,24.308165625029687
2926,602,922,"[390, 209, 629, 386]",0.896563319658367,0.8125190467483964,24.308165625029687
2928,602,928,"[385, 64, 638, 310]",0.7977942476051564,0.6636087425267737,24.308165625029687
2930,529,857,"[390, 174, 514, 295]",0.8236037524912149,0.7001074291383356,24.308165625029687
2933,581,858,"[316, 112, 590, 387]",0.8670157624730986,0.7652496246246613,24.308165625029687
2934,664,738,"[103, 122, 548, 360]",0.8427012518856752,0.7281622426869212,24.308165625029687
2936,580,857,"[484, 190, 653, 344]",0.8361655419140213,0.7184574542407347,24.308165625029687
2939,580,857,"[509, 103, 714, 319]",0.823145675775095,0.6994456822999567,24.308165625029687
294,582,496,"[152, 169, 407, 386]",0.9173404674605075,0.8473028130171324,24.308165625029687
2942,581,857,"[519, 94, 656, 223]",0.8082840236687201,0.6782522343597118,24.308165625029687
2944,547,813,"[325, 115, 574, 391]",0.8533016154663742,0.7441378020371466,24.308165625029687
295,580,858,"[252, 132, 733, 514]",0.8591025359935738,0.7530059125354878,24.308165625029687
2951,664,831,"[307, 245, 402, 330]",0.8166393936785663,0.6901018922857495,24.308165625029687
2952,601,654,"[262, 100, 408, 216]",0.8302545962706537,0.7097737624134176,20.719193749982878
2954,665,832,"[357, 77, 561, 271]",0.8299263517154967,0.7092941140349076,20.719193749982878
2956,581,857,"[324, 77, 677, 379]",0.7897600484861986,0.6525648467466051,20.719193749982878
2958,582,858,"[375, 72, 536, 199]",0.8304899634693517,0.7101178592131705,20.719193749982878
2960,602,765,"[330, 208, 486, 399]",0.8419817661868252,0.7270885220989797,20.719193749982878
2962,469,782,"[294, 97, 493, 301]",0.8769292478331601,0.7808317028479826,20.719193749982878
2966,547,809,"[456, 155, 562, 249]",0.8453636488153367,0.7321470937132477,20.719193749982878
2968,580,857,"[339, 115, 433, 217]",0.8178837079102472,0.6918809201627986,20.719193749982878
2970,581,858,"[411, 141, 584, 247]",0.8326996197719323,0.7133550488601379,20.719193749982878
2972,582,858,"[356, 230, 491, 402]",0.8668910648715218,0.7650553605186254,20.719193749982878
2977,600,650,"[419, 113, 520, 281]",0.8102033391276994,0.6809594998643104,20.719193749982878
2978,600,650,"[366, 200, 439, 265]",0.7771990740743964,0.6355892096553819,20.719193749982878
298,498,829,"[350, 82, 450, 152]",0.8212735896661405,0.696746575342985,20.719193749982878
2980,581,857,"[338, 125, 478, 265]",0.7958711383757132,0.6609517998781812,20.719193749982878
2982,580,857,"[358, 102, 531, 288]",0.8278784600126616,0.7063076923078053,20.719193749982878
2984,565,781,"[219, 210, 355, 318]",0.7754875214712663,0.6333030778120031,20.719193749982878
2987,498,829,"[374, 160, 440, 253]",0.8398471211936385,0.7239107332630735,20.719193749982878
299,547,809,"[152, 76, 458, 383]",0.8806470364496328,0.7867465090335842,20.719193749982878
2990,507,808,"[359, 99, 470, 186]",0.8384056851538403,0.7217715121695415,20.719193749982878
2993,580,856,"[308, 174, 440, 313]",0.8289650537635127,0.7078909612627634,20.719193749982878
2994,581,857,"[361, 122, 499, 277]",0.861913937058495,0.7573363431152763,20.719193749982878
2997,602,765,"[335, 187, 531, 332]",0.8265784085491189,0.7044172483030383,20.719193749982878
2998,591,746,"[178, 84, 450, 320]",0.8452188191293022,0.7319298522790639,20.719193749982878
30,457,514,"[97, 149, 169, 219]",0.8221354892670447,0.6979881656811882,20.719193749982878
3000,581,856,"[462, 203, 612, 322]",0.8530280649926824,0.7437218287188154,20.719193749982878
3002,469,782,"[350, 185, 441, 299]",0.8950926051102507,0.8101064480609199,20.719193749982878
3004,601,654,"[261, 91, 388, 230]",0.8334718298155919,0.7144892434821809,20.719193749982878
3006,519,806,"[416, 124, 501, 197]",0.7935184081975533,0.6577128184877391,20.719193749982878
3008,547,809,"[372, 172, 457, 267]",0.7981332357249286,0.6640779655860148,20.719193749982878
301,547,808,"[344, 100, 515, 303]",0.788164578737571,0.650389124553375,20.719193749982878
3012,582,859,"[345, 187, 532, 304]",0.7744549356223951,0.6319269344990016,20.719193749982878
3014,611,781,"[297, 152, 650, 468]",0.847451984635093,0.7352856222365703,20.719193749982878
3016,581,858,"[384, 181, 445, 265]",0.8247451088456534,0.7017584994145328,22.16312812504384
3018,547,812,"[296, 133, 461, 260]",0.8137715179969349,0.6860158311347487,22.16312812504384
3020,412,806,"[367, 144, 447, 227]",0.808736079576377,0.6788890905796353,22.16312812504384
3024,413,742,"[391, 95, 543, 247]",0.7656513811036113,0.6202877934017507,22.16312812504384
3026,600,760,"[353, 162, 548, 356]",0.8626540739555261,0.7584799437017036,22.16312812504384
3030,601,653,"[212, 237, 411, 430]",0.8971237412057013,0.813440070046026,22.16312812504384
3032,547,809,"[340, 135, 492, 283]",0.7779452486943889,0.636587884350828,22.16312812504384
3034,548,809,"[392, 210, 465, 304]",0.8290445289775911,0.7080068794196293,22.16312812504384
3036,548,809,"[412, 147, 461, 193]",0.7418641390213527,0.5896534404842307,22.16312812504384
3038,663,832,"[343, 154, 504, 316]",0.7858800537438054,0.6472837022134571,22.16312812504384
304,498,830,"[355, 115, 641, 273]",0.7839510489510867,0.6446706345784398,22.16312812504384
3046,641,834,"[403, 315, 461, 384]",0.8237508555786726,0.7003200465530977,22.16312812504384
3048,547,808,"[288, 107, 648, 357]",0.8630838131797923,0.7591446257738068,22.16312812504384
3050,541,807,"[401, 186, 505, 266]",0.8757562472600826,0.778973639058214,22.16312812504384
3052,581,858,"[451, 126, 541, 225]",0.8623112331423223,0.7579500283933022,22.16312812504384
3054,392,513,"[167, 63, 377, 237]",0.8966817065509364,0.8127135314215368,22.16312812504384
3058,589,901,"[480, 197, 544, 282]",0.8376909137977767,0.7207126948781276,22.16312812504384
3061,543,809,"[234, 264, 382, 377]",0.8642622950820229,0.7609699769054843,22.16312812504384
3062,548,809,"[255, 72, 548, 287]",0.8709418137340706,0.7713878915439372,22.16312812504384
3064,600,765,"[250, 241, 443, 491]",0.8755867467853347,0.7787054664128968,22.16312812504384
3068,600,711,"[237, 137, 567, 341]",0.8492656749148806,0.7380206329137599,22.16312812504384
307,471,783,"[253, 98, 579, 339]",0.8814433411645385,0.7880185006294037,22.16312812504384
3070,600,760,"[266, 276, 379, 384]",0.8867163766915842,0.796487398293514,22.16312812504384
3073,600,650,"[296, 230, 466, 380]",0.7868024624812657,0.6485361519036346,22.16312812504384
3076,498,831,"[350, 88, 457, 188]",0.8477086251752066,0.7356721083712681,22.16312812504384
3078,532,858,"[240, 63, 460, 269]",0.849163061877022,0.7378656643243074,22.16312812504384
3080,588,858,"[201, 119, 428, 330]",0.8651786904427101,0.7623920022970525,22.16312812504384
3082,581,858,"[166, 281, 245, 403]",0.808931860036979,0.6791650560498915,22.16312812504384
3084,669,831,"[252, 202, 390, 370]",0.7516563368241962,0.6021229241570495,22.16312812504384
3086,587,857,"[267, 173, 395, 321]",0.7938004869942435,0.6581004870548205,22.16312812504384
3088,586,857,"[371, 300, 496, 477]",0.7973212117006845,0.6629544143106388,22.16312812504384
3090,546,856,"[148, 229, 241, 343]",0.8519741564968758,0.7421210605305877,22.16312812504384
3091,587,857,"[220, 133, 323, 280]",0.8389845244306038,0.7226299236185992,23.61682187495262
3093,582,858,"[150, 231, 307, 403]",0.8369955400848916,0.7196838610112146,23.61682187495262
3097,587,858,"[220, 125, 256, 194]",0.6609637867132564,0.4936115843292435,23.61682187495262
3099,588,858,"[171, 183, 452, 422]",0.9056130256473133,0.827507131271356,23.61682187495262
3102,588,857,"[236, 242, 288, 313]",0.8387599922015232,0.7222968435200728,23.61682187495262
3103,582,858,"[362, 187, 594, 433]",0.8623579718998335,0.7580222518149925,23.61682187495262
3105,568,857,"[208, 141, 433, 299]",0.8474277438448781,0.7352491258742223,23.61682187495262
3107,586,856,"[395, 68, 547, 190]",0.7196656362925161,0.5620919477696124,23.61682187495262
311,656,919,"[226, 67, 635, 477]",0.880704390047475,0.7868380633466778,23.61682187495262
3111,588,857,"[363, 91, 673, 362]",0.8357957436868718,0.7179116028434249,23.61682187495262
3113,588,858,"[258, 92, 368, 172]",0.8492770198514424,0.7380377679969643,23.61682187495262
3115,586,856,"[223, 187, 330, 319]",0.8533068644865461,0.7441457858772262,23.61682187495262
3117,588,858,"[170, 110, 428, 380]",0.9203148636285479,0.8523918989211114,23.61682187495262
3121,587,858,"[254, 272, 340, 391]",0.8450830713966134,0.7317262830485592,23.61682187495262
3124,586,856,"[287, 267, 451, 426]",0.8559427418686667,0.7481642512078511,23.61682187495262
3127,580,856,"[149, 132, 316, 321]",0.8014888337469519,0.668737060041557,23.61682187495262
313,581,857,"[527, 232, 683, 378]",0.8656372296211312,0.7631044073599897,23.61682187495262
3133,618,724,"[247, 182, 500, 387]",0.8874883470542814,0.7977339785200525,23.61682187495262
3141,660,896,"[420, 108, 671, 284]",0.8607970342910317,0.7556134070941113,23.61682187495262
3143,660,896,"[436, 215, 501, 295]",0.8481130817444351,0.7362815466549287,23.61682187495262
3149,660,720,"[198, 112, 479, 447]",0.900208117269564,0.8185258787641205,23.61682187495262
3151,679,1024,"[539, 167, 637, 292]",0.8506874013974247,0.7401706049615254,23.61682187495262
3153,600,814,"[561, 63, 621, 128]",0.8471202480015547,0.7347863005951464,23.61682187495262
3155,660,1031,"[558, 275, 619, 350]",0.822288727376625,0.6982090997103141,23.61682187495262
3157,660,896,"[433, 165, 648, 366]",0.8561113803881172,0.7484219754530251,23.61682187495262
3159,660,896,"[178, 126, 667, 438]",0.884474820206566,0.7928775040025153,23.61682187495262
316,580,857,"[252, 97, 643, 396]",0.9236838397595494,0.8581900689414571,23.61682187495262
3161,660,896,"[587, 226, 659, 342]",0.8555703802536228,0.7475954532210032,23.61682187495262
3163,660,896,"[286, 60, 587, 289]",0.8523103611417903,0.7426313981450116,23.61682187495262
3165,660,896,"[379, 199, 447, 287]",0.8167526982639408,0.6902637319062259,23.61682187495262
3167,679,1024,"[461, 194, 583, 310]",0.7963513375013855,0.6616144414171818,23.61682187495262
3169,660,716,"[242, 182, 335, 295]",0.8771833310412067,0.781234688878269,23.61682187495262
317,601,766,"[321, 223, 444, 334]",0.8264891297944815,0.7042875790745011,23.645478124990404
3171,660,898,"[624, 181, 673, 234]",0.8461739357538621,0.7333635129029725,23.645478124990404
3173,660,1031,"[352, 136, 572, 289]",0.848745582651101,0.7372354623451908,23.645478124990404
3175,660,896,"[525, 179, 607, 285]",0.859881406872017,0.75420347677436,23.645478124990404
3179,679,1024,"[356, 301, 482, 421]",0.8558073904224994,0.7479574533684693,23.645478124990404
3181,679,1024,"[480, 245, 565, 344]",0.8609723213578706,0.7558835816742016,23.645478124990404
3183,580,745,"[281, 88, 385, 191]",0.84036125008132,0.7246750336175205,23.645478124990404
3185,507,751,"[352, 149, 439, 271]",0.8037484720903139,0.6718891916443325,23.645478124990404
3187,589,743,"[306, 115, 367, 184]",0.8606707317075295,0.7554187851224099,23.645478124990404
3189,531,745,"[368, 138, 424, 185]",0.8083923154706563,0.678404751804504,23.645478124990404
3191,589,752,"[238, 79, 348, 212]",0.818858800773782,0.693277654958083,23.645478124990404
3193,589,745,"[380, 155, 444, 222]",0.8475292587778811,0.7354019746128762,23.645478124990404
3195,582,592,"[28, 65, 544, 532]",0.9106987695839811,0.8360394206441655,23.645478124990404
3197,587,745,"[317, 150, 404, 250]",0.8154597233524691,0.6884187388381805,23.645478124990404
3199,420,743,"[276, 132, 370, 230]",0.8739840735572827,0.7761738116072089,23.645478124990404
32,416,523,"[153, 69, 385, 251]",0.8985633842362385,0.8158103438509557,23.645478124990404
3201,464,745,"[338, 154, 448, 245]",0.8011573236891131,0.6682756124053718,23.645478124990404
3203,526,754,"[231, 93, 430, 324]",0.9165676913822219,0.8459851936219118,23.645478124990404
3205,582,752,"[285, 61, 385, 175]",0.7497320133679616,0.5996570506358687,23.645478124990404
3208,582,743,"[211, 141, 459, 440]",0.8899188658136555,0.8016701107761439,23.645478124990404
3209,582,752,"[206, 86, 442, 380]",0.8542206517471678,0.7455367851146651,23.645478124990404
3211,589,751,"[195, 84, 599, 366]",0.8893343702295636,0.8007219692333433,23.645478124990404
3213,582,744,"[308, 142, 380, 218]",0.8445667125173884,0.7309523809529633,23.645478124990404
3215,520,745,"[261, 117, 383, 255]",0.812425539425578,0.6841049268041286,23.645478124990404
3217,589,743,"[281, 111, 385, 240]",0.8425684485007374,0.7279639538160818,23.645478124990404
3219,633,592,"[161, 95, 411, 482]",0.8870385947903529,0.7970075068535527,23.645478124990404
3222,632,592,"[253, 151, 525, 355]",0.8158941111455815,0.6890381331816303,23.645478124990404
3223,548,795,"[321, 136, 373, 198]",0.8830491474425616,0.7905890804605223,23.645478124990404
3225,625,847,"[277, 244, 483, 432]",0.8786963746493686,0.7836382178597159,23.645478124990404
3227,631,847,"[216, 116, 470, 367]",0.9015991774408894,0.8208289350515204,23.645478124990404
3229,426,364,"[164, 150, 206, 204]",0.8091603053440941,0.6794871794888231,23.645478124990404
323,600,650,"[332, 280, 493, 454]",0.8885946283573045,0.7995234241525944,23.645478124990404
3231,625,847,"[370, 82, 530, 205]",0.8016139371771931,0.6689112649467156,21.971368749973408
3233,540,805,"[322, 164, 375, 248]",0.7948074937309414,0.6594859241134406,21.971368749973408
3235,631,847,"[339, 180, 479, 315]",0.8632669983416819,0.7594281129186962,21.971368749973408
3237,404,742,"[297, 123, 425, 275]",0.7390774727952985,0.5861402717848998,21.971368749973408
3239,589,745,"[158, 150, 319, 313]",0.878622167098918,0.783520185008404,21.971368749973408
3241,433,590,"[0, 66, 589, 432]",0.6876116494343201,0.5239391595772351,21.971368749973408
3243,426,415,"[94, 59, 357, 211]",0.8828387784327634,0.7902519004323177,21.971368749973408
3246,426,415,"[49, 79, 250, 250]",0.9068547657804492,0.8295830575778257,21.971368749973408
3249,619,772,"[268, 164, 468, 344]",0.8329225800969166,0.7136823709314375,21.971368749973408
325,665,834,"[270, 178, 604, 462]",0.8856348345089604,0.794743825394725,21.971368749973408
3250,426,415,"[117, 114, 205, 185]",0.8019246190860327,0.6693440428386511,21.971368749973408
3252,581,883,"[464, 287, 523, 364]",0.8707482993199233,0.7710843373500105,21.971368749973408
3254,580,743,"[232, 126, 376, 223]",0.7816676586765967,0.6415882039441805,21.971368749973408
3256,566,745,"[193, 134, 282, 225]",0.8965277777778676,0.8124606670865128,21.971368749973408
3258,585,746,"[349, 146, 511, 338]",0.8040171318860326,0.6722647567301917,21.971368749973408
3260,610,590,"[202, 167, 403, 341]",0.8559231158320979,0.7481342623705486,21.971368749973408
3262,528,742,"[277, 150, 401, 278]",0.8062827225131838,0.6754385964914942,21.971368749973408
3264,589,745,"[267, 119, 338, 173]",0.8424833247822089,0.7278368794334283,21.971368749973408
3266,582,744,"[95, 92, 581, 401]",0.8844547563805154,0.7928452579035102,21.971368749973408
3269,582,744,"[207, 201, 354, 325]",0.8035521620052272,0.6716148723642678,21.971368749973408
327,581,858,"[395, 154, 651, 468]",0.8666453128336655,0.7646726330664524,21.971368749973408
3272,587,752,"[313, 139, 392, 235]",0.855739958754929,0.7478544455891729,21.971368749973408
3274,589,743,"[275, 99, 412, 272]",0.8891619889062713,0.8004425307978709,21.971368749973408
3282,589,743,"[104, 83, 654, 544]",0.8307008283759155,0.7104262523526211,21.971368749973408
3284,548,806,"[347, 79, 455, 173]",0.8614656532340016,0.7566444136544191,21.971368749973408
3286,526,806,"[409, 118, 481, 198]",0.8852962001417449,0.7941986025835397,21.971368749973408
3288,589,746,"[349, 112, 444, 249]",0.8787598585804304,0.7837392063648163,21.971368749973408
329,594,739,"[106, 124, 545, 464]",0.8667333225636091,0.7648096779164921,21.971368749973408
3290,431,743,"[269, 201, 342, 263]",0.8594967046137515,0.7536117677968122,21.971368749973408
3292,589,746,"[307, 134, 386, 201]",0.875341219290426,0.7783171521040723,21.971368749973408
3296,589,752,"[308, 157, 412, 273]",0.843285400926247,0.7290349768228729,21.971368749973408
3298,591,752,"[394, 192, 475, 309]",0.8497231537082978,0.738711864407134,21.971368749973408
3300,510,743,"[296, 95, 426, 213]",0.8042238014213772,0.6725537791917029,24.01716874999238
3302,500,745,"[195, 126, 501, 373]",0.889222608634569,0.800540788412612,24.01716874999238
3304,577,770,"[333, 97, 395, 172]",0.7998097955305122,0.6664025356585673,24.01716874999238
3306,584,659,"[119, 77, 566, 541]",0.878412833963649,0.7831873086315129,24.01716874999238
3308,489,745,"[220, 135, 323, 262]",0.8553166134013026,0.7472080257431882,24.01716874999238
331,547,813,"[330, 71, 707, 334]",0.8876947803353851,0.798067620866743,24.01716874999238
3310,587,749,"[316, 111, 409, 207]",0.8277032238162674,0.7060526315793342,24.01716874999238
3312,470,783,"[385, 130, 434, 193]",0.8189390618153903,0.6933927245742636,24.01716874999238
3314,587,750,"[422, 221, 476, 316]",0.815688425672222,0.6887447892550053,24.01716874999238
3316,563,750,"[264, 186, 388, 337]",0.8031418753069043,0.6710418375720051,24.01716874999238
3321,582,743,"[261, 119, 335, 266]",0.8302721544444093,0.70979942693443,24.01716874999238
3322,557,661,"[315, 143, 446, 315]",0.8283720267768735,0.7070265013374015,24.01716874999238
3326,589,743,"[231, 127, 321, 221]",0.851044011488123,0.7407107147686249,24.01716874999238
3328,471,808,"[310, 80, 441, 199]",0.8096788299889172,0.6802187933711485,24.01716874999238
333,602,575,"[9, 106, 574, 507]",0.8506687479645623,0.7401423623155255,24.01716874999238
3332,582,743,"[336, 142, 397, 203]",0.7819577735128945,0.6419791994968737,24.01716874999238
3334,587,750,"[291, 117, 393, 245]",0.8622299049266136,0.7578243694928006,24.01716874999238
3336,461,743,"[288, 103, 420, 222]",0.7984805880322636,0.6645590408936898,24.01716874999238
3338,580,745,"[246, 62, 442, 213]",0.8932740145426967,0.8071320510050543,24.01716874999238
3340,610,589,"[266, 234, 355, 354]",0.8141408114559859,0.6865408805035389,24.01716874999238
3342,582,745,"[272, 115, 439, 251]",0.8178617262825963,0.6918494599712216,24.01716874999238
3344,608,586,"[128, 112, 392, 301]",0.8618416468063356,0.7572247257053887,24.01716874999238
3348,589,745,"[260, 139, 394, 274]",0.8520186585170291,0.7421885946477916,24.01716874999238
335,510,857,"[252, 91, 612, 337]",0.9042328486133318,0.8252052887961273,24.01716874999238
3350,580,743,"[187, 131, 329, 315]",0.8618581556212905,0.757250214354286,24.01716874999238
3352,528,752,"[230, 118, 341, 243]",0.8690192682399497,0.7683767228179857,24.01716874999238
3354,589,743,"[207, 62, 493, 297]",0.834671442687764,0.7162541735121599,24.01716874999238
3356,587,745,"[473, 210, 526, 288]",0.8330330330332837,0.7138445702529237,24.01716874999238
3358,497,743,"[282, 170, 377, 242]",0.784490716996836,0.645400843882455,24.01716874999238
3360,582,743,"[115, 67, 388, 337]",0.9074269498514692,0.8305412161943069,24.01716874999238
3362,580,744,"[183, 106, 459, 385]",0.8614622241679759,0.7566391229649421,24.01716874999238
3364,579,1024,"[351, 145, 438, 267]",0.9060893098782773,0.82830282038616,24.01716874999238
3366,479,502,"[92, 62, 421, 297]",0.9099667206405333,0.8348063658893681,21.77564687508493
337,581,857,"[195, 76, 780, 455]",0.8602395619028239,0.7547547126122368,21.77564687508493
3376,377,526,"[81, 65, 128, 133]",0.8025447690862334,0.6702085793007863,21.77564687508493
3378,377,526,"[45, 77, 297, 266]",0.8506770906045161,0.7401549935622428,21.77564687508493
338,664,834,"[49, 88, 474, 469]",0.8839688886236644,0.7920647369171686,21.77564687508493
3380,374,530,"[374, 63, 419, 119]",0.8339181286554563,0.7151454363103553,21.77564687508493
3382,337,515,"[210, 87, 253, 133]",0.8629757785471869,0.7589774802205783,21.77564687508493
3386,327,524,"[299, 93, 369, 170]",0.7710591615518205,0.6274176408084433,21.77564687508493
3388,359,513,"[136, 85, 223, 161]",0.8024923583355248,0.670135480071333,21.77564687508493
3390,377,526,"[78, 27, 286, 159]",0.8423858378596252,0.7276913719698811,21.77564687508493
3392,310,518,"[131, 98, 199, 179]",0.8470996672937262,0.7347553324975289,21.77564687508493
3394,377,526,"[323, 103, 410, 195]",0.8150589868148724,0.6878477306007499,21.77564687508493
3396,367,534,"[278, 49, 387, 126]",0.7895356205306513,0.6522584504940887,21.77564687508493
3398,270,486,"[172, 111, 216, 155]",0.813077469794552,0.6850299401216465,21.77564687508493
34,406,408,"[130, 152, 259, 273]",0.8910733707019614,0.8035458317617477,21.77564687508493
340,655,685,"[153, 89, 674, 451]",0.9162324804656613,0.8454142276374393,21.77564687508493
3400,245,500,"[213, 90, 256, 139]",0.7806141324462427,0.6401699029148048,21.77564687508493
3402,372,505,"[146, 54, 225, 120]",0.8144475920682515,0.6869772998812737,21.77564687508493
3404,317,496,"[308, 85, 381, 151]",0.876665099514376,0.7804129464291841,21.77564687508493
3406,327,518,"[131, 55, 173, 94]",0.8477034649482365,0.7356643356661842,21.77564687508493
3412,377,536,"[118, 64, 225, 188]",0.8443340175003542,0.7306038511873896,21.77564687508493
3414,363,525,"[217, 65, 255, 115]",0.8901290547614575,0.8020113136404651,21.77564687508493
3416,376,540,"[302, 80, 359, 141]",0.8728712871289646,0.7744202389326268,21.77564687508493
3418,372,548,"[188, 43, 257, 121]",0.8353835521771453,0.7173035841449862,21.77564687508493
3422,283,500,"[154, 94, 223, 165]",0.822614251979688,0.6986786219922164,21.77564687508493
3424,376,519,"[205, 33, 377, 124]",0.8480024335835287,0.7361147786288741,21.77564687508493
3426,378,522,"[157, 33, 444, 262]",0.8700919141005686,0.7700554805818395,21.77564687508493
3429,297,498,"[175, 63, 216, 115]",0.7851644506655523,0.6463133640573369,21.77564687508493
343,547,813,"[423, 115, 509, 188]",0.814839497945335,0.6875351452676897,21.77564687508493
3430,339,507,"[258, 82, 317, 161]",0.8582677165356563,0.7517241379317193,21.77564687508493
3432,364,523,"[319, 52, 405, 126]",0.879022027447954,0.7841563786012672,21.77564687508493
3434,377,526,"[325, 129, 399, 203]",0.845467224546938,0.7323024885244448,21.77564687508493
3436,324,514,"[343, 116, 374, 159]",0.8033385498184489,0.6713164777709564,19.892721875066854
3440,342,509,"[168, 119, 233, 172]",0.836129032258417,0.718403547672881,19.892721875066854
3444,304,510,"[184, 27, 229, 86]",0.7560079163139496,0.6077272727290558,19.892721875066854
3448,377,526,"[143, 94, 195, 150]",0.8597777252308825,0.7540439651607049,19.892721875066854
345,394,783,"[282, 60, 456, 194]",0.788907204499244,0.6514011208969035,19.892721875066854
3450,311,515,"[115, 29, 322, 161]",0.854030501089364,0.745247148289093,19.892721875066854
3452,339,539,"[212, 55, 265, 103]",0.8492849284932638,0.7380497131943687,19.892721875066854
3455,334,518,"[159, 64, 209, 120]",0.8025316455701201,0.6701902748428321,19.892721875066854
3459,377,526,"[258, 104, 320, 178]",0.788853872947771,0.6513284031781668,19.892721875066854
346,618,781,"[219, 97, 650, 347]",0.9019048495444981,0.8213357915025746,19.892721875066854
3461,368,540,"[323, 75, 404, 161]",0.8919483478922409,0.8049700085693146,19.892721875066854
3463,377,526,"[93, 72, 209, 159]",0.7345702973373693,0.580490797546527,19.892721875066854
3465,366,535,"[329, 49, 385, 102]",0.7859014050969614,0.6473126716373193,19.892721875066854
3467,361,535,"[210, 75, 270, 132]",0.8422770863092384,0.7275290800150598,19.892721875066854
3471,377,526,"[140, 41, 338, 157]",0.7677124183007296,0.6229977723561987,19.892721875066854
3473,377,526,"[284, 94, 317, 139]",0.7984726347059886,0.6645480226012391,19.892721875066854
3475,381,537,"[227, 97, 267, 141]",0.7981545559407991,0.6641074856067555,19.892721875066854
3477,338,533,"[141, 97, 240, 191]",0.8105969378979782,0.6815157651147216,19.892721875066854
3479,366,535,"[303, 112, 363, 158]",0.8211021154353066,0.6964997784683363,19.892721875066854
3482,329,513,"[340, 96, 408, 176]",0.7927640329877723,0.6566769501990818,19.892721875066854
3486,360,504,"[360, 86, 393, 129]",0.8550148957306106,0.7467476149198028,19.892721875066854
3487,381,523,"[266, 61, 351, 145]",0.8282402528979517,0.70683453237458,19.892721875066854
3489,308,502,"[314, 85, 342, 115]",0.8465690053982531,0.7339572192548937,19.892721875066854
3491,269,490,"[300, 38, 358, 78]",0.8600177567331755,0.7544132917977444,19.892721875066854
3495,341,504,"[163, 68, 192, 100]",0.7991602519258281,0.6655011655050641,19.892721875066854
3497,362,525,"[165, 50, 230, 130]",0.849350278452307,0.7381484239271825,19.892721875066854
3499,377,526,"[105, 65, 222, 174]",0.8115262187972238,0.6828305610377945,19.892721875066854
350,609,780,"[150, 100, 657, 416]",0.8849984233236384,0.7937194366681372,19.892721875066854
3501,373,532,"[140, 44, 317, 179]",0.8443585550766035,0.7306405968614712,19.892721875066854
3503,233,489,"[229, 84, 269, 125]",0.875329236172628,0.7782982045294435,19.892721875066854
3505,286,509,"[160, 96, 182, 133]",0.7389255419440253,0.5859491778836181,19.892721875066854
3508,347,529,"[142, 55, 259, 153]",0.7887906714313907,0.6512422360252057,19.892721875066854
3511,279,497,"[112, 100, 139, 134]",0.7972508591079227,0.662857142860996,26.79919062495628
3517,379,551,"[173, 157, 229, 216]",0.814129919393518,0.6865253898453157,26.79919062495628
3519,377,526,"[54, 41, 258, 230]",0.9044135151005531,0.8255062722716849,26.79919062495628
3521,303,499,"[145, 106, 208, 171]",0.7823321554774164,0.6424840394670851,26.79919062495628
3523,375,533,"[250, 31, 437, 188]",0.8380487804878444,0.7212426532326947,26.79919062495628
3525,377,526,"[307, 84, 392, 169]",0.8385964912282367,0.7220543806651465,26.79919062495628
3527,346,518,"[162, 73, 203, 119]",0.8533236994224952,0.7441713925661992,26.79919062495628
3529,377,526,"[224, 28, 301, 100]",0.806203641267962,0.6753276095804895,26.79919062495628
353,660,823,"[137, 119, 749, 576]",0.8981848890643701,0.815186577266726,26.79919062495628
3531,295,499,"[173, 102, 215, 155]",0.841392054204369,0.7262094630530238,26.79919062495628
3533,374,505,"[334, 71, 400, 143]",0.8814331258541348,0.7880021715532356,26.79919062495628
3536,266,489,"[123, 30, 275, 168]",0.9026602730521662,0.8225896236919269,26.79919062495628
3537,377,526,"[178, 57, 236, 127]",0.8225750776668578,0.6986221049554423,26.79919062495628
3540,381,355,"[148, 91, 246, 175]",0.8565695341128454,0.7491225392953622,26.79919062495628
3541,377,526,"[110, 107, 176, 181]",0.7967995169085194,0.6622333751576858,26.79919062495628
3543,331,494,"[280, 85, 316, 120]",0.818088386434645,0.692173913046155,26.79919062495628
3545,288,495,"[65, 53, 203, 169]",0.856437002470557,0.7489198271725485,26.79919062495628
3548,377,526,"[156, 79, 235, 163]",0.8416351769153306,0.726571767497575,26.79919062495628
3549,377,526,"[72, 61, 209, 181]",0.8572827199502215,0.750214191136576,26.79919062495628
3552,371,528,"[364, 73, 432, 149]",0.862387744321365,0.7580682609710748,26.79919062495628
3555,374,521,"[322, 76, 342, 109]",0.7523316062201831,0.6029900332291862,26.79919062495628
3558,352,512,"[210, 68, 268, 142]",0.8974038160777332,0.813900709220386,26.79919062495628
3559,377,526,"[219, 69, 343, 145]",0.8367572692795222,0.7193316125530236,26.79919062495628
356,392,577,"[192, 77, 427, 270]",0.8879189356088407,0.7984300461900103,26.79919062495628
3561,361,526,"[138, 41, 264, 149]",0.8581533679867863,0.7515487140982245,26.79919062495628
3563,274,462,"[363, 89, 395, 128]",0.8508557457220007,0.7404255319171028,26.79919062495628
3567,381,355,"[75, 94, 199, 193]",0.8180846007605643,0.6921684930132781,26.79919062495628
3571,348,506,"[329, 65, 421, 149]",0.800417318727386,0.6672464776488655,26.79919062495628
3575,377,526,"[96, 49, 142, 99]",0.7978986402972871,0.663753213369338,26.79919062495628
3578,377,526,"[193, 103, 222, 145]",0.7407840842613178,0.5882899628291052,26.79919062495628
358,493,731,"[184, 54, 476, 286]",0.8913342775923484,0.8039702676625444,26.79919062495628
3581,377,526,"[140, 89, 192, 166]",0.8545176110262812,0.7459893048135888,26.79919062495628
3585,377,526,"[78, 48, 247, 200]",0.895567361827004,0.8108845491097976,27.06979687502553
3587,377,526,"[338, 60, 428, 137]",0.8383758857273215,0.7217273431453878,27.06979687502553
3589,377,526,"[188, 67, 222, 112]",0.8183041722753778,0.6924829157198749,27.06979687502553
3591,377,526,"[381, 113, 416, 159]",0.8817777777783032,0.7885532591431753,27.06979687502553
3593,642,920,"[404, 233, 501, 353]",0.830455778262995,0.7100678733034953,27.06979687502553
3595,642,924,"[269, 257, 342, 354]",0.8223370429254547,0.6982787715158651,27.06979687502553
3597,579,920,"[517, 242, 580, 306]",0.8538158929978696,0.7449203734218975,27.06979687502553
36,441,507,"[221, 134, 337, 220]",0.7830222670607603,0.6434154429184705,27.06979687502553
3601,642,920,"[188, 226, 299, 372]",0.8160639438542665,0.6892804215382107,27.06979687502553
3603,582,964,"[123, 130, 392, 321]",0.8671296670166266,0.7654271117976084,27.06979687502553
3607,642,920,"[456, 236, 647, 430]",0.8787390657178642,0.7837061283870581,27.06979687502553
3615,679,1024,"[368, 315, 484, 473]",0.8498449048367289,0.7388959179598196,27.06979687502553
3617,679,1024,"[442, 273, 679, 552]",0.8042271103267397,0.672558407430132,27.06979687502553
3619,679,1024,"[342, 81, 761, 562]",0.8288461029859092,0.7077174956246989,27.06979687502553
362,515,808,"[221, 139, 406, 267]",0.786253037523342,0.647789911596647,27.06979687502553
3621,679,1024,"[252, 225, 529, 543]",0.8533556879865993,0.7442200506695991,27.06979687502553
3623,495,548,"[285, 59, 510, 267]",0.8405830218551846,0.7250049272180294,27.06979687502553
3625,527,768,"[491, 114, 564, 198]",0.882644628099312,0.7899408284028108,27.06979687502553
3627,527,768,"[252, 134, 411, 256]",0.8337267030195191,0.7148639218424879,27.06979687502553
3631,404,703,"[413, 98, 524, 190]",0.8438687878362355,0.7299074525088529,27.06979687502553
3635,501,802,"[470, 155, 560, 250]",0.8419984783161366,0.7271134472189705,27.06979687502553
3638,504,838,"[506, 195, 559, 257]",0.8455804046861649,0.7324723247242344,27.06979687502553
3639,502,838,"[392, 177, 454, 277]",0.7681660899656745,0.6235955056187067,27.06979687502553
364,590,650,"[310, 148, 550, 378]",0.9214183599334503,0.8542870800921615,27.06979687502553
3643,510,832,"[547, 195, 655, 274]",0.8425150207329758,0.7278841935959528,27.06979687502553
3647,502,832,"[299, 102, 535, 283]",0.8310926596590705,0.710999607049025,27.06979687502553
3649,522,812,"[365, 88, 590, 259]",0.8482088875453733,0.7364259702766522,27.06979687502553
3651,695,1060,"[484, 336, 558, 435]",0.8829185520363094,0.7903797468357968,27.06979687502553
3653,696,1019,"[359, 173, 626, 422]",0.828499341816605,0.707212015656365,27.06979687502553
3655,697,878,"[437, 201, 579, 322]",0.8387997208653878,0.7223557692309778,27.06979687502553
366,589,858,"[184, 142, 445, 410]",0.8799119087053965,0.7855738450789254,27.06979687502553
3661,617,780,"[73, 93, 724, 518]",0.915677003998217,0.844468859716699,27.06979687502553
3664,501,699,"[216, 61, 312, 163]",0.8129323074533202,0.6848238837243881,23.874093750009706
3665,501,699,"[227, 93, 394, 279]",0.8679417340596894,0.7666935176157347,23.874093750009706
3667,471,701,"[343, 127, 426, 220]",0.7982737856284641,0.6642725906135556,23.874093750009706
3669,510,802,"[373, 241, 432, 299]",0.8553359683797326,0.7472375690616463,23.874093750009706
3671,501,699,"[286, 185, 407, 280]",0.7574380958476182,0.6095777548922661,23.874093750009706
3673,498,812,"[235, 179, 459, 384]",0.785970717697408,0.6474067216951717,23.874093750009706
3675,501,699,"[253, 76, 540, 273]",0.8365726460787796,0.7190587734242506,23.874093750009706
3678,588,857,"[277, 73, 501, 276]",0.8545026272875761,0.7459664663082035,23.874093750009706
3679,536,811,"[356, 188, 414, 272]",0.8596875000002192,0.7539051795019076,23.874093750009706
368,581,857,"[182, 131, 536, 445]",0.8826850058346583,0.7900055136144085,23.874093750009706
3681,696,1019,"[396, 242, 522, 411]",0.7433227344993071,0.591498513505224,23.874093750009706
3683,542,811,"[397, 115, 496, 204]",0.8528368794327428,0.7434312210204532,23.874093750009706
3685,500,715,"[350, 195, 471, 323]",0.8559785214306952,0.748218925488435,23.874093750009706
3687,554,826,"[281, 139, 373, 238]",0.8751178537757135,0.777964035355413,23.874093750009706
3691,546,805,"[289, 83, 467, 214]",0.8512504369379862,0.741023513139839,23.874093750009706
3693,547,809,"[285, 76, 614, 380]",0.9095304746150971,0.8340723453909189,23.874093750009706
3695,588,744,"[217, 97, 416, 325]",0.8592310620479849,0.7532034169781759,23.874093750009706
3697,446,432,"[223, 71, 296, 169]",0.835268156960726,0.7171334431635632,23.874093750009706
3699,580,857,"[278, 91, 387, 218]",0.8429678354424199,0.7285604162654378,23.874093750009706
370,581,858,"[201, 177, 394, 351]",0.8467809016802847,0.73427582227361,23.874093750009706
3701,582,858,"[233, 81, 655, 319]",0.8460778083739429,0.733219115217557,23.874093750009706
3703,589,858,"[563, 183, 629, 265]",0.8671980380136515,0.7655336652960261,23.874093750009706
3705,545,543,"[174, 97, 302, 225]",0.8753585397653736,0.778344539763677,23.874093750009706
3707,356,423,"[192, 97, 304, 242]",0.867919820344395,0.7666593196680871,23.874093750009706
3710,545,543,"[175, 111, 391, 335]",0.9054231295620573,0.8271900804918526,23.874093750009706
3711,545,648,"[244, 139, 338, 252]",0.8429244317019299,0.7284955752215592,23.874093750009706
3713,545,543,"[237, 126, 335, 244]",0.7942048517521603,0.6586565329164427,23.874093750009706
3717,545,543,"[230, 170, 359, 354]",0.8385057471264833,0.7219198416626809,23.874093750009706
3719,357,537,"[217, 152, 416, 300]",0.7952769160474724,0.6601325455127515,23.874093750009706
372,581,859,"[240, 221, 328, 303]",0.8886258474121504,0.7995739736642146,23.874093750009706
3721,356,356,"[228, 88, 285, 168]",0.8419415059118824,0.7270284793129311,23.874093750009706
3723,545,647,"[277, 152, 393, 302]",0.7918816649467699,0.655466970387489,23.874093750009706
3725,545,543,"[236, 109, 445, 337]",0.8842713988065873,0.7925506237455747,24.20473749998564
3729,545,543,"[344, 136, 436, 253]",0.8460610932476915,0.7331940090563878,24.20473749998564
3733,545,648,"[248, 177, 415, 361]",0.8649195490895402,0.7619896443426866,24.20473749998564
3735,545,544,"[211, 95, 385, 271]",0.8887961804107243,0.7998498247956783,24.20473749998564
3737,545,647,"[187, 117, 322, 282]",0.8620307940022602,0.757516802264027,24.20473749998564
374,587,857,"[238, 141, 393, 255]",0.7891500020364969,0.6517322569797163,24.20473749998564
3741,587,857,"[380, 165, 463, 279]",0.8357843137256243,0.7178947368425012,24.20473749998564
3743,673,692,"[29, 72, 664, 602]",0.897235025543306,0.8136230713941162,24.20473749998564
3745,587,858,"[433, 152, 514, 248]",0.8767430978007705,0.7805365772374928,24.20473749998564
3747,588,858,"[395, 143, 436, 198]",0.7610845295063442,0.6143151390339119,24.20473749998564
3749,586,857,"[412, 180, 486, 244]",0.7308359347906159,0.5758403935513096,24.20473749998564
3753,589,858,"[432, 62, 572, 158]",0.8623882167281103,0.7580689910295403,24.20473749998564
3755,554,857,"[325, 122, 491, 219]",0.7726587827040899,0.6295386904764662,24.20473749998564
3757,581,1024,"[271, 131, 374, 243]",0.789259353525204,0.6518814378813833,24.20473749998564
3759,589,858,"[540, 120, 610, 183]",0.8671686746989953,0.7654879021543061,24.20473749998564
376,607,692,"[188, 88, 544, 408]",0.8976187319502708,0.8142543400962337,24.20473749998564
3761,588,858,"[265, 62, 534, 285]",0.8463659089316349,0.7336519573098415,24.20473749998564
3763,580,858,"[432, 157, 649, 386]",0.8620115784532862,0.7574871256437785,24.20473749998564
3765,588,858,"[317, 167, 444, 278]",0.7957861417479619,0.6608345654676681,24.20473749998564
3767,588,858,"[478, 117, 559, 231]",0.8511411542376427,0.7408579020628359,24.20473749998564
3769,588,858,"[501, 234, 566, 308]",0.8326883000895613,0.7133384340736717,24.20473749998564
377,607,691,"[160, 116, 518, 422]",0.9007298431124705,0.8193889713724285,24.20473749998564
3771,587,858,"[361, 119, 533, 337]",0.7723409522238278,0.629116816776573,24.20473749998564
3775,586,858,"[495, 145, 599, 247]",0.827431289640706,0.7056569754341833,24.20473749998564
3779,323,387,"[157, 103, 274, 211]",0.8699408588326717,0.7698188768546739,24.20473749998564
3780,527,768,"[369, 115, 470, 163]",0.82474540203705,0.7017589239531771,24.20473749998564
3782,342,409,"[81, 57, 308, 228]",0.9219882855786098,0.8552674087345135,24.20473749998564
3783,349,410,"[121, 52, 324, 242]",0.9142838784296224,0.8421021483103978,24.20473749998564
3787,527,768,"[310, 160, 353, 187]",0.8034447821691821,0.6714648602906735,24.20473749998564
379,557,784,"[182, 95, 501, 393]",0.8282551260697383,0.7068561975369515,24.20473749998564
3790,514,1280,"[905, 192, 976, 244]",0.8041704442434175,0.6724791508731142,24.20473749998564
3794,381,425,"[232, 93, 293, 178]",0.8359125207829187,0.7180839375967522,24.20473749998564
3796,381,425,"[180, 117, 267, 178]",0.7747245082999377,0.6322859744999265,24.88893437509887
38,408,369,"[55, 60, 310, 271]",0.9156105245832354,0.8443557829914904,24.88893437509887
380,660,720,"[108, 110, 613, 574]",0.887570339886791,0.7978664824493003,24.88893437509887
3801,350,509,"[282, 65, 351, 132]",0.8634167764604547,0.759659969088718,24.88893437509887
3803,349,409,"[222, 61, 263, 114]",0.8794701986758958,0.7848699763606095,24.88893437509887
3805,455,454,"[117, 56, 352, 225]",0.8468016983364922,0.7343070980203603,24.88893437509887
3806,366,428,"[180, 59, 260, 140]",0.8090367539622242,0.679312948282976,24.88893437509887
3808,679,1024,"[428, 180, 598, 356]",0.792104698562596,0.655772646536565,24.88893437509887
3810,600,783,"[358, 84, 551, 297]",0.8436473857034886,0.7295762341634745,24.88893437509887
3812,552,879,"[411, 71, 521, 193]",0.8924158383217682,0.8057318524397007,24.88893437509887
3814,590,785,"[345, 244, 433, 309]",0.8437536519810169,0.729735193046837,24.88893437509887
3816,416,784,"[351, 117, 432, 168]",0.8488524590166412,0.7373967530625537,24.88893437509887
3818,590,785,"[288, 165, 420, 295]",0.8023718993301637,0.669967495653738,24.88893437509887
382,600,814,"[162, 50, 628, 396]",0.8939963120029417,0.8083122341318334,24.88893437509887
3820,600,783,"[424, 95, 501, 185]",0.816075745366825,0.6892972605075901,24.88893437509887
3824,600,783,"[310, 120, 498, 315]",0.8050207510882063,0.6736692305087,24.88893437509887
3826,687,941,"[392, 151, 546, 307]",0.7957313468133512,0.6607589965144776,24.88893437509887
3829,472,808,"[555, 84, 712, 260]",0.7719627814142559,0.6286151345668395,24.88893437509887
3830,556,784,"[339, 105, 425, 202]",0.8394907860768811,0.7233814053394855,24.88893437509887
3832,610,1001,"[300, 126, 591, 343]",0.8628338827172964,0.758757994635907,24.88893437509887
3834,552,1012,"[549, 216, 684, 333]",0.8334514528703785,0.7144592952614562,24.88893437509887
3838,540,619,"[241, 110, 307, 218]",0.8593069494415269,0.7533200531212594,24.88893437509887
384,660,1031,"[457, 203, 643, 421]",0.8242141536393041,0.7009900282355692,24.88893437509887
3840,589,665,"[247, 178, 327, 274]",0.8609472743522244,0.7558449709716683,24.88893437509887
3844,607,1024,"[378, 98, 592, 340]",0.8221587664192144,0.6980217222653953,24.88893437509887
3846,504,852,"[277, 132, 428, 309]",0.8385024016287055,0.721914881963235,24.88893437509887
3848,483,512,"[190, 137, 403, 370]",0.8863105352591485,0.7958327373289954,24.88893437509887
3850,589,785,"[370, 118, 491, 247]",0.8382814133389932,0.7215873301541244,24.88893437509887
3852,502,608,"[110, 71, 396, 355]",0.8623782798484304,0.7580536346770453,24.88893437509887
3854,442,808,"[472, 139, 582, 239]",0.8249424626008164,0.7020443138698714,24.88893437509887
3856,495,784,"[359, 91, 468, 184]",0.8418271570605286,0.7268579661427219,24.88893437509887
3858,602,765,"[87, 64, 602, 342]",0.856498449393861,0.7490138067061357,24.88893437509887
386,660,716,"[156, 81, 653, 415]",0.8907418497873232,0.803006811008375,27.155893749977622
3860,510,479,"[192, 62, 470, 356]",0.8585282777869875,0.7521240001658098,27.155893749977622
3862,608,588,"[117, 134, 462, 456]",0.8899698619996892,0.8017528817757664,27.155893749977622
3868,516,541,"[192, 168, 232, 212]",0.8521183053563065,0.742339832870875,27.155893749977622
3871,602,573,"[91, 102, 368, 255]",0.867925187293738,0.7666676950606958,27.155893749977622
3874,746,750,"[189, 105, 344, 254]",0.7866059434488429,0.6482691580711518,27.155893749977622
3877,789,923,"[245, 92, 765, 565]",0.8332902604344147,0.7142224258320597,27.155893749977622
3878,789,600,"[176, 76, 566, 391]",0.8887503197748844,0.7997755460274717,27.155893749977622
388,600,814,"[424, 87, 642, 319]",0.8463691750370703,0.733656865543883,27.155893749977622
3880,789,500,"[4, 61, 499, 671]",0.9207167578682569,0.8530816767336337,27.155893749977622
3882,583,525,"[198, 106, 347, 282]",0.8846583964006438,0.793172597118037,27.155893749977622
3884,608,524,"[215, 196, 287, 295]",0.7600700525396671,0.6129943502831692,27.155893749977622
3886,608,525,"[144, 89, 347, 346]",0.8954747265368008,0.8107326722629884,27.155893749977622
3888,608,525,"[193, 170, 284, 266]",0.8262817322052213,0.7039864291776873,27.155893749977622
3890,483,674,"[325, 188, 383, 290]",0.8166300902221205,0.6900886049872448,27.155893749977622
3892,484,676,"[339, 132, 492, 267]",0.8419157872446116,0.7269901255639846,27.155893749977622
3894,664,618,"[309, 263, 336, 307]",0.7641996557672737,0.6183844011177495,27.155893749977622
3896,665,619,"[221, 269, 300, 371]",0.8431079566680584,0.7287697772041835,27.155893749977622
3898,665,642,"[284, 166, 366, 244]",0.8780943484354529,0.782681099084549,27.155893749977622
390,683,1024,"[325, 142, 685, 463]",0.8854653743924513,0.7944709424436082,27.155893749977622
3900,662,643,"[259, 117, 426, 253]",0.8337093471244199,0.7148384024762129,27.155893749977622
392,660,898,"[466, 150, 548, 262]",0.8349484456160672,0.716662230503438,27.155893749977622
3922,646,972,"[534, 113, 791, 308]",0.789941469759406,0.6528126119671199,27.155893749977622
3926,444,813,"[274, 151, 360, 251]",0.853144466251512,0.7438988095241906,27.155893749977622
3929,653,999,"[546, 162, 698, 262]",0.8587411177746013,0.7524507639320388,27.155893749977622
3932,453,436,"[129, 168, 274, 278]",0.8516240796882409,0.7415899834064402,27.155893749977622
3934,541,439,"[47, 118, 427, 453]",0.8475803958326251,0.7354789807181529,27.155893749977622
3936,587,858,"[385, 128, 478, 256]",0.861002921129588,0.755930754434969,27.155893749977622
3938,599,650,"[174, 160, 383, 320]",0.8481296408724027,0.7363065071965391,27.155893749977622
3942,599,771,"[171, 73, 606, 494]",0.8753931662870205,0.778399294797852,27.155893749977622
3944,455,496,"[115, 119, 262, 222]",0.8137549713843177,0.6859923133537608,27.155893749977622
3946,526,627,"[238, 77, 421, 240]",0.8359925877795018,0.7182021171023328,27.155893749977622
3948,532,547,"[224, 163, 300, 269]",0.8348819202479337,0.7165642133249434,22.556581250000818
3950,532,547,"[75, 60, 512, 301]",0.8534021616389835,0.7442907470145593,22.556581250000818
3954,599,650,"[349, 254, 440, 356]",0.8151797398200176,0.6880197505201558,22.556581250000818
3956,562,1114,"[480, 171, 672, 386]",0.7962286985887298,0.6614451579426408,22.556581250000818
3958,568,698,"[336, 124, 425, 226]",0.8026531280709117,0.6703597319112702,22.556581250000818
3961,471,503,"[382, 153, 419, 212]",0.8346643005032989,0.7162436548237754,22.556581250000818
3963,562,973,"[253, 131, 623, 426]",0.8717320207019288,0.7726285215009596,22.556581250000818
3969,493,927,"[267, 167, 417, 305]",0.8317946890038026,0.7120278269361616,22.556581250000818
3971,473,802,"[429, 187, 482, 278]",0.8128853267573785,0.6847572059213587,22.556581250000818
3975,446,432,"[146, 91, 281, 220]",0.8478091376891285,0.7358235214509841,22.556581250000818
3978,501,621,"[161, 204, 227, 300]",0.8605678233439951,0.7552602436327883,22.556581250000818
3979,396,785,"[415, 147, 488, 205]",0.7566050198154614,0.6084993359904156,22.556581250000818
398,679,1024,"[330, 131, 663, 444]",0.8939087246412496,0.8081690404359541,22.556581250000818
3981,547,809,"[359, 149, 428, 257]",0.8349117920150094,0.7166082244186857,22.556581250000818
3983,600,906,"[336, 216, 415, 307]",0.8442171518490911,0.7304288631726847,22.556581250000818
3985,446,432,"[0, 59, 431, 326]",0.8738088301507072,0.7758974262492685,22.556581250000818
3988,546,805,"[506, 127, 549, 197]",0.8526504941602591,0.7431480031333471,22.556581250000818
3989,582,740,"[235, 171, 329, 322]",0.8285497773989635,0.7072855179108052,22.556581250000818
3991,548,809,"[226, 165, 380, 307]",0.834440001467466,0.7159133828530052,22.556581250000818
3995,600,854,"[377, 108, 452, 215]",0.8667552749627291,0.7648438645363366,22.556581250000818
3997,600,650,"[276, 191, 440, 332]",0.7752498271636682,0.6329860932931529,22.556581250000818
4,479,506,"[174, 91, 446, 368]",0.8956215998740623,0.8109734849685096,22.556581250000818
4003,600,650,"[254, 261, 392, 448]",0.8416973125884466,0.7266643872418665,22.556581250000818
4007,600,760,"[323, 189, 496, 388]",0.840353860393069,0.7246640433589262,22.556581250000818
4009,600,650,"[168, 95, 465, 337]",0.885784042573494,0.7949841650261414,22.556581250000818
4013,600,854,"[293, 244, 465, 396]",0.8198526249391234,0.6947035957241523,22.556581250000818
4015,600,650,"[233, 268, 381, 435]",0.8282318822306124,0.7068223393954015,22.556581250000818
4017,600,570,"[285, 166, 409, 272]",0.8337420304071529,0.7148864592096861,22.556581250000818
4019,600,799,"[230, 241, 332, 355]",0.8525686977300762,0.7430237401085558,22.556581250000818
402,679,1024,"[240, 126, 752, 541]",0.8958834427858935,0.8114029600700685,22.556581250000818
4021,600,854,"[271, 196, 466, 353]",0.7795438490261936,0.6387315500063511,22.556581250000818
4023,600,650,"[285, 259, 337, 306]",0.7578546493184454,0.6101175268287679,22.556581250000818
4025,600,759,"[302, 196, 376, 277]",0.8681877290461423,0.7670775015672299,20.516953124911197
4027,600,570,"[161, 190, 249, 316]",0.806996932315249,0.6764416238103989,20.516953124911197
4029,600,760,"[194, 139, 351, 312]",0.8352560156313175,0.7171155437081914,20.516953124911197
4031,600,854,"[272, 196, 376, 332]",0.8754143505533809,0.7784327952115196,20.516953124911197
4033,600,760,"[313, 261, 405, 381]",0.873884555382294,0.7760168458386612,20.516953124911197
4035,600,854,"[176, 101, 577, 485]",0.8988164152625001,0.8162275825032096,20.516953124911197
4037,600,854,"[242, 131, 433, 300]",0.8554270462633773,0.7473766031870395,20.516953124911197
4039,600,854,"[227, 135, 590, 463]",0.9193842999765585,0.850796726307625,20.516953124911197
404,660,1031,"[445, 238, 549, 330]",0.8602575358502632,0.7547823854156441,20.516953124911197
4043,600,650,"[305, 240, 391, 356]",0.8485536018151953,0.7369458128082057,20.516953124911197
4045,600,799,"[294, 288, 433, 422]",0.8644839802235121,0.7613137685136031,20.516953124911197
4047,600,760,"[242, 111, 534, 463]",0.8919958987469945,0.8050474702560023,20.516953124911197
4049,587,760,"[365, 150, 429, 225]",0.8382089552241221,0.7214799588907465,20.516953124911197
4051,600,650,"[281, 289, 350, 372]",0.8457215836528151,0.7326842221736387,20.516953124911197
4053,600,760,"[408, 213, 463, 284]",0.8641440240042271,0.7607866157917206,20.516953124911197
4055,600,854,"[353, 148, 508, 356]",0.774517392630175,0.6320101060369666,20.516953124911197
4057,600,854,"[229, 189, 368, 347]",0.7850296334236537,0.6461306835292706,20.516953124911197
4059,600,854,"[326, 281, 405, 375]",0.8932655654384705,0.8071182548797653,20.516953124911197
406,660,896,"[147, 110, 570, 488]",0.8918423242548903,0.8047973170020556,20.516953124911197
4061,600,912,"[348, 184, 515, 388]",0.7869591684892144,0.6487491171333226,20.516953124911197
4063,522,650,"[259, 138, 465, 378]",0.8449567404704861,0.7315368783803831,20.516953124911197
4067,600,760,"[286, 180, 421, 336]",0.7389188185027906,0.585940722409059,20.516953124911197
4071,600,650,"[273, 193, 341, 270]",0.7758551307850089,0.6337935568712825,20.516953124911197
4075,600,760,"[212, 186, 328, 315]",0.7745138178097367,0.6320053453607015,20.516953124911197
4077,600,854,"[328, 169, 461, 314]",0.8370283018868565,0.7197323058205098,20.516953124911197
4079,589,743,"[380, 133, 596, 377]",0.847440531226381,0.7352683780630749,20.516953124911197
4081,316,592,"[175, 44, 300, 157]",0.7761719698811173,0.6342165326985866,20.516953124911197
4083,538,820,"[279, 39, 434, 164]",0.7949502967079431,0.6596825795121638,20.516953124911197
4087,544,820,"[196, 194, 348, 338]",0.8517984574353594,0.7418544792518414,20.516953124911197
4089,546,805,"[436, 129, 564, 270]",0.859721845581738,0.7539580077463112,20.516953124911197
4091,366,592,"[402, 122, 443, 177]",0.8597313339585763,0.7539726027410741,20.516953124911197
4093,271,617,"[427, 66, 600, 267]",0.6463558391936006,0.4774931683734791,20.516953124911197
4095,516,592,"[295, 140, 449, 270]",0.8471908574557424,0.7348925560965601,23.61935624992384
4099,553,867,"[131, 153, 338, 381]",0.9063995445383208,0.828821476812295,23.61935624992384
41,408,517,"[174, 87, 266, 161]",0.8065996503498616,0.6758835378141808,23.61935624992384
4101,549,818,"[265, 128, 413, 259]",0.8065448954940494,0.675806649491059,23.61935624992384
4104,272,490,"[207, 76, 305, 209]",0.8140781324441317,0.6864517424930335,23.61935624992384
4106,311,660,"[320, 91, 560, 308]",0.7194344429957632,0.5618099277001212,23.61935624992384
4108,687,793,"[226, 101, 356, 199]",0.8286203941731983,0.7073884418437585,23.61935624992384
4110,246,617,"[161, 72, 321, 245]",0.6883396336145136,0.5247849605393612,23.61935624992384
4112,661,928,"[288, 17, 494, 245]",0.861593359708345,0.7568414740515274,23.61935624992384
4116,579,1024,"[382, 178, 477, 264]",0.8351337876019319,0.7169353688119319,23.61935624992384
4117,578,1024,"[300, 93, 363, 168]",0.799021019291968,0.6653080795980213,23.61935624992384
4119,466,1024,"[308, 134, 394, 240]",0.7747211895912642,0.6322815533985541,23.61935624992384
412,683,1024,"[203, 86, 768, 576]",0.8215369812767601,0.6971258055826224,23.61935624992384
4121,466,1024,"[53, 88, 408, 313]",0.8424239542219599,0.7277482609410462,23.61935624992384
4123,466,1024,"[321, 155, 390, 241]",0.8363770977297182,0.7187698833516039,23.61935624992384
4125,524,1024,"[438, 180, 542, 300]",0.8394338093160569,0.7232967977651802,23.61935624992384
4131,465,1024,"[315, 108, 423, 211]",0.8251248144651024,0.7023084874242537,23.61935624992384
4133,578,1024,"[387, 102, 460, 189]",0.8303919321569672,0.709974524789908,23.61935624992384
4135,465,1024,"[275, 172, 387, 237]",0.8232440626580866,0.6995877705261085,23.61935624992384
4137,465,1024,"[311, 176, 400, 295]",0.7568929962577279,0.608871958712695,23.61935624992384
4139,477,610,"[203, 111, 349, 256]",0.8387847173269989,0.722333515449692,23.61935624992384
414,679,1024,"[216, 76, 795, 603]",0.8905972167506065,0.8027717526921012,23.61935624992384
4141,523,1024,"[191, 158, 417, 350]",0.8701403713047625,0.7701313943836001,23.61935624992384
4143,522,1024,"[262, 162, 370, 293]",0.7542253521127997,0.6054267947996402,23.61935624992384
4150,466,1024,"[490, 168, 527, 204]",0.6004901960808794,0.42907180385788907,23.61935624992384
4153,477,610,"[98, 74, 454, 362]",0.8573163170404143,0.7502656507879372,23.61935624992384
4155,523,1024,"[171, 96, 415, 228]",0.7753841237717959,0.6331651735236874,23.61935624992384
4157,466,1024,"[314, 197, 385, 276]",0.840583700440748,0.7250059368327594,23.61935624992384
4159,465,1024,"[276, 119, 347, 190]",0.8351680185402156,0.7169858244224895,23.61935624992384
416,600,814,"[307, 150, 637, 435]",0.8919044353470146,0.8048984796959636,23.61935624992384
4161,477,608,"[246, 79, 362, 184]",0.8004057521333012,0.6672304019103986,23.61935624992384
4163,465,1024,"[392, 179, 469, 250]",0.8469230769232732,0.7344896597737726,23.61935624992384
4165,466,1024,"[321, 120, 410, 235]",0.8909451421018566,0.8033373063172784,24.5826781250571
4167,465,1024,"[339, 131, 414, 226]",0.8340461040994741,0.7153336911796111,24.5826781250571
4169,522,1024,"[289, 73, 382, 139]",0.8718845649323655,0.7728682170547038,24.5826781250571
4171,466,1024,"[438, 119, 507, 192]",0.8495227400339002,0.7384089799908775,24.5826781250571
4173,467,1024,"[266, 80, 411, 173]",0.8393565447334512,0.7231820770839916,24.5826781250571
4175,465,1024,"[372, 140, 424, 195]",0.7203624465146732,0.5629425649112394,24.5826781250571
4177,465,1024,"[256, 151, 352, 231]",0.8698946590280263,0.7697465249390519,24.5826781250571
418,679,1024,"[260, 157, 752, 577]",0.8830363112688409,0.7905685029671405,24.5826781250571
4181,466,1024,"[208, 75, 507, 288]",0.8579609919498776,0.7512536663828647,24.5826781250571
4183,466,1024,"[321, 227, 409, 300]",0.9128823965280906,0.8397273612466607,24.5826781250571
4185,466,1024,"[392, 155, 456, 211]",0.8117283950620916,0.683116883117912,24.5826781250571
4187,467,1024,"[277, 167, 339, 236]",0.8112897932395614,0.682495858642511,24.5826781250571
4191,522,1024,"[468, 121, 581, 248]",0.8658230495712895,0.7633932687876779,24.5826781250571
4193,465,1024,"[251, 91, 336, 187]",0.7332775919735228,0.5788778877894738,24.5826781250571
4195,466,1024,"[189, 75, 506, 339]",0.8656726476286862,0.7631594581749401,24.5826781250571
4197,466,1024,"[267, 81, 399, 217]",0.8562443458407546,0.7486252354050857,24.5826781250571
420,660,896,"[289, 111, 754, 325]",0.8913602632551029,0.8040125513381466,24.5826781250571
4201,466,1024,"[330, 146, 403, 207]",0.8697719960835505,0.769554455446115,24.5826781250571
4203,465,1024,"[239, 158, 328, 245]",0.8070521028269407,0.6765191545579978,24.5826781250571
4205,465,1024,"[331, 137, 368, 185]",0.7071688942903719,0.546992481205846,24.5826781250571
4207,466,1024,"[265, 157, 338, 230]",0.8134860050892958,0.6856101222395762,24.5826781250571
4213,521,1024,"[201, 129, 388, 326]",0.8252844601756103,0.7025398338554737,24.5826781250571
4216,521,1024,"[238, 99, 282, 138]",0.7423917702539975,0.5903203817342174,24.5826781250571
4217,465,1024,"[342, 171, 433, 249]",0.85974617637503,0.7539954337904223,24.5826781250571
4219,477,617,"[404, 97, 448, 150]",0.8340200117721188,0.7152953054027497,24.5826781250571
422,679,1024,"[276, 117, 809, 440]",0.8983148041954199,0.8154006313385844,24.5826781250571
4221,467,1024,"[372, 162, 457, 278]",0.7676011323168956,0.6228512151754255,24.5826781250571
4225,579,1024,"[327, 145, 416, 268]",0.8532855436082118,0.744113356949631,24.5826781250571
4227,465,1024,"[334, 78, 457, 248]",0.7504311583789341,0.6005520731499221,24.5826781250571
4231,466,1024,"[331, 200, 411, 290]",0.8038220364289799,0.6719920119825729,24.5826781250571
4233,466,1024,"[416, 34, 528, 122]",0.7882822902797838,0.6505494505498772,24.5826781250571
4235,466,1024,"[458, 153, 520, 214]",0.8192238085666214,0.693801089919299,24.5826781250571
4237,466,1024,"[297, 139, 409, 255]",0.8827496193170096,0.7901090342681171,24.69617812494107
4239,465,1024,"[332, 211, 409, 296]",0.8800251256282663,0.785754346607243,24.69617812494107
424,600,814,"[329, 107, 760, 465]",0.8191795973975252,0.6937376722083258,24.69617812494107
4241,465,1024,"[251, 112, 417, 260]",0.8278363916684822,0.7062464538094052,24.69617812494107
4243,466,1024,"[354, 142, 485, 291]",0.7707692307693147,0.6270337922405227,24.69617812494107
4245,466,1024,"[317, 131, 371, 200]",0.7412784835657567,0.5889138096777029,24.69617812494107
4249,465,1024,"[467, 116, 675, 367]",0.7884823242877418,0.6508219732116074,24.69617812494107
4251,466,1024,"[180, 37, 629, 236]",0.8951563642945021,0.8102109071053429,24.69617812494107
4253,578,1024,"[246, 131, 347, 279]",0.8395275430201408,0.723435991927943,24.69617812494107
4255,465,1024,"[293, 147, 335, 203]",0.7049659201567512,0.544360902257923,24.69617812494107
4261,445,533,"[159, 162, 325, 300]",0.89446192381712,0.8090738284704857,24.69617812494107
4263,390,673,"[276, 98, 385, 212]",0.8016017018082954,0.6688942257495364,24.69617812494107
4267,447,494,"[152, 146, 287, 284]",0.8580469826142518,0.7513855382410176,24.69617812494107
4269,499,504,"[137, 81, 426, 345]",0.9191518367943197,0.8503986666066263,24.69617812494107
4271,694,995,"[503, 199, 642, 334]",0.8367072592124637,0.7192576983211751,24.69617812494107
4273,553,918,"[290, 69, 525, 217]",0.8130326810370889,0.6849663575805293,24.69617812494107
4276,794,1128,"[558, 269, 704, 416]",0.8269794721408215,0.7050000000001715,24.69617812494107
428,600,814,"[424, 129, 718, 379]",0.8992985655349318,0.8170231612099244,24.69617812494107
4283,498,630,"[242, 44, 471, 327]",0.8270727084228015,0.70513553087395,24.69617812494107
4285,499,630,"[3, 74, 617, 449]",0.8906102041589363,0.8027928573867419,24.69617812494107
4287,499,630,"[336, 195, 415, 307]",0.8424795176999208,0.72783119658156,24.69617812494107
4289,499,630,"[276, 201, 353, 283]",0.8342995169084126,0.7157065893085045,24.69617812494107
4293,500,720,"[162, 92, 494, 261]",0.8155556752100184,0.6885555176725336,24.69617812494107
4295,500,720,"[431, 130, 484, 196]",0.7896706586830283,0.6524427953010128,24.69617812494107
43,460,592,"[217, 133, 402, 264]",0.8379845418609246,0.7211474993654627,24.69617812494107
4301,500,720,"[245, 84, 505, 378]",0.8558067625473735,0.7479564941781357,24.69617812494107
4303,500,762,"[311, 228, 420, 371]",0.8194242239234399,0.6940886307584581,24.69617812494107
4305,500,504,"[223, 135, 315, 227]",0.8091792039613319,0.6795138333604998,24.69617812494107
4307,500,720,"[271, 115, 490, 299]",0.8418372577834247,0.7268730266458949,24.69617812494107
4309,500,720,"[133, 77, 668, 412]",0.889160643184188,0.800440349658611,24.69617812494107
431,587,838,"[280, 72, 636, 440]",0.889021121638878,0.8002142425518851,24.69617812494107
4313,500,720,"[323, 111, 440, 279]",0.7335354760461963,0.5791993870908644,24.69617812494107
4315,512,846,"[359, 157, 482, 274]",0.8572835722885754,0.7502154966001817,21.662006250039667
4317,500,720,"[324, 154, 378, 207]",0.775075987842515,0.6327543424332805,21.662006250039667
4319,500,504,"[223, 166, 297, 234]",0.810036858520258,0.6807243269009275,21.662006250039667
4321,500,720,"[254, 95, 496, 376]",0.8516230366492302,0.7415884015683885,21.662006250039667
4323,500,720,"[325, 109, 386, 166]",0.8265895953760806,0.7044334975379858,21.662006250039667
4325,500,720,"[302, 228, 432, 369]",0.8673628616013014,0.7657905892328912,21.662006250039667
4327,485,852,"[359, 160, 411, 234]",0.7434597444742579,0.591672046482919,21.662006250039667
433,632,592,"[104, 159, 353, 424]",0.8637425436950044,0.7601644670423906,21.662006250039667
4331,499,560,"[97, 47, 471, 367]",0.8792390983100095,0.7845019370181634,21.662006250039667
4333,500,720,"[254, 83, 350, 222]",0.8639552792197456,0.7604940751157255,21.662006250039667
4335,500,720,"[386, 89, 451, 164]",0.8483710953212918,0.7366705471484595,21.662006250039667
4337,500,762,"[264, 113, 511, 299]",0.8440400982376169,0.7301638205190598,21.662006250039667
4341,578,1024,"[348, 132, 537, 283]",0.7751290783258885,0.632825112107788,21.662006250039667
4345,427,537,"[232, 44, 351, 130]",0.8331202954127019,0.7139727361249829,21.662006250039667
4349,579,1024,"[239, 81, 460, 271]",0.8644468610291433,0.7612561943271331,21.662006250039667
435,669,940,"[209, 91, 686, 435]",0.8845558822016608,0.7930077967039739,21.662006250039667
4351,579,1024,"[422, 257, 516, 368]",0.8827258320127628,0.7900709219860863,21.662006250039667
4354,398,402,"[182, 172, 221, 249]",0.8209219858159997,0.6962406015049013,21.662006250039667
4355,373,371,"[182, 94, 200, 119]",0.7951807228946509,0.6600000000085,21.662006250039667
4357,425,365,"[113, 98, 211, 208]",0.7921672106105186,0.6558583419573923,21.662006250039667
4359,425,365,"[116, 159, 232, 309]",0.8464241993445301,0.7337395590854897,21.662006250039667
4363,425,365,"[168, 86, 230, 153]",0.808815991799404,0.6790017211713166,21.662006250039667
4365,364,365,"[112, 104, 171, 154]",0.843868662050829,0.7299072642977978,21.662006250039667
4367,425,365,"[90, 64, 227, 237]",0.831014908614612,0.7108858057632279,21.662006250039667
4369,425,365,"[89, 91, 189, 184]",0.8310710082386574,0.7109679151567848,21.662006250039667
4371,425,365,"[125, 98, 180, 165]",0.841139003372347,0.7258325250574658,21.662006250039667
4373,425,365,"[84, 80, 244, 251]",0.8628832746083257,0.75883438818576,21.662006250039667
4375,362,365,"[131, 61, 209, 128]",0.8110532407410141,0.682161109759839,21.662006250039667
4379,425,365,"[86, 100, 187, 207]",0.7869849475446351,0.6487841564306233,21.662006250039667
4381,425,365,"[145, 76, 209, 143]",0.828223844282517,0.7068106312300476,21.662006250039667
4383,425,365,"[85, 79, 257, 228]",0.8292641764176899,0.708327326894571,21.662006250039667
4385,425,365,"[91, 90, 203, 197]",0.8468902402312921,0.7344402673352814,21.662006250039667
4387,425,365,"[103, 77, 194, 187]",0.8731126596981177,0.7748003091989503,24.525015625044944
4389,425,365,"[134, 132, 183, 195]",0.8016509974780975,0.6689628779193687,24.525015625044944
439,681,727,"[125, 104, 542, 487]",0.7459004170752432,0.5947696875360605,24.525015625044944
4391,425,365,"[165, 69, 222, 134]",0.8132194578540416,0.6852315394252653,24.525015625044944
4394,425,365,"[118, 96, 231, 187]",0.813062591584807,0.6850088183425219,24.525015625044944
4396,388,365,"[132, 59, 288, 210]",0.8717861011345216,0.7727134916625706,24.525015625044944
4398,425,365,"[136, 101, 226, 210]",0.8318158642291268,0.7120588602073674,24.525015625044944
4400,425,365,"[123, 112, 171, 177]",0.8620013080447744,0.7574712643687453,24.525015625044944
4402,425,365,"[98, 86, 310, 278]",0.9171010646700286,0.8468944189982068,24.525015625044944
4404,425,365,"[175, 149, 229, 217]",0.8250728862977403,0.702233250621403,24.525015625044944
4406,425,365,"[92, 80, 210, 189]",0.8307538136065968,0.710503761546795,24.525015625044944
4408,425,365,"[81, 78, 336, 256]",0.898105654442791,0.8150560514843744,24.525015625044944
4409,512,676,"[354, 172, 420, 263]",0.8523025530901308,0.7426195426200777,24.525015625044944
441,582,746,"[36, 98, 641, 496]",0.9228978001512158,0.856834012854849,24.525015625044944
4412,565,833,"[341, 182, 415, 269]",0.8705806728092237,0.7708214760011937,24.525015625044944
4414,616,772,"[279, 78, 411, 198]",0.7995617795561591,0.6660582493455551,24.525015625044944
4416,562,854,"[425, 156, 523, 270]",0.8008320332814607,0.6678230702518778,24.525015625044944
4418,565,824,"[327, 151, 453, 264]",0.8308819508995402,0.7106912356190153,24.525015625044944
4422,550,680,"[326, 200, 366, 241]",0.7511436413552097,0.6014652014681212,24.525015625044944
4424,564,712,"[328, 281, 433, 400]",0.8066929358689928,0.6760145482392075,24.525015625044944
4426,560,712,"[331, 248, 408, 351]",0.8782969103241538,0.7830030231780601,24.525015625044944
4428,561,852,"[302, 109, 406, 188]",0.8331539289560047,0.7140221402218081,24.525015625044944
443,587,743,"[85, 51, 601, 429]",0.9094968022203481,0.8340157131791626,24.525015625044944
4430,616,680,"[352, 335, 479, 442]",0.8151960524222343,0.6880429914915467,24.525015625044944
4432,564,624,"[218, 237, 297, 315]",0.809947580153834,0.6805982380666245,24.525015625044944
4434,617,778,"[194, 140, 406, 387]",0.8794505693114198,0.7848387096774689,24.525015625044944
4438,564,712,"[262, 121, 392, 218]",0.7979445986652898,0.6638168238997014,24.525015625044944
4440,557,712,"[485, 164, 632, 284]",0.8313434081991186,0.7113667214405148,24.525015625044944
4442,616,772,"[200, 106, 446, 378]",0.886622501162261,0.7963359256746531,24.525015625044944
4444,617,778,"[273, 204, 470, 412]",0.7933955604361531,0.6575440421245344,24.525015625044944
445,370,753,"[18, 110, 584, 369]",0.9095204458048854,0.8340554779829971,24.525015625044944
4452,679,764,"[222, 193, 292, 265]",0.8094665062176635,0.6799191374670263,24.525015625044944
4454,564,624,"[339, 182, 385, 230]",0.7861027190338788,0.6475858636154923,25.604115625014856
4456,559,772,"[265, 89, 528, 230]",0.8827439301000212,0.7900999187939872,25.604115625014856
4458,617,882,"[383, 259, 480, 371]",0.825866254690042,0.7033834586469883,25.604115625014856
4460,510,852,"[452, 100, 531, 157]",0.8876351669019157,0.7979712595102902,25.604115625014856
4462,564,624,"[304, 142, 369, 225]",0.8670001282546275,0.7652252660181905,25.604115625014856
4464,617,908,"[372, 240, 429, 327]",0.8267651888343914,0.7046885934226622,25.604115625014856
4466,524,882,"[587, 155, 683, 275]",0.8891008824231522,0.8003434950624727,25.604115625014856
4468,617,1029,"[428, 201, 564, 323]",0.7650002527423723,0.619433529797299,25.604115625014856
4472,564,712,"[259, 128, 398, 275]",0.8107156525067697,0.681683614364988,25.604115625014856
4474,565,833,"[327, 103, 429, 187]",0.836098323634295,0.7183582089556443,25.604115625014856
4477,562,854,"[174, 67, 615, 290]",0.8139210705656547,0.6862284206952798,25.604115625014856
4478,564,712,"[272, 204, 377, 335]",0.843074193190727,0.7287193251536342,25.604115625014856
448,582,743,"[108, 46, 596, 414]",0.8822641947369991,0.7893316028553024,25.604115625014856
4480,563,712,"[226, 113, 367, 261]",0.8275568785881964,0.7058396808126551,25.604115625014856
4482,616,772,"[200, 203, 259, 307]",0.8722100150342635,0.773379819524665,25.604115625014856
4484,565,833,"[240, 104, 423, 298]",0.8130223387332094,0.684951676230865,25.604115625014856
4487,403,712,"[267, 166, 340, 244]",0.8376338851024371,0.720628272251894,25.604115625014856
4489,564,712,"[272, 110, 342, 218]",0.7873090481788216,0.6492248062021169,25.604115625014856
449,582,742,"[305, 239, 499, 417]",0.8234941820671151,0.6999490946114101,25.604115625014856
4491,633,764,"[165, 204, 219, 261]",0.8516893374290222,0.7416889568217742,25.604115625014856
4493,562,712,"[180, 107, 283, 251]",0.7631994638840826,0.6170756250486747,25.604115625014856
4495,564,712,"[194, 177, 335, 297]",0.7906680613034742,0.6538056558366021,25.604115625014856
4497,564,712,"[218, 176, 319, 294]",0.8493529337857461,0.7381524350297682,25.604115625014856
45,408,443,"[96, 59, 400, 271]",0.8753946763898107,0.7784016828051773,25.604115625014856
4501,616,606,"[190, 149, 344, 304]",0.8269932578710253,0.7050200379668292,25.604115625014856
4503,564,712,"[252, 168, 319, 253]",0.8342696629215599,0.7156626506030325,25.604115625014856
4505,441,772,"[430, 247, 473, 301]",0.7621585609601527,0.6157158234681608,25.604115625014856
4507,564,712,"[233, 140, 347, 259]",0.8314017056637703,0.7114520958086531,25.604115625014856
4509,520,712,"[259, 210, 384, 284]",0.7937861711850489,0.6580808080812398,25.604115625014856
451,587,753,"[208, 67, 452, 249]",0.8670126297361719,0.7652447436676328,25.604115625014856
4513,438,712,"[256, 218, 313, 280]",0.8504188272839043,0.7397640527420549,25.604115625014856
4516,564,712,"[314, 149, 373, 204]",0.8748802452579519,0.7775885558590682,25.604115625014856
4518,296,772,"[306, 177, 406, 277]",0.7636331128198073,0.617642805495853,20.722062499999083
4520,532,821,"[313, 143, 356, 193]",0.7614563716266118,0.6147997972650036,20.722062499999083
4522,564,712,"[234, 170, 358, 294]",0.8222518386890655,0.6981559094721725,20.722062499999083
4524,555,772,"[358, 142, 459, 256]",0.8236464225773459,0.700169097442718,20.722062499999083
4526,564,712,"[215, 199, 334, 338]",0.8165101890711649,0.6899173795425241,20.722062499999083
4528,692,991,"[439, 148, 552, 333]",0.8480840174150527,0.7362377380266958,20.722062499999083
453,458,743,"[177, 70, 483, 370]",0.8620950395325206,0.7576160307609247,20.722062499999083
4530,493,712,"[324, 215, 365, 253]",0.7209407507927592,0.5636492220681496,20.722062499999083
4532,605,772,"[344, 146, 484, 283]",0.811672077316388,0.683037116121533,20.722062499999083
4534,564,712,"[105, 120, 271, 249]",0.7764842443072014,0.6346336291089711,20.722062499999083
4536,565,712,"[394, 171, 507, 276]",0.8908869987849994,0.8032427695006537,20.722062499999083
4538,615,680,"[304, 261, 387, 353]",0.8230292948897301,0.699277638191427,20.722062499999083
4540,564,624,"[225, 144, 407, 315]",0.8571911604878982,0.7500739676234203,20.722062499999083
4542,617,778,"[306, 92, 413, 195]",0.8715410002539531,0.7723284589428882,20.722062499999083
4544,514,624,"[271, 79, 377, 204]",0.8142652747603125,0.6867179120489035,20.722062499999083
4546,530,824,"[307, 100, 375, 178]",0.8822091886609454,0.789243550503303,20.722062499999083
4548,563,833,"[343, 217, 430, 292]",0.8479171258542562,0.7359862253687852,20.722062499999083
455,481,752,"[232, 69, 635, 357]",0.9132359941109449,0.840325948561259,20.722062499999083
4550,476,824,"[247, 122, 352, 208]",0.8468035645099986,0.7343099045830744,20.722062499999083
4552,557,852,"[322, 200, 404, 273]",0.769814182783757,0.6257706535149491,20.722062499999083
4554,616,680,"[255, 141, 355, 245]",0.8864755480607849,0.7960988611584733,20.722062499999083
4556,564,712,"[298, 107, 417, 253]",0.8006022625539999,0.6675035624620564,20.722062499999083
4558,622,866,"[478, 206, 603, 335]",0.8540839065982685,0.7453284856686012,20.722062499999083
4560,564,712,"[311, 261, 503, 417]",0.8393607284504379,0.7231882885798596,20.722062499999083
4564,508,772,"[422, 218, 487, 290]",0.86334812935976,0.7595536959560403,20.722062499999083
4566,564,712,"[177, 133, 354, 337]",0.8966139773730449,0.812602261571533,20.722062499999083
4568,565,833,"[377, 98, 561, 299]",0.8495567785573563,0.7384604148408784,20.722062499999083
4570,555,908,"[326, 147, 479, 285]",0.7980711722488794,0.6639920383158152,20.722062499999083
4574,521,712,"[319, 149, 409, 257]",0.8066968742801577,0.6760200798047676,20.722062499999083
4576,564,712,"[295, 103, 415, 205]",0.8141160425073511,0.6865056545910614,20.722062499999083
4578,559,624,"[159, 64, 453, 282]",0.8677893228233756,0.7664556962025778,20.722062499999083
4586,617,780,"[406, 110, 504, 244]",0.8250806080148405,0.7022444379107102,20.722062499999083
4588,616,680,"[272, 75, 333, 127]",0.8330150647149734,0.7138181818192225,22.139465624945842
459,487,743,"[362, 108, 454, 197]",0.7836824293425558,0.6443074146493544,22.139465624945842
4591,564,624,"[322, 222, 381, 296]",0.7863700564975523,0.6479487925526681,22.139465624945842
4592,563,833,"[334, 140, 393, 216]",0.8790874524716668,0.7842605156043846,22.139465624945842
4596,564,712,"[150, 123, 362, 332]",0.8826067317726769,0.7898801226652384,22.139465624945842
4598,586,857,"[286, 52, 692, 376]",0.8688172697794151,0.7680609388458434,22.139465624945842
4600,435,877,"[341, 170, 504, 292]",0.8244357638889523,0.7013106885731947,22.139465624945842
4602,587,858,"[311, 84, 490, 241]",0.8635690235690604,0.7598957098839726,22.139465624945842
4604,642,917,"[296, 129, 662, 431]",0.8835786536885704,0.7914383369754254,22.139465624945842
4606,586,970,"[285, 73, 692, 419]",0.8590658243900214,0.7529495064259513,22.139465624945842
4608,587,857,"[393, 196, 537, 369]",0.8169181641726201,0.6905001323102987,22.139465624945842
461,580,742,"[320, 79, 575, 301]",0.888474477109857,0.7993289032173609,22.139465624945842
4610,590,858,"[419, 141, 512, 230]",0.8625650984201054,0.7583423870871359,22.139465624945842
4612,590,998,"[438, 104, 658, 375]",0.8380602786531567,0.7212596860719807,22.139465624945842
4614,585,1000,"[478, 144, 557, 237]",0.8372005988025475,0.719987125845317,22.139465624945842
4616,458,999,"[408, 204, 499, 316]",0.8208260616638883,0.6961026147019042,22.139465624945842
4620,574,832,"[434, 113, 567, 250]",0.8744186046512102,0.7768595041323814,22.139465624945842
4622,574,797,"[437, 78, 580, 204]",0.7895449509663988,0.6522711864409138,22.139465624945842
4624,574,797,"[524, 134, 614, 205]",0.8305919329493655,0.7102669772447406,22.139465624945842
4626,574,797,"[259, 228, 367, 306]",0.8293138586957971,0.7083998259107669,22.139465624945842
4628,574,832,"[246, 147, 353, 244]",0.8325584529345512,0.7131478702531303,22.139465624945842
463,589,745,"[299, 236, 515, 387]",0.8808307869826533,0.7870398655873733,22.139465624945842
4632,574,797,"[364, 136, 429, 203]",0.8212328767126349,0.69668797211012,22.139465624945842
4634,527,720,"[402, 149, 488, 215]",0.8747909199523598,0.7774474410707636,22.139465624945842
4636,488,797,"[468, 141, 565, 231]",0.8635389378424517,0.7598491198662198,22.139465624945842
4638,566,797,"[359, 93, 423, 166]",0.8560548362530753,0.7483355525972082,22.139465624945842
4640,527,720,"[370, 113, 394, 145]",0.7694859038161735,0.6253369272287691,22.139465624945842
4642,574,797,"[370, 183, 412, 207]",0.8084112149543901,0.6784313725521722,22.139465624945842
4644,512,846,"[341, 100, 482, 217]",0.8799242424242992,0.7855935069328833,22.139465624945842
4648,579,1024,"[203, 140, 303, 271]",0.780539521734138,0.6400695517777819,22.139465624945842
4650,498,768,"[224, 175, 342, 301]",0.8576122672508923,0.7507190795783573,22.139465624945842
4652,498,684,"[444, 193, 508, 270]",0.8674505611973978,0.7659273242100851,22.139465624945842
4654,477,616,"[277, 106, 418, 261]",0.7980734576194102,0.663995202268202,21.93966250001722
4656,458,996,"[630, 122, 696, 213]",0.7889908256883386,0.6515151515158748,21.93966250001722
4658,477,556,"[179, 104, 301, 259]",0.8566273094575544,0.7492109235626807,21.93966250001722
4660,577,731,"[212, 177, 263, 233]",0.6999154691470839,0.5383615084545368,21.93966250001722
4662,500,720,"[233, 247, 361, 403]",0.8370260571072566,0.7197289863824246,21.93966250001722
4664,577,831,"[346, 153, 471, 291]",0.8620230700976654,0.7575048732945361,21.93966250001722
467,589,750,"[178, 75, 569, 394]",0.8900434140080543,0.8018722761238907,21.93966250001722
4670,499,720,"[333, 160, 415, 254]",0.7753427212535902,0.63310996040263,21.93966250001722
4672,574,794,"[335, 188, 464, 261]",0.8321562472754102,0.7125578617295617,21.93966250001722
4674,514,601,"[147, 43, 529, 384]",0.8101619146268435,0.6809009768524751,21.93966250001722
4676,499,560,"[89, 90, 536, 382]",0.9143040368788697,0.8421363511847827,21.93966250001722
4678,574,839,"[301, 52, 527, 204]",0.9047136768367505,0.8260065497977939,21.93966250001722
4680,507,757,"[243, 180, 423, 326]",0.8245904978034319,0.7015346534654943,21.93966250001722
4682,512,846,"[354, 158, 491, 303]",0.7502502316961074,0.6003203607026576,21.93966250001722
4684,477,616,"[300, 198, 390, 303]",0.818496382510366,0.6927582534615379,21.93966250001722
4686,500,762,"[230, 40, 570, 296]",0.8998997521001624,0.8180161342733476,21.93966250001722
4688,600,930,"[374, 159, 492, 295]",0.8820647736551384,0.7890124158080102,21.93966250001722
469,587,742,"[80, 89, 712, 417]",0.9230555671233659,0.857106029749176,21.93966250001722
4690,574,839,"[336, 98, 441, 206]",0.7994180530079072,0.6658587987358631,21.93966250001722
4692,512,846,"[370, 95, 508, 240]",0.8233330861084983,0.6997163567603532,21.93966250001722
4694,506,836,"[385, 78, 493, 173]",0.8245860982640763,0.7015282846718732,21.93966250001722
4698,586,857,"[308, 203, 401, 333]",0.8498097633327854,0.7388427898634908,21.93966250001722
47,474,744,"[406, 162, 588, 300]",0.8765903657498073,0.7802945061397288,21.93966250001722
4700,514,601,"[241, 128, 468, 348]",0.8819700967458383,0.7888609188169171,21.93966250001722
4706,577,627,"[238, 221, 393, 401]",0.865374300819895,0.7626958400865466,21.93966250001722
4708,512,846,"[433, 208, 557, 328]",0.8620968125030345,0.7576187693080424,21.93966250001722
471,339,543,"[20, 0, 499, 317]",0.8998948150647839,0.8180079754080825,21.93966250001722
4710,600,930,"[479, 148, 578, 298]",0.8295657067818077,0.7087674306782267,21.93966250001722
4714,512,846,"[451, 152, 631, 314]",0.8574798505996025,0.7505161734343813,21.93966250001722
4718,683,1024,"[249, 78, 616, 371]",0.8576925069955528,0.7508420563185694,21.93966250001722
4720,512,846,"[456, 61, 617, 181]",0.7012325085720965,0.5399215126653301,21.93966250001722
4723,683,1024,"[485, 147, 643, 318]",0.8092146123878355,0.6795637743007683,21.93966250001722
4725,574,839,"[387, 153, 534, 269]",0.7848809179443714,0.6459292175847913,20.747068749983555
4727,477,555,"[206, 217, 302, 321]",0.8073871014285042,0.6769900798455395,20.747068749983555
4729,500,762,"[271, 65, 371, 156]",0.8399966190517792,0.7241329058587523,20.747068749983555
4731,577,581,"[167, 68, 467, 343]",0.8641796390228577,0.7608418273814239,20.747068749983555
4733,500,762,"[322, 189, 472, 365]",0.7883035010695182,0.6505783434757976,20.747068749983555
4735,574,839,"[335, 176, 413, 262]",0.8804141136701031,0.7863747876961948,20.747068749983555
4737,500,720,"[242, 39, 460, 188]",0.8382333553065616,0.7215161143895743,20.747068749983555
4741,691,764,"[254, 115, 369, 262]",0.8084986632898042,0.6785545583375228,20.747068749983555
4742,362,480,"[215, 80, 336, 204]",0.8397768231867675,0.723806281385885,20.747068749983555
4744,512,811,"[398, 155, 491, 232]",0.8397658282742413,0.7237899458050387,20.747068749983555
4746,512,811,"[471, 229, 518, 309]",0.7675957489477289,0.6228441262622101,20.747068749983555
475,547,744,"[152, 77, 528, 376]",0.8734167623555269,0.7752793874172418,20.747068749983555
4751,574,796,"[375, 112, 472, 230]",0.8756032818533569,0.7787316235649975,20.747068749983555
4755,574,796,"[339, 164, 404, 223]",0.8144478844173076,0.6869777158785272,20.747068749983555
4759,506,837,"[440, 274, 521, 395]",0.843129561327911,0.7288020621357634,20.747068749983555
4761,664,836,"[343, 157, 423, 247]",0.8720121028745618,0.7730686695283028,20.747068749983555
4763,493,840,"[337, 175, 391, 249]",0.8679182031514114,0.7666567959734478,20.747068749983555
4767,580,857,"[438, 174, 553, 328]",0.8097862023364295,0.6803703703706071,20.747068749983555
4770,583,858,"[371, 164, 461, 239]",0.80627500526447,0.6754277650384981,20.747068749983555
4773,589,858,"[356, 182, 531, 361]",0.8201744520257379,0.6951658687456276,20.747068749983555
4775,579,854,"[330, 161, 509, 317]",0.7657349464609191,0.6203974942540806,20.747068749983555
4777,506,837,"[278, 114, 553, 386]",0.8678189648542771,0.7665019444020299,20.747068749983555
4781,431,874,"[481, 159, 578, 254]",0.8471665712651507,0.7348560079447655,20.747068749983555
4783,498,836,"[404, 216, 450, 276]",0.7761864644768992,0.634235888023707,20.747068749983555
4785,669,832,"[392, 141, 538, 302]",0.8207576804674811,0.6960042621205669,20.747068749983555
4789,587,856,"[325, 82, 533, 193]",0.7945944231196921,0.6591925890838154,20.747068749983555
479,580,746,"[216, 112, 526, 376]",0.8930024510815382,0.806688733822418,20.747068749983555
4791,555,767,"[329, 214, 401, 307]",0.8616675406398934,0.7569559609365083,20.747068749983555
4793,665,860,"[253, 180, 454, 396]",0.8042136105201081,0.6725395251153164,20.747068749983555
4796,536,995,"[505, 200, 606, 296]",0.8364714365837381,0.7189092411517437,20.747068749983555
4798,499,837,"[428, 295, 561, 435]",0.7724949920282195,0.6293212549126562,20.747068749983555
4800,669,836,"[331, 135, 384, 197]",0.8559516364397416,0.7481778425665154,20.747068749983555
4802,581,858,"[423, 143, 523, 269]",0.7176266203396248,0.5596081700713217,26.65032812501522
4806,669,838,"[268, 260, 348, 377]",0.8237513327320399,0.7003207362994,26.65032812501522
4808,620,803,"[412, 260, 546, 356]",0.8493321258773776,0.738121003443445,26.65032812501522
481,567,745,"[311, 142, 543, 354]",0.8547523427041711,0.7463471654004152,26.65032812501522
4812,523,616,"[183, 233, 254, 314]",0.8408841128344842,0.7254530130642111,26.65032812501522
4816,588,857,"[485, 184, 615, 291]",0.8611811218186997,0.7562055198752333,26.65032812501522
4818,581,858,"[324, 153, 499, 344]",0.7680165547776011,0.6233984375001471,26.65032812501522
4820,588,858,"[365, 107, 595, 321]",0.8690211797844282,0.7683797116720705,26.65032812501522
4822,540,838,"[303, 223, 355, 285]",0.7524794260397711,0.603179972937743,26.65032812501522
4824,540,838,"[384, 182, 423, 233]",0.7933817594842882,0.657525083614331,26.65032812501522
4826,412,894,"[336, 106, 509, 275]",0.7264145479817785,0.5703696966942975,26.65032812501522
4828,355,503,"[225, 134, 263, 183]",0.8709799470303784,0.7714477211811565,26.65032812501522
483,391,743,"[303, 121, 508, 286]",0.8498092128555427,0.73884195765938,26.65032812501522
4834,478,610,"[175, 90, 535, 305]",0.9125331313896322,0.8391364902507202,26.65032812501522
4849,479,616,"[351, 108, 456, 185]",0.8522998146024081,0.7426153846157806,26.65032812501522
485,587,745,"[277, 148, 449, 275]",0.8387686062246824,0.722309619530547,26.65032812501522
4862,445,487,"[151, 89, 369, 306]",0.8794821135819245,0.7848889555822868,26.65032812501522
4864,478,616,"[260, 57, 442, 209]",0.8439823911259622,0.7300774526679302,26.65032812501522
4866,479,616,"[185, 89, 467, 213]",0.8752017701362288,0.7780966816086369,26.65032812501522
4869,479,616,"[202, 137, 529, 385]",0.8986218769821414,0.8159067791539796,26.65032812501522
487,546,805,"[168, 70, 418, 280]",0.8841450359567405,0.7923476297968866,26.65032812501522
4871,479,616,"[126, 47, 519, 311]",0.9091765166292699,0.8334772128482725,26.65032812501522
4872,479,616,"[257, 103, 416, 213]",0.793066855323746,0.6570926143026853,26.65032812501522
4876,479,616,"[122, 128, 352, 240]",0.836325772499624,0.7186940749699063,26.65032812501522
4884,463,616,"[69, 110, 497, 385]",0.9011215506561618,0.8200375129699278,26.65032812501522
4888,454,611,"[178, 55, 464, 254]",0.892865730086228,0.8064656242244133,26.65032812501522
489,528,743,"[168, 83, 542, 325]",0.8541873253403156,0.7454860154990303,26.65032812501522
4899,479,616,"[173, 63, 489, 265]",0.8979918713836769,0.8148686457614521,26.65032812501522
4901,480,616,"[208, 139, 359, 246]",0.7558222603230196,0.6074873679378292,26.65032812501522
4907,479,606,"[62, 64, 466, 376]",0.8479289358959033,0.7360040212061972,26.65032812501522
491,583,746,"[80, 121, 521, 484]",0.8193259437029023,0.6939476135120093,26.65032812501522
4911,371,616,"[167, 118, 444, 270]",0.8731386427913135,0.7748412324246999,26.65032812501522
4920,479,616,"[106, 65, 412, 255]",0.8314412094194473,0.7115099523631255,24.453690625023228
4928,479,616,"[34, 57, 569, 381]",0.9044484933223734,0.8255645561249908,24.453690625023228
493,445,750,"[244, 98, 401, 192]",0.790741125181757,0.6539055793994386,24.453690625023228
4944,480,616,"[250, 204, 317, 261]",0.7825462381041793,0.642772861357986,24.453690625023228
4947,445,550,"[232, 146, 407, 275]",0.8726543997085467,0.7740788623142781,24.453690625023228
495,580,747,"[329, 57, 643, 342]",0.9001008926302246,0.8183485981570431,24.453690625023228
4958,445,550,"[254, 38, 500, 268]",0.8795847750865201,0.7850525015442105,24.453690625023228
4961,478,614,"[216, 128, 321, 197]",0.8428976439536192,0.7284555593110368,24.453690625023228
497,580,745,"[158, 86, 471, 378]",0.8978514346547046,0.8146373936198227,24.453690625023228
4978,358,595,"[204, 96, 341, 203]",0.782693909549815,0.642972146192527,24.453690625023228
499,221,592,"[0, 88, 591, 220]",0.6647539350468554,0.49785125940081504,24.453690625023228
50,575,726,"[160, 88, 494, 380]",0.8908772377314997,0.8032268997071095,24.453690625023228
5003,476,616,"[82, 67, 324, 272]",0.9026755945000272,0.8226150716922828,24.453690625023228
501,456,806,"[348, 133, 458, 218]",0.8004233444210762,0.6672548525338199,24.453690625023228
5012,480,616,"[207, 204, 394, 319]",0.8878205128205487,0.7982708933718742,24.453690625023228
5024,480,617,"[205, 152, 403, 258]",0.8311548308853823,0.7110906156330925,24.453690625023228
5037,208,585,"[163, 90, 290, 153]",0.8546044763370455,0.746121718377467,24.453690625023228
5038,479,616,"[358, 87, 542, 190]",0.8085838193510511,0.6786745324465429,24.453690625023228
5044,479,616,"[2, 36, 610, 432]",0.8895570998653706,0.801083153179264,24.453690625023228
505,582,744,"[260, 97, 441, 236]",0.8535897580509128,0.7445761794658609,24.453690625023228
507,580,743,"[222, 74, 604, 247]",0.8868215760710977,0.7966571728376937,24.453690625023228
509,580,771,"[164, 61, 559, 339]",0.9130021922369074,0.8399301136731477,24.453690625023228
51,575,726,"[155, 66, 591, 435]",0.8991262907069144,0.8167388167388304,24.453690625023228
511,589,746,"[177, 58, 497, 339]",0.849929198113907,0.7390233685787513,24.453690625023228
5145,447,553,"[185, 78, 347, 196]",0.8623621579475504,0.7580287206267898,24.453690625023228
5147,346,504,"[184, 92, 354, 205]",0.8850892823293456,0.7938656147988344,24.453690625023228
5149,445,544,"[170, 122, 327, 232]",0.7654535668447955,0.620028170903736,24.453690625023228
515,585,661,"[82, 86, 646, 544]",0.6971519069953708,0.5350983823352821,24.453690625023228
5153,480,504,"[192, 43, 361, 170]",0.8577693812833622,0.7509598913109157,24.453690625023228
5156,431,504,"[167, 94, 304, 240]",0.8486238532110643,0.7370517928288516,24.453690625023228
5158,480,508,"[170, 90, 309, 225]",0.8610999157293587,0.7560802985460326,24.453690625023228
5160,403,504,"[234, 119, 349, 186]",0.7782683816473619,0.6370207416724748,24.453690625023228
5162,348,504,"[236, 47, 300, 96]",0.817822651449039,0.6917935388054519,22.172646874992097
5164,483,615,"[312, 131, 357, 192]",0.8232951717276673,0.6996615905258051,22.172646874992097
5168,410,504,"[182, 79, 322, 224]",0.8748550342646724,0.7775487256373204,22.172646874992097
517,581,744,"[245, 90, 567, 305]",0.861971028065939,0.7574245026478178,22.172646874992097
5170,361,540,"[185, 108, 284, 174]",0.7653914067101054,0.6199466056452709,22.172646874992097
5172,480,504,"[253, 84, 328, 139]",0.8030913978497932,0.670971364402945,22.172646874992097
5176,484,632,"[207, 73, 536, 268]",0.858381906203388,0.7518993530916669,22.172646874992097
5179,483,613,"[227, 171, 274, 201]",0.841240875913133,0.7259842519706616,22.172646874992097
5181,480,616,"[230, 133, 437, 335]",0.8160431274204043,0.6892507204611847,22.172646874992097
5183,342,408,"[178, 166, 243, 256]",0.8340445162036281,0.7153313550945295,22.172646874992097
5187,318,504,"[123, 67, 314, 197]",0.8890101197458092,0.8001964154187085,22.172646874992097
5189,446,555,"[171, 90, 430, 288]",0.8768317366077618,0.7806770945962709,22.172646874992097
5193,443,544,"[261, 115, 306, 149]",0.8337193144982227,0.7148530579847907,22.172646874992097
5195,483,504,"[185, 126, 337, 244]",0.8662978723404824,0.7641318219354672,22.172646874992097
5198,312,434,"[186, 110, 308, 241]",0.8509337299620513,0.740543650223112,22.172646874992097
5200,480,616,"[43, 96, 555, 394]",0.8888750956903197,0.7999776552957097,22.172646874992097
5202,367,368,"[93, 102, 179, 169]",0.8479366873942228,0.7360157016689499,22.172646874992097
5204,366,504,"[258, 151, 300, 183]",0.8324607329851703,0.7130044843075067,22.172646874992097
5208,451,650,"[189, 100, 436, 326]",0.8891893494633352,0.8004868777894466,22.172646874992097
5210,480,504,"[256, 156, 305, 192]",0.8433734939765326,0.7291666666685475,22.172646874992097
5212,446,554,"[246, 127, 301, 168]",0.7993865030681,0.6658150229960867,22.172646874992097
5214,480,504,"[214, 183, 251, 230]",0.8326620285615794,0.7132998745312842,22.172646874992097
5216,483,507,"[162, 162, 325, 289]",0.8452493580214065,0.7319756554308685,22.172646874992097
5218,550,815,"[361, 247, 471, 307]",0.771084337349646,0.627450980392815,22.172646874992097
522,507,744,"[240, 181, 465, 394]",0.8461666793053998,0.7333526117932299,22.172646874992097
5220,424,438,"[56, 88, 402, 357]",0.8774688426037602,0.7816877391974609,22.172646874992097
5222,429,504,"[213, 107, 349, 234]",0.8606883830126774,0.7554459817487817,22.172646874992097
5224,352,435,"[97, 102, 353, 316]",0.8975108429191144,0.8140767980843637,22.172646874992097
5225,480,508,"[196, 208, 298, 288]",0.7708684467313307,0.6271651270213233,22.172646874992097
5227,369,504,"[192, 69, 325, 144]",0.8376768428891752,0.7206918641899799,22.172646874992097
5229,435,504,"[206, 128, 295, 205]",0.8249378811838435,0.7020376778167973,22.172646874992097
523,585,660,"[49, 76, 531, 475]",0.9060499417862581,0.8282370250664906,22.172646874992097
5231,483,507,"[230, 188, 271, 224]",0.7561455260582294,0.6079051383430206,25.059434374952616
5233,466,504,"[186, 129, 314, 261]",0.8310603477668637,0.7109523115067005,25.059434374952616
5235,480,504,"[201, 133, 256, 170]",0.7600000000008571,0.6129032258086814,25.059434374952616
5239,478,614,"[244, 159, 302, 221]",0.8045649072757193,0.673031026254098,25.059434374952616
5243,489,635,"[165, 147, 400, 291]",0.8679001998581936,0.7666287015946216,25.059434374952616
5247,352,434,"[41, 72, 263, 185]",0.8930534330679394,0.806771943421911,25.059434374952616
5249,579,1024,"[268, 131, 530, 385]",0.8743278957441118,0.7767163212435635,25.059434374952616
525,587,750,"[6, 162, 590, 483]",0.7815507045338476,0.6414306343661645,25.059434374952616
5251,356,408,"[83, 75, 342, 233]",0.8823125229702494,0.7894089726360938,25.059434374952616
5255,479,504,"[208, 152, 281, 202]",0.715789473684847,0.5573770491818717,25.059434374952616
5257,454,652,"[170, 72, 344, 228]",0.7994129700393756,0.6658517459293944,25.059434374952616
5259,493,815,"[402, 104, 463, 164]",0.8255093002661082,0.7028657616904115,25.059434374952616
5261,560,818,"[503, 118, 797, 353]",0.8322843764161088,0.7127457744050167,25.059434374952616
5263,466,504,"[153, 51, 404, 242]",0.8757825942366542,0.7790153307954062,25.059434374952616
5265,488,634,"[481, 188, 566, 255]",0.8783269961978631,0.7830508474580867,25.059434374952616
5267,557,815,"[335, 162, 640, 425]",0.8762095208190551,0.7796911764706206,25.059434374952616
5269,521,736,"[575, 109, 719, 223]",0.7747764884916422,0.6323552243443313,25.059434374952616
5271,352,430,"[162, 97, 258, 207]",0.8232178643001552,0.6995499330985286,25.059434374952616
5274,480,504,"[98, 93, 424, 345]",0.9355090287359817,0.8788322813345527,25.059434374952616
528,498,746,"[301, 211, 433, 281]",0.7720500358538984,0.6287308590713356,25.059434374952616
5280,480,508,"[219, 84, 322, 149]",0.8050632911394647,0.6737288135599504,25.059434374952616
5282,508,573,"[94, 75, 428, 366]",0.8684177420529647,0.7674366896035473,25.059434374952616
5286,360,504,"[206, 91, 386, 209]",0.815542006820359,0.6885360321062709,25.059434374952616
5288,480,508,"[245, 104, 291, 139]",0.7541261108770456,0.6052989130461597,25.059434374952616
529,581,770,"[252, 104, 519, 352]",0.8758283272434636,0.7790877038343288,25.059434374952616
5290,444,672,"[335, 183, 414, 261]",0.8319911748485029,0.7123158292411932,25.059434374952616
5292,482,507,"[171, 36, 398, 163]",0.810294465935157,0.6810882548110236,25.059434374952616
5294,265,435,"[188, 140, 246, 174]",0.9042064333690201,0.8251612903237087,25.059434374952616
5296,487,640,"[321, 245, 393, 328]",0.8814524741902439,0.788033099936796,25.059434374952616
5298,325,417,"[264, 176, 331, 247]",0.8374233128836849,0.7203166226920308,25.059434374952616
53,576,1160,"[568, 306, 645, 404]",0.8220684425065674,0.6978915177857752,25.059434374952616
5300,462,510,"[160, 157, 355, 284]",0.8122942445227006,0.6839187574672956,25.059434374952616
5302,480,513,"[112, 61, 362, 255]",0.8932847622275085,0.8071496006736734,24.579981249985394
5304,506,811,"[398, 151, 499, 236]",0.82654289152499,0.7043656607094867,24.579981249985394
5306,480,616,"[67, 67, 550, 408]",0.9142831521800082,0.8421009161051529,24.579981249985394
5308,460,504,"[252, 78, 318, 166]",0.8488386535835936,0.737375917134792,24.579981249985394
531,577,755,"[282, 221, 393, 377]",0.8240925740926474,0.7008141592922472,24.579981249985394
5310,352,507,"[271, 106, 336, 196]",0.7700208188760999,0.6260437824427306,24.579981249985394
5314,444,661,"[321, 146, 356, 169]",0.8789514263694761,0.7840440165091603,24.579981249985394
5318,502,689,"[447, 210, 543, 306]",0.8715857505579199,0.7723987453978285,24.579981249985394
5320,526,1000,"[393, 127, 509, 230]",0.8269366309990216,0.7049377321392779,24.579981249985394
5322,548,815,"[344, 202, 530, 360]",0.8853955132952946,0.7943584687273141,24.579981249985394
5326,566,701,"[79, 127, 632, 495]",0.827969150990825,0.7064397252775325,24.579981249985394
533,587,743,"[165, 76, 678, 462]",0.9129036324903778,0.8397632995331505,24.579981249985394
5330,482,506,"[244, 91, 368, 221]",0.8719741326575758,0.7730089866751061,24.579981249985394
5331,532,815,"[295, 198, 434, 351]",0.8367566069759147,0.7193306336352314,24.579981249985394
5342,480,504,"[165, 104, 354, 252]",0.8891332502504975,0.8003959524857895,24.579981249985394
5346,480,504,"[117, 49, 382, 235]",0.9124422722193167,0.8389828410132372,24.579981249985394
5348,480,508,"[190, 139, 260, 205]",0.8735391069825089,0.7754722000538029,24.579981249985394
535,587,751,"[65, 69, 577, 481]",0.8419564185766188,0.7270507190599488,24.579981249985394
5350,336,440,"[213, 101, 297, 157]",0.8227869124733055,0.6989277652378698,24.579981249985394
5354,351,408,"[117, 71, 279, 161]",0.7243947858474508,0.5678832116792032,24.579981249985394
5356,438,642,"[274, 112, 352, 203]",0.6826502893590614,0.5181997489698437,24.579981249985394
5358,480,513,"[246, 77, 451, 230]",0.8708372103088156,0.771223793645406,24.579981249985394
5360,489,635,"[360, 95, 464, 186]",0.866010477853734,0.7636847263058048,24.579981249985394
5362,440,504,"[137, 59, 334, 177]",0.799847162962555,0.6664544200362589,24.579981249985394
5364,602,768,"[298, 277, 398, 358]",0.795664816283553,0.6606672519759136,24.579981249985394
5366,481,512,"[130, 114, 377, 315]",0.8971757100466435,0.8135255255255703,24.579981249985394
5370,566,800,"[188, 109, 633, 438]",0.8859675494456491,0.7952798403716107,24.579981249985394
5374,340,413,"[41, 61, 389, 293]",0.9281839163144854,0.8659917782935952,24.579981249985394
5376,482,513,"[230, 136, 322, 211]",0.8249143835618311,0.7020036429877924,24.579981249985394
5378,480,616,"[100, 74, 463, 355]",0.8626080420894486,0.7584087755237165,24.579981249985394
538,502,750,"[199, 160, 378, 293]",0.8059394783070478,0.6749569755178622,24.579981249985394
5380,483,507,"[250, 71, 300, 116]",0.8457031250005023,0.7326565143839106,24.579981249985394
5383,352,435,"[259, 173, 334, 212]",0.7408993576023295,0.5884353741512153,23.49200937499063
5385,483,616,"[55, 87, 547, 406]",0.921440697192302,0.8543254828859385,23.49200937499063
5388,440,504,"[133, 56, 366, 189]",0.8604737151184592,0.7551152847763952,23.49200937499063
539,501,806,"[351, 196, 444, 265]",0.8307489277468043,0.7104966139960299,23.49200937499063
5390,487,640,"[308, 135, 404, 240]",0.7734172237516529,0.6305462939219921,23.49200937499063
5394,480,504,"[218, 129, 318, 210]",0.8213229859572974,0.6968176830228926,23.49200937499063
5396,480,508,"[248, 154, 354, 237]",0.83638330478695,0.7187790517512879,23.49200937499063
5398,480,508,"[183, 107, 269, 174]",0.792664146717356,0.6565398886835423,23.49200937499063
5402,562,702,"[345, 193, 410, 253]",0.7971631205677355,0.6627358490575981,23.49200937499063
5404,487,900,"[526, 165, 568, 224]",0.7529731566437208,0.6038147138986167,23.49200937499063
5406,480,440,"[56, 107, 362, 343]",0.8840525121496464,0.7921990252898129,23.49200937499063
5408,368,496,"[227, 105, 267, 130]",0.8616262482178201,0.7568922305794876,23.49200937499063
541,587,751,"[222, 120, 626, 394]",0.9161815930473473,0.8453275817886899,23.49200937499063
5410,480,508,"[145, 96, 397, 283]",0.8995656664261704,0.8174641948009007,23.49200937499063
5412,376,504,"[176, 86, 278, 172]",0.6349060925336292,0.46510067114183706,23.49200937499063
5416,428,587,"[95, 41, 492, 315]",0.8552034453943655,0.747035306800855,23.49200937499063
5418,480,616,"[86, 69, 523, 353]",0.8780231990612439,0.7825680516091017,23.49200937499063
5420,493,815,"[470, 143, 549, 213]",0.8650605417552552,0.762208534976326,23.49200937499063
5424,482,507,"[199, 151, 372, 299]",0.8249190848986626,0.702010452469654,23.49200937499063
5426,570,896,"[172, 67, 499, 279]",0.9028364391341174,0.8228822678194088,23.49200937499063
5428,470,619,"[154, 118, 499, 332]",0.9113564863364461,0.8371486854034715,23.49200937499063
543,587,743,"[113, 73, 586, 420]",0.8848591939905911,0.7934954843569174,23.49200937499063
5430,483,506,"[157, 56, 369, 218]",0.875174699516856,0.7780538890270233,23.49200937499063
5432,550,813,"[196, 99, 561, 395]",0.9060587827942883,0.8282518005022905,23.49200937499063
5434,327,391,"[52, 105, 277, 270]",0.8503558115893172,0.7396686906797915,23.49200937499063
5436,480,440,"[59, 83, 345, 302]",0.9102923148988,0.8353545885236907,23.49200937499063
5438,267,435,"[179, 81, 267, 149]",0.7626362735384506,0.6163396075298031,23.49200937499063
5440,483,504,"[177, 130, 296, 215]",0.8328021764478564,0.713505594033413,23.49200937499063
5442,443,544,"[240, 67, 373, 150]",0.8128830178402473,0.6847539291044111,23.49200937499063
5444,362,504,"[155, 154, 284, 264]",0.8761584633854136,0.779610323021894,23.49200937499063
5446,546,695,"[235, 176, 440, 310]",0.8129602356406973,0.6848635235733407,23.49200937499063
5448,666,727,"[174, 31, 657, 328]",0.8839145488292456,0.7919774851486898,23.49200937499063
545,534,521,"[159, 90, 456, 397]",0.8092291865677265,0.6795843309555353,23.257556250086964
5450,420,486,"[128, 62, 364, 232]",0.8900319802365708,0.8018537150523487,23.257556250086964
5452,440,486,"[55, 130, 379, 281]",0.906840440147736,0.8295590812656052,23.257556250086964
5454,495,768,"[319, 201, 577, 403]",0.879584819980554,0.7850525730696686,23.257556250086964
5456,408,560,"[71, 92, 380, 299]",0.8306870140644155,0.7104060453068504,23.257556250086964
5458,421,551,"[171, 141, 399, 307]",0.89246738473572,0.8058158942098453,23.257556250086964
5460,408,485,"[129, 65, 330, 222]",0.8531484637708201,0.743904888139236,23.257556250086964
5466,587,778,"[106, 74, 695, 452]",0.8261560915404489,0.7038040454838945,23.257556250086964
5468,586,858,"[252, 78, 755, 331]",0.8745453507738831,0.7770596099765085,23.257556250086964
547,583,746,"[61, 58, 533, 462]",0.821578761622371,0.6971859763436334,23.257556250086964
5472,547,813,"[348, 168, 566, 388]",0.831343713956195,0.7113671691875667,23.257556250086964
5475,580,857,"[333, 166, 462, 272]",0.8409583694710315,0.7255635581332657,23.257556250086964
5478,370,753,"[19, 108, 583, 369]",0.8937599987781963,0.8079259453564115,23.257556250086964
5480,458,743,"[178, 72, 501, 352]",0.8717417572932945,0.7726438188494794,23.257556250086964
5482,582,742,"[306, 237, 501, 422]",0.8291814209687459,0.7082065794129083,23.257556250086964
5484,587,753,"[200, 78, 452, 254]",0.8766737579777443,0.7804266696374478,23.257556250086964
5486,582,592,"[77, 87, 561, 519]",0.7448817064654142,0.5934753005373997,23.257556250086964
5488,487,743,"[363, 101, 459, 203]",0.8331208160664384,0.7139735008882475,23.257556250086964
549,589,744,"[43, 76, 667, 521]",0.8749907285808429,0.7777631267670175,23.257556250086964
5490,580,742,"[305, 78, 586, 301]",0.9060113355362599,0.8281725076012506,23.257556250086964
5492,589,745,"[298, 232, 513, 391]",0.864953733954458,0.7620427112350002,23.257556250086964
5494,528,743,"[303, 163, 466, 317]",0.8153562726570942,0.6882712952745619,23.257556250086964
5496,589,750,"[164, 80, 556, 409]",0.8806642566428196,0.786773996872009,23.257556250086964
5498,587,742,"[92, 70, 734, 443]",0.8641995087044787,0.7608726315294673,23.257556250086964
55,586,858,"[236, 84, 729, 336]",0.8494620106937835,0.7383172208038347,23.257556250086964
5502,580,770,"[237, 65, 497, 295]",0.8509123686917303,0.7405112939236598,23.257556250086964
5504,547,744,"[135, 77, 543, 391]",0.8757876947016485,0.7790234020514809,23.257556250086964
5509,580,746,"[217, 103, 534, 368]",0.8918500814418986,0.8048099508073501,23.257556250086964
551,589,745,"[336, 243, 508, 398]",0.8855238603039495,0.7945651133863771,23.257556250086964
5512,391,743,"[298, 117, 531, 293]",0.8926153593967884,0.8060571969921826,23.257556250086964
5514,587,745,"[299, 152, 446, 281]",0.7671410584151371,0.6222456053480923,23.257556250086964
5516,528,743,"[174, 81, 541, 318]",0.854020382385488,0.7452317382077435,23.257556250086964
5518,583,746,"[74, 113, 543, 471]",0.8559632641024616,0.748195610546489,25.074340624996694
5520,445,750,"[251, 95, 412, 183]",0.8137670909949113,0.6860095389509927,25.074340624996694
5522,580,747,"[335, 60, 641, 330]",0.8909823448763223,0.8033978005309361,25.074340624996694
5524,580,745,"[161, 80, 467, 385]",0.8992805245436895,0.8169933798717425,25.074340624996694
5526,221,592,"[2, 76, 591, 220]",0.6275423129508625,0.45723982522198225,25.074340624996694
553,582,766,"[306, 61, 571, 363]",0.8464064702952455,0.7337129140381824,25.074340624996694
5530,582,752,"[213, 58, 547, 382]",0.8285245069896104,0.7072486893093564,25.074340624996694
5532,582,744,"[271, 103, 440, 236]",0.8401192288179097,0.7243151621194575,25.074340624996694
5534,580,743,"[190, 77, 601, 245]",0.8709413926894148,0.7713872309640493,25.074340624996694
5536,580,771,"[166, 70, 554, 327]",0.8868617663371579,0.7967220418068869,25.074340624996694
5545,587,750,"[17, 167, 597, 489]",0.7832378874647838,0.6437066698541929,25.074340624996694
5546,581,770,"[238, 84, 529, 368]",0.8911582296977066,0.8036838560426655,25.074340624996694
5548,577,755,"[289, 236, 408, 368]",0.8297700323392788,0.7090657864437637,25.074340624996694
5550,587,743,"[169, 76, 662, 464]",0.9073659261237533,0.8304389802752286,25.074340624996694
5554,501,806,"[338, 200, 462, 326]",0.8633668826693031,0.7595827268318296,25.074340624996694
5556,586,746,"[170, 85, 569, 405]",0.858692758962136,0.7523765100984419,25.074340624996694
5558,587,751,"[227, 120, 620, 395]",0.9103219077586717,0.8354044320431053,25.074340624996694
5560,588,746,"[17, 91, 603, 387]",0.9136391122726324,0.8410088420837221,25.074340624996694
5564,583,746,"[79, 75, 535, 456]",0.840776219950446,0.7252924193070942,25.074340624996694
5568,582,766,"[306, 92, 576, 371]",0.9028507833233539,0.8229061002824914,25.074340624996694
557,612,674,"[269, 142, 404, 285]",0.8309039010466867,0.7107233543852395,25.074340624996694
5572,585,746,"[230, 103, 587, 320]",0.9126169804938625,0.8392783077561434,25.074340624996694
5574,580,743,"[139, 76, 616, 425]",0.8675417611449786,0.7660695391488532,25.074340624996694
5578,541,806,"[169, 91, 607, 396]",0.9087196986398579,0.8327097057531987,25.074340624996694
5580,547,805,"[360, 178, 470, 309]",0.7903481012659265,0.6533682145195769,25.074340624996694
5582,608,588,"[110, 104, 467, 367]",0.9093036941925535,0.8336910002820663,25.074340624996694
5584,584,660,"[127, 105, 573, 467]",0.8348685175826214,0.7165444674539851,25.074340624996694
5586,580,752,"[376, 233, 479, 313]",0.8091038884691282,0.6794076163615241,25.074340624996694
5589,548,806,"[311, 144, 520, 253]",0.8330950214481239,0.7139356132339791,25.074340624996694
559,581,749,"[114, 61, 426, 301]",0.8849709854306148,0.7936752980122239,25.074340624996694
5591,589,750,"[230, 91, 643, 284]",0.888490712536592,0.7993551853842329,25.074340624996694
5593,588,747,"[187, 126, 460, 380]",0.892854401719252,0.806447140381316,25.074340624996694
5597,471,743,"[283, 181, 449, 307]",0.8630555161153404,0.7591008429598757,19.013749999999163
5601,487,592,"[169, 106, 557, 409]",0.8868948696860618,0.7967754756785058,19.013749999999163
5603,381,355,"[0, 68, 335, 292]",0.872065011402702,0.7731518396173007,19.013749999999163
5607,381,355,"[135, 54, 266, 132]",0.8576237901529965,0.750736738703646,19.013749999999163
5609,512,676,"[299, 89, 395, 176]",0.8529239030121211,0.7435634874199187,19.013749999999163
561,587,743,"[180, 209, 611, 510]",0.9063161380422464,0.828682007266615,19.013749999999163
5613,642,920,"[418, 114, 748, 407]",0.9206105299262617,0.8528993059969173,19.013749999999163
5615,733,920,"[457, 228, 555, 300]",0.8674182638107469,0.7658769659570658,19.013749999999163
5617,642,920,"[175, 242, 304, 328]",0.8473037161219285,0.7350624166770875,19.013749999999163
5621,733,920,"[528, 271, 727, 475]",0.8185292612182531,0.6928053605985349,19.013749999999163
5627,744,940,"[436, 338, 626, 477]",0.8248637098321167,0.7019302499068902,19.013749999999163
563,586,746,"[170, 88, 575, 406]",0.8224899773400829,0.6984993431156951,19.013749999999163
5632,446,432,"[134, 85, 357, 280]",0.8735268408837639,0.7754528670431127,19.013749999999163
5634,477,609,"[180, 141, 339, 275]",0.8286997433704631,0.7075041080885476,19.013749999999163
5637,612,674,"[276, 149, 415, 278]",0.7850371509096485,0.6461408688319653,19.013749999999163
5639,580,745,"[200, 76, 478, 269]",0.7828206254516907,0.6431431897556128,19.013749999999163
5643,585,661,"[215, 127, 469, 314]",0.896488198042617,0.8123956594324363,19.013749999999163
5645,585,661,"[63, 88, 578, 550]",0.8739246250986613,0.7760800427548964,19.013749999999163
5647,581,744,"[240, 82, 570, 324]",0.8746206980021375,0.7771785889872516,19.013749999999163
5649,502,750,"[205, 162, 432, 296]",0.7588294075660932,0.6113820390137967,19.013749999999163
565,609,589,"[84, 90, 508, 424]",0.9116000160621824,0.8375597478089187,19.013749999999163
5651,589,744,"[30, 81, 669, 520]",0.875336568446996,0.7783097981929427,19.013749999999163
5658,482,507,"[148, 101, 233, 196]",0.8235072163005155,0.6999679281595574,19.013749999999163
5666,444,592,"[232, 69, 475, 246]",0.844923919169174,0.7314876770381032,19.013749999999163
5668,480,504,"[128, 69, 381, 242]",0.8166846652268128,0.690166552589639,19.013749999999163
567,585,746,"[244, 95, 584, 331]",0.919855814580252,0.8516046533387625,19.013749999999163
5670,404,504,"[113, 68, 372, 249]",0.7873176880139566,0.6492365562128117,19.013749999999163
5672,480,504,"[234, 127, 328, 192]",0.8732572877061175,0.7750281214853205,19.013749999999163
5674,480,508,"[111, 41, 416, 292]",0.9209567720406618,0.8534938621341118,19.013749999999163
5678,314,435,"[59, 120, 149, 195]",0.7842558983668508,0.6450830378808639,19.013749999999163
5680,525,812,"[402, 91, 545, 280]",0.8205981002847261,0.6957747825257166,19.013749999999163
5686,502,488,"[135, 173, 266, 289]",0.8304012650722324,0.7099881696808265,19.013749999999163
5688,504,448,"[122, 133, 273, 214]",0.8136138761400646,0.6857918006434025,20.15027187508167
569,587,744,"[215, 59, 532, 331]",0.9042949038943103,0.825308659335739,20.15027187508167
5690,338,450,"[109, 88, 297, 222]",0.890873494783734,0.8032208143922027,20.15027187508167
5694,347,504,"[253, 69, 364, 152]",0.8793934128426827,0.7847476740910844,20.15027187508167
5696,480,504,"[162, 157, 216, 214]",0.8454525239051691,0.7322804314340051,20.15027187508167
5698,480,504,"[354, 119, 404, 152]",0.7964365256133789,0.6617320503355905,20.15027187508167
57,564,712,"[134, 84, 603, 422]",0.9110111915408787,0.8365661652941433,20.15027187508167
5702,480,508,"[194, 111, 296, 190]",0.7659255089597842,0.6206477117232467,20.15027187508167
5704,480,616,"[62, 82, 399, 283]",0.8430924469506017,0.7287466009953776,20.15027187508167
5706,483,504,"[199, 76, 286, 160]",0.8162853975614065,0.6895964583693349,20.15027187508167
5708,394,504,"[140, 82, 306, 233]",0.881899661165187,0.7887482281637477,20.15027187508167
5710,791,784,"[211, 97, 644, 457]",0.91051518805438,0.8357300423751421,20.15027187508167
5715,566,912,"[287, 135, 435, 244]",0.817260202755473,0.6909890109892374,20.15027187508167
5718,483,507,"[145, 102, 300, 262]",0.8734826749062368,0.7753832590489419,20.15027187508167
5720,482,504,"[114, 166, 352, 386]",0.9044352062026697,0.8255424154949657,20.15027187508167
5724,480,504,"[119, 80, 410, 303]",0.923075386520722,0.8571402073711615,20.15027187508167
5726,481,437,"[209, 94, 406, 272]",0.8234548335975016,0.6998922413794182,20.15027187508167
573,580,743,"[145, 68, 626, 420]",0.8615696260199697,0.7568048478958561,20.15027187508167
5730,431,504,"[175, 96, 366, 245]",0.897686978983234,0.8143666652465534,20.15027187508167
5732,480,508,"[176, 141, 266, 212]",0.8149409627613363,0.6876796321140302,20.15027187508167
5734,480,504,"[133, 71, 336, 247]",0.849763830606773,0.7387733521326264,20.15027187508167
5736,482,504,"[197, 126, 343, 273]",0.8740492016720777,0.7762765504231172,20.15027187508167
5738,482,504,"[103, 52, 330, 213]",0.8028104536136218,0.6705792378800058,20.15027187508167
5740,483,614,"[245, 155, 273, 192]",0.7457627118662022,0.59459459459916,20.15027187508167
5742,481,504,"[221, 85, 287, 133]",0.8480074142728267,0.7361222847959126,20.15027187508167
5744,223,368,"[60, 17, 211, 116]",0.9003648366921906,0.8187850541118423,20.15027187508167
5746,343,504,"[206, 129, 264, 169]",0.8342337219225641,0.7156097560989483,20.15027187508167
5748,480,504,"[27, 161, 166, 257]",0.8310690742334015,0.710965084347086,20.15027187508167
575,547,805,"[353, 178, 470, 313]",0.7977549287803991,0.6635543350336104,20.15027187508167
5751,343,504,"[263, 131, 313, 169]",0.8400000000005926,0.7241379310362444,20.15027187508167
5753,480,618,"[229, 123, 396, 268]",0.8227777433162264,0.6989145326168728,20.15027187508167
5755,483,507,"[142, 124, 313, 274]",0.8363279973865196,0.7186973610332591,20.15027187508167
5757,338,504,"[72, 69, 170, 164]",0.8105046343976909,0.6813852813857412,20.264750000023923
5759,480,504,"[168, 73, 324, 199]",0.8386826681552335,0.7221821677483043,20.264750000023923
5761,480,508,"[166, 68, 349, 209]",0.8551980522030906,0.7470270764728563,20.264750000023923
5763,483,506,"[231, 93, 374, 218]",0.8879433752187498,0.7984695701925206,20.264750000023923
5765,663,727,"[76, 144, 444, 492]",0.8525671265787766,0.7430213534293707,20.264750000023923
5767,371,504,"[33, 107, 182, 226]",0.854824233358319,0.7464567957679142,20.264750000023923
5769,340,504,"[145, 61, 361, 197]",0.8483167602426552,0.7365886130473269,20.264750000023923
577,608,588,"[122, 98, 479, 373]",0.9133152086998296,0.8404601003084791,20.264750000023923
5773,480,508,"[225, 84, 314, 157]",0.7895697522818911,0.6523050409313823,20.264750000023923
5777,480,508,"[125, 121, 394, 362]",0.9027523303196966,0.8227425359515617,20.264750000023923
5781,550,817,"[163, 72, 610, 404]",0.8849444724343042,0.7936326492782438,20.264750000023923
5783,480,508,"[294, 124, 402, 242]",0.8403171007928424,0.7246093750002689,20.264750000023923
5785,480,616,"[102, 65, 513, 315]",0.8640683972361916,0.7606693881338126,20.264750000023923
5787,273,459,"[138, 46, 286, 174]",0.923966526595581,0.8586782376502946,20.264750000023923
5789,483,507,"[218, 144, 270, 195]",0.8391856004725902,0.7229283172357757,20.264750000023923
579,584,660,"[119, 103, 562, 459]",0.8660776748648015,0.7637892434665204,20.264750000023923
5791,483,504,"[151, 78, 392, 240]",0.8756677594901103,0.7788336293665546,20.264750000023923
5793,483,504,"[139, 54, 403, 277]",0.9041210059804814,0.8250190129699646,20.264750000023923
5795,480,508,"[225, 94, 326, 189]",0.8029450694905668,0.6707671043542905,20.264750000023923
5797,480,508,"[213, 139, 243, 169]",0.8127159640648741,0.6845168800968042,20.264750000023923
5799,493,685,"[128, 0, 621, 281]",0.9004427158015531,0.8189138744671808,20.264750000023923
5803,483,506,"[214, 73, 261, 122]",0.8172426077669496,0.6909638554235484,20.264750000023923
5805,483,507,"[183, 167, 224, 206]",0.7781659388655975,0.636883488208457,20.264750000023923
5809,480,504,"[220, 116, 296, 207]",0.8566948886799868,0.7493143170602499,20.264750000023923
5811,374,504,"[163, 89, 341, 255]",0.8912336195210367,0.8038064963117725,20.264750000023923
5813,480,504,"[170, 89, 344, 202]",0.8491791826755679,0.7378900084983988,20.264750000023923
5815,480,504,"[105, 66, 459, 287]",0.9139209766342943,0.8414866294002354,20.264750000023923
5817,397,504,"[232, 82, 348, 234]",0.8564937172532775,0.7490065688105191,20.264750000023923
582,580,752,"[376, 233, 472, 301]",0.8131604749974799,0.6851477877736641,20.264750000023923
5821,480,508,"[230, 82, 313, 164]",0.8381690583431044,0.7214208438519267,20.264750000023923
5824,487,614,"[15, 98, 162, 242]",0.8151280564745029,0.6879461201935944,20.264750000023923
583,587,752,"[355, 146, 431, 210]",0.8381694817383598,0.7214214711736545,20.264750000023923
5830,457,680,"[301, 182, 386, 241]",0.8217278243284863,0.6974006866118259,25.340721875068084
5832,443,544,"[197, 98, 358, 270]",0.8569439610163948,0.7496954933009615,25.340721875068084
5834,480,504,"[118, 81, 303, 227]",0.8954738878143403,0.8107312972822402,25.340721875068084
5836,536,812,"[310, 106, 551, 290]",0.8782514280319316,0.7829307297366151,25.340721875068084
5838,453,559,"[190, 135, 418, 307]",0.8569999666589109,0.7497812262995889,25.340721875068084
5840,480,587,"[84, 61, 484, 315]",0.8721511768908666,0.7732873050189724,25.340721875068084
5842,502,923,"[204, 147, 691, 336]",0.8660821854179767,0.7637962595527639,25.340721875068084
5844,483,615,"[197, 170, 262, 223]",0.87585492228005,0.7791297935111389,25.340721875068084
5846,487,616,"[281, 164, 385, 236]",0.8020282186951035,0.6694884063311198,25.340721875068084
5848,480,504,"[77, 66, 406, 290]",0.9158507587943286,0.844764469673782,25.340721875068084
5850,604,654,"[200, 156, 542, 345]",0.9067947609173702,0.8294826337260609,25.340721875068084
5854,487,640,"[291, 203, 340, 278]",0.8386678200695531,0.7221601489768262,25.340721875068084
5856,441,504,"[141, 78, 372, 202]",0.8775692151996632,0.7818470653901585,25.340721875068084
5858,480,504,"[180, 127, 279, 204]",0.7764753435733867,0.6346217376946901,25.340721875068084
5860,480,504,"[335, 125, 421, 182]",0.8661745827986743,0.7639399943397568,25.340721875068084
5864,567,862,"[260, 128, 499, 325]",0.87088362506443,0.771296603606657,25.340721875068084
5866,480,504,"[185, 86, 266, 166]",0.8665644171780602,0.7645466847095215,25.340721875068084
5869,483,507,"[166, 59, 386, 226]",0.8724312447094227,0.7737277577229742,25.340721875068084
587,548,806,"[292, 141, 529, 278]",0.8447052958372397,0.7311600172610996,25.340721875068084
5871,482,507,"[131, 138, 208, 194]",0.8336489898992524,0.7147496617057787,25.340721875068084
5873,623,496,"[177, 188, 353, 331]",0.8468201872377471,0.7343349041199392,25.340721875068084
5875,344,504,"[198, 51, 346, 161]",0.8959508795221142,0.8115136028860578,25.340721875068084
5877,419,504,"[148, 43, 303, 142]",0.8747304266292195,0.7773518873429069,25.340721875068084
5883,352,435,"[154, 110, 330, 278]",0.8926320951330409,0.8060844920734186,25.340721875068084
5885,480,813,"[484, 223, 528, 263]",0.8489483747615719,0.7375415282409465,25.340721875068084
5887,338,434,"[116, 79, 347, 274]",0.853462107150745,0.744381945397244,25.340721875068084
5889,488,640,"[288, 160, 418, 263]",0.7785326086957776,0.6373748609569545,25.340721875068084
5893,444,553,"[239, 155, 266, 186]",0.8022239872930722,0.6697612732139289,25.340721875068084
5895,434,504,"[72, 190, 171, 252]",0.7535112359553446,0.6045070422542639,25.340721875068084
5899,488,634,"[257, 223, 329, 297]",0.8241621845265147,0.7009148486988015,25.340721875068084
59,442,812,"[439, 104, 687, 291]",0.8256603095177717,0.703084734518995,25.340721875068084
5901,495,720,"[265, 189, 316, 252]",0.852444639333803,0.7428353076051095,25.340721875068084
5903,483,506,"[210, 147, 255, 192]",0.8352520841610351,0.7171097477865227,24.810303125036626
5905,280,436,"[160, 82, 266, 195]",0.8202936257202377,0.6953371140519897,24.810303125036626
5907,483,507,"[179, 118, 343, 217]",0.8168877099912393,0.6904566175923396,24.810303125036626
5910,480,508,"[188, 109, 291, 184]",0.8254653913403008,0.7028021015767026,24.810303125036626
5912,291,437,"[153, 73, 328, 215]",0.8855316358868197,0.79457763396588,24.810303125036626
5914,434,504,"[223, 111, 331, 190]",0.7745467600073824,0.632049216347397,24.810303125036626
5918,483,507,"[205, 109, 236, 149]",0.8530430479967687,0.7437446074224009,24.810303125036626
592,580,746,"[177, 173, 360, 310]",0.8336527970275623,0.7147552588998206,24.810303125036626
5922,426,504,"[176, 111, 313, 185]",0.7699400645460505,0.6259370314847252,24.810303125036626
5924,480,504,"[193, 154, 381, 305]",0.9198349002522541,0.8515688022757816,24.810303125036626
5926,585,759,"[293, 219, 430, 343]",0.7893623723170637,0.6520220041632084,24.810303125036626
5928,480,616,"[430, 157, 553, 272]",0.8416695756246738,0.7266230411574595,24.810303125036626
593,458,750,"[306, 147, 389, 244]",0.8242228348704019,0.7010025873226051,24.810303125036626
5930,557,816,"[373, 187, 428, 216]",0.800526085051291,0.6673976608211448,24.810303125036626
5932,482,507,"[185, 98, 279, 169]",0.7779469334495672,0.6365901405950586,24.810303125036626
5934,480,508,"[207, 142, 258, 190]",0.780269058296621,0.6397058823547073,24.810303125036626
5940,487,613,"[311, 119, 422, 201]",0.806974459725109,0.67641004528657,24.810303125036626
5944,579,1024,"[279, 200, 461, 339]",0.8152104640223924,0.6880635245903237,24.810303125036626
5946,480,440,"[144, 112, 292, 242]",0.8618764098961348,0.7572783987524322,24.810303125036626
5948,481,514,"[200, 116, 237, 140]",0.7452229299383343,0.5939086294467778,24.810303125036626
595,588,747,"[179, 118, 456, 372]",0.8859316689328082,0.7952220202545148,24.810303125036626
5950,480,504,"[221, 97, 281, 151]",0.8395009515757254,0.723396501458734,24.810303125036626
5952,456,608,"[59, 231, 229, 383]",0.8672001646810933,0.7655369798292906,24.810303125036626
5956,393,504,"[251, 169, 289, 194]",0.7823439878250963,0.6425000000044687,24.810303125036626
5958,488,640,"[290, 213, 394, 301]",0.8319766943708063,0.7122946009393892,24.810303125036626
5960,424,504,"[40, 111, 152, 205]",0.7489457831327192,0.598651739497293,24.810303125036626
5963,344,434,"[216, 82, 376, 221]",0.8985343520528293,0.8157624831310036,24.810303125036626
5965,453,504,"[366, 139, 409, 184]",0.8891838088922057,0.8004778972532827,24.810303125036626
5967,407,476,"[224, 113, 346, 216]",0.8385817588057858,0.7220325366542256,24.810303125036626
5969,351,454,"[196, 109, 310, 185]",0.8518485837820067,0.7419305256690103,24.810303125036626
597,535,750,"[207, 54, 587, 386]",0.8836715270511216,0.7915873763542354,24.810303125036626
5972,481,506,"[182, 80, 337, 294]",0.8894233660032691,0.8008662696264931,24.810303125036626
5974,480,504,"[153, 149, 324, 285]",0.819380519965226,0.694025919292122,20.598709375008184
5976,452,504,"[213, 126, 372, 225]",0.8297947943502577,0.7091019509605184,20.598709375008184
5978,487,615,"[177, 164, 280, 249]",0.8347022587270408,0.7162995594717823,20.598709375008184
5981,471,784,"[329, 113, 520, 218]",0.8460343354308063,0.7331538202627175,20.598709375008184
5985,330,449,"[247, 108, 298, 157]",0.8018946781838899,0.6693023255829335,20.598709375008184
5988,604,822,"[451, 203, 535, 300]",0.8448958512654116,0.7314456035771514,20.598709375008184
5990,565,864,"[153, 135, 608, 503]",0.7994717728623391,0.6659333406666162,20.598709375008184
5996,444,544,"[310, 156, 373, 189]",0.8278249921314831,0.7062298603667764,20.598709375008184
5998,480,508,"[0, 54, 274, 245]",0.7599396804222719,0.6128247702346501,20.598709375008184
6,600,542,"[83, 109, 444, 399]",0.9090151580134113,0.8332060382783906,20.598709375008184
6000,547,815,"[253, 259, 411, 376]",0.835730328224187,0.7178150805470978,20.598709375008184
6002,427,504,"[291, 68, 338, 102]",0.8030919446712649,0.6709721278064517,20.598709375008184
6006,480,504,"[193, 106, 323, 202]",0.7959862177357214,0.6611105532687407,20.598709375008184
6008,483,506,"[135, 61, 352, 243]",0.852513026195661,0.742939175483025,20.598709375008184
601,582,745,"[135, 89, 509, 403]",0.8603446960199786,0.7549165901438863,20.598709375008184
6010,408,504,"[206, 63, 278, 134]",0.8570205479454095,0.7498127340830217,20.598709375008184
6012,480,507,"[214, 82, 247, 113]",0.7965616045859845,0.6619047619087869,20.598709375008184
6014,469,815,"[264, 150, 428, 294]",0.7899289864429342,0.6527955612464508,20.598709375008184
6016,400,504,"[186, 84, 319, 151]",0.814368408532381,0.6868646334942659,20.598709375008184
6018,352,504,"[223, 99, 314, 194]",0.8240782273258958,0.7007934086058883,20.598709375008184
6020,481,508,"[124, 112, 348, 263]",0.8676141807729424,0.7661824848400204,20.598709375008184
6023,319,504,"[241, 119, 281, 152]",0.8265957446817734,0.7044424297397603,20.598709375008184
6025,336,504,"[170, 109, 231, 197]",0.7972270363954401,0.6628242074936052,20.598709375008184
6027,564,1125,"[477, 211, 549, 265]",0.7931099753931609,0.6571518193235346,20.598709375008184
6029,416,464,"[165, 93, 410, 279]",0.9243736765393499,0.8593817912203463,20.598709375008184
603,487,592,"[242, 113, 361, 209]",0.7801294149367888,0.6395181788046861,20.598709375008184
6031,483,507,"[235, 71, 306, 102]",0.7418496340660617,0.589635113698627,20.598709375008184
6033,539,815,"[285, 219, 551, 393]",0.8140589935259184,0.6864245262470905,20.598709375008184
6035,480,504,"[73, 88, 423, 393]",0.8920174890693384,0.8050826436963261,20.598709375008184
6043,528,815,"[321, 85, 614, 242]",0.8848486632905599,0.7934785478548401,20.598709375008184
6045,483,509,"[214, 124, 293, 197]",0.8110101409195166,0.6821001329205093,20.598709375008184
6049,483,615,"[133, 130, 313, 277]",0.8818201540297533,0.7886210408886897,20.598709375008184
605,547,809,"[203, 88, 505, 251]",0.8607051762940944,0.755471857139159,20.551181250084483
6051,517,815,"[304, 110, 472, 248]",0.8100077679959186,0.6806832399501275,20.551181250084483
6053,377,504,"[225, 162, 334, 260]",0.8577348960695087,0.7509070294787404,20.551181250084483
6057,557,816,"[331, 255, 478, 368]",0.8632622207291016,0.7594207181913999,20.551181250084483
6059,525,815,"[376, 181, 467, 244]",0.7931953789516399,0.6572690932050131,20.551181250084483
6061,347,439,"[107, 94, 350, 211]",0.8086148311013871,0.6787182283366837,20.551181250084483
6063,480,504,"[166, 96, 339, 249]",0.8256545887331855,0.7030764379984221,20.551181250084483
6065,475,700,"[291, 176, 427, 285]",0.8072746167836803,0.6768319247192848,20.551181250084483
6067,483,506,"[162, 88, 258, 164]",0.824780487805049,0.7018097293712405,20.551181250084483
6069,287,506,"[199, 66, 287, 132]",0.8182403709908306,0.6923915413130752,20.551181250084483
6071,446,812,"[457, 173, 539, 257]",0.8593236510125523,0.7533457249075216,20.551181250084483
6073,437,505,"[207, 103, 392, 262]",0.9129597401090815,0.8398582589762883,20.551181250084483
6077,480,616,"[111, 69, 477, 290]",0.8988268324476163,0.8162447641595595,20.551181250084483
6079,523,816,"[453, 194, 532, 318]",0.8259942659708697,0.7035691922358127,20.551181250084483
6081,549,815,"[258, 141, 522, 340]",0.8652550774001849,0.7625106402043451,20.551181250084483
6083,480,508,"[243, 111, 353, 187]",0.8271358606930644,0.70522734302551,20.551181250084483
6089,478,505,"[167, 118, 238, 167]",0.8050185109012649,0.6736660929443247,20.551181250084483
609,326,384,"[118, 42, 314, 211]",0.8873820640486879,0.7975622496953517,20.551181250084483
6095,538,826,"[259, 66, 508, 272]",0.8582355521438948,0.7516747905011762,20.551181250084483
6099,537,487,"[137, 58, 452, 341]",0.9063565068272064,0.8287495079386132,20.551181250084483
61,547,813,"[206, 181, 514, 451]",0.8216089418725921,0.6972294436604476,20.551181250084483
6103,565,698,"[197, 87, 568, 337]",0.9217585125603149,0.8548720516672631,20.551181250084483
6105,574,781,"[310, 127, 519, 265]",0.8544899452476838,0.7459471365639886,20.551181250084483
6107,501,699,"[198, 89, 611, 332]",0.917383506906213,0.8473762525865653,20.551181250084483
611,479,502,"[40, 80, 476, 301]",0.9051130408743883,0.8266725923900236,20.551181250084483
6111,559,960,"[350, 87, 637, 255]",0.8167552129718059,0.6902673241630704,20.551181250084483
6113,501,699,"[220, 64, 477, 244]",0.8231622306717644,0.6994695888641396,20.551181250084483
6115,501,699,"[240, 90, 437, 257]",0.8018651199818487,0.6692611435949316,20.551181250084483
6117,566,781,"[145, 158, 740, 506]",0.9038193085643891,0.8245167203052162,20.551181250084483
6119,551,1024,"[200, 107, 545, 302]",0.8495932017657369,0.7385154565061577,20.551181250084483
6123,579,1024,"[231, 144, 619, 379]",0.9119773189449217,0.8381969740378671,20.551181250084483
6125,549,1024,"[236, 149, 498, 381]",0.8701965965423546,0.7702194858673949,20.551181250084483
6127,549,1024,"[279, 134, 493, 295]",0.8611613859875137,0.7561750852066954,21.54811249999966
6129,578,1024,"[303, 60, 559, 227]",0.7892324234593218,0.651844696497678,21.54811249999966
6131,549,1024,"[240, 116, 569, 316]",0.8750013498774446,0.7777799109200242,21.54811249999966
6133,579,1024,"[277, 167, 489, 366]",0.8507179626117836,0.7402168788308169,21.54811249999966
6141,550,1024,"[303, 111, 553, 290]",0.7854126679462946,0.6466498103667261,21.54811249999966
6145,579,1024,"[250, 171, 531, 362]",0.8370087569414998,0.7197034044214505,21.54811249999966
6149,585,859,"[179, 86, 705, 469]",0.8927104895859357,0.8062123601731931,21.54811249999966
615,579,1024,"[181, 97, 604, 482]",0.8767605198657134,0.780564194343403,21.54811249999966
6151,566,796,"[166, 100, 520, 380]",0.8973231133610154,0.8137679534538121,21.54811249999966
6153,664,758,"[94, 78, 668, 577]",0.8498060233770808,0.738837135864856,21.54811249999966
6155,574,796,"[353, 180, 541, 385]",0.8193023865722893,0.6939138160818461,21.54811249999966
6157,574,832,"[123, 93, 694, 462]",0.8436506452216248,0.7295811094937888,21.54811249999966
6159,580,858,"[293, 108, 801, 472]",0.8341559045868264,0.7154952432050645,21.54811249999966
6161,477,609,"[198, 87, 372, 249]",0.8594218843769105,0.7534967334591338,21.54811249999966
6163,478,505,"[162, 92, 370, 324]",0.8504800301650592,0.7398566814695853,21.54811249999966
6165,478,503,"[236, 88, 299, 144]",0.8593590528682193,0.7534001431648053,21.54811249999966
6169,478,503,"[101, 49, 455, 305]",0.9256464487958023,0.8615845759138541,21.54811249999966
6171,478,505,"[149, 68, 364, 218]",0.8262134365623323,0.7038872843651144,21.54811249999966
6173,478,503,"[82, 144, 368, 322]",0.7467099016987647,0.5957997296164291,21.54811249999966
6175,478,503,"[100, 66, 399, 306]",0.9266991743975279,0.8634104738318441,21.54811249999966
6177,478,505,"[88, 108, 385, 301]",0.8471088535822046,0.7347691551056917,21.54811249999966
6179,548,813,"[351, 176, 503, 274]",0.767563717759695,0.6228019483202981,21.54811249999966
6183,477,609,"[226, 79, 439, 300]",0.88921107742778,0.8005220968252821,21.54811249999966
6185,478,503,"[210, 201, 346, 295]",0.8714594405186757,0.7722003725939016,21.54811249999966
6187,566,832,"[232, 112, 480, 301]",0.865967928196602,0.7636185516513023,21.54811249999966
6189,545,797,"[122, 97, 573, 370]",0.8801368165369613,0.7859324509760713,21.54811249999966
619,479,616,"[155, 29, 351, 185]",0.8767487750260788,0.7805455765663494,21.54811249999966
6191,567,798,"[252, 89, 682, 436]",0.8917470813285715,0.8046422132572455,21.54811249999966
6193,574,796,"[323, 166, 512, 276]",0.8078452362747333,0.6776345327434561,21.54811249999966
6195,502,804,"[490, 222, 578, 293]",0.8201133144478043,0.6950780312130951,21.54811249999966
6197,501,699,"[226, 205, 273, 251]",0.7447089947098389,0.5932560590116267,21.54811249999966
6199,456,699,"[270, 119, 467, 237]",0.8281816176702813,0.7067491261093268,21.54811249999966
6201,415,839,"[329, 140, 384, 219]",0.7274074074079122,0.5715948777660896,27.427790624983572
6203,501,699,"[260, 73, 613, 418]",0.8573698935530409,0.7503477185797869,27.427790624983572
6205,534,551,"[64, 77, 494, 448]",0.9262443560215868,0.862621175698531,27.427790624983572
6207,455,606,"[261, 57, 471, 233]",0.9048444863336654,0.8262246548935157,27.427790624983572
6209,533,553,"[75, 121, 450, 456]",0.8718589318294975,0.7728279347576593,27.427790624983572
621,377,526,"[248, 64, 473, 234]",0.9227818402890889,0.8566341292805136,27.427790624983572
6211,529,633,"[200, 181, 308, 249]",0.8689138576780429,0.7682119205302399,27.427790624983572
6213,546,790,"[196, 61, 620, 411]",0.8925492261383239,0.8059493452932606,27.427790624983572
6215,581,844,"[180, 125, 521, 420]",0.9293649416024048,0.8680501673402893,27.427790624983572
6217,639,820,"[118, 144, 548, 492]",0.8179347142174088,0.691953925096366,27.427790624983572
6219,725,1100,"[149, 131, 978, 638]",0.8873019886659445,0.7974328880143569,27.427790624983572
6221,723,693,"[276, 330, 420, 507]",0.826382578724792,0.7041328492098974,27.427790624983572
6223,554,809,"[170, 99, 488, 386]",0.8982993547249203,0.8153751734443624,27.427790624983572
6225,591,807,"[494, 118, 650, 301]",0.8532650845354808,0.7440822399568312,27.427790624983572
6227,547,923,"[335, 127, 672, 434]",0.8754207040470378,0.7784428427567885,27.427790624983572
623,377,526,"[107, 47, 495, 300]",0.877890762147668,0.7823576640612343,27.427790624983572
6231,613,649,"[53, 94, 648, 542]",0.843700634403125,0.7296558828151034,27.427790624983572
6233,488,806,"[214, 75, 547, 342]",0.8796745513221438,0.785195545062643,27.427790624983572
6235,554,809,"[34, 64, 508, 417]",0.8004908883983121,0.6673487351250204,27.427790624983572
6239,554,809,"[550, 172, 610, 229]",0.8213940915238049,0.6969200524256326,27.427790624983572
6241,615,780,"[97, 103, 565, 469]",0.8144097052914976,0.6869233907584796,27.427790624983572
6244,613,689,"[110, 68, 587, 414]",0.9158727861002142,0.8448019516138456,27.427790624983572
6246,570,796,"[268, 93, 671, 331]",0.8800598853139826,0.7858097712311416,27.427790624983572
6248,500,796,"[263, 62, 679, 391]",0.8561716506846287,0.7485141028346567,27.427790624983572
6249,500,796,"[184, 85, 641, 445]",0.8929972165991945,0.8066801908626098,27.427790624983572
6253,570,796,"[257, 118, 554, 373]",0.8845951721963454,0.7930709551779701,27.427790624983572
6256,648,847,"[338, 165, 461, 237]",0.8202985998299526,0.6953442622954815,27.427790624983572
6257,624,806,"[359, 159, 501, 232]",0.8588325332221117,0.7525911474213478,27.427790624983572
6261,536,634,"[53, 88, 530, 420]",0.9071272001570411,0.8300391411401199,27.427790624983572
6263,711,1024,"[345, 249, 701, 531]",0.8692646382335631,0.7687604612237576,27.427790624983572
6267,547,834,"[440, 164, 537, 270]",0.7881118881120363,0.6503173687251582,27.427790624983572
6269,549,812,"[265, 209, 450, 372]",0.8219413424960554,0.6977083333334593,27.427790624983572
627,381,355,"[34, 78, 311, 191]",0.8799038544081295,0.7855610055181692,23.528203125010805
6271,552,808,"[289, 139, 493, 311]",0.8212992990899003,0.6967835842091392,23.528203125010805
6273,582,858,"[229, 87, 712, 434]",0.8915640322145315,0.804344191388687,23.528203125010805
6274,667,859,"[119, 102, 808, 571]",0.8990535838829111,0.8166188387748907,23.528203125010805
6278,614,648,"[35, 111, 647, 509]",0.8328650917717068,0.713597961897996,23.528203125010805
6280,544,827,"[170, 97, 587, 399]",0.8927885420463217,0.8063396884424965,23.528203125010805
6282,592,920,"[321, 165, 698, 466]",0.8839775659273507,0.7920786705886409,23.528203125010805
6284,552,813,"[224, 85, 654, 381]",0.8866171843242405,0.7963273474686466,23.528203125010805
6291,542,807,"[155, 123, 486, 341]",0.8515115808079085,0.7414193879350837,23.528203125010805
6293,470,787,"[214, 257, 334, 359]",0.802984884240192,0.6708226768971964,23.528203125010805
6295,466,783,"[288, 69, 474, 193]",0.8307644787645311,0.7105193638718706,23.528203125010805
6297,548,813,"[239, 80, 617, 338]",0.9100293519383603,0.8349117965302378,23.528203125010805
6299,598,720,"[288, 228, 435, 350]",0.8034064296360216,0.6714112874530842,23.528203125010805
63,548,813,"[247, 147, 663, 529]",0.8081084150061354,0.6780049672137821,23.528203125010805
6306,782,1120,"[498, 216, 621, 433]",0.8227488736654253,0.6988728702491749,23.528203125010805
6308,361,870,"[118, 106, 849, 360]",0.5043493003913897,0.33721062044994976,23.528203125010805
631,381,355,"[0, 71, 344, 289]",0.8677448222960985,0.7663862699712406,23.528203125010805
6312,479,505,"[350, 88, 444, 116]",0.7889536356731974,0.6514644351479018,23.528203125010805
6314,478,505,"[124, 82, 445, 300]",0.90415047638115,0.8250680927390179,23.528203125010805
6316,538,826,"[324, 222, 433, 307]",0.8300369834379884,0.7094557449151877,23.528203125010805
6320,478,616,"[186, 104, 392, 224]",0.8523206751055266,0.7426470588236548,23.528203125010805
6322,477,609,"[167, 76, 469, 246]",0.8405916624544627,0.7250177829788842,23.528203125010805
6324,477,609,"[203, 110, 375, 273]",0.8329099776468621,0.713663866277929,23.528203125010805
6329,477,616,"[177, 138, 294, 216]",0.7978892704583316,0.663740245262453,23.528203125010805
633,377,526,"[149, 34, 262, 158]",0.8292383919906885,0.7082897033161358,23.528203125010805
6330,478,431,"[42, 76, 368, 345]",0.8993037337455224,0.8170316928626878,23.528203125010805
6331,458,852,"[257, 51, 776, 374]",0.8688567995274906,0.7681227267816796,23.528203125010805
6332,499,630,"[126, 68, 607, 403]",0.9236316367744262,0.8580999482431523,23.528203125010805
6334,500,720,"[338, 75, 502, 199]",0.8384693769985458,0.7218659244919399,23.528203125010805
6335,474,640,"[166, 166, 345, 279]",0.7858859065010689,0.6472916431077421,23.528203125010805
6338,477,633,"[282, 101, 498, 279]",0.889648818172173,0.8012319279992974,23.528203125010805
6339,509,683,"[204, 49, 454, 186]",0.8294067319129756,0.7085353679407771,23.528203125010805
6347,616,686,"[140, 173, 659, 479]",0.9261893620340069,0.8625257836785782,22.03719687508965
6350,458,852,"[156, 78, 536, 328]",0.8704594643029547,0.770631453049895,22.03719687508965
6357,456,837,"[316, 224, 361, 286]",0.8685936361431417,0.7677114641487003,22.03719687508965
6359,499,837,"[425, 171, 551, 301]",0.8216767021770164,0.6973270440253952,22.03719687508965
6364,600,760,"[218, 134, 604, 378]",0.8196265158842482,0.6943789630264986,22.03719687508965
6365,600,760,"[243, 250, 475, 480]",0.8761855934375952,0.7796532846715807,22.03719687508965
6366,600,650,"[160, 191, 318, 386]",0.8845849971173187,0.7930545983613626,22.03719687508965
6368,600,650,"[223, 215, 373, 388]",0.7957066785001676,0.6607249781218457,22.03719687508965
6371,600,760,"[383, 323, 580, 433]",0.8480066733864489,0.7361211682357374,22.03719687508965
6372,600,760,"[158, 157, 570, 364]",0.8278931990903123,0.7063291488862595,22.03719687508965
6376,484,614,"[209, 130, 305, 206]",0.8304982989795573,0.7101300479128848,22.03719687508965
6380,600,976,"[286, 125, 785, 563]",0.8685748737659246,0.7676821502603222,22.03719687508965
6382,660,1008,"[300, 146, 569, 379]",0.8883900158533751,0.7991921883783808,22.03719687508965
6384,660,896,"[226, 93, 693, 481]",0.9122837949821072,0.83871490630877,22.03719687508965
6389,660,1031,"[407, 195, 531, 384]",0.7948586118252631,0.6595563139933678,22.03719687508965
639,515,601,"[233, 102, 501, 287]",0.7952092309939685,0.6600392793929492,22.03719687508965
6395,660,896,"[335, 138, 462, 279]",0.8519861349058321,0.7421392378706586,22.03719687508965
6397,600,760,"[103, 103, 672, 520]",0.8894235535252618,0.8008665737046122,22.03719687508965
6399,660,896,"[343, 192, 477, 324]",0.8049619847939956,0.6735869274044511,22.03719687508965
6401,660,1031,"[368, 235, 559, 375]",0.744035180738002,0.5924012912840366,22.03719687508965
6403,600,650,"[213, 229, 374, 471]",0.628254600105685,0.45799650587798474,22.03719687508965
6405,660,1031,"[396, 200, 577, 320]",0.7621988438477031,0.6157684051751373,22.03719687508965
6407,660,1031,"[515, 235, 573, 296]",0.7575534266769389,0.6097271648884646,22.03719687508965
6409,660,1031,"[378, 221, 611, 377]",0.7801601441707562,0.6395594802405267,22.03719687508965
6413,600,650,"[70, 168, 537, 454]",0.9060833863962562,0.8282929202540482,22.03719687508965
6415,660,1031,"[300, 233, 581, 455]",0.8859161930283442,0.7951970825574575,22.03719687508965
6417,600,760,"[397, 206, 517, 319]",0.8311688311689278,0.7111111111113938,22.03719687508965
6419,660,1031,"[393, 188, 539, 346]",0.864083999588284,0.7606935717739484,22.03719687508965
6421,660,1031,"[426, 151, 491, 205]",0.8079238687127444,0.6777451938752762,22.03719687508965
6423,600,760,"[344, 171, 422, 239]",0.808435852372824,0.6784660766968427,22.03719687508965
6425,660,896,"[324, 197, 565, 382]",0.8204082314983834,0.6955018281795597,22.03719687508965
6427,660,896,"[146, 95, 686, 505]",0.8692502804003945,0.7687380021709844,22.03719687508965
6429,600,760,"[208, 62, 588, 389]",0.8700401039282063,0.7699743211708989,23.87854687503932
643,512,676,"[291, 85, 391, 177]",0.8307380878232399,0.7104807564260082,23.87854687503932
6431,660,1008,"[259, 166, 578, 412]",0.867394204402295,0.7658394542688796,23.87854687503932
6433,600,760,"[256, 155, 319, 243]",0.8628266805358694,0.7587468557060171,23.87854687503932
6437,660,598,"[40, 119, 579, 414]",0.8996953335450746,0.8176783767025295,23.87854687503932
6439,547,809,"[495, 134, 644, 250]",0.7914433990127879,0.6548666387378475,23.87854687503932
6441,582,746,"[33, 100, 665, 502]",0.911578449573568,0.8375233375491556,23.87854687503932
6443,587,746,"[182, 95, 577, 458]",0.9119228680065222,0.838104984649191,23.87854687503932
6447,587,750,"[296, 109, 435, 225]",0.7706997425697305,0.6269418215050054,23.87854687503932
6449,580,746,"[178, 179, 377, 286]",0.782926997720912,0.6432868005903738,23.87854687503932
645,515,601,"[155, 59, 492, 245]",0.8807871094157255,0.7869701259033399,23.87854687503932
6454,608,588,"[241, 242, 388, 378]",0.8420854932011712,0.7272432362293342,23.87854687503932
6456,719,863,"[34, 54, 857, 685]",0.6333016967351355,0.4633807587397068,23.87854687503932
6462,679,1024,"[421, 287, 564, 418]",0.8530384889224555,0.7437376761850991,23.87854687503932
6464,679,1024,"[261, 188, 652, 471]",0.8660219577262552,0.7637025810392286,23.87854687503932
6466,527,768,"[155, 93, 382, 309]",0.8723947867026651,0.7736704091245262,23.87854687503932
6468,552,715,"[293, 173, 522, 422]",0.8557109125422641,0.7478100786956065,23.87854687503932
6469,548,712,"[335, 209, 436, 274]",0.8118057068178917,0.683226397800764,23.87854687503932
6471,494,768,"[381, 179, 478, 257]",0.8191949894079219,0.6937597503904933,23.87854687503932
6474,629,875,"[293, 65, 819, 470]",0.8928836912947709,0.8064949312678841,23.87854687503932
6476,420,743,"[241, 114, 365, 234]",0.7853791598473621,0.6466043837588513,23.87854687503932
6478,384,617,"[119, 80, 221, 161]",0.7939270176686549,0.6582744405187599,23.87854687503932
6480,206,313,"[64, 32, 167, 118]",0.8801952013014395,0.7860255665313974,23.87854687503932
6482,623,885,"[150, 99, 502, 390]",0.8901273885350389,0.8020086083214004,23.87854687503932
6485,610,590,"[20, 73, 433, 407]",0.8667726176823878,0.7648708734073512,23.87854687503932
6487,574,1024,"[367, 72, 684, 330]",0.8749966581412247,0.7777724968314674,23.87854687503932
649,512,676,"[257, 124, 344, 236]",0.8319364799295457,0.71223564954719,23.87854687503932
6491,600,664,"[86, 75, 598, 468]",0.9134364589520468,0.8406654783125466,23.87854687503932
6493,660,1031,"[242, 76, 610, 361]",0.8846632887949942,0.7931804628211516,23.87854687503932
6495,682,1094,"[402, 185, 907, 566]",0.859525458527724,0.7536559802712851,23.87854687503932
6497,600,760,"[157, 160, 401, 399]",0.8550541912947087,0.7468075648590182,23.87854687503932
6499,660,896,"[169, 61, 457, 294]",0.8079569149114316,0.6777917048622757,23.87854687503932
6501,660,896,"[272, 149, 519, 348]",0.8705547652916263,0.7707808564232334,24.877315624962648
6505,660,1031,"[521, 191, 586, 258]",0.7649100662673322,0.6193152784884535,24.877315624962648
6507,660,716,"[142, 133, 644, 462]",0.9249779282200099,0.8604269182012826,24.877315624962648
6509,702,1058,"[308, 103, 573, 332]",0.8583963502281284,0.7519215188210848,24.877315624962648
651,663,642,"[38, 95, 526, 353]",0.9054238730508395,0.8271913216072746,24.877315624962648
6512,600,760,"[409, 133, 558, 254]",0.7989351967391236,0.6651890843609467,24.877315624962648
6513,600,650,"[57, 107, 605, 493]",0.9151999812732463,0.8436577852823373,24.877315624962648
6515,702,996,"[201, 165, 460, 396]",0.888927244065508,0.8000621375311102,24.877315624962648
6517,660,1031,"[231, 141, 702, 508]",0.9065568277831226,0.8290845384723103,24.877315624962648
6519,660,1031,"[501, 171, 650, 298]",0.80586505725789,0.674852588609036,24.877315624962648
6521,660,721,"[0, 105, 720, 496]",0.8245743824748357,0.7015113250730132,24.877315624962648
6523,660,896,"[218, 115, 314, 225]",0.8450311795144985,0.7316484778865805,24.877315624962648
6525,660,1031,"[334, 207, 523, 348]",0.7841296142870956,0.6449121744399128,24.877315624962648
6527,660,1031,"[252, 68, 827, 449]",0.9013534539206941,0.8204216880645754,24.877315624962648
653,512,676,"[155, 73, 674, 510]",0.6432888835575934,0.4741531751021949,24.877315624962648
6533,660,896,"[248, 83, 391, 191]",0.84997738352523,0.7390962328470072,24.877315624962648
6535,660,1031,"[593, 232, 675, 317]",0.8655972900270343,0.7630423326896837,24.877315624962648
6537,600,760,"[265, 200, 404, 289]",0.7785475394172369,0.6373948758071216,24.877315624962648
6539,660,1072,"[375, 178, 445, 255]",0.8462340370082796,0.7334538061898951,24.877315624962648
6541,600,760,"[306, 244, 409, 324]",0.8448892065762644,0.7314356435647719,24.877315624962648
6545,660,944,"[267, 77, 748, 394]",0.9090150633444751,0.8332058792040872,24.877315624962648
6547,660,896,"[166, 76, 686, 421]",0.9234145879058807,0.8577253393297487,24.877315624962648
655,642,920,"[303, 116, 422, 205]",0.8669134971391,0.7650903041827886,24.877315624962648
6551,660,1031,"[328, 138, 426, 213]",0.85765159758645,0.750779355733026,24.877315624962648
6553,600,760,"[33, 113, 667, 488]",0.8944914531736249,0.8091221508340937,24.877315624962648
6556,600,650,"[135, 191, 413, 483]",0.8821096008561163,0.7890841548792986,24.877315624962648
6558,660,896,"[351, 112, 490, 258]",0.8126425088575393,0.684412668400092,24.877315624962648
6560,600,1058,"[196, 81, 881, 438]",0.87440948783738,0.7768451123111951,24.877315624962648
6562,660,1072,"[332, 181, 563, 378]",0.8124495267629596,0.6841389440470897,24.877315624962648
6564,660,716,"[68, 123, 618, 503]",0.9110370903853106,0.8366098444139572,24.877315624962648
6566,600,760,"[379, 171, 467, 256]",0.8676388109928327,0.7662209014367406,24.877315624962648
6568,600,760,"[230, 145, 695, 453]",0.8315135129989514,0.7116158571358976,24.877315624962648
657,642,920,"[423, 118, 748, 411]",0.9124069670377524,0.8389231443977402,26.659768750050716
6570,705,1012,"[196, 68, 681, 506]",0.8409316285650117,0.7255237475973074,26.659768750050716
6572,480,507,"[162, 74, 306, 191]",0.8429012772629488,0.7284609866902618,26.659768750050716
6574,660,896,"[196, 135, 723, 483]",0.8910174841644267,0.8034549431043897,26.659768750050716
6576,660,1008,"[310, 101, 620, 286]",0.7747784483227621,0.6323578354153153,26.659768750050716
6580,600,456,"[70, 123, 282, 314]",0.8142768512098437,0.6867343798092684,26.659768750050716
6581,660,1031,"[513, 141, 621, 249]",0.8480431187604287,0.7361760952788853,26.659768750050716
6583,702,1058,"[86, 138, 678, 456]",0.7774096137382183,0.6358708709588788,26.659768750050716
6587,600,760,"[252, 119, 503, 173]",0.8312396302442336,0.7112147637398993,26.659768750050716
6588,660,1008,"[230, 75, 847, 384]",0.8703824427992054,0.7705107248474706,26.659768750050716
659,733,920,"[444, 227, 561, 310]",0.833626827961233,0.7147170802156824,26.659768750050716
6592,660,1072,"[426, 266, 516, 349]",0.8301585718561583,0.7096334185853204,26.659768750050716
6594,660,1031,"[398, 191, 471, 235]",0.8153071500507244,0.6882012920785848,26.659768750050716
6596,660,598,"[160, 153, 389, 361]",0.8446679392575508,0.7311040418239425,26.659768750050716
6598,660,1031,"[236, 163, 620, 505]",0.9078750290066078,0.8312922542012912,26.659768750050716
6600,660,716,"[124, 159, 373, 448]",0.8636741555582075,0.7600585340752324,26.659768750050716
6605,660,1031,"[463, 149, 565, 207]",0.8644288933698677,0.7612283267186939,26.659768750050716
6607,660,1008,"[134, 108, 676, 486]",0.7799981441713798,0.639341768575934,26.659768750050716
6609,600,845,"[156, 130, 738, 463]",0.9168738514755188,0.8465069860279532,26.659768750050716
661,642,920,"[168, 243, 289, 328]",0.8029384494687947,0.670757864633376,26.659768750050716
6611,484,615,"[189, 205, 383, 321]",0.8329686360321463,0.7137500000001555,26.659768750050716
6613,660,1031,"[486, 150, 745, 361]",0.7042169619063012,0.5434682668345368,26.659768750050716
6615,660,598,"[40, 116, 537, 486]",0.9213993315542685,0.8542543672645908,26.659768750050716
6617,660,1008,"[268, 265, 604, 511]",0.9014649681528741,0.8206064822868006,26.659768750050716
6620,600,650,"[284, 189, 531, 398]",0.8803764486272224,0.7863146926016472,26.659768750050716
6622,660,896,"[303, 68, 778, 538]",0.8436736597881243,0.7296155336507726,26.659768750050716
6626,600,760,"[281, 173, 364, 233]",0.7978988111697568,0.6637534498627788,26.659768750050716
6628,600,760,"[266, 119, 539, 318]",0.8637174548181266,0.7601256029854009,26.659768750050716
663,733,920,"[529, 262, 735, 491]",0.8181874420043584,0.6923157453937154,26.659768750050716
6630,676,994,"[109, 95, 559, 381]",0.8608010331814334,0.7556195697626023,26.659768750050716
6635,660,716,"[122, 120, 586, 550]",0.8864860014357538,0.7961157224595169,26.659768750050716
6637,660,1031,"[457, 217, 635, 342]",0.7450067577715329,0.5936340792152724,26.659768750050716
6639,660,896,"[164, 65, 590, 402]",0.8825240770465543,0.789747733189711,20.748528125068333
6641,660,896,"[250, 157, 509, 364]",0.8927631487335311,0.8062982619413421,20.748528125068333
6643,600,650,"[98, 73, 517, 357]",0.9113714617895681,0.8371739576915345,20.748528125068333
6645,660,1031,"[407, 218, 827, 472]",0.8323290419662375,0.7128112900639518,20.748528125068333
6653,600,650,"[28, 138, 575, 488]",0.9008494411234556,0.8195869381572537,20.748528125068333
6655,600,976,"[151, 120, 693, 525]",0.8020114825776793,0.6694650832742168,20.748528125068333
6657,660,1031,"[280, 131, 698, 396]",0.8900852067051619,0.8019401237665382,20.748528125068333
6659,484,613,"[170, 229, 322, 371]",0.7771672771673528,0.6355466799802322,20.748528125068333
666,642,920,"[388, 174, 490, 268]",0.8367819418319803,0.7193680806073898,20.748528125068333
6669,660,1031,"[432, 159, 710, 429]",0.8768959040062915,0.7807788317524079,20.748528125068333
6671,660,896,"[425, 165, 544, 252]",0.8627078384799032,0.7585630743528361,20.748528125068333
668,744,940,"[428, 335, 634, 484]",0.8403381354923585,0.724640657084302,20.748528125068333
6684,480,616,"[202, 103, 412, 257]",0.8636678200692336,0.7600487210719549,20.748528125068333
6697,358,569,"[136, 79, 545, 288]",0.910770522779767,0.8361603700848329,20.748528125068333
67,500,762,"[388, 159, 490, 296]",0.8398474210847257,0.7239111788814219,20.748528125068333
670,642,920,"[333, 201, 462, 304]",0.8740192286441186,0.7762292668566333,20.748528125068333
6705,478,616,"[33, 71, 397, 329]",0.7802827073875502,0.6397242312735651,20.748528125068333
6710,477,610,"[248, 123, 429, 260]",0.8351930829000891,0.7170227705889674,20.748528125068333
6713,478,504,"[165, 124, 315, 278]",0.836334745762766,0.7187073281749439,20.748528125068333
6718,557,808,"[342, 128, 457, 365]",0.6835361118302862,0.5192213155051032,20.748528125068333
672,679,1024,"[308, 188, 756, 485]",0.89209416247109,0.8052075657086888,20.748528125068333
6720,567,808,"[169, 196, 390, 355]",0.8480436760691838,0.7361769352291585,20.748528125068333
6724,456,610,"[173, 154, 237, 216]",0.8472906403943673,0.7350427350435738,20.748528125068333
6726,477,609,"[244, 86, 388, 191]",0.8316822066822884,0.711862997755664,20.748528125068333
6728,501,807,"[349, 193, 398, 247]",0.827933765299189,0.7063882063894087,20.748528125068333
6734,478,616,"[203, 64, 586, 304]",0.8629904009685607,0.7590001014096239,20.748528125068333
6736,557,808,"[288, 73, 490, 241]",0.8799597770981104,0.7856501571151483,20.748528125068333
6738,478,616,"[253, 50, 484, 263]",0.8935990304123715,0.8076629133337221,20.748528125068333
674,679,1024,"[384, 113, 804, 462]",0.893868462598448,0.8081032249548467,20.748528125068333
6740,477,610,"[202, 104, 428, 252]",0.8917999101008387,0.8047282419748117,20.748528125068333
6742,478,504,"[113, 118, 322, 299]",0.8076741863139014,0.6773938608416282,20.748528125068333
6746,478,506,"[206, 122, 368, 253]",0.8055642144639161,0.6744307431332457,20.748528125068333
6748,477,610,"[109, 110, 345, 257]",0.8410455527980464,0.7256933651090645,22.8669750000563
6750,477,610,"[230, 193, 394, 332]",0.8480830717785199,0.7362363127070353,22.8669750000563
6752,396,610,"[231, 138, 318, 227]",0.8145847941502408,0.6871725536594775,22.8669750000563
6754,480,616,"[232, 170, 325, 236]",0.7772048129052265,0.6355968858139368,22.8669750000563
6756,450,616,"[234, 84, 390, 227]",0.8650707627512728,0.7622244051518434,22.8669750000563
6758,581,832,"[430, 128, 627, 284]",0.8423820716297404,0.7276857510454617,22.8669750000563
6760,557,808,"[250, 80, 512, 239]",0.9004642461197512,0.8189494911302836,22.8669750000563
6762,477,610,"[328, 93, 475, 252]",0.8593153432990813,0.7533329551257995,22.8669750000563
6766,446,610,"[245, 144, 412, 245]",0.7930077691454898,0.6570114942531364,22.8669750000563
6768,478,616,"[317, 214, 353, 257]",0.7359307359320061,0.5821917808250975,22.8669750000563
6770,477,610,"[178, 116, 411, 270]",0.8625397564192339,0.7583032121667604,22.8669750000563
6772,478,504,"[247, 98, 334, 174]",0.8181431005112668,0.6922522522528067,22.8669750000563
6776,477,610,"[196, 144, 349, 264]",0.7948294130113182,0.6595161063443103,22.8669750000563
6778,474,610,"[177, 154, 343, 310]",0.8765685484918873,0.7802599324731603,22.8669750000563
678,679,1024,"[322, 156, 785, 522]",0.9016463646745376,0.8209071611142528,22.8669750000563
6780,477,610,"[253, 142, 406, 274]",0.7935748706051067,0.6577904017991255,22.8669750000563
6786,557,808,"[424, 310, 517, 416]",0.8305400372440741,0.710191082802917,22.8669750000563
6788,478,610,"[186, 98, 392, 263]",0.8383561643835957,0.7216981132076482,22.8669750000563
6790,477,610,"[198, 187, 342, 308]",0.859552384041575,0.7536973833903913,22.8669750000563
6792,477,610,"[186, 83, 295, 192]",0.8322437238494821,0.7126861493676937,22.8669750000563
6794,477,610,"[236, 96, 492, 237]",0.8488170347003453,0.7373432897171551,22.8669750000563
6796,557,808,"[242, 115, 315, 204]",0.827482331132166,0.7057312252970243,22.8669750000563
6798,569,808,"[300, 109, 616, 294]",0.8468484176703016,0.7343773625662092,22.8669750000563
680,679,1024,"[390, 172, 816, 504]",0.8888899454648379,0.8000017116546737,22.8669750000563
6800,476,610,"[302, 73, 364, 144]",0.8519276160505871,0.7420504385971983,22.8669750000563
6804,477,610,"[225, 146, 391, 253]",0.8421142515584313,0.7272861356934165,22.8669750000563
6806,458,610,"[186, 115, 237, 174]",0.8404825737268979,0.7248554913305401,22.8669750000563
6808,477,610,"[267, 162, 416, 294]",0.8558474939312238,0.7480187207489872,22.8669750000563
6813,557,808,"[222, 139, 587, 429]",0.8841749626038141,0.7923957009130022,22.8669750000563
6815,478,506,"[240, 195, 291, 233]",0.788990825688818,0.6515151515171823,22.8669750000563
6818,557,808,"[379, 170, 588, 321]",0.8149914982052203,0.6877516042888566,22.8669750000563
682,678,1024,"[302, 321, 513, 521]",0.8313754719121423,0.7114136764462007,22.8669750000563
6820,477,611,"[228, 93, 413, 263]",0.8628276611989305,0.7587483723959315,23.79974062500878
6822,557,808,"[441, 162, 570, 268]",0.8203778259523999,0.6954581254925216,23.79974062500878
6826,372,610,"[231, 141, 281, 187]",0.8657054000569248,0.7632103688945004,23.79974062500878
6831,478,616,"[62, 68, 362, 327]",0.8388972683090465,0.7225004690905817,23.79974062500878
6834,478,504,"[273, 165, 306, 213]",0.7892074198997082,0.651810584960642,23.79974062500878
6836,463,610,"[129, 89, 326, 261]",0.8881003169793489,0.7987234195145413,23.79974062500878
684,679,1024,"[331, 348, 520, 521]",0.8479058184288323,0.7359691872348153,23.79974062500878
6840,478,616,"[128, 94, 399, 326]",0.9046965992884638,0.82597807940774,23.79974062500878
6843,477,610,"[147, 64, 321, 189]",0.8322522055008328,0.7126985890458212,23.79974062500878
6845,461,616,"[159, 204, 232, 257]",0.8340394179409946,0.715323854661247,23.79974062500878
6849,477,610,"[277, 138, 399, 291]",0.761027359017404,0.6142406489412128,23.79974062500878
6853,431,610,"[242, 167, 337, 255]",0.8110438451661979,0.6821478166954449,23.79974062500878
6855,480,616,"[269, 143, 350, 226]",0.800096688421803,0.6668009669627986,23.79974062500878
6857,478,504,"[103, 83, 247, 248]",0.8242543751541088,0.7010482180295068,23.79974062500878
6859,477,610,"[282, 113, 423, 220]",0.8346359717683508,0.7162019348022793,23.79974062500878
686,679,1024,"[353, 100, 816, 508]",0.8710374491496982,0.7715379473780293,23.79974062500878
6861,477,610,"[135, 105, 343, 244]",0.8653569466607723,0.7626688799742876,23.79974062500878
6863,361,611,"[138, 104, 301, 233]",0.9083604846107903,0.8321066357578487,23.79974062500878
6865,480,616,"[246, 145, 349, 241]",0.8645181724603179,0.7613668061370135,23.79974062500878
6867,478,504,"[126, 124, 309, 278]",0.852076372315071,0.7422761861201121,23.79974062500878
6871,477,610,"[235, 124, 339, 224]",0.8501362397821238,0.7393364928913203,23.79974062500878
6873,478,616,"[130, 84, 317, 221]",0.8530985953759196,0.7438290614489298,23.79974062500878
688,527,768,"[97, 78, 358, 279]",0.9072425626338587,0.8302323384964511,23.79974062500878
6884,478,610,"[250, 74, 414, 213]",0.8587405786530943,0.7524499360887557,23.79974062500878
6888,477,610,"[130, 119, 300, 251]",0.853260695401425,0.7440755644982427,23.79974062500878
6891,477,610,"[235, 124, 324, 202]",0.8405219643392364,0.7249140893475516,23.79974062500878
6893,478,616,"[164, 98, 375, 309]",0.8873005169701226,0.7974305106658595,23.79974062500878
6896,477,616,"[218, 152, 304, 218]",0.8486907289457202,0.7371526924029084,23.79974062500878
6898,580,1024,"[314, 190, 403, 302]",0.8127754895586294,0.6846013390143826,23.79974062500878
69,499,630,"[70, 87, 419, 311]",0.8532443481603259,0.7440507023370998,23.79974062500878
6901,411,610,"[180, 137, 327, 271]",0.7910875964082897,0.6543795845406803,23.79974062500878
6903,477,610,"[301, 150, 461, 308]",0.8832237721126922,0.7908690658500235,23.79974062500878
6906,467,610,"[221, 136, 292, 212]",0.8129032258067198,0.6847826086964136,25.452028124959725
6910,478,616,"[239, 120, 282, 180]",0.8487963213420373,0.7373120300764224,25.452028124959725
6918,452,610,"[273, 165, 321, 225]",0.8447837150131176,0.7312775330408313,25.452028124959725
692,333,419,"[259, 117, 311, 161]",0.8365714285718955,0.7190569744611048,25.452028124959725
6927,477,610,"[252, 111, 477, 256]",0.8399405671957105,0.7240495990497015,25.452028124959725
6929,389,610,"[256, 111, 412, 185]",0.7653929914869891,0.6199486850549284,25.452028124959725
693,506,837,"[224, 56, 448, 250]",0.8532935083092604,0.744125471070787,25.452028124959725
6931,370,610,"[257, 197, 341, 262]",0.8415257569801526,0.7264086897494311,25.452028124959725
6933,479,616,"[95, 46, 508, 310]",0.8645897806203234,0.7614778921865799,25.452028124959725
6935,477,610,"[193, 109, 281, 250]",0.7804211441705817,0.6399103595806865,25.452028124959725
6942,477,611,"[161, 109, 352, 217]",0.8236093236093867,0.700115480459673,25.452028124959725
6945,480,610,"[231, 198, 339, 286]",0.8354690713496001,0.7174296970524149,25.452028124959725
6947,477,611,"[277, 95, 400, 200]",0.8106031074233945,0.6815244873118442,25.452028124959725
6952,478,616,"[49, 107, 259, 257]",0.8533672284193085,0.7442376055962141,25.452028124959725
6954,478,616,"[254, 114, 480, 294]",0.8942597171064981,0.8087430031638451,25.452028124959725
6956,478,504,"[141, 122, 264, 232]",0.8452757382497211,0.7320152232435421,25.452028124959725
6958,460,610,"[323, 159, 387, 236]",0.8129668359727921,0.6848728920219359,25.452028124959725
6964,477,611,"[157, 113, 316, 255]",0.8335876891772117,0.714659543150131,25.452028124959725
6966,411,610,"[220, 149, 255, 187]",0.7640199888963686,0.6181491464544642,25.452028124959725
697,501,509,"[60, 52, 463, 340]",0.8997547373189874,0.8177765156893542,25.452028124959725
6973,580,1024,"[301, 163, 495, 312]",0.8158751205400748,0.6890110449434066,25.452028124959725
6982,479,506,"[245, 127, 331, 200]",0.8074839980307638,0.6771263418668928,25.452028124959725
6984,477,610,"[107, 74, 394, 278]",0.832673760041727,0.7133170929761037,25.452028124959725
6986,385,610,"[178, 104, 405, 264]",0.8921907394609733,0.8053649407361837,25.452028124959725
699,501,621,"[228, 123, 336, 230]",0.7930579136013375,0.6570803376058589,25.452028124959725
6996,579,1024,"[220, 159, 396, 264]",0.8095852390446778,0.6800866938134243,25.452028124959725
7000,477,610,"[84, 136, 359, 320]",0.8852133559986741,0.7940652686879939,25.452028124959725
7007,385,610,"[218, 157, 368, 273]",0.8563446432910129,0.7487785881188496,25.452028124959725
701,501,621,"[202, 60, 518, 251]",0.8545480723438821,0.7460357363861877,25.452028124959725
7011,479,504,"[208, 121, 294, 191]",0.8554720133669226,0.7474452554749793,25.452028124959725
7013,450,616,"[166, 63, 463, 264]",0.8871814714499047,0.7972382276972387,25.452028124959725
7019,419,610,"[238, 182, 342, 278]",0.8802304842914802,0.7860818426858783,25.452028124959725
7021,427,610,"[247, 90, 373, 174]",0.8022998060405914,0.6698669751305149,25.538421875012318
7023,477,610,"[256, 192, 316, 239]",0.7730549341293237,0.6300648298232169,25.538421875012318
7027,478,504,"[165, 149, 352, 294]",0.8565547343882107,0.7490999002300138,25.538421875012318
7038,477,610,"[288, 132, 446, 238]",0.7999663738389307,0.6666199649739638,25.538421875012318
7040,446,506,"[145, 144, 318, 295]",0.9028759412989532,0.8229479010495582,25.538421875012318
7043,477,610,"[281, 150, 318, 203]",0.8600660066011219,0.7544875506673162,25.538421875012318
7045,478,610,"[245, 98, 383, 193]",0.8618443606445767,0.7572289156628943,25.538421875012318
7047,479,504,"[238, 189, 353, 272]",0.8372878629455182,0.7201162147209185,25.538421875012318
705,392,573,"[239, 54, 385, 139]",0.8173554251822466,0.6911251635415491,25.538421875012318
7051,461,496,"[277, 78, 377, 152]",0.7862490149726297,0.6477844505767768,25.538421875012318
7055,437,504,"[118, 50, 336, 183]",0.7693913929208634,0.6252121011465359,25.538421875012318
7057,479,616,"[254, 71, 347, 123]",0.8036516013172648,0.6717538153623424,25.538421875012318
7060,448,556,"[167, 119, 219, 212]",0.8230283911674715,0.699276333423481,25.538421875012318
7065,480,616,"[242, 105, 506, 282]",0.8814378402565618,0.7880097074433188,25.538421875012318
7067,483,507,"[229, 131, 395, 234]",0.8562291922201436,0.7486020681733063,25.538421875012318
7069,676,996,"[224, 185, 378, 343]",0.8502964728895867,0.7395789025947791,25.538421875012318
707,501,467,"[143, 75, 350, 249]",0.8572278405711151,0.7501301405518772,25.538421875012318
7071,600,930,"[526, 142, 717, 313]",0.819621656881978,0.6943719881516891,25.538421875012318
7073,600,760,"[225, 286, 351, 416]",0.9086062114009381,0.8325191336917176,25.538421875012318
7075,600,760,"[218, 174, 704, 513]",0.887849995926337,0.79831856554805,25.538421875012318
7079,660,896,"[34, 77, 656, 351]",0.8660528660528712,0.7637506547931013,25.538421875012318
7081,477,494,"[106, 48, 480, 326]",0.8657802022957239,0.7633266533066396,25.538421875012318
7083,682,1107,"[486, 307, 710, 528]",0.8404653095139414,0.724829810103976,25.538421875012318
7085,660,1031,"[405, 123, 657, 286]",0.8480071437157887,0.7361218770497479,25.538421875012318
7087,660,1031,"[470, 186, 571, 290]",0.7639570443071162,0.6180667433836385,25.538421875012318
7089,660,1031,"[309, 118, 640, 360]",0.8197694562276016,0.6945841730272307,25.538421875012318
709,501,621,"[214, 137, 339, 220]",0.7975582055651635,0.663282172373479,25.538421875012318
7091,660,716,"[0, 41, 715, 536]",0.9070977295162898,0.829989793245482,25.538421875012318
7093,660,1031,"[364, 187, 447, 265]",0.7200602021073746,0.5625734923575297,25.538421875012318
7096,441,504,"[188, 141, 277, 218]",0.77395894428179,0.6312667432077472,25.538421875012318
7098,480,504,"[68, 98, 171, 164]",0.7850000000002443,0.6460905349800858,25.538421875012318
7099,480,508,"[280, 155, 357, 198]",0.8328767123291487,0.7136150234752988,25.538421875012318
7102,458,750,"[258, 105, 453, 234]",0.8330091185410843,0.7138094493932834,25.940640624980915
7107,319,247,"[24, 2, 228, 154]",0.8052400646610952,0.6739764540503693,25.940640624980915
7110,570,796,"[243, 101, 584, 417]",0.8895033104371829,0.8009959136279614,25.940640624980915
7111,500,796,"[163, 131, 533, 396]",0.8794009835766264,0.7847597317936551,25.940640624980915
7113,603,573,"[134, 84, 429, 418]",0.8793548516198828,0.7846862612049826,25.940640624980915
7115,662,742,"[126, 86, 559, 397]",0.8567915528892287,0.749462230667215,25.940640624980915
7116,781,980,"[435, 155, 716, 391]",0.851827750405436,0.7418989186563735,25.940640624980915
7117,479,505,"[180, 70, 347, 173]",0.8439692616104895,0.7300578034684031,25.940640624980915
7120,371,503,"[162, 90, 245, 152]",0.8066361556066839,0.6759348034523587,25.940640624980915
7126,499,630,"[117, 73, 423, 307]",0.9001760024487393,0.8184727778744445,25.940640624980915
7128,538,625,"[175, 74, 489, 341]",0.8997309855710519,0.8177372749500142,25.940640624980915
713,487,779,"[274, 106, 449, 288]",0.8190034543132023,0.6934850548923418,25.940640624980915
7136,502,704,"[371, 131, 521, 255]",0.8469001419782904,0.7344551610919116,25.940640624980915
7137,617,882,"[393, 219, 566, 311]",0.8354047699026786,0.7173348716472288,25.940640624980915
7138,617,936,"[216, 233, 563, 452]",0.8985648179196651,0.8158127074010083,25.940640624980915
7139,498,852,"[312, 184, 612, 392]",0.8181549483939068,0.692269216918152,25.940640624980915
7141,565,707,"[236, 163, 312, 244]",0.8465969201835586,0.7339991846723726,25.940640624980915
7144,461,498,"[198, 94, 475, 323]",0.8850396906167428,0.7937858264267053,25.940640624980915
7146,479,616,"[227, 64, 349, 167]",0.8076640548483058,0.6773796077629352,25.940640624980915
7147,479,616,"[59, 45, 412, 248]",0.862662036616197,0.7584922550634208,25.940640624980915
7148,479,616,"[215, 91, 441, 251]",0.877249840847295,0.7813402061856421,25.940640624980915
7149,462,404,"[76, 87, 397, 335]",0.8904249057444289,0.8024917919970462,25.940640624980915
715,501,621,"[48, 40, 389, 302]",0.8560969996835819,0.7483999949705463,25.940640624980915
7150,460,500,"[141, 69, 348, 225]",0.866602964378599,0.7646066975140128,25.940640624980915
7152,445,502,"[172, 75, 487, 212]",0.8402821237082285,0.7245573607911431,25.940640624980915
7157,480,616,"[181, 61, 396, 196]",0.8597730261556038,0.754036736437525,25.940640624980915
7162,480,616,"[115, 139, 276, 222]",0.8067635647693516,0.6761137532760593,25.940640624980915
7163,480,617,"[244, 95, 461, 243]",0.8129672358099186,0.6848734595499417,25.940640624980915
7165,479,616,"[55, 45, 379, 221]",0.8581829392653191,0.7515940764741829,25.940640624980915
7166,479,600,"[183, 50, 418, 193]",0.8564881237047951,0.748998013452846,25.940640624980915
7168,478,610,"[41, 105, 221, 234]",0.8662469791449515,0.7640526315790716,25.940640624980915
7169,479,616,"[191, 48, 477, 275]",0.8985411073909955,0.8157736193519277,25.940640624980915
717,454,621,"[156, 92, 347, 246]",0.8466712618544323,0.7341109554036213,22.949887499976285
7171,483,589,"[115, 90, 429, 351]",0.9073530992338353,0.8304174922361578,22.949887499976285
7173,479,616,"[161, 50, 529, 397]",0.8662468752966561,0.764052469997231,22.949887499976285
7174,347,595,"[58, 62, 327, 197]",0.800704167690207,0.6676452515874692,22.949887499976285
7175,479,616,"[186, 99, 520, 322]",0.9234089184860556,0.8577155563907642,22.949887499976285
7179,413,610,"[274, 31, 453, 147]",0.8424692069438009,0.7278158058495783,22.949887499976285
7183,482,638,"[225, 85, 483, 207]",0.8510974335153058,0.7407916548741598,22.949887499976285
7184,479,616,"[65, 61, 610, 393]",0.8462041837231847,0.7334089548476709,22.949887499976285
7186,479,616,"[165, 90, 562, 328]",0.9173695740578034,0.8473524778868475,22.949887499976285
7187,475,614,"[122, 95, 294, 247]",0.7949468848694244,0.6596778804919186,22.949887499976285
7189,479,618,"[30, 44, 235, 241]",0.8211324844215983,0.696543482257861,22.949887499976285
719,329,468,"[151, 57, 463, 328]",0.6791689718984605,0.5141982263050648,22.949887499976285
7191,480,616,"[147, 106, 467, 342]",0.9038612365533776,0.8245865092037742,22.949887499976285
7197,476,616,"[238, 82, 548, 278]",0.8646064615524192,0.7615037714012528,22.949887499976285
7199,479,616,"[234, 49, 515, 269]",0.8798927382033779,0.7855432851958094,22.949887499976285
7200,479,604,"[269, 143, 407, 262]",0.7718860099006503,0.6285133270392704,22.949887499976285
7202,466,502,"[262, 62, 427, 220]",0.8754494425619195,0.7784882918527035,22.949887499976285
7204,479,616,"[79, 92, 502, 401]",0.9111565997366734,0.8368114271678803,22.949887499976285
7205,467,616,"[241, 107, 512, 281]",0.8930945578705466,0.8068390703296637,22.949887499976285
7206,480,615,"[222, 58, 474, 286]",0.9047006264264672,0.8259847930660313,22.949887499976285
7208,476,616,"[63, 39, 572, 279]",0.9064023333129421,0.8288261404752295,22.949887499976285
7209,430,614,"[195, 63, 503, 202]",0.8794620620953214,0.7848570158542645,22.949887499976285
7211,479,616,"[376, 101, 476, 227]",0.8413793103449188,0.7261904761907477,22.949887499976285
7213,445,550,"[193, 47, 421, 171]",0.7971007042616057,0.6626495726497168,22.949887499976285
7215,479,616,"[218, 108, 461, 293]",0.8887290871734828,0.7997411584480602,22.949887499976285
7216,479,616,"[111, 93, 561, 338]",0.9203835713182273,0.8525097866860336,22.949887499976285
7218,480,616,"[303, 84, 538, 217]",0.8697660232669884,0.769545104086442,22.949887499976285
7219,479,616,"[218, 60, 513, 260]",0.8984602483170003,0.8156403315852192,22.949887499976285
722,210,412,"[181, 67, 312, 193]",0.8376635174419342,0.7206721375539502,22.949887499976285
7220,476,616,"[117, 49, 441, 212]",0.8642641046089363,0.7609727825951804,22.949887499976285
7222,400,616,"[153, 78, 312, 218]",0.8541780447843177,0.7454718779791704,22.949887499976285
7223,480,616,"[300, 119, 491, 211]",0.7916063076860264,0.6550897383205542,22.949887499976285
7224,464,617,"[261, 81, 451, 204]",0.8687094339623039,0.767892405401202,22.38955937502851
7225,445,391,"[19, 66, 327, 314]",0.9020271920540665,0.8215387353185696,22.38955937502851
7227,479,616,"[227, 125, 336, 205]",0.8426637394805684,0.7281062282647358,22.38955937502851
7230,466,561,"[261, 76, 492, 244]",0.8833190822288935,0.7910219187698079,22.38955937502851
7232,479,616,"[294, 108, 396, 192]",0.8089182493808349,0.6791458679982264,22.38955937502851
7233,481,617,"[264, 63, 528, 277]",0.8875035351113545,0.7977585215969323,22.38955937502851
7235,479,616,"[297, 41, 465, 152]",0.834645669291402,0.7162162162164033,22.38955937502851
7237,479,616,"[212, 107, 452, 230]",0.8640276934835202,0.7606063004591734,22.38955937502851
7242,445,333,"[5, 69, 332, 303]",0.947305821953904,0.8998870153459047,22.38955937502851
7243,476,612,"[183, 51, 430, 185]",0.8758301469108722,0.779090583601941,22.38955937502851
7244,479,616,"[188, 90, 516, 278]",0.9046954236557472,0.8259761195149251,22.38955937502851
7246,390,612,"[265, 87, 430, 210]",0.8327185792350298,0.7133828778748239,22.38955937502851
7248,479,590,"[193, 53, 432, 231]",0.8538650641901354,0.744995233555839,22.38955937502851
7252,479,616,"[370, 127, 543, 226]",0.8384751849769208,0.7218745343468024,22.38955937502851
7254,447,328,"[2, 19, 327, 322]",0.9368617584444303,0.8812228944691459,22.38955937502851
7258,460,500,"[230, 108, 346, 195]",0.8267160881033383,0.7046172539493261,22.38955937502851
7259,458,617,"[167, 66, 558, 304]",0.9126934181075088,0.8394076089551006,22.38955937502851
726,484,704,"[65, 86, 296, 229]",0.8286073825503715,0.707369476473642,22.38955937502851
7261,478,616,"[170, 49, 422, 207]",0.8800917368385226,0.7858605617875154,22.38955937502851
7262,462,496,"[286, 105, 387, 186]",0.8529439651087011,0.7435939824768663,22.38955937502851
7264,475,616,"[109, 91, 491, 339]",0.8509797579959184,0.7406133738006975,22.38955937502851
7267,480,616,"[129, 82, 503, 252]",0.8696827187027993,0.76941468832958,22.38955937502851
7269,482,563,"[76, 71, 528, 346]",0.8993152522833255,0.8170507078879102,22.38955937502851
7270,479,616,"[168, 56, 473, 275]",0.9029210375088972,0.8230228346177381,22.38955937502851
7271,445,458,"[150, 72, 339, 240]",0.8749528437964905,0.7777032624562004,22.38955937502851
7273,479,616,"[306, 133, 472, 310]",0.8789633181057761,0.7840629412952254,22.38955937502851
7274,443,617,"[56, 87, 513, 268]",0.908217461818133,0.8318666309964895,22.38955937502851
7276,445,550,"[215, 85, 442, 285]",0.8807637993491925,0.7869329091009417,22.38955937502851
7281,472,614,"[302, 138, 391, 244]",0.831750019627988,0.7119623655917849,22.38955937502851
7283,479,610,"[209, 85, 412, 273]",0.8685065527689796,0.7675754153896539,22.38955937502851
7287,480,616,"[200, 244, 365, 381]",0.8763837638376777,0.7799671592776287,22.38955937502851
729,496,852,"[185, 62, 735, 388]",0.8764101594504363,0.7800089746466378,22.38955937502851
7291,479,613,"[57, 76, 585, 450]",0.7718276786603258,0.6284359818648567,26.238037500093014
7292,447,616,"[246, 66, 516, 249]",0.8984763874526166,0.8156669337072363,26.238037500093014
7296,479,616,"[161, 171, 524, 345]",0.8783464215598922,0.7830817272311826,26.238037500093014
7299,479,616,"[173, 43, 381, 243]",0.8560847270168154,0.7483812369986967,26.238037500093014
73,499,560,"[16, 70, 545, 453]",0.8383207456419776,0.7216456199050113,26.238037500093014
730,496,852,"[193, 101, 706, 424]",0.8813726295049716,0.787905474827551,26.238037500093014
7303,445,502,"[228, 146, 485, 340]",0.8496046678787578,0.7385327844752185,26.238037500093014
7304,459,610,"[191, 135, 391, 263]",0.8384802754991074,0.7218820807020576,26.238037500093014
7307,479,619,"[397, 97, 470, 158]",0.827075098814514,0.7051390058980479,26.238037500093014
731,587,745,"[293, 87, 693, 407]",0.876062644333074,0.7794586058697586,26.238037500093014
7312,344,590,"[175, 90, 379, 237]",0.8372656905717063,0.7200834135387713,26.238037500093014
7315,477,610,"[217, 56, 563, 348]",0.8997853123611321,0.8178270318242535,26.238037500093014
7316,517,713,"[296, 203, 375, 260]",0.8332272437940274,0.714129841790196,26.238037500093014
7318,479,616,"[220, 90, 366, 215]",0.8641619653503524,0.7608144286319848,26.238037500093014
7319,480,616,"[154, 144, 344, 293]",0.8702980964923093,0.7703785341868635,26.238037500093014
7320,479,616,"[107, 52, 481, 346]",0.8996407844168635,0.8175882672460817,26.238037500093014
7322,445,502,"[272, 110, 393, 228]",0.8457562436598011,0.7327362517789129,26.238037500093014
733,565,712,"[79, 117, 537, 428]",0.8740569904275035,0.7762888378865463,26.238037500093014
7331,479,616,"[22, 106, 265, 211]",0.7842477280377583,0.6450719822814484,26.238037500093014
7336,478,614,"[254, 145, 378, 222]",0.7990845959597546,0.6653962412936452,26.238037500093014
7338,456,496,"[206, 87, 353, 186]",0.8521722036564516,0.742421647542608,26.238037500093014
7341,479,616,"[84, 43, 519, 363]",0.9043521437505022,0.8254040188114729,26.238037500093014
7346,476,616,"[214, 59, 548, 278]",0.8808944712672995,0.7871415596211582,26.238037500093014
735,499,560,"[53, 71, 391, 357]",0.819123791028388,0.6936576288057804,26.238037500093014
7353,600,760,"[275, 257, 397, 354]",0.858106841612085,0.7514773473410467,26.238037500093014
737,446,432,"[137, 92, 357, 285]",0.8884921978394188,0.7993575898544057,26.238037500093014
739,586,857,"[215, 76, 609, 481]",0.7996988982413006,0.6662485746864547,26.238037500093014
741,675,980,"[406, 136, 637, 262]",0.6832255282450244,0.5188629813992146,26.238037500093014
743,357,423,"[138, 90, 397, 306]",0.8936376444068872,0.8077260039526889,26.238037500093014
747,323,417,"[102, 8, 348, 137]",0.8754264528979322,0.7784519342055278,26.238037500093014
749,323,417,"[66, 5, 372, 248]",0.9073901151116073,0.8304795038572333,26.238037500093014
75,499,630,"[148, 84, 573, 443]",0.8550768579011477,0.7468421472673239,26.238037500093014
750,319,417,"[71, 0, 390, 229]",0.9193862184053141,0.8508000120529348,20.540793750001285
751,319,417,"[113, 0, 324, 122]",0.9210586775720441,0.853668923810803,20.540793750001285
7546,247,434,"[162, 86, 239, 150]",0.7899500624223004,0.6528243487241351,20.540793750001285
7549,443,544,"[213, 70, 382, 195]",0.8509178132392141,0.740519540763226,20.540793750001285
755,323,418,"[106, 0, 317, 193]",0.9253056216647807,0.8609941954829686,20.540793750001285
7553,412,504,"[186, 153, 223, 207]",0.8172351885105306,0.6909532483321739,20.540793750001285
7555,480,504,"[113, 45, 351, 254]",0.8898399154775266,0.8015419828936751,20.540793750001285
7558,480,508,"[164, 82, 261, 173]",0.7888824165766923,0.6513673216989813,20.540793750001285
7563,483,506,"[219, 111, 294, 168]",0.8216704288942148,0.6973180076637273,20.540793750001285
7567,480,508,"[241, 207, 293, 259]",0.7449698189141223,0.5935871743503263,20.540793750001285
7569,480,504,"[177, 87, 309, 190]",0.8501353366846102,0.7393351268257692,20.540793750001285
7571,479,507,"[229, 107, 306, 192]",0.7826390505006019,0.6428981074371193,20.540793750001285
7575,444,553,"[189, 100, 322, 185]",0.7868852459017742,0.6486486486490152,20.540793750001285
7577,463,616,"[127, 172, 248, 333]",0.7998513133983975,0.6664601830823412,20.540793750001285
7579,338,504,"[218, 100, 310, 170]",0.801427478970429,0.6686516376017255,20.540793750001285
7581,433,549,"[330, 72, 423, 175]",0.8434702585126382,0.7293113425929842,20.540793750001285
7585,457,680,"[345, 221, 446, 289]",0.8674472088648678,0.765922097102149,20.540793750001285
7589,480,504,"[202, 112, 334, 247]",0.7830029262664209,0.6433893253863158,20.540793750001285
759,672,743,"[3, 72, 733, 665]",0.5793663889850056,0.40782252685903897,20.540793750001285
7593,326,504,"[214, 117, 253, 158]",0.8125560538124997,0.6842900302138649,20.540793750001285
7594,377,504,"[184, 82, 253, 143]",0.8668628172124552,0.7650113599488315,20.540793750001285
7596,550,815,"[374, 173, 435, 243]",0.8789511494255048,0.7840435757776865,20.540793750001285
7598,387,504,"[250, 58, 324, 107]",0.8339943342779339,0.7152575315849846,20.540793750001285
7600,560,768,"[533, 202, 592, 272]",0.8228519472650055,0.6990216271892404,20.540793750001285
7602,320,504,"[253, 156, 325, 229]",0.8264511388687341,0.7042324067124862,20.540793750001285
7604,358,616,"[288, 95, 428, 220]",0.7995905469759226,0.6660981758863517,20.540793750001285
7608,465,504,"[253, 40, 315, 85]",0.7623588456718636,0.6159772911613302,20.540793750001285
761,589,858,"[391, 166, 584, 340]",0.8181571202173833,0.6922723267308946,20.540793750001285
7610,488,640,"[289, 119, 384, 250]",0.8099116271011322,0.6805474665116671,20.540793750001285
7611,488,634,"[266, 187, 324, 253]",0.8021096078885528,0.6696018376735466,20.540793750001285
7613,480,504,"[196, 117, 389, 298]",0.8796598960793803,0.7851721928020423,20.540793750001285
7615,480,504,"[280, 79, 324, 122]",0.8425414364646321,0.7279236276865876,20.540793750001285
7617,480,508,"[229, 75, 295, 144]",0.8179897373984033,0.6920326864154953,21.196343749920743
7619,376,492,"[197, 157, 332, 256]",0.8481980742779377,0.7364096684821473,21.196343749920743
762,589,858,"[345, 86, 770, 409]",0.8968358556784023,0.812966828458633,21.196343749920743
7621,310,504,"[237, 87, 295, 135]",0.848602673147391,0.7370198395958758,21.196343749920743
7623,480,504,"[224, 114, 268, 163]",0.8311603650592204,0.7110987172352978,21.196343749920743
7625,488,640,"[304, 198, 373, 296]",0.8610957387937341,0.7560738581151485,21.196343749920743
7627,483,637,"[226, 135, 380, 234]",0.8315642313468484,0.711690153328271,21.196343749920743
7629,282,408,"[176, 110, 235, 187]",0.7367213114758414,0.5831819361547284,21.196343749920743
7631,474,614,"[261, 131, 344, 205]",0.8253255500675512,0.7025993883797733,21.196343749920743
7633,480,618,"[132, 120, 228, 241]",0.8390034476030449,0.7226580008967697,21.196343749920743
7635,308,504,"[186, 97, 320, 245]",0.8437064884433849,0.7296646396533628,21.196343749920743
7639,539,838,"[447, 195, 553, 350]",0.8520852085209155,0.7422895974910445,21.196343749920743
764,527,768,"[245, 155, 359, 303]",0.8206023216170872,0.695780852089135,21.196343749920743
7644,480,504,"[209, 101, 278, 141]",0.7437973361197603,0.5920997921014881,21.196343749920743
7646,410,504,"[221, 84, 248, 141]",0.8811013767213971,0.7874720357957683,21.196343749920743
7650,474,635,"[166, 157, 287, 256]",0.7978074000250419,0.6636269430055298,21.196343749920743
7654,269,504,"[204, 40, 398, 181]",0.9105063958223757,0.8357152280023589,21.196343749920743
7656,557,816,"[418, 254, 571, 396]",0.8282617476774511,0.7068658431486889,21.196343749920743
7658,564,1120,"[589, 217, 663, 324]",0.8165525007039349,0.6899777989221535,21.196343749920743
766,350,409,"[113, 81, 356, 252]",0.8776994553028071,0.7820538441774112,21.196343749920743
7660,482,507,"[222, 77, 322, 153]",0.802924093731421,0.6707378283425285,21.196343749920743
7662,480,504,"[189, 55, 339, 151]",0.7148584905662059,0.5562488530009577,21.196343749920743
7664,480,504,"[191, 65, 251, 112]",0.840212712079412,0.724454148472819,21.196343749920743
7666,444,504,"[189, 131, 320, 215]",0.7218455432448141,0.5647561133399344,21.196343749920743
7668,398,504,"[155, 90, 373, 250]",0.8872036805988991,0.7972740969132837,21.196343749920743
767,373,425,"[120, 38, 328, 216]",0.7881826389289482,0.6504137209524616,21.196343749920743
7670,488,634,"[251, 188, 383, 297]",0.7809333666085446,0.6405994104162785,21.196343749920743
7672,480,504,"[133, 109, 263, 229]",0.8206356968216036,0.6958288415294006,21.196343749920743
7674,517,812,"[399, 64, 465, 133]",0.7735314932771169,0.6306982111955259,21.196343749920743
7676,480,504,"[214, 90, 270, 148]",0.7447741935490457,0.5933388157911458,21.196343749920743
7678,526,816,"[386, 203, 448, 328]",0.785372054366104,0.6465947512483552,21.196343749920743
7680,319,504,"[189, 75, 324, 143]",0.8182588075882298,0.6924179446758028,21.196343749920743
7682,360,539,"[256, 88, 339, 186]",0.8133680555557176,0.685442574982172,22.07138749997739
7685,303,435,"[163, 94, 296, 179]",0.8388082505730512,0.7223684210529125,22.07138749997739
7686,457,680,"[258, 128, 383, 269]",0.8149344978166747,0.6876704252342194,22.07138749997739
7692,457,632,"[295, 78, 352, 141]",0.8482758620692733,0.7365269461087125,22.07138749997739
7696,405,504,"[211, 65, 327, 195]",0.841579355840201,0.7264885687968122,22.07138749997739
7698,443,552,"[234, 59, 376, 187]",0.832223592272983,0.7126566239619087,22.07138749997739
7702,400,504,"[179, 122, 241, 198]",0.7941904604723647,0.6586367369294863,22.07138749997739
7704,336,504,"[213, 163, 256, 208]",0.8256741359672402,0.7031047865478454,22.07138749997739
7706,443,614,"[295, 156, 356, 235]",0.798000312451495,0.6638939433333405,22.07138749997739
7708,445,544,"[301, 95, 342, 138]",0.8035087719306864,0.6715542522018215,22.07138749997739
771,588,858,"[351, 151, 579, 304]",0.8534982954417507,0.7444370052381771,22.07138749997739
7711,480,618,"[246, 168, 339, 271]",0.7683685220731145,0.6238623613020523,22.07138749997739
7712,488,640,"[220, 132, 386, 283]",0.8642455820961537,0.7609440636746845,22.07138749997739
7714,480,504,"[210, 99, 278, 195]",0.8212592347559584,0.69672591206792,22.07138749997739
7716,488,640,"[295, 160, 366, 222]",0.8478952291864399,0.7359532315695487,22.07138749997739
7718,483,507,"[138, 114, 300, 246]",0.8431513566525521,0.7288346332091507,22.07138749997739
7720,480,619,"[260, 192, 332, 279]",0.7963235294120143,0.6615760537575615,22.07138749997739
7722,372,504,"[233, 81, 333, 210]",0.7475728155341338,0.5968992248065921,22.07138749997739
7724,499,480,"[215, 135, 307, 214]",0.799470684039292,0.665931829744504,22.07138749997739
7726,488,640,"[277, 160, 371, 250]",0.7794091632763317,0.638550724638205,22.07138749997739
773,663,556,"[30, 77, 503, 443]",0.9340197334350918,0.8762073396020253,22.07138749997739
7731,456,504,"[216, 116, 286, 225]",0.846812559467336,0.7343234323437214,22.07138749997739
7733,480,618,"[231, 188, 313, 286]",0.8338502436864565,0.7150455927056002,22.07138749997739
7737,480,616,"[379, 111, 586, 283]",0.8091894305313534,0.6795282568683347,22.07138749997739
7739,443,504,"[165, 124, 299, 217]",0.8012523481529109,0.6684078562477346,22.07138749997739
7743,480,504,"[195, 48, 343, 149]",0.8168899302196216,0.6904597899089973,22.07138749997739
7746,304,440,"[171, 80, 247, 140]",0.8086927889367654,0.6788280818140441,22.07138749997739
7748,280,504,"[231, 119, 301, 166]",0.8126286890875941,0.6843930635850313,22.07138749997739
7750,411,504,"[253, 96, 288, 141]",0.765874939409763,0.6205813040092649,22.07138749997739
7754,480,504,"[216, 126, 261, 159]",0.85507862303504,0.7468448403879225,22.07138749997739
7756,496,699,"[338, 159, 489, 302]",0.8622617064594255,0.7578735033838119,22.07138749997739
7758,480,616,"[277, 181, 399, 311]",0.8509034689342686,0.7404978136564577,22.07138749997739
7760,480,504,"[158, 117, 286, 247]",0.8361194847904284,0.718389451377664,20.561903124985292
7762,480,504,"[218, 136, 286, 199]",0.842014784253323,0.7271377672217127,20.561903124985292
7764,488,634,"[325, 155, 375, 204]",0.8420733555627703,0.7272251308914804,20.561903124985292
7766,377,504,"[201, 116, 306, 202]",0.7852965747704583,0.6464924346635389,20.561903124985292
777,669,743,"[316, 144, 568, 438]",0.8767406517282925,0.780532699841137,20.561903124985292
7770,443,504,"[157, 96, 261, 167]",0.7950558213718151,0.659827928524719,20.561903124985292
7772,480,504,"[201, 78, 284, 140]",0.8408660351828946,0.7254261031993335,20.561903124985292
7774,543,892,"[398, 224, 455, 291]",0.8385920116727364,0.7220477386943402,20.561903124985292
7776,488,640,"[265, 90, 408, 193]",0.7980819446423596,0.6640069521254037,20.561903124985292
7780,480,504,"[203, 94, 324, 204]",0.8099733973189661,0.6806346979927407,20.561903124985292
7782,488,640,"[323, 149, 393, 250]",0.7415108948128065,0.5892072420467759,20.561903124985292
7784,487,640,"[224, 90, 421, 180]",0.8294402820626579,0.708584337349617,20.561903124985292
7786,480,504,"[113, 79, 323, 237]",0.8635995766669025,0.7599430261861291,20.561903124985292
7788,480,508,"[158, 141, 253, 204]",0.8007130124779551,0.6676575505357359,20.561903124985292
779,363,364,"[176, 148, 253, 232]",0.8582940025326828,0.7517644686433721,20.561903124985292
7790,296,504,"[221, 99, 273, 142]",0.8274127632825293,0.7056300268112299,20.561903124985292
7792,402,784,"[325, 98, 381, 165]",0.8566867683578278,0.7493018926473803,20.561903124985292
7794,487,640,"[320, 154, 393, 223]",0.8510167381382612,0.7406693956182503,20.561903124985292
7796,480,506,"[262, 173, 317, 249]",0.8330955777463747,0.7139364303187227,20.561903124985292
7798,488,640,"[286, 212, 346, 282]",0.7942470389174379,0.6587145663776067,20.561903124985292
78,499,630,"[2, 114, 488, 495]",0.8164088903687733,0.689772746453928,20.561903124985292
7800,480,504,"[196, 93, 396, 278]",0.8846318952565134,0.7931299913403915,20.561903124985292
7802,480,508,"[220, 136, 298, 209]",0.8818067754079275,0.7885996409340471,20.561903124985292
7804,564,800,"[146, 144, 282, 273]",0.7819110138585911,0.641916167664923,20.561903124985292
7806,487,640,"[281, 184, 363, 272]",0.8189339197823656,0.693385352013312,20.561903124985292
781,610,1090,"[293, 134, 789, 466]",0.9206602137467975,0.8529845980594891,20.561903124985292
7810,349,504,"[283, 79, 334, 164]",0.800887220611157,0.667899829255356,20.561903124985292
7812,480,508,"[193, 103, 303, 220]",0.7848316443283525,0.6458624771337071,20.561903124985292
7814,376,504,"[213, 159, 291, 220]",0.7895610197619708,0.6522931206389524,20.561903124985292
7816,480,504,"[70, 89, 112, 132]",0.7314331593748237,0.5765822784836926,20.561903124985292
7818,480,507,"[230, 109, 267, 154]",0.8569242540173798,0.7496653279802565,20.561903124985292
7820,355,505,"[166, 101, 276, 183]",0.7322111706199959,0.5775497887755318,20.561903124985292
7822,480,504,"[171, 172, 328, 312]",0.844780079600012,0.731272084805812,23.09493749999092
7824,480,508,"[199, 97, 335, 204]",0.8578073792156371,0.7510181414293308,23.09493749999092
7828,457,680,"[306, 202, 393, 297]",0.8617607223477546,0.7570997937493937,23.09493749999092
783,453,784,"[447, 84, 551, 192]",0.8428507049508512,0.7283854456440098,23.09493749999092
7832,357,504,"[253, 102, 346, 180]",0.840420002079384,0.7247624170706028,23.09493749999092
7834,483,507,"[45, 77, 433, 372]",0.8369081293813899,0.7195546203381883,23.09493749999092
7836,451,615,"[268, 196, 348, 307]",0.9007813156347974,0.8194741669217067,23.09493749999092
7838,289,504,"[186, 59, 343, 217]",0.876871700958775,0.7807404565510355,23.09493749999092
7840,480,618,"[283, 198, 342, 276]",0.8212271973468968,0.696679797412221,23.09493749999092
7842,818,1080,"[549, 278, 681, 395]",0.8539988761941122,0.74519898667995,23.09493749999092
7846,480,508,"[176, 99, 397, 262]",0.860027869216661,0.7544288548753705,23.09493749999092
7848,343,504,"[228, 124, 260, 164]",0.808855291577706,0.6790571169566723,23.09493749999092
785,590,785,"[257, 154, 363, 275]",0.8263656475127198,0.7041082648625383,23.09493749999092
7850,607,960,"[521, 117, 629, 240]",0.8531156517771875,0.74385499557936,23.09493749999092
7852,480,504,"[206, 77, 278, 189]",0.7659340659342803,0.6206589492436618,23.09493749999092
7854,480,503,"[15, 93, 433, 413]",0.8433158056344591,0.7290804263968037,23.09493749999092
7856,566,1280,"[532, 278, 606, 344]",0.8507416563661144,0.7402527561179343,23.09493749999092
7858,385,504,"[206, 112, 309, 230]",0.729359717821648,0.574009598193682,23.09493749999092
7860,430,504,"[191, 96, 278, 180]",0.7692599981003426,0.6250385921586523,23.09493749999092
7862,447,546,"[222, 152, 316, 246]",0.7112492480452062,0.5518904621136582,23.09493749999092
7866,429,504,"[273, 146, 344, 209]",0.8575862068967972,0.750679142771655,23.09493749999092
787,600,783,"[128, 238, 301, 404]",0.8283288754506737,0.7069636334763749,23.09493749999092
7870,487,640,"[300, 180, 393, 273]",0.8576839314460206,0.7508289124672566,23.09493749999092
7875,344,434,"[117, 105, 294, 232]",0.8883852339408587,0.7991844486650658,23.09493749999092
7877,335,504,"[261, 151, 283, 166]",0.7309090909139835,0.5759312321038416,23.09493749999092
7879,487,616,"[214, 108, 345, 211]",0.7779993353274742,0.6366603209141177,23.09493749999092
7881,351,504,"[213, 61, 314, 162]",0.8620715859868819,0.757579804995649,23.09493749999092
7883,488,640,"[265, 149, 399, 278]",0.8204439670605888,0.6955531947187013,23.09493749999092
7885,487,612,"[283, 169, 411, 292]",0.7888940305415137,0.6513831575732452,23.09493749999092
7887,479,507,"[182, 117, 334, 238]",0.8568611480259541,0.7495687392186683,23.09493749999092
7889,480,504,"[156, 72, 308, 184]",0.8208416452931411,0.6961250302105083,23.09493749999092
7891,374,504,"[299, 146, 361, 219]",0.8795072115386425,0.78492893537199,23.09493749999092
7893,388,504,"[147, 106, 183, 151]",0.8440604751626606,0.7301943198824351,23.15345312501904
7895,338,504,"[188, 71, 288, 161]",0.810703837549638,0.6816669078285608,23.15345312501904
7897,479,506,"[210, 109, 340, 242]",0.8102428857034284,0.6810153736148151,23.15345312501904
7899,360,504,"[186, 106, 248, 179]",0.8592399282337967,0.7532170431805741,23.15345312501904
790,713,972,"[343, 129, 776, 486]",0.9119803621525157,0.8382021155029564,23.15345312501904
7907,487,640,"[298, 150, 381, 223]",0.8686745518840766,0.7678378960987975,23.15345312501904
7910,361,504,"[195, 96, 324, 200]",0.7652680140598829,0.6197847166625569,23.15345312501904
7911,430,546,"[309, 130, 349, 195]",0.7503418102276447,0.6004376367632366,23.15345312501904
7919,385,504,"[176, 116, 231, 182]",0.8759179062325816,0.779229480737758,23.15345312501904
792,590,785,"[119, 62, 484, 331]",0.8874585605817635,0.7976858471409761,23.15345312501904
7921,386,504,"[208, 74, 289, 144]",0.8310108943503535,0.710879930646487,23.15345312501904
7923,255,504,"[171, 38, 382, 188]",0.8833084734680772,0.7910049037547424,23.15345312501904
7927,480,618,"[228, 168, 382, 256]",0.8504596764809436,0.7398258756836,23.15345312501904
7929,380,504,"[210, 114, 246, 141]",0.6892265193391629,0.525816649109317,23.15345312501904
7931,480,504,"[253, 79, 341, 141]",0.8218990120748876,0.6976473328681629,23.15345312501904
7933,480,504,"[221, 111, 329, 229]",0.8044759956685089,0.6729066022547575,23.15345312501904
7935,460,614,"[211, 65, 312, 188]",0.8294816555687234,0.7086447295039501,23.15345312501904
7937,387,702,"[319, 89, 403, 156]",0.8025236593062429,0.6701791359332556,23.15345312501904
7939,487,617,"[355, 114, 473, 212]",0.7999208391056138,0.6665567282325565,23.15345312501904
794,546,808,"[408, 215, 491, 314]",0.7843137254903816,0.6451612903230827,23.15345312501904
7941,424,504,"[176, 50, 324, 130]",0.8041844149337233,0.6724986904141723,23.15345312501904
7947,480,504,"[96, 103, 336, 282]",0.8493803174404447,0.7381938014053767,23.15345312501904
7949,480,508,"[193, 94, 250, 134]",0.843316612570542,0.7290816326544435,23.15345312501904
7951,517,815,"[365, 261, 457, 360]",0.8706285884722462,0.7708966063650193,23.15345312501904
7953,480,504,"[180, 96, 289, 184]",0.7657822506863634,0.6204595997039529,23.15345312501904
7955,480,504,"[211, 77, 284, 162]",0.836431661405546,0.7188504823156775,23.15345312501904
7959,557,701,"[271, 42, 385, 124]",0.8528608227305808,0.7434676102344264,23.15345312501904
7962,422,504,"[211, 174, 323, 275]",0.855771725032519,0.7479029698483927,23.15345312501904
7964,564,912,"[317, 109, 475, 216]",0.7609874696092384,0.6141886792455742,23.15345312501904
7966,292,435,"[214, 106, 255, 143]",0.7996155694387332,0.6661329063277331,23.15345312501904
7968,320,380,"[158, 130, 261, 207]",0.7291625420711451,0.5737653840168659,23.15345312501904
797,608,525,"[53, 177, 403, 481]",0.8895407178695556,0.8010565827888455,23.15345312501904
7970,480,504,"[236, 114, 318, 202]",0.7877303018426227,0.6497978981412291,20.877640625030836
7974,443,544,"[199, 109, 396, 270]",0.8893786011064689,0.8007936836014217,20.877640625030836
7976,480,508,"[195, 77, 271, 144]",0.7925400739830571,0.6563696706672035,20.877640625030836
7978,488,640,"[229, 82, 529, 277]",0.8705634519568896,0.7707944757634028,20.877640625030836
7980,472,504,"[201, 152, 316, 259]",0.7556902443743918,0.6073168203963029,20.877640625030836
7982,480,616,"[281, 132, 350, 191]",0.8106813996320246,0.681635181171627,20.877640625030836
7984,312,504,"[203, 149, 245, 194]",0.8836712913558034,0.7915869980892825,20.877640625030836
7988,396,504,"[212, 167, 260, 225]",0.7856191744346588,0.646929824562952,20.877640625030836
799,426,544,"[82, 68, 470, 352]",0.9016657526734358,0.8209393041036229,20.877640625030836
7990,598,618,"[164, 138, 392, 356]",0.8659674669902826,0.7636178343949648,20.877640625030836
7992,487,640,"[310, 165, 356, 227]",0.7046604527304803,0.5439967105281908,20.877640625030836
7994,483,507,"[113, 52, 363, 294]",0.898228194812987,0.815257924176543,20.877640625030836
7996,444,544,"[156, 104, 288, 189]",0.8596937023557039,0.7539147193450325,20.877640625030836
7998,480,508,"[303, 184, 361, 220]",0.8494453248816183,0.7382920110207256,20.877640625030836
8,600,466,"[131, 70, 424, 336]",0.9193360295759687,0.8507140561142719,20.877640625030836
8000,480,508,"[153, 109, 288, 224]",0.8395162756865614,0.7234192587951709,20.877640625030836
8004,480,508,"[162, 56, 345, 227]",0.8016103136757323,0.6689062187563811,20.877640625030836
8006,480,508,"[248, 76, 326, 127]",0.8313725490199227,0.7114093959740767,20.877640625030836
801,608,588,"[233, 241, 387, 369]",0.8657723150716234,0.763314391436657,20.877640625030836
8010,453,504,"[195, 169, 246, 215]",0.8245667376107493,0.7015002586668313,20.877640625030836
8014,443,544,"[178, 136, 247, 209]",0.82897664071214,0.7079078603664025,20.877640625030836
8016,483,507,"[183, 88, 295, 181]",0.8227239621268589,0.6988369215544434,20.877640625030836
8018,480,508,"[132, 61, 383, 283]",0.8840773599962582,0.7922389315385862,20.877640625030836
8020,478,504,"[185, 82, 231, 125]",0.8711566617867088,0.7717250324269019,20.877640625030836
8022,480,504,"[230, 114, 299, 159]",0.8307322929175732,0.7104722792619693,20.877640625030836
8024,480,621,"[198, 220, 354, 344]",0.8278733031674831,0.706300185299749,20.877640625030836
8028,349,508,"[244, 133, 339, 229]",0.8697028310182261,0.7694461729935136,20.877640625030836
8030,484,613,"[402, 173, 479, 268]",0.7930476960390126,0.6570663094446466,20.877640625030836
8032,487,640,"[290, 89, 443, 195]",0.789326627549693,0.6519732287101685,20.877640625030836
8034,550,815,"[365, 265, 457, 362]",0.8633160381012442,0.7595040196215295,20.877640625030836
8036,539,815,"[246, 88, 526, 341]",0.8680914087841851,0.7669271313258327,20.877640625030836
8038,457,680,"[283, 46, 445, 196]",0.8100994345877006,0.6808127150583425,20.877640625030836
8040,480,508,"[186, 117, 343, 317]",0.822906771610842,0.6991007608947433,22.1809718749455
8042,280,435,"[145, 109, 179, 158]",0.7897526501776071,0.6525547445280836,22.1809718749455
8044,472,815,"[241, 102, 497, 311]",0.8532678719162582,0.7440864793263924,22.1809718749455
8046,545,816,"[413, 229, 459, 288]",0.7944471505119473,0.6589898989912768,22.1809718749455
8048,503,688,"[378, 148, 461, 256]",0.8459110990894907,0.7329687500004173,22.1809718749455
8050,481,504,"[180, 120, 245, 175]",0.8604651162793544,0.7551020408172033,22.1809718749455
8054,483,509,"[166, 205, 235, 293]",0.8666096099769328,0.7646170442292025,22.1809718749455
8056,488,640,"[255, 184, 336, 315]",0.8356877323421296,0.7177522349939748,22.1809718749455
8058,480,613,"[278, 127, 397, 202]",0.7839643652563434,0.6446886446892363,22.1809718749455
806,514,601,"[0, 84, 475, 308]",0.8462654962896968,0.7335010728795942,22.1809718749455
8060,564,623,"[270, 218, 386, 342]",0.7948412492879293,0.6595324050200623,22.1809718749455
8062,488,634,"[229, 188, 347, 294]",0.7313756690295593,0.5765108323836071,22.1809718749455
8067,483,507,"[235, 153, 324, 254]",0.8253798986938369,0.7026781661375356,22.1809718749455
8069,405,504,"[265, 126, 338, 184]",0.8007723363177097,0.6677400468393802,22.1809718749455
807,514,601,"[177, 74, 383, 247]",0.8701489324226725,0.7701448070395032,22.1809718749455
8071,582,785,"[266, 188, 371, 297]",0.8491809452081535,0.7378926701573538,22.1809718749455
8073,373,456,"[187, 148, 292, 247]",0.8944180008655024,0.8090019569474116,22.1809718749455
8075,567,1256,"[544, 238, 737, 396]",0.7736312300516147,0.6308308308309787,22.1809718749455
8077,470,504,"[279, 171, 309, 209]",0.7828904731057492,0.6432374866917653,22.1809718749455
8079,480,508,"[157, 82, 338, 265]",0.8554554724677398,0.747420001484985,22.1809718749455
8081,310,434,"[145, 76, 310, 196]",0.8823470645043516,0.7894642750731247,22.1809718749455
8084,483,504,"[176, 102, 255, 160]",0.8085473031194063,0.6786230835994255,22.1809718749455
8088,480,508,"[396, 164, 460, 217]",0.8597225280778249,0.7539590575521283,22.1809718749455
8092,480,508,"[166, 92, 251, 166]",0.8686820408652542,0.7678495986485682,22.1809718749455
8094,480,508,"[248, 66, 301, 111]",0.8417194268582415,0.7266973532812042,22.1809718749455
8095,444,544,"[129, 48, 294, 186]",0.8121514719232875,0.6837163600634949,22.1809718749455
8097,480,504,"[152, 93, 279, 185]",0.8107976059607849,0.6817995069847146,22.1809718749455
8098,452,504,"[263, 116, 318, 181]",0.8299008390544815,0.7092568448510128,22.1809718749455
81,499,630,"[249, 91, 366, 174]",0.8186867534049923,0.6930310446996096,22.1809718749455
8100,385,504,"[133, 114, 253, 210]",0.8166884321947786,0.6901719330858617,22.1809718749455
8102,462,504,"[227, 93, 348, 206]",0.853877082136787,0.7450135311218351,22.1809718749455
8104,487,614,"[252, 173, 295, 211]",0.8138877674613892,0.6861810755637429,22.1809718749455
8106,403,504,"[86, 64, 400, 254]",0.8510583916165333,0.7407325014662688,24.382846875028008
8108,483,504,"[193, 122, 256, 186]",0.7865497076027292,0.648192771085397,24.382846875028008
8110,430,504,"[149, 87, 355, 225]",0.8102951461743433,0.6810892160091798,24.382846875028008
8112,480,504,"[251, 94, 313, 136]",0.8568232662196398,0.7495107632106188,24.382846875028008
8114,488,640,"[316, 157, 378, 218]",0.7967703820405735,0.662193126024019,24.382846875028008
8116,427,504,"[165, 68, 334, 202]",0.86691743952271,0.7650964455384551,24.382846875028008
8118,384,504,"[201, 107, 284, 202]",0.8275276125745044,0.7057971014497492,24.382846875028008
8124,429,504,"[182, 82, 308, 147]",0.8350506063646986,0.7168127739516017,24.382846875028008
8126,356,504,"[190, 119, 284, 224]",0.8343641574899424,0.7158017341792212,24.382846875028008
8128,549,624,"[248, 92, 397, 295]",0.8648018069448572,0.7618068917265342,24.382846875028008
813,789,750,"[193, 90, 671, 484]",0.8940551267622552,0.8084084011754054,24.382846875028008
8132,509,815,"[211, 80, 465, 208]",0.7689354197826263,0.6246101399870804,24.382846875028008
8134,480,616,"[24, 42, 503, 411]",0.7090572803471016,0.5492554158698593,24.382846875028008
8136,480,508,"[284, 142, 366, 225]",0.9071382078542991,0.830057573953087,24.382846875028008
8140,525,867,"[331, 258, 395, 307]",0.8174069089281799,0.6911987860406252,24.382846875028008
8142,324,437,"[114, 66, 347, 253]",0.8812971027301696,0.7877847683071081,24.382846875028008
8144,487,640,"[336, 192, 398, 245]",0.7381254762516176,0.5849436392931363,24.382846875028008
8146,480,504,"[142, 69, 314, 220]",0.8225479494776697,0.6985829691432929,24.382846875028008
8148,483,507,"[197, 98, 269, 152]",0.8114285714289081,0.6826923076932612,24.382846875028008
815,789,923,"[267, 89, 803, 537]",0.8966549667581836,0.8126695999379839,24.382846875028008
8150,356,504,"[148, 69, 220, 131]",0.8110074331807512,0.6820963022088797,24.382846875028008
8152,290,440,"[154, 122, 256, 195]",0.8088723861639546,0.6790812141104527,24.382846875028008
8156,342,504,"[178, 129, 248, 169]",0.8261950815147107,0.7038606403027126,24.382846875028008
8158,340,504,"[206, 107, 301, 182]",0.7468065693433544,0.5959228249006263,24.382846875028008
8160,488,644,"[289, 137, 340, 182]",0.7559055118118593,0.6075949367110204,24.382846875028008
8162,454,635,"[236, 120, 298, 183]",0.8872651356995698,0.7973733583496017,24.382846875028008
8166,394,504,"[224, 64, 314, 153]",0.8104452376481209,0.681301326595576,24.382846875028008
8168,373,504,"[231, 126, 271, 176]",0.8616815187917021,0.7569775357402521,24.382846875028008
817,789,923,"[270, 159, 658, 463]",0.9030679254178742,0.8232669518410299,24.382846875028008
8170,488,634,"[260, 262, 370, 338]",0.8455658749076638,0.7324505197212979,24.382846875028008
8172,535,808,"[339, 165, 444, 266]",0.7998547039594626,0.6664648910415659,24.382846875028008
8174,471,616,"[318, 188, 480, 307]",0.8200484921958554,0.6949849097799429,24.382846875028008
8178,557,816,"[350, 225, 512, 401]",0.8473343298455787,0.7351084983142842,24.398434374916178
8180,487,640,"[358, 193, 421, 280]",0.8846807477544492,0.7932085328694096,24.398434374916178
8182,402,504,"[162, 111, 240, 190]",0.854704797048138,0.7462746677411473,24.398434374916178
8184,368,504,"[183, 86, 339, 245]",0.8883535875714162,0.7991332294508185,24.398434374916178
8186,480,504,"[205, 106, 339, 235]",0.8145908591173965,0.6871811858233274,24.398434374916178
8188,480,618,"[271, 268, 342, 353]",0.8556199304752541,0.7476711219122162,24.398434374916178
8190,483,616,"[212, 153, 291, 217]",0.8200948429166863,0.695051494600113,24.398434374916178
8192,333,504,"[152, 84, 304, 214]",0.8674367989285561,0.7659058656576597,24.398434374916178
8194,582,858,"[370, 94, 559, 209]",0.8751334804585054,0.7779887348903374,24.398434374916178
8196,379,784,"[230, 62, 503, 239]",0.8643088505646701,0.7610421644955521,24.398434374916178
82,499,630,"[156, 118, 424, 366]",0.9086343329342805,0.8325663527397559,24.398434374916178
8200,589,745,"[150, 140, 325, 313]",0.8981636872188014,0.8151516489339036,24.398434374916178
8205,482,621,"[272, 135, 392, 290]",0.8444326288272213,0.7307515337425378,24.398434374916178
8207,276,504,"[258, 87, 361, 184]",0.7976629766299218,0.663427109974855,24.398434374916178
8209,469,814,"[354, 112, 530, 259]",0.8352004897459947,0.7170336889684569,24.398434374916178
821,604,657,"[165, 84, 527, 387]",0.9200324262790891,0.8519074541370032,24.398434374916178
8211,302,504,"[238, 156, 294, 199]",0.8871405317420317,0.7971721111662742,24.398434374916178
8214,488,640,"[278, 110, 408, 247]",0.8377522239098122,0.7208034647552861,24.398434374916178
8216,488,634,"[265, 163, 397, 274]",0.8209943551889812,0.6963447196393551,24.398434374916178
8219,488,634,"[250, 171, 368, 279]",0.8002027754896394,0.6669483468895457,24.398434374916178
8221,605,945,"[422, 180, 529, 272]",0.8289231222821339,0.7078298086609921,24.398434374916178
8223,660,1072,"[412, 319, 531, 436]",0.8803043027219877,0.7861995941058977,24.398434374916178
8227,660,896,"[273, 228, 348, 342]",0.8036210450839799,0.6717111177709444,24.398434374916178
8229,660,1031,"[424, 314, 541, 434]",0.8703756538279266,0.7705000841894507,24.398434374916178
823,789,600,"[63, 75, 568, 580]",0.9144957584393641,0.8424617089700103,24.398434374916178
8231,600,760,"[476, 215, 553, 319]",0.8599737134770398,0.7543455125935539,24.398434374916178
8234,687,1100,"[447, 215, 537, 287]",0.8473748473750027,0.7351694915258913,24.398434374916178
8236,600,912,"[572, 212, 656, 277]",0.8378151260506473,0.7208966015914174,24.398434374916178
8238,600,760,"[342, 296, 434, 406]",0.8394603469199519,0.7233362037154345,24.398434374916178
8242,660,1031,"[388, 203, 605, 399]",0.8054037528184727,0.6742058287214325,24.398434374916178
8244,600,650,"[66, 81, 466, 496]",0.6882273054083701,0.5246543919124984,24.398434374916178
8246,660,1031,"[638, 225, 787, 357]",0.7793245274065572,0.6384371152727024,24.398434374916178
8248,480,614,"[269, 104, 362, 217]",0.7550882463388997,0.60653957529005,22.345475000065562
825,789,923,"[415, 262, 720, 547]",0.9159377963779851,0.8449125827998716,22.345475000065562
8250,480,613,"[271, 134, 356, 229]",0.8293909480351748,0.7085123309471623,22.345475000065562
8254,484,614,"[219, 100, 403, 294]",0.880231057580065,0.7860827571068723,22.345475000065562
8256,660,1031,"[419, 110, 600, 317]",0.795164723572989,0.6599779564316455,22.345475000065562
8258,660,1031,"[287, 95, 829, 521]",0.8944240502077907,0.8090118552017176,22.345475000065562
8260,600,760,"[292, 252, 486, 428]",0.8701483606050244,0.7701439111696362,22.345475000065562
8264,679,1024,"[283, 94, 670, 348]",0.8224416648379911,0.6984296576057623,22.345475000065562
8266,470,783,"[383, 135, 432, 196]",0.8805245264694499,0.7865509761397547,22.345475000065562
8269,522,812,"[335, 71, 718, 257]",0.7135500637678714,0.5546660182189719,22.345475000065562
827,789,923,"[229, 124, 586, 353]",0.8463483264037759,0.733625535137063,22.345475000065562
8271,477,616,"[362, 139, 412, 211]",0.7760962359336901,0.6341154090055988,22.345475000065562
8273,660,874,"[363, 315, 480, 422]",0.8681201059096005,0.7669719291262522,22.345475000065562
8275,547,836,"[434, 177, 589, 388]",0.8238795774476508,0.7005061400598653,22.345475000065562
8278,542,789,"[214, 84, 470, 356]",0.8989330817244975,0.8164200257078184,22.345475000065562
8280,574,675,"[214, 141, 371, 343]",0.8318110526801753,0.7120518085611626,22.345475000065562
8282,405,397,"[89, 82, 207, 197]",0.8360920468309265,0.7183489420744725,22.345475000065562
8285,478,505,"[212, 95, 264, 183]",0.8245457253502763,0.7014698428796212,22.345475000065562
8286,313,655,"[113, 91, 281, 230]",0.8627329959264712,0.7586019754695764,22.345475000065562
8288,479,505,"[130, 47, 441, 227]",0.8427945359953045,0.7283015524993404,22.345475000065562
829,789,925,"[323, 170, 769, 495]",0.9036815811345269,0.8242875113506815,22.345475000065562
8290,428,852,"[442, 88, 576, 193]",0.6789355881623483,0.5139307228920237,22.345475000065562
8292,585,525,"[27, 110, 158, 227]",0.8152179888944883,0.6880742459399646,22.345475000065562
8298,370,534,"[278, 105, 340, 159]",0.8256196534331528,0.7030257751225139,22.345475000065562
8303,338,506,"[204, 74, 280, 145]",0.8517789155837576,0.7418248342105149,22.345475000065562
8305,487,640,"[241, 154, 320, 248]",0.8436421031865013,0.7295683330494291,22.345475000065562
8307,445,544,"[248, 120, 332, 218]",0.8182167563414506,0.692357723577736,22.345475000065562
8309,549,815,"[443, 181, 531, 275]",0.8177469280557005,0.6916851793086454,22.345475000065562
8311,367,504,"[162, 76, 338, 274]",0.8585535197685904,0.7521627466883779,22.345475000065562
8316,480,508,"[203, 160, 243, 202]",0.8121475054238084,0.6837107377671022,22.345475000065562
8318,551,816,"[305, 106, 458, 312]",0.7802365122063188,0.6396621312363668,22.345475000065562
8320,484,612,"[236, 98, 320, 148]",0.7361502347422795,0.5824665676089674,22.345475000065562
8322,487,615,"[265, 71, 332, 120]",0.7918584928524549,0.6554352186134961,22.47669374992256
8323,589,785,"[426, 170, 522, 266]",0.8472305839856659,0.7349523436483418,22.47669374992256
8325,416,702,"[307, 154, 380, 237]",0.8239379557821229,0.7005905511816918,22.47669374992256
8327,482,508,"[172, 97, 273, 201]",0.8140507011867489,0.6864127345085997,22.47669374992256
8329,291,504,"[202, 117, 317, 214]",0.8338949819252289,0.7151113913411988,22.47669374992256
8333,480,616,"[159, 87, 435, 291]",0.8981140002801109,0.8150697989705308,22.47669374992256
8336,564,624,"[340, 115, 506, 234]",0.8259081030736471,0.7034441726715783,22.47669374992256
8337,281,504,"[237, 96, 372, 199]",0.7934176376388572,0.6575743707096955,22.47669374992256
834,789,750,"[341, 143, 635, 376]",0.8817012288786595,0.7884308305146223,22.47669374992256
8341,480,504,"[200, 72, 286, 138]",0.8266246362756708,0.7044843976034212,22.47669374992256
8343,463,504,"[222, 148, 306, 243]",0.7507980845972159,0.6010222009270069,22.47669374992256
8345,815,1013,"[495, 204, 592, 289]",0.8210632232099437,0.6964438122337178,22.47669374992256
8347,472,504,"[180, 183, 277, 266]",0.7635674381486796,0.6175568823630506,22.47669374992256
8349,480,616,"[309, 198, 394, 272]",0.868098159509358,0.7669376693771797,22.47669374992256
835,789,978,"[441, 76, 815, 452]",0.8804820474593175,0.7864831872156436,22.47669374992256
8351,480,508,"[174, 107, 322, 217]",0.7357424901285872,0.5819561951454242,22.47669374992256
8353,488,634,"[261, 157, 361, 220]",0.7615639496358362,0.6149400684939749,22.47669374992256
8355,488,640,"[252, 159, 392, 267]",0.7427179324225491,0.5907329401856859,22.47669374992256
8359,480,504,"[186, 94, 336, 197]",0.8395301516833891,0.7234398661036715,22.47669374992256
8361,364,504,"[182, 88, 352, 239]",0.8198921050470138,0.6947602914560288,22.47669374992256
8363,548,817,"[302, 158, 393, 220]",0.8283278688526842,0.7069621670031185,22.47669374992256
8365,480,508,"[199, 56, 276, 98]",0.8322180916980614,0.7126485568772808,22.47669374992256
8367,517,815,"[384, 161, 470, 214]",0.7837078651688768,0.6443418013865939,22.47669374992256
837,789,607,"[49, 112, 586, 656]",0.8956519711643447,0.8110232895590527,22.47669374992256
8371,487,640,"[359, 213, 434, 296]",0.8961560527826778,0.811850311850703,22.47669374992256
8373,517,815,"[362, 227, 489, 347]",0.8608699732533148,0.7557258197398619,22.47669374992256
8375,480,616,"[292, 194, 375, 288]",0.8059454995872961,0.6749654218538882,22.47669374992256
8377,549,819,"[396, 172, 490, 308]",0.832775330396574,0.7134661835751676,22.47669374992256
8379,369,504,"[195, 115, 255, 175]",0.7908496732030416,0.6540540540552228,22.47669374992256
8381,480,504,"[226, 121, 309, 206]",0.8181334468449312,0.6922384296782059,22.47669374992256
8383,480,621,"[257, 138, 329, 213]",0.884119074996954,0.7923059308454493,22.47669374992256
8387,447,550,"[237, 109, 363, 196]",0.8625130525583972,0.7582619339048247,22.47669374992256
8389,480,508,"[371, 123, 459, 195]",0.8505057241304317,0.739895571456701,21.673746875080724
8391,432,504,"[252, 162, 294, 200]",0.7802964254586735,0.6397426733406738,21.673746875080724
8393,488,634,"[298, 172, 361, 232]",0.8348348348351265,0.7164948453616844,21.673746875080724
8397,460,614,"[282, 144, 431, 268]",0.8356115251265949,0.7176398110755577,21.673746875080724
84,499,630,"[264, 133, 433, 256]",0.8580153822953333,0.7513370749423893,21.673746875080724
8404,480,508,"[247, 122, 319, 195]",0.7028541411316707,0.5418466522690555,21.673746875080724
8406,517,816,"[395, 199, 448, 284]",0.7208865514655881,0.5635829662274198,21.673746875080724
8408,464,701,"[292, 139, 453, 237]",0.770812636598564,0.6270912470705349,21.673746875080724
841,789,923,"[366, 49, 841, 348]",0.851109838461242,0.7408104507756658,21.673746875080724
8412,480,618,"[242, 163, 362, 309]",0.815174834615987,0.6880127620786326,21.673746875080724
8414,380,504,"[219, 94, 344, 201]",0.8644284386617888,0.7612276214836201,21.673746875080724
8418,480,508,"[215, 100, 282, 158]",0.8530411786931374,0.74374176548174,21.673746875080724
8420,488,640,"[306, 173, 395, 242]",0.8367149758456077,0.7192691029906161,21.673746875080724
8422,482,507,"[161, 80, 325, 200]",0.8260770803362512,0.7036893704852273,21.673746875080724
8426,480,508,"[222, 146, 268, 202]",0.8021592442650414,0.6696710229848144,21.673746875080724
8428,488,634,"[251, 165, 387, 258]",0.7048373872644815,0.5442076387428315,21.673746875080724
843,600,576,"[137, 123, 534, 382]",0.8462412813226655,0.7334646903408117,21.673746875080724
8430,487,640,"[286, 189, 330, 247]",0.7201283079398019,0.5626566416058368,21.673746875080724
8432,480,616,"[103, 65, 561, 346]",0.8366676193198146,0.7191991155877921,21.673746875080724
8434,483,507,"[176, 87, 265, 194]",0.8010331611399758,0.6681028492012951,21.673746875080724
8436,480,504,"[227, 110, 314, 227]",0.8578202797756597,0.7510379186275241,21.673746875080724
8438,462,784,"[360, 58, 461, 120]",0.8802125447616029,0.7860532288017618,21.673746875080724
8440,431,504,"[215, 83, 315, 184]",0.8377737881509244,0.7208353929810667,21.673746875080724
8442,306,504,"[156, 124, 233, 189]",0.8410750803391162,0.7257373329979184,21.673746875080724
8444,456,504,"[217, 119, 278, 181]",0.8612527312457006,0.7563159577877956,21.673746875080724
8446,480,616,"[236, 123, 416, 267]",0.872534271847452,0.7738898398953913,21.673746875080724
8450,432,504,"[177, 53, 352, 130]",0.8503216086226747,0.7396169354841334,21.673746875080724
8452,487,640,"[310, 156, 359, 236]",0.8096859629212833,0.6802288620480603,21.673746875080724
8454,350,612,"[241, 110, 290, 174]",0.7916666666671656,0.6551724137944702,21.673746875080724
8458,565,621,"[163, 49, 467, 234]",0.8215610155407219,0.697160418464711,21.673746875080724
8460,487,640,"[287, 192, 360, 266]",0.8056450375827494,0.674544053430068,21.673746875080724
8462,480,616,"[259, 178, 341, 293]",0.8329624920535339,0.7137409778023781,21.673746875080724
8464,448,504,"[226, 97, 277, 151]",0.8652663934429681,0.7625282167053611,22.22669062496152
8466,480,504,"[142, 126, 306, 269]",0.8103364212579847,0.6811475409837808,22.22669062496152
8470,480,508,"[196, 101, 308, 209]",0.8293858856145185,0.7085049423396741,22.22669062496152
8472,488,640,"[300, 169, 389, 252]",0.8030847242765654,0.6709620476616576,22.22669062496152
8476,485,509,"[167, 165, 313, 259]",0.822241038667896,0.6981403374236022,22.22669062496152
8480,447,553,"[274, 140, 366, 189]",0.7515151515155944,0.6019417475739521,22.22669062496152
8482,377,504,"[182, 62, 319, 153]",0.8402297503224474,0.7244794825149338,22.22669062496152
8484,483,636,"[325, 159, 441, 221]",0.8170299037001347,0.6906598114829637,22.22669062496152
8486,480,508,"[184, 64, 233, 119]",0.8405426158181711,0.7249448123632453,22.22669062496152
8488,408,504,"[285, 83, 346, 123]",0.8221153846159192,0.6979591836750104,22.22669062496152
8490,488,640,"[249, 123, 368, 230]",0.7196132596686844,0.5620280474653702,22.22669062496152
8494,560,808,"[514, 141, 583, 199]",0.8122646584188412,0.6838768115951573,22.22669062496152
8498,457,680,"[376, 179, 425, 254]",0.8073953677370838,0.6770017035786132,22.22669062496152
8500,480,508,"[215, 83, 304, 161]",0.8019991492983815,0.6694478963258131,22.22669062496152
8502,480,618,"[269, 135, 343, 215]",0.8787803049239206,0.7837717342849225,22.22669062496152
8504,488,634,"[266, 162, 336, 240]",0.7537533323982689,0.6048187345201422,22.22669062496152
8506,366,504,"[354, 146, 380, 179]",0.7771333885685409,0.6355013550184891,22.22669062496152
8508,329,504,"[184, 86, 232, 147]",0.8184079601994567,0.6926315789486626,22.22669062496152
8510,480,504,"[179, 74, 268, 151]",0.8401525301454805,0.7243646703399247,22.22669062496152
8512,412,504,"[180, 96, 268, 165]",0.8125154588179415,0.6842324515732467,22.22669062496152
8514,497,815,"[426, 202, 497, 303]",0.7569919204477346,0.6090000000006517,22.22669062496152
8518,414,504,"[214, 174, 279, 238]",0.8324578880640601,0.7130003102708253,22.22669062496152
8520,445,544,"[254, 156, 343, 240]",0.8082412060303434,0.6781919379327405,22.22669062496152
8522,483,507,"[209, 134, 248, 180]",0.7473200612567101,0.5965770171173804,22.22669062496152
8528,487,640,"[296, 208, 389, 316]",0.8170177612558055,0.6906424581009186,22.22669062496152
8532,457,680,"[295, 186, 347, 255]",0.8397163120570623,0.7237163814190579,22.22669062496152
8534,552,812,"[422, 183, 518, 287]",0.7850146564668729,0.646110391903441,22.22669062496152
8536,433,504,"[253, 154, 304, 193]",0.7985663082444496,0.6646778042979434,22.22669062496152
8538,483,507,"[204, 144, 273, 212]",0.7995975180281744,0.66610785135606,22.22669062496152
8540,480,508,"[125, 52, 436, 286]",0.9175108793319194,0.847593626405845,22.22669062496152
8542,744,1102,"[463, 318, 555, 460]",0.8277417535946842,0.7061087061089888,22.22669062496152
8544,459,612,"[185, 84, 413, 315]",0.8660489488146379,0.7637445619097528,22.22669062496152
8546,334,504,"[232, 85, 287, 146]",0.8083447959655929,0.6783378222405605,23.46846249997725
8548,480,508,"[128, 86, 386, 297]",0.9139962001266724,0.8416141824119766,23.46846249997725
8550,568,1280,"[576, 112, 725, 297]",0.836421040090595,0.7188347924027447,23.46846249997725
8554,271,504,"[228, 86, 326, 219]",0.7546600877194664,0.6059872331063108,23.46846249997725
8556,336,504,"[217, 51, 308, 131]",0.7639494333045291,0.6180567801100016,23.46846249997725
8558,315,438,"[143, 63, 329, 260]",0.7711694892652862,0.6275637547478287,23.46846249997725
856,473,852,"[113, 85, 497, 342]",0.848251293582217,0.7364899034447381,23.46846249997725
8560,566,1024,"[391, 122, 586, 316]",0.8635986189415096,0.7599415429583263,23.46846249997725
8562,487,640,"[291, 150, 396, 268]",0.7675567506723985,0.6227927745081968,23.46846249997725
8564,481,508,"[222, 116, 286, 171]",0.8501492537316415,0.7393561786094173,23.46846249997725
8566,488,634,"[310, 176, 387, 259]",0.7356737845340382,0.5818702290084315,23.46846249997725
8568,670,935,"[376, 225, 542, 391]",0.837608584568272,0.7205908211712557,23.46846249997725
8570,480,504,"[197, 38, 339, 151]",0.792594822396251,0.6564447768639105,23.46846249997725
8572,461,701,"[327, 106, 455, 237]",0.8601096608278616,0.7545547420400524,23.46846249997725
8574,328,504,"[188, 61, 311, 154]",0.8769519050594148,0.7808676307010223,23.46846249997725
8576,488,640,"[252, 128, 384, 273]",0.852258037613172,0.7425519546579403,23.46846249997725
8578,480,508,"[223, 134, 333, 247]",0.78247040113107,0.6426705370105054,23.46846249997725
858,473,855,"[367, 139, 626, 341]",0.8686860484002127,0.7678558610294146,23.46846249997725
8580,466,504,"[66, 52, 437, 305]",0.8520912877473206,0.7422988245077242,23.46846249997725
8582,446,544,"[270, 111, 335, 149]",0.7495495495503016,0.5994236311258433,23.46846249997725
8586,480,504,"[82, 97, 384, 322]",0.8682589038744141,0.767188632494519,23.46846249997725
8588,412,504,"[186, 62, 309, 161]",0.8020635018118271,0.6695375781814112,23.46846249997725
8592,480,624,"[347, 178, 402, 225]",0.8336880510798611,0.7148070907209864,23.46846249997725
8594,457,680,"[232, 140, 445, 309]",0.8421560305579439,0.7273484621281191,23.46846249997725
8596,480,504,"[178, 115, 334, 248]",0.8920238741183245,0.8050930460334279,23.46846249997725
8598,480,508,"[173, 60, 296, 133]",0.7931148081042718,0.6571584550298114,23.46846249997725
86,565,779,"[295, 99, 398, 214]",0.7292484943704313,0.5738718318570225,23.46846249997725
860,586,836,"[154, 60, 659, 427]",0.8838936291873711,0.7919438973758588,23.46846249997725
8604,488,634,"[250, 140, 368, 238]",0.7306186912039205,0.5755707021534398,23.46846249997725
8606,480,616,"[262, 139, 342, 223]",0.8428394645068704,0.7283686564267385,23.46846249997725
8608,298,408,"[150, 90, 208, 133]",0.8539862645570201,0.7451797811373362,23.46846249997725
861,582,837,"[179, 74, 600, 426]",0.8764486546407393,0.7800699614315364,23.46846249997725
8610,480,440,"[155, 40, 298, 120]",0.8586548767417882,0.7523183472241433,25.11393124996175
8612,366,504,"[226, 115, 252, 157]",0.7480916030550375,0.5975609756138459,25.11393124996175
8614,480,504,"[161, 150, 198, 188]",0.7681498829050672,0.6235741444895546,25.11393124996175
8616,408,696,"[274, 150, 331, 212]",0.8069306930697052,0.6763485477189615,25.11393124996175
862,574,615,"[224, 216, 302, 293]",0.8621359223302643,0.7576791808878889,25.11393124996175
8624,480,621,"[307, 146, 349, 194]",0.8715164676081378,0.7722899294434106,25.11393124996175
8626,339,504,"[221, 125, 256, 174]",0.8398849472682651,0.7239669421510416,25.11393124996175
8630,408,504,"[392, 105, 425, 133]",0.8260233918141372,0.7036114570398055,25.11393124996175
8632,480,508,"[146, 44, 371, 178]",0.7008060939661126,0.5394160877075059,25.11393124996175
8635,480,504,"[336, 114, 395, 176]",0.8642281463115019,0.7609170305685556,25.11393124996175
8639,324,435,"[191, 138, 253, 220]",0.8723943661973628,0.7736697476897985,25.11393124996175
864,532,547,"[69, 86, 496, 461]",0.8867290384712119,0.7965078306304945,25.11393124996175
8641,452,547,"[245, 91, 319, 164]",0.8006088280063641,0.6675126903560971,25.11393124996175
8645,480,504,"[269, 159, 307, 204]",0.8189792663484091,0.6934503713727653,25.11393124996175
8647,604,824,"[335, 155, 516, 296]",0.7654015231255757,0.6199598796391074,25.11393124996175
8649,488,640,"[206, 136, 416, 335]",0.9188963629383721,0.8499614018836344,25.11393124996175
8651,442,504,"[146, 104, 309, 267]",0.8461370461370882,0.7333080963423398,25.11393124996175
8653,560,701,"[242, 87, 427, 227]",0.8419838523645198,0.727091633466268,25.11393124996175
8655,480,618,"[295, 164, 350, 255]",0.8337730870714981,0.7149321266975913,25.11393124996175
8657,384,504,"[208, 70, 286, 124]",0.8087394957986408,0.6788939051927796,25.11393124996175
8659,451,504,"[196, 82, 270, 157]",0.8935148118496217,0.8075253256155149,25.11393124996175
866,453,436,"[67, 80, 364, 319]",0.9148733980479129,0.8431029120492637,25.11393124996175
8661,472,812,"[336, 96, 481, 197]",0.8032769667052814,0.671230472178628,25.11393124996175
8663,488,640,"[302, 240, 409, 331]",0.8494388573095398,0.7382822396760346,25.11393124996175
8667,298,435,"[202, 105, 234, 139]",0.8285903375259523,0.7073446327716685,25.11393124996175
8669,566,1280,"[497, 99, 662, 289]",0.8333460998340781,0.7143044734309226,25.11393124996175
8675,602,656,"[259, 269, 431, 441]",0.8648092937185502,0.7618185111393942,25.11393124996175
868,455,496,"[242, 213, 304, 297]",0.8253540121377946,0.7026406429398332,25.11393124996175
8685,487,640,"[269, 178, 340, 253]",0.811750437946622,0.6831481061472371,25.11393124996175
8687,365,504,"[207, 109, 294, 190]",0.7586633663369323,0.6111665004992798,25.11393124996175
8689,479,502,"[195, 115, 300, 180]",0.8300948938095005,0.7095403630751071,25.11393124996175
8691,482,509,"[212, 62, 349, 201]",0.8505664015426004,0.7399874187462501,25.11393124996175
8693,336,504,"[263, 131, 328, 175]",0.8297638660081555,0.7090567808554245,24.11444687504627
8697,480,504,"[191, 90, 283, 182]",0.7310779816516331,0.5761409850887541,24.11444687504627
8699,480,504,"[216, 77, 352, 196]",0.843516209476379,0.7293800539085642,24.11444687504627
870,600,814,"[150, 107, 639, 415]",0.8771265694776368,0.7811446469702337,24.11444687504627
8701,430,504,"[178, 82, 339, 193]",0.8056195509780885,0.6745083207264186,24.11444687504627
8703,480,508,"[141, 93, 217, 198]",0.8217726396918865,0.6974652493872486,24.11444687504627
8705,487,640,"[293, 203, 367, 281]",0.8550781763239323,0.7468441588254605,24.11444687504627
8707,566,625,"[315, 81, 391, 164]",0.8246334310852496,0.7015968063878212,24.11444687504627
8709,480,504,"[115, 120, 361, 282]",0.8457130422167696,0.7326714007416161,24.11444687504627
8711,418,504,"[216, 96, 359, 190]",0.836190062920462,0.7184936614469439,24.11444687504627
8713,457,680,"[293, 172, 369, 255]",0.8457038866504021,0.7326576576582597,24.11444687504627
8715,301,436,"[154, 85, 274, 182]",0.8552831142569165,0.7471568952194466,24.11444687504627
8717,448,504,"[191, 111, 272, 160]",0.7719226018942529,0.628561850487333,24.11444687504627
8719,394,504,"[160, 104, 235, 182]",0.8474448897797502,0.7352749402309601,24.11444687504627
8721,480,504,"[174, 114, 281, 203]",0.7993571715550025,0.6657743273997245,24.11444687504627
8723,617,1024,"[367, 288, 543, 456]",0.8154359888523902,0.6883849088598184,24.11444687504627
8725,487,640,"[276, 164, 389, 293]",0.7927127526829085,0.6566065817763712,24.11444687504627
8727,296,436,"[161, 71, 327, 244]",0.826636642976139,0.7045018391173419,24.11444687504627
8729,480,508,"[198, 170, 279, 246]",0.8194426441998451,0.6941150636809528,24.11444687504627
8733,323,506,"[211, 89, 336, 174]",0.8625282002766447,0.758285348688729,24.11444687504627
8735,488,640,"[270, 189, 323, 248]",0.7720242098189374,0.6286966046015746,24.11444687504627
8737,602,766,"[349, 283, 430, 378]",0.8395983293345423,0.723541124215464,24.11444687504627
8739,380,453,"[236, 80, 396, 200]",0.8392562438112593,0.7230331753556253,24.11444687504627
8741,480,504,"[176, 83, 328, 219]",0.8938423730573902,0.8080605795107278,24.11444687504627
8743,483,507,"[180, 112, 306, 235]",0.8369179163378863,0.71956908982974,24.11444687504627
8747,436,504,"[204, 99, 265, 152]",0.8532630725580599,0.7440791799231387,24.11444687504627
8749,469,504,"[269, 147, 348, 229]",0.8772288472460223,0.7813068986449903,24.11444687504627
8751,480,508,"[152, 137, 226, 222]",0.8345209817895775,0.7160326086962033,24.11444687504627
8753,406,504,"[181, 132, 279, 199]",0.7565533676160083,0.6084325196699446,24.11444687504627
8755,454,504,"[190, 152, 303, 237]",0.7579628981451191,0.6102578554324218,24.11444687504627
8757,607,919,"[414, 196, 523, 272]",0.8272489082970941,0.7053917187969834,24.11444687504627
876,532,547,"[89, 107, 468, 369]",0.9121451063054681,0.8384804918307491,24.11444687504627
8763,480,504,"[154, 75, 414, 265]",0.8851792431954131,0.7940103714364207,26.16982500001086
8765,480,508,"[237, 68, 308, 161]",0.8696907712671522,0.7694272940179488,26.16982500001086
8767,336,436,"[205, 148, 297, 236]",0.8621473684211687,0.7576968620489081,26.16982500001086
8769,567,1232,"[539, 294, 617, 374]",0.8695556774548879,0.7692158385097647,26.16982500001086
8771,545,817,"[310, 201, 470, 334]",0.8612693396053577,0.7563415736140474,26.16982500001086
8773,527,816,"[316, 117, 510, 242]",0.7740379716741589,0.6313718971633249,26.16982500001086
8775,487,640,"[290, 146, 398, 276]",0.8082176444246484,0.6781587599815141,26.16982500001086
8777,488,640,"[331, 149, 396, 227]",0.8382555892908663,0.7215490615354679,26.16982500001086
8779,606,896,"[222, 169, 430, 303]",0.8064735767035547,0.6757065121995455,26.16982500001086
878,453,381,"[27, 88, 376, 355]",0.907634276662193,0.8308886458729756,26.16982500001086
8781,457,504,"[228, 142, 312, 234]",0.8105114780509358,0.6813949551385112,26.16982500001086
8783,480,504,"[304, 101, 358, 140]",0.7988904299590884,0.6651270207871528,26.16982500001086
8785,567,1120,"[620, 226, 688, 302]",0.8057334553220407,0.6746680286014436,26.16982500001086
8787,480,504,"[178, 117, 287, 253]",0.8288488772001675,0.707721540853595,26.16982500001086
8789,483,614,"[339, 146, 388, 211]",0.8375296912117873,0.72047404985811,26.16982500001086
8791,564,702,"[326, 86, 468, 244]",0.873566983295161,0.7755161384124597,26.16982500001086
8793,310,436,"[173, 64, 285, 190]",0.8275468368883556,0.7058250708217901,26.16982500001086
8795,552,813,"[482, 119, 548, 193]",0.8701743926071394,0.7701846965705272,26.16982500001086
8797,795,1260,"[577, 258, 682, 369]",0.742030331167021,0.5898634518395991,26.16982500001086
8799,566,1136,"[522, 223, 631, 325]",0.8297136894281422,0.7089835042357233,26.16982500001086
88,574,797,"[288, 138, 473, 263]",0.793210063655716,0.657289259519915,26.16982500001086
880,583,837,"[346, 154, 544, 345]",0.8373788384784887,0.7202508144464497,26.16982500001086
8801,480,508,"[186, 95, 309, 228]",0.8381354789410536,0.7213710925412246,26.16982500001086
8803,529,815,"[377, 313, 467, 390]",0.8688116130431492,0.7680520972998122,26.16982500001086
8807,309,408,"[188, 71, 282, 147]",0.8051138135330993,0.673799582464033,26.16982500001086
8809,349,504,"[217, 97, 294, 161]",0.7954198473285566,0.6603295310528255,26.16982500001086
8813,478,504,"[247, 82, 319, 143]",0.8238384501726747,0.7004466778344488,26.16982500001086
8815,481,504,"[203, 129, 303, 200]",0.816689466484477,0.6901734104052213,26.16982500001086
8817,400,504,"[211, 106, 308, 244]",0.792037014489351,0.6556798709810949,26.16982500001086
882,532,547,"[238, 154, 362, 307]",0.7977000704060871,0.6634784306072852,26.16982500001086
8821,480,504,"[232, 134, 279, 187]",0.8534858387803554,0.7444180522577463,26.16982500001086
8823,480,504,"[176, 90, 242, 155]",0.7492272024734365,0.5990114303379703,26.16982500001086
8825,480,508,"[210, 91, 273, 162]",0.8756739613068892,0.7788434414674785,20.275106249982855
8827,400,703,"[288, 141, 379, 245]",0.8329297820824639,0.713692946058501,20.275106249982855
8831,566,1192,"[441, 154, 629, 317]",0.8128797083840106,0.6847492323440503,20.275106249982855
8833,317,504,"[218, 90, 302, 155]",0.8040144967942514,0.6722610722618362,20.275106249982855
8836,480,508,"[200, 166, 264, 226]",0.8891866028710255,0.8004824259138509,20.275106249982855
8838,276,504,"[232, 138, 309, 203]",0.8388050872525306,0.7223637289869527,20.275106249982855
884,453,381,"[0, 53, 379, 350]",0.8715585849739227,0.7723560774785938,20.275106249982855
8840,598,960,"[530, 109, 666, 189]",0.8507141954241874,0.7402111746593266,20.275106249982855
8842,412,504,"[201, 118, 291, 168]",0.8566296538212661,0.7492145101406763,20.275106249982855
8844,488,634,"[249, 118, 352, 205]",0.8912932356450066,0.8039034885510928,20.275106249982855
8846,564,800,"[313, 171, 434, 325]",0.8378925561467876,0.721011263269005,20.275106249982855
8848,336,504,"[236, 110, 287, 192]",0.8037578288103623,0.6719022687618619,20.275106249982855
8850,422,504,"[211, 112, 255, 197]",0.8074162679429676,0.6770310932809193,20.275106249982855
8852,302,434,"[173, 44, 311, 136]",0.8628870993893624,0.7588403041827386,20.275106249982855
8854,480,508,"[178, 113, 233, 152]",0.7801628423398217,0.6395631067983036,20.275106249982855
8856,488,640,"[253, 176, 293, 216]",0.803278688525486,0.6712328767148309,20.275106249982855
8858,517,815,"[337, 153, 436, 261]",0.8140792886255546,0.6864533866537285,20.275106249982855
886,599,752,"[270, 183, 607, 472]",0.8914586290389989,0.8041726293590665,20.275106249982855
8860,401,784,"[342, 112, 474, 206]",0.8085331919969468,0.6786032028473324,20.275106249982855
8862,487,640,"[287, 86, 419, 166]",0.8255659121173138,0.7029478458053849,20.275106249982855
8864,480,618,"[307, 152, 372, 238]",0.8082533841506002,0.6782090868996952,20.275106249982855
8866,566,1280,"[633, 164, 740, 284]",0.8270565829085046,0.7051120888333279,20.275106249982855
8868,322,439,"[140, 116, 276, 269]",0.8442382281509971,0.7304604190191127,20.275106249982855
888,599,776,"[165, 133, 544, 485]",0.9200578277293326,0.8519510130758596,20.275106249982855
8880,306,504,"[352, 158, 403, 212]",0.8649581074424225,0.7620495006523575,20.275106249982855
8882,480,504,"[247, 131, 314, 195]",0.8781918564529362,0.7828360504466846,20.275106249982855
8886,310,504,"[198, 116, 243, 168]",0.8144329896914049,0.6869565217410748,20.275106249982855
8888,552,819,"[342, 225, 502, 388]",0.834049726085171,0.7153390198064116,20.275106249982855
8890,420,504,"[218, 74, 291, 143]",0.8531831961890383,0.7439577039281371,20.275106249982855
8892,504,702,"[303, 147, 410, 227]",0.72430335817115,0.5677708433356252,20.275106249982855
8895,480,504,"[213, 87, 279, 201]",0.7805267358342173,0.6400523560215313,20.275106249982855
8899,564,800,"[339, 160, 481, 282]",0.8240938672747974,0.7008160297328102,20.275106249982855
890,541,439,"[5, 124, 409, 418]",0.9201858374068066,0.852170557938387,22.024334375032595
8903,487,640,"[396, 217, 459, 310]",0.8474454305590698,0.7352757544230275,22.024334375032595
8907,480,508,"[140, 132, 258, 259]",0.8398719801776585,0.7239476728666691,22.024334375032595
8909,480,504,"[168, 154, 274, 229]",0.7325951101855798,0.5780276816616297,22.024334375032595
8911,480,616,"[288, 130, 381, 249]",0.8369755244756433,0.719654265314143,22.024334375032595
8913,448,616,"[222, 72, 392, 208]",0.8428788646731364,0.7284275076655014,22.024334375032595
8915,602,934,"[473, 125, 528, 182]",0.837710437710802,0.7207415990740798,22.024334375032595
8917,480,504,"[189, 95, 303, 213]",0.8488924050633765,0.7374570446737972,22.024334375032595
892,665,838,"[191, 150, 593, 492]",0.8995373975175239,0.8174175074085325,22.024334375032595
8921,390,504,"[211, 102, 278, 162]",0.826662143826617,0.7045388840713948,22.024334375032595
8923,488,640,"[317, 173, 374, 224]",0.8278424572706766,0.7062552831796016,22.024334375032595
8925,444,544,"[172, 57, 374, 164]",0.8273878020714085,0.7055937193328596,22.024334375032595
8928,430,784,"[267, 194, 366, 303]",0.8749017646639459,0.7776225552453929,22.024334375032595
8930,590,785,"[494, 210, 555, 278]",0.8188846849813803,0.693314763232052,22.024334375032595
8932,483,507,"[128, 82, 321, 238]",0.8342802578181345,0.7156782437746905,22.024334375032595
8934,480,618,"[234, 185, 336, 289]",0.8209050350543015,0.696216216216581,22.024334375032595
8936,376,504,"[246, 121, 311, 186]",0.8371198881512808,0.7198677487234149,22.024334375032595
8938,469,815,"[336, 175, 374, 218]",0.7772477064228358,0.6356542617068688,22.024334375032595
894,455,496,"[133, 130, 256, 274]",0.8547994662899872,0.7464190254268067,22.024334375032595
8940,457,680,"[279, 120, 381, 234]",0.8050021994596839,0.6736432477916768,22.024334375032595
8942,487,613,"[410, 104, 480, 164]",0.863563402889489,0.7598870056504712,22.024334375032595
8949,398,508,"[190, 61, 272, 135]",0.7538230132868465,0.604908469121696,22.024334375032595
8951,480,621,"[255, 131, 408, 295]",0.8836938537900964,0.7916232090905244,22.024334375032595
8954,487,640,"[276, 85, 363, 212]",0.8638699819420309,0.7603619024333532,22.024334375032595
8956,390,504,"[143, 128, 287, 239]",0.8812560430959615,0.7877191538399969,22.024334375032595
8957,313,436,"[190, 116, 291, 173]",0.8196114708605529,0.6943573667718442,22.024334375032595
896,532,547,"[79, 98, 458, 378]",0.8875852660300206,0.7978906058376483,22.024334375032595
8961,564,800,"[346, 133, 452, 249]",0.8256309198399177,0.7030421132405509,22.024334375032595
8963,557,815,"[240, 68, 436, 221]",0.7088433938371389,0.548998774009175,22.024334375032595
8965,288,504,"[224, 91, 311, 163]",0.8185941043086186,0.692898272553438,22.024334375032595
8969,275,408,"[152, 142, 219, 199]",0.827036961405295,0.7050835654606369,22.024334375032595
8971,480,504,"[240, 153, 294, 236]",0.863371095091206,0.7595892479620671,22.024334375032595
8973,445,552,"[167, 160, 244, 228]",0.8433231112352337,0.7290913473132584,20.59890625002936
8975,487,640,"[320, 142, 367, 217]",0.8421510994995817,0.727341105679852,20.59890625002936
8977,624,496,"[187, 142, 307, 225]",0.8293160590540605,0.708403036932559,20.59890625002936
8979,480,508,"[166, 98, 265, 190]",0.7895807895810036,0.6523201075997775,20.59890625002936
898,532,547,"[67, 149, 441, 429]",0.908672536362651,0.8326305042613822,20.59890625002936
8981,284,435,"[204, 110, 283, 193]",0.849994339409204,0.739121874385235,20.59890625002936
8983,355,544,"[202, 95, 285, 146]",0.8843983251412991,0.792754569191277,20.59890625002936
8985,440,552,"[174, 198, 228, 253]",0.7993520018518876,0.6657671549743032,20.59890625002936
8987,482,615,"[209, 96, 404, 290]",0.8638029671288929,0.7602580733256775,20.59890625002936
8989,420,504,"[140, 94, 196, 138]",0.8338175479377286,0.7149975087209018,20.59890625002936
8991,327,435,"[249, 114, 323, 163]",0.8461692338470771,0.7333564493767915,20.59890625002936
8995,256,439,"[175, 44, 275, 151]",0.8673546094444972,0.7657777241465357,20.59890625002936
8997,815,1260,"[519, 207, 612, 303]",0.7607011208908744,0.6138157096034795,20.59890625002936
8999,481,621,"[287, 196, 374, 300]",0.871870653685786,0.7728463553709772,20.59890625002936
90,518,834,"[359, 170, 443, 267]",0.8512764604344042,0.7410629547615611,20.59890625002936
900,532,547,"[98, 101, 419, 324]",0.8915237793160166,0.8042786689333954,20.59890625002936
9002,354,504,"[209, 82, 278, 152]",0.8390302665263679,0.7226977950720552,20.59890625002936
9004,480,508,"[136, 130, 298, 228]",0.8401575981248616,0.7243722050225969,20.59890625002936
9006,624,496,"[167, 169, 224, 216]",0.7854984894266299,0.6467661691559862,20.59890625002936
9010,564,864,"[355, 162, 450, 259]",0.8365191146882658,0.7189796800695792,20.59890625002936
9013,407,615,"[232, 184, 292, 263]",0.8053221288518133,0.6740914419702835,20.59890625002936
9015,480,618,"[168, 136, 350, 320]",0.8718409574118599,0.7727996891393928,20.59890625002936
9017,478,504,"[259, 122, 324, 192]",0.840538400633665,0.7249385413828874,20.59890625002936
902,480,609,"[162, 136, 340, 269]",0.8655093704949949,0.7629057023350649,20.59890625002936
9023,488,640,"[261, 151, 398, 257]",0.8193666332489123,0.6940059940062996,20.59890625002936
9025,286,504,"[196, 119, 283, 211]",0.7696645600391154,0.6255729413630068,20.59890625002936
9027,480,508,"[330, 177, 395, 220]",0.8021978021982747,0.6697247706435192,20.59890625002936
9029,563,800,"[286, 266, 456, 400]",0.8497967610814086,0.7388231334494089,20.59890625002936
9031,480,618,"[236, 145, 343, 230]",0.8237261286633603,0.70028430345698,20.59890625002936
9035,480,508,"[259, 80, 312, 144]",0.8146330582203555,0.6872412495307217,20.59890625002936
9037,408,357,"[140, 237, 205, 290]",0.8693391115929159,0.7688769643550445,20.59890625002936
9039,469,504,"[154, 123, 309, 234]",0.7708223066930805,0.627104047600699,20.59890625002936
9041,480,618,"[228, 91, 409, 283]",0.8055998905559292,0.6744807574833253,21.609568750022845
9043,480,618,"[304, 177, 415, 287]",0.8197724213876056,0.6945884304378036,21.609568750022845
9045,402,784,"[430, 151, 457, 192]",0.73313782991398,0.5787037037085798,21.609568750022845
9047,566,1205,"[464, 119, 644, 282]",0.8287612693336747,0.7075938044349571,21.609568750022845
9049,483,507,"[180, 147, 242, 234]",0.8759333716256807,0.7792539601436401,21.609568750022845
905,562,698,"[319, 198, 382, 290]",0.8002055762561991,0.6669522381673443,21.609568750022845
9051,420,504,"[181, 110, 235, 177]",0.8246541903990549,0.701626860506398,21.609568750022845
9055,601,768,"[346, 177, 492, 298]",0.7870097005483917,0.6488178025037484,21.609568750022845
9057,459,504,"[215, 113, 278, 201]",0.825304393859416,0.7025687246514137,21.609568750022845
9059,480,508,"[252, 110, 306, 189]",0.8179302711680171,0.6919475655440326,21.609568750022845
9061,451,504,"[177, 65, 364, 206]",0.86045599686296,0.7550879952808205,21.609568750022845
9065,557,816,"[361, 151, 456, 242]",0.8617541571569435,0.7570896591238082,21.609568750022845
9071,481,507,"[83, 75, 181, 156]",0.7274085138165716,0.5715962441321737,21.609568750022845
9073,483,504,"[233, 69, 370, 160]",0.8506338889247373,0.7400895856665843,21.609568750022845
9075,480,508,"[337, 92, 372, 131]",0.7989924433259497,0.6652684563786472,21.609568750022845
9077,480,504,"[243, 97, 347, 184]",0.8259810554805359,0.7035500230525533,21.609568750022845
9079,431,504,"[216, 131, 288, 234]",0.7818451121458084,0.6418273406294218,21.609568750022845
9081,488,640,"[320, 152, 400, 243]",0.8636263977199476,0.7599845649242524,21.609568750022845
9085,349,504,"[216, 80, 337, 221]",0.8617592634382535,0.7570975416338167,21.609568750022845
9090,424,504,"[195, 90, 323, 202]",0.82537840831189,0.7026760057473934,21.609568750022845
9092,412,504,"[171, 62, 351, 271]",0.8779376267259095,0.7824321068392998,21.609568750022845
9096,480,508,"[288, 162, 318, 215]",0.8163265306130424,0.6896551724160701,21.609568750022845
9100,443,544,"[255, 114, 322, 170]",0.8489208633096462,0.7375000000008868,21.609568750022845
9108,488,640,"[286, 143, 370, 273]",0.7652286082845312,0.6197330237961465,21.609568750022845
9110,480,616,"[266, 196, 378, 308]",0.8272985342681031,0.7054638869679819,21.609568750022845
9112,487,640,"[295, 191, 396, 328]",0.851087195255957,0.740776142229267,21.609568750022845
9114,487,640,"[295, 156, 373, 242]",0.7766589833801083,0.6348671162244449,21.609568750022845
9118,480,508,"[213, 100, 298, 178]",0.8423772609820818,0.727678571429078,21.609568750022845
912,562,796,"[346, 104, 490, 233]",0.8240077288463795,0.7006914493053326,21.609568750022845
9120,292,504,"[194, 92, 250, 167]",0.8258154059683799,0.7033096926722715,21.609568750022845
9122,565,703,"[249, 123, 351, 193]",0.8911667169129824,0.8036976617730583,21.609568750022845
9124,363,504,"[198, 46, 329, 175]",0.837693415733545,0.720716398816886,21.609568750022845
9126,480,504,"[191, 67, 269, 141]",0.8767408564364484,0.7805330243342282,22.410634374978144
9128,487,640,"[302, 204, 385, 295]",0.8686086779386142,0.7677349657908396,22.410634374978144
9130,288,437,"[249, 155, 318, 217]",0.8168249660790525,0.6903669724780788,22.410634374978144
9132,427,504,"[250, 156, 313, 242]",0.8477203647418727,0.7356897916124091,22.410634374978144
9134,480,508,"[208, 85, 301, 213]",0.8348106365835114,0.7164591977873254,22.410634374978144
9136,480,633,"[223, 134, 395, 281]",0.858207398134115,0.7516315981831819,22.410634374978144
9138,480,618,"[214, 143, 357, 241]",0.8185725528180771,0.6928673908590972,22.410634374978144
914,562,791,"[274, 190, 447, 367]",0.8155896743715646,0.6886039886041153,22.410634374978144
9146,280,447,"[145, 43, 363, 224]",0.8625219072398029,0.7582756210687597,22.410634374978144
9148,256,504,"[207, 65, 262, 113]",0.8522354129834497,0.7425176056349361,22.410634374978144
9150,480,508,"[299, 100, 403, 178]",0.7977120029055769,0.6634949403418464,22.410634374978144
9152,480,504,"[158, 41, 358, 208]",0.860227616945809,0.7547363225635921,22.410634374978144
9154,421,504,"[238, 124, 345, 239]",0.8284226568454226,0.7071002710030274,22.410634374978144
9156,457,680,"[400, 113, 487, 221]",0.8651391665386244,0.7623306233065551,22.410634374978144
9158,480,508,"[215, 68, 318, 155]",0.8196342978876091,0.6943901338551747,22.410634374978144
916,562,698,"[241, 116, 338, 234]",0.8257346716653612,0.7031925849642603,22.410634374978144
9160,446,544,"[216, 122, 253, 179]",0.8507779349368785,0.7403076923092904,22.410634374978144
9162,480,508,"[412, 104, 434, 136]",0.8132260947291045,0.6852409638601621,22.410634374978144
9164,443,544,"[226, 59, 331, 163]",0.8490322580646243,0.7376681614353043,22.410634374978144
9170,488,640,"[303, 133, 374, 225]",0.7779426310586326,0.6365843787947458,22.410634374978144
9172,483,507,"[284, 74, 319, 109]",0.8635558180752301,0.759875259877756,22.410634374978144
9174,390,504,"[173, 97, 309, 219]",0.8747683604799207,0.7774118054955557,22.410634374978144
9178,480,504,"[261, 105, 396, 224]",0.8187795256417383,0.6931640141834805,22.410634374978144
918,562,698,"[224, 197, 439, 351]",0.864709053958802,0.7616629525445652,22.410634374978144
9180,427,452,"[204, 130, 303, 187]",0.8305395126076482,0.7101903155873038,22.410634374978144
9182,483,507,"[170, 139, 249, 209]",0.8197611292076279,0.694572217112018,22.410634374978144
9185,480,504,"[174, 56, 349, 191]",0.8261543817451574,0.7038015637639775,22.410634374978144
9186,480,508,"[141, 102, 316, 246]",0.8707058088694951,0.7710176991151648,22.410634374978144
9188,375,504,"[211, 75, 316, 189]",0.8630490956073282,0.7590909090911971,22.410634374978144
9192,660,896,"[354, 258, 470, 360]",0.7986789596808871,0.6648339060714034,22.410634374978144
9194,660,1008,"[303, 101, 502, 295]",0.8646418431749291,0.7615586658511994,22.410634374978144
9196,613,955,"[298, 228, 371, 321]",0.8416970802921513,0.7266640409615466,22.410634374978144
9198,660,1008,"[383, 191, 488, 319]",0.8393539637530272,0.7231782451670669,23.60845625003094
9202,471,610,"[288, 161, 337, 203]",0.8125000000005919,0.6842105263174683,23.60845625003094
9208,480,613,"[233, 62, 336, 134]",0.8438570729321156,0.7298899237938529,23.60845625003094
9212,660,1031,"[417, 127, 523, 243]",0.8553021664767073,0.7471859746989269,23.60845625003094
9214,660,1008,"[201, 65, 514, 371]",0.9044593525100108,0.825582651435385,23.60845625003094
9216,476,610,"[265, 175, 352, 297]",0.8415906603430561,0.726505416981952,23.60845625003094
9218,660,896,"[366, 235, 472, 331]",0.8589261649763396,0.7527349577327788,23.60845625003094
922,609,1156,"[614, 179, 809, 347]",0.867780228029872,0.7664415067756137,23.60845625003094
9220,660,896,"[384, 148, 490, 256]",0.8668017042677468,0.7649161735703095,23.60845625003094
9222,660,1072,"[408, 169, 635, 298]",0.8438515281332212,0.7298816273750474,23.60845625003094
9224,660,1072,"[386, 215, 541, 346]",0.823239896950889,0.6995817540192788,23.60845625003094
9228,687,1101,"[396, 240, 507, 352]",0.8043838862560401,0.672777722723543,23.60845625003094
9230,687,1101,"[450, 163, 733, 361]",0.8344992947814056,0.7160006776872194,23.60845625003094
9232,660,1008,"[441, 155, 571, 241]",0.8171440577072504,0.6908229721732494,23.60845625003094
9234,600,650,"[65, 165, 503, 509]",0.7979400786442944,0.6638105675666979,23.60845625003094
9238,480,613,"[200, 122, 331, 252]",0.8098847786538256,0.6805095541403987,23.60845625003094
924,471,503,"[166, 92, 261, 204]",0.8410535876477134,0.7257053291539632,23.60845625003094
9240,600,760,"[253, 167, 558, 416]",0.8644519103613545,0.761264025935231,23.60845625003094
9242,682,1094,"[425, 205, 777, 518]",0.8673882816294304,0.7658302201546291,23.60845625003094
9244,660,1031,"[360, 101, 603, 362]",0.8265392251269272,0.7043603355351735,23.60845625003094
9246,660,1031,"[380, 189, 537, 346]",0.8199416433972893,0.6948314367756595,23.60845625003094
9248,660,1008,"[241, 54, 543, 230]",0.8531280815164001,0.7438738953905556,23.60845625003094
9250,600,760,"[339, 231, 560, 412]",0.8775421732164965,0.7818041375605247,23.60845625003094
9252,600,760,"[170, 139, 505, 422]",0.9036429629525689,0.8242232524781865,23.60845625003094
9254,600,912,"[321, 227, 443, 354]",0.7979142070052155,0.6637747585532298,23.60845625003094
9258,600,760,"[206, 45, 439, 185]",0.9119393375778163,0.8381328073636476,23.60845625003094
9260,600,760,"[175, 195, 324, 302]",0.7961431108856655,0.6613270381926807,23.60845625003094
9262,676,996,"[556, 135, 751, 272]",0.818405118245225,0.6926275078560828,23.60845625003094
9266,660,1031,"[358, 69, 702, 440]",0.8146639742251773,0.687285256256909,23.60845625003094
9268,660,1031,"[282, 95, 364, 191]",0.8568045001481726,0.7494820441993275,23.60845625003094
9270,690,1134,"[432, 341, 513, 405]",0.8143218421405373,0.6867983834762308,23.60845625003094
9274,676,996,"[455, 82, 593, 172]",0.8654814635035099,0.7628623382182448,23.60845625003094
9276,705,948,"[327, 109, 590, 274]",0.7515523068459184,0.6019894233191885,26.088096875014344
9278,600,912,"[423, 183, 563, 316]",0.836674732112065,0.7192096270987081,26.088096875014344
928,693,1050,"[378, 210, 548, 434]",0.7407292680768783,0.5882208244018736,26.088096875014344
9280,660,896,"[484, 39, 641, 173]",0.8457032595962216,0.7326567164180701,26.088096875014344
9282,660,896,"[204, 67, 610, 450]",0.8785367912421134,0.7833844074253448,26.088096875014344
9284,660,1008,"[419, 109, 614, 384]",0.8003289109568779,0.6671236126856123,26.088096875014344
9288,702,996,"[243, 141, 560, 386]",0.8689900837585569,0.7683310917789257,26.088096875014344
9290,600,760,"[287, 286, 377, 350]",0.8023228253142897,0.6698990698601427,26.088096875014344
9292,676,996,"[432, 189, 528, 270]",0.8153423717180236,0.688251484862106,26.088096875014344
9294,660,896,"[278, 179, 612, 460]",0.8982662695290617,0.8153206575105123,26.088096875014344
9298,660,1031,"[325, 178, 460, 319]",0.8496126507468055,0.7385448486533335,26.088096875014344
93,493,799,"[268, 49, 531, 206]",0.7500559075662039,0.6000715648856155,26.088096875014344
930,428,609,"[226, 108, 383, 229]",0.8121007416110536,0.6836444554335,26.088096875014344
9300,600,760,"[194, 189, 526, 342]",0.8444645753276772,0.7307993829502742,26.088096875014344
9306,600,760,"[355, 326, 475, 450]",0.8718991863465608,0.7728911953559918,26.088096875014344
9308,600,760,"[187, 97, 547, 332]",0.8742401309061261,0.7765778074944364,26.088096875014344
9312,660,896,"[370, 211, 456, 323]",0.8308301699951883,0.7106154714854452,26.088096875014344
9316,660,1031,"[326, 181, 599, 380]",0.7702628817992744,0.6263638548426758,26.088096875014344
932,562,698,"[231, 79, 405, 229]",0.8469456254195998,0.7345235784980911,26.088096875014344
9320,600,760,"[369, 159, 520, 254]",0.8248281833433493,0.7018787990424554,26.088096875014344
9322,660,896,"[395, 139, 586, 294]",0.8300568363556258,0.7094847528918151,26.088096875014344
9324,660,896,"[419, 135, 557, 235]",0.8475644403120783,0.7354549529361404,26.088096875014344
9326,660,1008,"[311, 130, 459, 278]",0.8191897654584864,0.6937522571327231,26.088096875014344
9328,702,996,"[305, 231, 504, 336]",0.7636270454296725,0.6176348670577263,26.088096875014344
9330,660,896,"[357, 143, 465, 294]",0.8410871457588543,0.7257552996163197,26.088096875014344
9332,600,760,"[214, 123, 564, 363]",0.8948577150168155,0.8097217228734005,26.088096875014344
9336,660,896,"[176, 181, 256, 255]",0.8430404738402727,0.7286689419801009,26.088096875014344
9338,600,760,"[294, 167, 473, 312]",0.8079981560447713,0.6778497534565997,26.088096875014344
934,477,609,"[161, 136, 340, 280]",0.8612981565294566,0.7563860210364227,26.088096875014344
9350,660,1031,"[238, 211, 372, 332]",0.7965792255213815,0.66192909613569,26.088096875014344
9352,600,760,"[108, 125, 353, 340]",0.9084892123531279,0.8323227059548457,26.088096875014344
9356,660,1031,"[419, 149, 527, 239]",0.7588606218744953,0.6114225648217572,26.088096875014344
9358,676,996,"[524, 189, 593, 257]",0.80000000000033,0.6666666666675835,23.70417500003441
9362,660,896,"[384, 163, 548, 291]",0.8024438428331739,0.670067819392882,23.70417500003441
9364,660,1031,"[461, 167, 579, 290]",0.8158550156325495,0.6889823682093538,23.70417500003441
9366,600,760,"[323, 177, 499, 328]",0.8648533007335376,0.7618868127727306,23.70417500003441
9368,600,760,"[236, 161, 365, 250]",0.7743408760640964,0.6317750677510933,23.70417500003441
9370,660,896,"[463, 223, 579, 352]",0.8224833610649842,0.6984897995233608,23.70417500003441
9374,600,570,"[293, 336, 367, 422]",0.861551206378936,0.7567764235041717,23.70417500003441
9376,600,760,"[500, 304, 615, 409]",0.8353666050524736,0.7172785948579861,23.70417500003441
938,499,849,"[76, 45, 807, 351]",0.8854116827708465,0.794384499715527,23.70417500003441
9380,600,760,"[245, 186, 537, 437]",0.829061084074527,0.7080310277494656,23.70417500003441
9382,484,615,"[243, 160, 332, 254]",0.8399671727535494,0.7240891404320409,23.70417500003441
9384,600,760,"[235, 339, 321, 452]",0.8504576321229329,0.7398227815593427,23.70417500003441
9388,660,896,"[288, 172, 449, 348]",0.7490448831987667,0.5987783839233465,23.70417500003441
9390,660,1031,"[290, 227, 648, 486]",0.9071391207441676,0.8300591026388315,23.70417500003441
9392,600,650,"[161, 227, 270, 348]",0.8417313828187094,0.7267151767154607,23.70417500003441
9396,702,994,"[286, 199, 471, 362]",0.7279604798871623,0.5722781944877847,23.70417500003441
9398,687,1113,"[302, 187, 631, 436]",0.8563757911955181,0.7488262180902725,23.70417500003441
94,566,797,"[139, 84, 614, 361]",0.9092705806701793,0.8336353311427799,23.70417500003441
940,501,699,"[370, 113, 443, 222]",0.8620850864891425,0.7576006573545478,23.70417500003441
9400,660,1031,"[399, 145, 641, 380]",0.7866436294144105,0.6483203521112326,23.70417500003441
9402,660,1031,"[443, 172, 574, 299]",0.7767865029592012,0.6350375505490793,23.70417500003441
9404,660,1008,"[361, 191, 483, 300]",0.8474364578780694,0.7352622453405555,23.70417500003441
9406,660,1008,"[268, 155, 405, 298]",0.8815080113101295,0.7881218821627423,23.70417500003441
9408,702,996,"[293, 183, 456, 308]",0.7894879436467896,0.6521933751121293,23.70417500003441
9412,600,760,"[219, 113, 512, 372]",0.8525205544670622,0.7429506103886152,23.70417500003441
9414,687,1100,"[284, 171, 686, 414]",0.8436041858568892,0.7295116218334122,23.70417500003441
9416,660,896,"[264, 137, 483, 352]",0.8815873498555753,0.7882487288942636,23.70417500003441
942,551,1024,"[312, 121, 561, 391]",0.8499552724019974,0.7390627964333638,23.70417500003441
9422,660,896,"[168, 128, 429, 374]",0.8883610451306532,0.7991452991453375,23.70417500003441
9424,702,996,"[480, 163, 568, 260]",0.8097365302217069,0.6803002450985289,23.70417500003441
9426,660,896,"[449, 133, 524, 206]",0.8608397818091326,0.7556792873056666,23.70417500003441
9430,600,760,"[297, 136, 486, 313]",0.8265493052142829,0.7043749762023743,23.70417500003441
9432,600,760,"[382, 83, 530, 203]",0.8225889876335061,0.6986421725242024,27.39599687492955
9436,600,760,"[160, 166, 343, 376]",0.8611801301140183,0.7562039905400366,27.39599687492955
9438,660,896,"[384, 127, 504, 251]",0.8728482416306511,0.774383959524244,27.39599687492955
944,499,739,"[205, 85, 501, 280]",0.8710666871943212,0.771583828126687,27.39599687492955
9440,600,760,"[256, 131, 459, 332]",0.8704133592931199,0.7705591832676686,27.39599687492955
9442,600,650,"[236, 97, 469, 330]",0.8764814133235337,0.7801218633296687,27.39599687492955
9444,600,760,"[214, 160, 556, 483]",0.8331214319547383,0.7139744055376638,27.39599687492955
9446,702,996,"[154, 105, 583, 412]",0.8976457162636551,0.8142987508708761,27.39599687492955
9452,600,760,"[367, 180, 623, 416]",0.874261622923872,0.776611725003647,27.39599687492955
9454,660,1031,"[328, 121, 623, 366]",0.8236472284277561,0.700170262128894,27.39599687492955
9456,480,616,"[276, 162, 335, 226]",0.8256540865945227,0.7030757097803506,27.39599687492955
946,499,630,"[27, 89, 597, 402]",0.8447823731262473,0.7312755220091343,27.39599687492955
9460,600,912,"[274, 151, 423, 266]",0.8489580968811691,0.7375562041494537,27.39599687492955
9462,702,1058,"[518, 127, 637, 203]",0.7961335676627288,0.6613138686135882,27.39599687492955
9464,660,896,"[424, 170, 519, 293]",0.766576219300239,0.6215027075816544,27.39599687492955
9466,600,760,"[243, 151, 386, 269]",0.7932945666001302,0.6574053158650272,27.39599687492955
9468,660,1008,"[256, 213, 433, 342]",0.7662989676142815,0.621138304579801,27.39599687492955
9472,680,948,"[294, 118, 344, 167]",0.8053691275173228,0.674157303372312,27.39599687492955
9474,605,940,"[255, 334, 437, 518]",0.8412344435652492,0.7259746709710595,27.39599687492955
9478,704,1069,"[435, 137, 515, 221]",0.8831993648904602,0.7908299271373896,27.39599687492955
948,604,574,"[205, 161, 377, 301]",0.8539386326933867,0.7451072490998669,27.39599687492955
9480,660,1031,"[360, 55, 493, 147]",0.860333867997469,0.7548999165974197,27.39599687492955
9482,600,760,"[285, 351, 394, 436]",0.8731818181819143,0.7749092375961074,27.39599687492955
9486,660,1031,"[417, 265, 557, 408]",0.8885298869144199,0.7994186046512984,27.39599687492955
9488,660,896,"[363, 247, 571, 472]",0.8543097116213946,0.7456724738676668,27.39599687492955
9490,600,760,"[282, 129, 443, 280]",0.8363353944499698,0.7187082862718356,27.39599687492955
9492,687,1101,"[296, 315, 334, 351]",0.7361464158630597,0.5824617860049682,27.39599687492955
9498,600,650,"[227, 209, 487, 368]",0.747689618624417,0.5970481677259616,27.39599687492955
9500,600,912,"[417, 137, 634, 284]",0.855794993931377,0.7479385157314274,27.39599687492955
9504,702,996,"[243, 81, 546, 365]",0.8813026760062251,0.7877936749325304,27.39599687492955
9506,600,912,"[428, 160, 584, 327]",0.8458485473885233,0.7328748280606697,27.39599687492955
9508,660,1031,"[390, 185, 517, 306]",0.8367272395215795,0.7192872281970961,27.39599687492955
951,501,559,"[24, 77, 491, 325]",0.8999318979517051,0.8180692597813424,23.187978125065456
9512,600,760,"[423, 161, 570, 262]",0.8420054653952139,0.7271238682337438,23.187978125065456
9514,476,610,"[207, 136, 316, 259]",0.7824332891477249,0.6426204676705077,23.187978125065456
9516,702,996,"[347, 97, 538, 223]",0.8238256598377767,0.7004281862876247,23.187978125065456
9518,660,1031,"[320, 103, 627, 398]",0.8523363867305602,0.7426709158291285,23.187978125065456
952,501,927,"[235, 170, 351, 281]",0.825807186379007,0.7032977691564468,23.187978125065456
9520,660,1031,"[439, 219, 587, 312]",0.7960286687816966,0.6611691226703804,23.187978125065456
9522,600,760,"[280, 211, 560, 505]",0.8475856487726052,0.7354868913858065,23.187978125065456
9524,600,650,"[255, 73, 457, 155]",0.7279668813248722,0.5722861068926214,23.187978125065456
9528,660,896,"[322, 213, 385, 288]",0.8602182687997306,0.7547219307456592,23.187978125065456
9532,600,760,"[332, 180, 424, 247]",0.709746044409374,0.5500824402317599,23.187978125065456
9534,660,896,"[229, 306, 364, 442]",0.8572251007484756,0.7501259445845627,23.187978125065456
9536,600,760,"[307, 227, 420, 310]",0.7739359442700077,0.6312361419073846,23.187978125065456
9538,660,896,"[330, 134, 447, 276]",0.7347953652594685,0.5807719518909041,23.187978125065456
9542,600,760,"[112, 64, 748, 444]",0.7922122757501304,0.6559201255685608,23.187978125065456
9544,702,1058,"[347, 212, 520, 356]",0.8421454476045549,0.7273326739203608,23.187978125065456
9546,600,760,"[360, 251, 451, 344]",0.8098693759072741,0.6804878048785072,23.187978125065456
9548,484,614,"[197, 94, 363, 270]",0.8284371008506596,0.7071213175598668,23.187978125065456
9550,660,1031,"[465, 302, 585, 419]",0.8892190152801946,0.8005349636990824,23.187978125065456
9554,660,896,"[330, 56, 711, 387]",0.8777468871914864,0.7821291624621814,23.187978125065456
956,446,686,"[103, 76, 417, 363]",0.8833281580163224,0.7910364753598308,23.187978125065456
9560,600,760,"[305, 199, 460, 346]",0.7450754438403453,0.5937213039488098,23.187978125065456
9562,476,610,"[328, 175, 441, 270]",0.7984043731995284,0.6644534612078391,23.187978125065456
9564,660,716,"[199, 92, 407, 294]",0.8506524725274982,0.7401177208761123,23.187978125065456
9566,660,1072,"[444, 91, 690, 249]",0.8268796017837132,0.7048548495457357,23.187978125065456
9568,682,1094,"[423, 172, 757, 365]",0.868662508358652,0.7678190767800147,23.187978125065456
9570,660,896,"[361, 108, 474, 239]",0.8342862543118489,0.715687069315188,23.187978125065456
9572,660,1031,"[378, 59, 659, 212]",0.7357460269639723,0.5819606207740068,23.187978125065456
9574,702,996,"[362, 197, 524, 332]",0.8458796393374411,0.7329215116280687,23.187978125065456
9576,687,1100,"[452, 370, 555, 467]",0.8454794887239205,0.732320890331866,23.187978125065456
9577,600,760,"[347, 272, 477, 367]",0.8217775161860966,0.6974722749528449,23.187978125065456
9579,660,1031,"[621, 253, 759, 376]",0.8344652721181588,0.7159505865902293,23.187978125065456
958,501,507,"[0, 65, 506, 435]",0.7697845256620625,0.6257314606421682,24.45215312502569
9581,600,760,"[476, 291, 585, 392]",0.8681064162755129,0.766950558566788,24.45215312502569
9587,484,615,"[276, 95, 424, 199]",0.8033999231656725,0.6714021992136838,24.45215312502569
9593,600,940,"[156, 194, 388, 399]",0.7835315177087675,0.6441034265294188,24.45215312502569
9595,660,1031,"[486, 263, 744, 511]",0.8578502215167549,0.751083822522817,24.45215312502569
9597,660,896,"[416, 259, 476, 312]",0.7484662576693052,0.5980392156877902,24.45215312502569
9599,600,760,"[288, 199, 363, 294]",0.7824474660076406,0.6426395939092341,24.45215312502569
96,574,797,"[208, 76, 702, 376]",0.9347528668441111,0.877498598916505,24.45215312502569
960,501,621,"[280, 197, 331, 272]",0.8144486692018736,0.6869788325859942,24.45215312502569
9601,682,1094,"[648, 307, 731, 385]",0.8387824126269972,0.7223300970878688,24.45215312502569
9603,660,1031,"[420, 236, 526, 347]",0.8375917368851334,0.7205658833161223,24.45215312502569
9605,600,760,"[238, 138, 443, 261]",0.8495454680051377,0.7384433233811704,24.45215312502569
9607,600,760,"[396, 189, 489, 275]",0.852065321806098,0.7422594142263728,24.45215312502569
9609,660,1072,"[428, 353, 555, 474]",0.8142411936916545,0.6866836572159233,24.45215312502569
9611,484,614,"[206, 100, 399, 307]",0.8942687407712828,0.8087577639752147,24.45215312502569
9613,660,1031,"[463, 244, 536, 298]",0.6924803591476011,0.5296137339069252,24.45215312502569
9615,660,1031,"[326, 163, 479, 300]",0.7314428690576498,0.5765943458253682,24.45215312502569
9617,687,1100,"[514, 220, 594, 281]",0.8149600784426181,0.6877068557927004,24.45215312502569
9619,660,896,"[444, 339, 552, 425]",0.8287863819440469,0.7076304178565953,24.45215312502569
962,600,854,"[267, 174, 313, 253]",0.8810952738186776,0.7874622862896833,24.45215312502569
9621,660,1031,"[314, 208, 527, 403]",0.8251963711748369,0.7024121741946892,24.45215312502569
9625,479,607,"[224, 296, 284, 359]",0.8703631393989255,0.7704804701010353,24.45215312502569
9631,660,896,"[488, 44, 653, 210]",0.7893239477929934,0.6519695721693629,24.45215312502569
9635,660,1031,"[534, 310, 635, 369]",0.8074698795183042,0.6771064861594724,24.45215312502569
9637,600,650,"[201, 246, 418, 381]",0.8743338076060785,0.7767256523416699,24.45215312502569
9639,660,896,"[344, 144, 515, 247]",0.8245668453937942,0.7015004146877015,24.45215312502569
964,600,854,"[266, 242, 472, 484]",0.8156421356421623,0.6886787855159393,24.45215312502569
9642,676,1031,"[333, 129, 438, 241]",0.7781967321559977,0.6369247428265977,24.45215312502569
9644,600,650,"[0, 111, 628, 371]",0.9178078626326055,0.8481006569363233,24.45215312502569
9646,600,760,"[228, 124, 521, 384]",0.863208160686759,0.7593370490839052,24.45215312502569
9648,600,650,"[229, 190, 511, 447]",0.884908712734007,0.7935751295337145,24.45215312502569
9650,687,1100,"[467, 173, 549, 247]",0.8395310727343508,0.7234412339784414,24.45215312502569
9652,660,1031,"[473, 261, 597, 390]",0.7991580916745561,0.665498169354471,26.94668437504788
9654,484,615,"[286, 209, 323, 252]",0.8086956521747448,0.6788321167906655,26.94668437504788
9658,687,1100,"[489, 177, 577, 283]",0.7752657583472262,0.6330073349637738,26.94668437504788
966,600,650,"[289, 265, 431, 342]",0.8267815710972312,0.7047123968813371,26.94668437504788
9660,702,1058,"[436, 268, 528, 351]",0.8225592417063293,0.6985992593790072,26.94668437504788
9662,660,1008,"[471, 245, 517, 312]",0.8305825242722559,0.7102532171037349,26.94668437504788
9664,600,760,"[137, 132, 444, 465]",0.8323528190362929,0.7128461684370598,26.94668437504788
9668,702,994,"[449, 297, 526, 371]",0.7966101694918034,0.6619718309866833,26.94668437504788
9670,660,896,"[254, 131, 590, 374]",0.8717962480878244,0.7727294352728844,26.94668437504788
9676,660,896,"[161, 75, 452, 321]",0.8851261940868064,0.7939250069310032,26.94668437504788
9678,600,760,"[259, 207, 490, 367]",0.7710992087108441,0.6274706747499273,26.94668437504788
968,600,760,"[265, 204, 479, 395]",0.8788534157226435,0.7838880553599976,26.94668437504788
9680,660,1031,"[639, 198, 725, 266]",0.7713064386858518,0.6277451619925467,26.94668437504788
9682,660,1031,"[449, 116, 657, 438]",0.8364959649183413,0.7189454782248912,26.94668437504788
9684,600,760,"[438, 268, 497, 337]",0.8066105196252874,0.6758988015987326,26.94668437504788
9688,660,1031,"[427, 227, 590, 370]",0.8114048518254529,0.6826587278870541,26.94668437504788
9692,660,1008,"[211, 108, 507, 336]",0.8658178653118368,0.7633852084523551,26.94668437504788
9694,605,954,"[276, 139, 419, 276]",0.8530208091591812,0.7437107978689258,26.94668437504788
9696,600,650,"[374, 296, 434, 364]",0.7889577915587338,0.65147010241278,26.94668437504788
970,600,854,"[236, 135, 599, 390]",0.8105302244983359,0.6814214544934661,26.94668437504788
9700,660,1031,"[384, 121, 541, 225]",0.8583474594689189,0.7518464935660155,26.94668437504788
9702,660,1031,"[682, 143, 804, 308]",0.8305836179955555,0.7102548166564884,26.94668437504788
9704,660,1031,"[396, 137, 646, 402]",0.8268845240164753,0.7048620028844648,26.94668437504788
9706,600,760,"[293, 129, 405, 211]",0.8275606319069736,0.7058451417007771,26.94668437504788
9708,600,650,"[350, 193, 477, 358]",0.8445423593030865,0.7309158982183104,26.94668437504788
9709,600,760,"[337, 197, 399, 246]",0.7600182149367941,0.6129269188409368,26.94668437504788
9711,600,912,"[149, 73, 684, 414]",0.8821022030090846,0.7890723153614558,26.94668437504788
9713,660,716,"[260, 183, 524, 374]",0.8367362498284813,0.7193005453020871,26.94668437504788
9717,470,838,"[233, 147, 428, 302]",0.9063542052612296,0.8287456593546927,26.94668437504788
9719,600,760,"[190, 244, 305, 342]",0.755457308648967,0.6070159857908447,26.94668437504788
9721,600,760,"[274, 135, 455, 276]",0.8652415537064115,0.7624896351576687,26.94668437504788
9725,600,760,"[345, 215, 411, 296]",0.7775430123758262,0.636049382716948,26.94668437504788
9727,660,896,"[473, 227, 517, 284]",0.8232258064521831,0.6995614035104191,22.919221428570122
9729,660,1031,"[317, 118, 459, 237]",0.8372539606337666,0.7200660611067162,22.919221428570122
973,600,760,"[351, 205, 484, 322]",0.745834709963777,0.5946861357823312,22.919221428570122
9731,687,1100,"[543, 307, 619, 384]",0.7379533035273994,0.5847274158638364,22.919221428570122
9735,702,994,"[411, 239, 532, 332]",0.8418896777718174,0.7269511907572188,22.919221428570122
9737,660,896,"[186, 185, 334, 330]",0.8028415378574937,0.6706226145040133,22.919221428570122
9739,702,1058,"[330, 125, 417, 217]",0.8463643147335658,0.7336495615930233,22.919221428570122
974,600,854,"[260, 257, 393, 360]",0.8405262633310872,0.724920484827882,22.919221428570122
9741,484,613,"[293, 122, 342, 170]",0.7776463630994156,0.6361877116611698,22.919221428570122
9743,549,815,"[378, 73, 512, 191]",0.7901774618482924,0.6531350152028489,22.919221428570122
9746,333,504,"[269, 82, 362, 183]",0.8352404577099822,0.7170926078596908,22.919221428570122
9748,440,701,"[247, 97, 374, 240]",0.8077944244264139,0.677563031893997,22.919221428570122
9755,300,435,"[162, 120, 225, 182]",0.81859131859169,0.6928942807636295,22.919221428570122
9757,607,960,"[525, 235, 594, 284]",0.7870172944804856,0.6488281250013718,22.919221428570122
9759,753,761,"[356, 258, 478, 335]",0.7210659235393877,0.5638022606570015,22.919221428570122
9763,244,504,"[174, 80, 243, 136]",0.8100109609064486,0.6806877494636762,22.919221428570122
9766,330,504,"[158, 59, 331, 254]",0.8701094181409408,0.7700829019296347,22.919221428570122
9767,566,1257,"[572, 240, 646, 332]",0.7612049963265232,0.6144721233696827,22.919221428570122
978,599,759,"[221, 155, 359, 324]",0.8514711095356735,0.7413580246915031,22.919221428570122
98,574,797,"[256, 65, 530, 236]",0.783829581215237,0.644506369426846,22.919221428570122
980,600,854,"[428, 306, 602, 455]",0.8253676470588708,0.7026604068858958,22.919221428570122
982,600,650,"[224, 205, 386, 416]",0.8363379872622375,0.7187121158098414,22.919221428570122
984,600,760,"[307, 131, 509, 313]",0.88124013663879,0.7876937361617785,22.919221428570122
986,600,650,"[178, 272, 312, 396]",0.831057635978626,0.7109483423286731,22.919221428570122
988,600,760,"[294, 301, 422, 411]",0.8397923233822363,0.7238293111717087,22.919221428570122
990,600,760,"[264, 140, 446, 252]",0.8286007526514507,0.7073598130843021,22.919221428570122
996,629,1029,"[614, 197, 795, 346]",0.8370008847789946,0.7196917640130953,22.919221428570122
998,557,913,"[133, 160, 382, 322]",0.81794928012866,0.6919747743292655,22.919221428570122
